"",mouse,image,profile,vessel_type,vessel,region_in_vessel,repetition,i_max,width,depth,rbc_flow,y_bin_width,treatment,ln_i_max,ln_width,ln_i_max_stnd
1361,E-20230504,10.0,0,c,E-20230504-1,1,1,49.63433456420898,0.5090392493420399,,yes,2.0,E,3.904682823367933,-0.6752301547128604,-1.99573290247618
1701,E-20230527,9.0,2,c,E-20230527-3,1,1,105.17861938476562,0.8055342740867921,49.4,yes,1.2,E,4.655660041860613,-0.21624952719362406,-0.7517777652593934
1700,E-20230527,9.0,1,c,E-20230527-3,1,1,140.10946655273438,0.6397733092662268,49.4,yes,1.7,E,4.942424021029767,-0.44664136964509,-0.2767679829757324
1699,E-20230527,9.0,0,c,E-20230527-3,1,1,162.12449645996094,0.5911818856913502,49.4,yes,0.8,E,5.088364536756448,-0.525631549717167,-0.03502502487288153
1698,E-20230527,8.0,4,c,E-20230527-2,1,1,106.46058654785156,0.7686086404833148,79.6,yes,1.0999999999999996,E,4.667774837290317,-0.26317335906795913,-0.7317102297336704
1697,E-20230527,8.0,3,c,E-20230527-2,1,1,88.77095794677734,0.6239262929499159,79.6,yes,1.0999999999999996,E,4.486059546356657,-0.4717230378620289,-1.032712262953101
1696,E-20230527,8.0,2,c,E-20230527-2,1,1,67.90123748779297,0.5371786716027742,79.6,yes,1.1,E,4.218054259550165,-0.6214245180200176,-1.4766492361589583
1695,E-20230527,8.0,1,c,E-20230527-2,1,1,60.92021560668945,0.5912082020856531,79.6,yes,0.8,E,4.109565067198135,-0.5255870358218303,-1.656356003335842
1694,E-20230527,8.0,0,c,E-20230527-2,1,1,89.62373352050781,0.5534512349160465,79.6,yes,0.9,E,4.495620167946948,-0.5915816338474618,-1.016875585022845
1687,E-20230526,5.0,3,c,E-20230526-4,1,1,26.65132522583008,0.6830250406295075,63.8,yes,0.8999999999999995,E,3.282838876423538,-0.3812237573754903,-3.0257854171200496
1686,E-20230526,5.0,2,c,E-20230526-4,1,1,35.8446159362793,0.617208486468094,63.8,yes,0.8999999999999995,E,3.5791933726785765,-0.48254840863935566,-2.5348894365553054
1685,E-20230526,5.0,1,c,E-20230526-4,1,1,27.063594818115234,0.3963992265708391,63.8,yes,0.7999999999999989,E,3.2981894601172694,-0.9253334276613078,-3.000357964762146
1684,E-20230526,5.0,0,c,E-20230526-4,1,1,41.04402923583984,0.3980853180596249,63.8,yes,0.6999999999999993,E,3.7146453743045487,-0.921088929687036,-2.310520162601668
1683,E-20230526,4.0,7,c,E-20230526-1,1,1,28.55192756652832,0.6062764923792958,52.8,no,3.0,E,3.3517244492880427,-0.500419138915235,-2.9116800086804764
1682,E-20230526,4.0,6,c,E-20230526-1,1,1,35.01054763793945,0.5065188334686486,52.8,no,2.0,E,3.5556493771732676,-0.6801937724335577,-2.5738888541651
1681,E-20230526,4.0,5,c,E-20230526-1,1,1,33.46086883544922,0.4815124991088115,52.8,no,2.0,E,3.510376661612747,-0.7308230893917573,-2.6488807789671607
1680,E-20230526,4.0,4,c,E-20230526-1,1,1,27.693849563598636,0.5587831254930009,52.8,no,2.5,E,3.3212103511241247,-0.5819938498129852,-2.9622250428490635
1679,E-20230526,4.0,3,c,E-20230526-1,1,1,22.6242790222168,0.5267926124075082,52.8,no,2.0,E,3.1190236226568877,-0.6409483327354338,-3.297136959429828
1678,E-20230526,4.0,2,c,E-20230526-1,1,1,27.83314323425293,0.4477078819017954,52.8,no,2.0,E,3.3262275132582957,-0.803614308570119,-2.9539143718228793
1677,E-20230526,4.0,1,c,E-20230526-1,1,1,25.229820251464844,0.545074517209688,52.8,no,2.5,E,3.2280266382306335,-0.6068327648403112,-3.116579070513782
1676,E-20230526,4.0,0,c,E-20230526-1,1,1,28.62530899047852,0.5102078296940817,52.8,no,1.5,E,3.3542912562433416,-0.6729371270690089,-2.9074282249783066
1611,E-20230523,16.0,2,c,E-20230523-3,1,1,50.9164924621582,0.3925042299011281,30.9,yes,0.9000000000000001,E,3.9301868880126003,-0.9352079649995827,-1.9534867311498099
1610,E-20230523,16.0,1,c,E-20230523-3,1,1,85.58431243896484,0.511184507399264,30.9,yes,0.6000000000000001,E,4.449502000452506,-0.6710246827175262,-1.0932679574690856
1609,E-20230523,16.0,0,c,E-20230523-3,1,1,86.02790832519531,0.5053737870255066,30.9,yes,0.5000000000000002,E,4.454671759019019,-0.6824569511714846,-1.084704518301262
1608,E-20230523,15.0,6,c,E-20230523-2,1,1,85.74779510498047,0.526986133804968,18.2,no,0.6999999999999993,E,4.451410372654011,-0.6405810423524557,-1.0901068370711218
1607,E-20230523,15.0,5,c,E-20230523-2,1,1,72.98921203613281,0.5922571160998391,18.2,no,1.4000000000000004,E,4.290311649900855,-0.5238144206505648,-1.3569585854771284
1606,E-20230523,15.0,4,c,E-20230523-2,1,1,76.79887390136719,0.5736296506989564,18.2,no,0.8000000000000007,E,4.341189977303513,-0.5557712987402645,-1.2726812529735316
1605,E-20230523,15.0,3,c,E-20230523-2,1,1,79.7108154296875,0.7277080976056407,18.2,no,1.1999999999999993,E,4.378405278342186,-0.31785527602075864,-1.2110360209077102
1604,E-20230523,15.0,2,c,E-20230523-2,1,1,88.7113265991211,0.593827743261734,18.2,no,0.7000000000000002,E,4.485387576756393,-0.5211659961848959,-1.0338253460343418
1603,E-20230523,15.0,1,c,E-20230523-2,1,1,64.55650329589844,0.668942937231904,18.2,no,1.5,E,4.167540860411517,-0.40205651810926946,-1.5603220837626777
1602,E-20230523,15.0,0,c,E-20230523-2,1,1,70.48565673828125,0.4894547004063554,18.2,no,0.6999999999999997,E,4.255409238598525,-0.7144633638754015,-1.414772634654187
1601,E-20230523,14.0,2,c,E-20230523-1,1,1,41.00104522705078,0.5858607186699807,,yes,0.5,E,3.71359755972206,-0.5346731991063819,-2.3122558135650273
1600,E-20230523,14.0,1,c,E-20230523-1,1,1,46.2277946472168,0.4713189638925872,,yes,0.7999999999999998,E,3.833581232930117,-0.7522202084492937,-2.1135090300489066
1599,E-20230523,14.0,0,c,E-20230523-1,1,1,39.36687850952149,0.5242892275231785,,yes,0.5,E,3.672924815795618,-0.6457117860133978,-2.3796281219468343
1463,E-20230511,12.0,5,c,E-20230511-7,1,1,73.05882263183594,0.5841666489216735,90.0,yes,0.6999999999999993,E,4.291264906151548,-0.5375689791180952,-1.3553795655269436
1462,E-20230511,12.0,4,c,E-20230511-7,1,1,87.28227233886719,0.4580038362094853,90.0,yes,0.8000000000000007,E,4.469147376232509,-0.7808777188997875,-1.0607264029154884
1461,E-20230511,12.0,3,c,E-20230511-7,1,1,48.56158065795898,0.5124254042920757,90.0,yes,2.0,E,3.8828326968384306,-0.6686001311642095,-2.031926513248777
1460,E-20230511,12.0,2,c,E-20230511-7,1,1,64.84725189208984,0.5636061895472082,90.0,yes,2.0,E,4.172034533489682,-0.5733995168546645,-1.552878545433012
1459,E-20230511,12.0,1,c,E-20230511-7,1,1,35.99057388305664,0.657132840549199,90.0,yes,3.8,E,3.5832570675891673,-0.4198690883189576,-2.5281581349450417
1458,E-20230511,12.0,0,c,E-20230511-7,1,1,40.1534538269043,0.6308213310420712,90.0,yes,3.3,E,3.692708459779032,-0.4607326086088283,-2.346857533225872
1457,E-20230511,11.0,1,c,E-20230511-6,1,1,74.13551330566406,0.5674925993890909,97.0,yes,1.3000000000000007,E,4.30589467937755,-0.5665275704356791,-1.3311460986351928
1456,E-20230511,11.0,0,c,E-20230511-6,1,1,70.45487976074219,0.5192176858406139,97.0,yes,1.6999999999999993,E,4.2549725015348985,-0.6554320505348633,-1.4154960671372678
1455,E-20230511,10.0,5,c,E-20230511-5,1,1,23.14422035217285,0.7191793584184865,91.4,yes,5.0,E,3.1417450885485265,-0.32964449698953974,-3.2595000198196877
1454,E-20230511,10.0,4,c,E-20230511-5,1,1,27.09630012512207,0.5050993162572155,91.4,yes,1.7999999999999998,E,3.2993971918167673,-0.6830002031870993,-2.998357419319522
1453,E-20230511,10.0,3,c,E-20230511-5,1,1,27.892820358276367,0.6760267902463255,91.4,yes,2.5,E,3.3283693208822274,-0.3915225731825405,-2.950366577654013
1452,E-20230511,10.0,2,c,E-20230511-5,1,1,24.897016525268555,0.6287671263505494,91.4,yes,5.699999999999999,E,3.2147479780295733,-0.4639943192106475,-3.1385744881718822
1451,E-20230511,10.0,1,c,E-20230511-5,1,1,21.828351974487305,0.5263708294126861,91.4,yes,3.6000000000000005,E,3.0832096741017736,-0.6417493157559678,-3.3564609231827793
1450,E-20230511,10.0,0,c,E-20230511-5,1,1,27.60918617248535,0.7540003790065377,91.4,yes,2.5,E,3.318148549683135,-0.2823624083131167,-2.9672967594575934
1449,E-20230511,9.0,1,c,E-20230511-4,1,1,88.19093322753906,0.4624417673545906,76.8,no,1.8999999999999984,E,4.479504159854975,-0.7712346383792948,-1.0435709235281532
1448,E-20230511,9.0,0,c,E-20230511-4,1,1,84.10913848876953,0.5349797387370003,76.8,no,1.5000000000000009,E,4.432115223248837,-0.6255264043229002,-1.1220682596481046
1442,E-20230511,7.0,5,c,E-20230511-1,1,1,75.69368743896484,0.6858594320983933,17.2,no,0.6999999999999993,E,4.32669476778489,-0.377082581730628,-1.2966918220050616
1441,E-20230511,7.0,4,c,E-20230511-1,1,1,81.97718048095703,0.6402896365034998,17.2,no,1.5,E,4.406440921717694,-0.4458346479647516,-1.1645964196210814
1440,E-20230511,7.0,3,c,E-20230511-1,1,1,68.70197296142578,0.6235071635361074,17.2,no,1.6999999999999993,E,4.229777917322861,-0.4723950246961182,-1.457229600044579
1439,E-20230511,7.0,2,c,E-20230511-1,1,1,71.18335723876953,0.6056358614508603,17.2,no,1.9000000000000004,E,4.265259044448429,-0.5014763622137374,-1.3984569378715745
1438,E-20230511,7.0,1,c,E-20230511-1,1,1,72.15000915527344,0.6796977216865336,17.2,no,0.5,E,4.2787474121120885,-0.3861071065749392,-1.37611415058762
1437,E-20230511,7.0,0,c,E-20230511-1,1,1,61.19823455810547,0.4974102173586825,17.2,no,2.2,E,4.114118342012415,-0.6983402062904688,-1.6488137377958136
1416,E-20230510,15.0,4,c,E-20230510-7,1,1,22.521804809570312,0.5181213357395293,126.0,no,5.0,E,3.1144839425811335,-0.6575458252728967,-3.30465670598471
1415,E-20230510,15.0,3,c,E-20230510-7,1,1,24.44803047180176,0.5194258046017133,126.0,no,6.0,E,3.1965496593757483,-0.655031299428637,-3.168719067022851
1414,E-20230510,15.0,2,c,E-20230510-7,1,1,22.47576141357422,0.422606389573211,126.0,no,2.0,E,3.112437458029623,-0.8613140542428988,-3.3080466023868884
1413,E-20230510,15.0,1,c,E-20230510-7,1,1,24.82005500793457,0.5825011052586433,126.0,no,2.0,E,3.2116519960485648,-0.5404241961043506,-3.143702823086936
1412,E-20230510,15.0,0,c,E-20230510-7,1,1,32.666385650634766,0.5528106042131657,126.0,no,2.8,E,3.4863465874338715,-0.5927398239826238,-2.6886853608991013
1411,E-20230510,14.0,5,c,E-20230510-6,1,1,104.04630279541016,0.5615353474969993,85.2,yes,0.6999999999999993,E,4.644836019247354,-0.5770805548758569,-0.7697072020033466
1410,E-20230510,14.0,4,c,E-20230510-6,1,1,73.90113067626953,0.4866700789522085,85.2,yes,0.6000000000000005,E,4.302728127921949,-0.7201688414268115,-1.336391328255291
1409,E-20230510,14.0,3,c,E-20230510-6,1,1,86.24369812011719,0.5161586321242648,85.2,yes,0.5999999999999996,E,4.457176987968069,-0.6613411341490354,-1.080554735399285
1408,E-20230510,14.0,2,c,E-20230510-6,1,1,68.23633575439453,0.4871118650084671,85.2,yes,0.6000000000000005,E,4.222977205293806,-0.7192614800009627,-1.4684946297378292
1407,E-20230510,14.0,1,c,E-20230510-6,1,1,67.91753387451172,0.6242360361018502,85.2,yes,0.5499999999999998,E,4.21829423207581,-0.4712267191523817,-1.476251734012799
1406,E-20230510,14.0,0,c,E-20230510-6,1,1,79.416259765625,0.559278003954498,85.2,yes,1.0500000000000005,E,4.374703130230306,-0.5811086057404011,-1.2171684388414443
1405,E-20230510,13.0,3,c,E-20230510-3,1,1,92.85499572753906,0.4993835793290877,52.6,no,1.7999999999999998,E,4.531039090632835,-0.6943807824758326,-0.9582059613047941
1404,E-20230510,13.0,2,c,E-20230510-3,1,1,76.93012237548828,0.5926367931083654,52.6,no,1.2000000000000002,E,4.342897508207759,-0.5231735581757555,-1.2698528158545506
1403,E-20230510,13.0,1,c,E-20230510-3,1,1,112.0355453491211,0.5175969567234606,52.6,no,1.3999999999999997,E,4.718816190132728,-0.6585584154041905,-0.6471628539740545
1402,E-20230510,13.0,0,c,E-20230510-3,1,1,97.30670928955078,0.6048198221835026,52.6,no,1.2000000000000002,E,4.577867941486337,-0.5028246798795851,-0.8806363784270409
1372,E-20230504,13.0,0,c,E-20230504-6,1,1,52.95089340209961,0.4130197946575222,79.6,yes,1.3000000000000007,E,3.9693649444659744,-0.8842597582168216,-1.888590295690471
1371,E-20230504,12.0,5,c,E-20230504-5,1,1,75.05278778076172,0.4779944898015422,17.6,no,4.0,E,4.31819170303598,-0.7381560741689609,-1.310776711421179
1370,E-20230504,12.0,4,c,E-20230504-5,1,1,67.98699188232422,0.4974848227088948,17.6,no,3.0,E,4.219316391028549,-0.6981902299666405,-1.4745585802805676
1369,E-20230504,12.0,3,c,E-20230504-5,1,1,61.15666961669922,0.5212227711968218,17.6,no,3.0,E,4.1134389259598185,-0.6515777447456447,-1.6499391555423486
1368,E-20230504,12.0,2,c,E-20230504-5,1,1,73.583984375,0.4898076598089549,17.6,no,4.0,E,4.298427398455188,-0.7137424959400578,-1.3435152654163869
1367,E-20230504,12.0,1,c,E-20230504-5,1,1,64.89103698730469,0.5404339582150435,17.6,no,3.0,E,4.172709509200482,-0.615382835834403,-1.5517604828842815
1366,E-20230504,12.0,0,c,E-20230504-5,1,1,71.29525756835938,0.5672404366455357,17.6,no,3.0,E,4.266829811440361,-0.566972014617171,-1.3958550431391277
1365,E-20230504,11.0,3,c,E-20230504-4,1,1,48.76842498779297,0.4852098402327911,82.1,yes,1.4000000000000004,E,3.887083074506873,-0.7231738213413255,-2.024885981251837
1364,E-20230504,11.0,2,c,E-20230504-4,1,1,47.01692581176758,0.6040212587175979,82.1,yes,1.6000000000000014,E,3.8505076605357282,-0.5041458851143917,-2.085471273301785
1363,E-20230504,11.0,1,c,E-20230504-4,1,1,52.60593795776367,0.6015862932485874,82.1,yes,1.5,E,3.9628290023030566,-0.5081852904348733,-1.8994167477184465
1362,E-20230504,11.0,0,c,E-20230504-4,1,1,55.139427185058594,0.5337204017197585,82.1,yes,1.5,E,4.009865017167709,-0.6278831694293453,-1.8215040083113463
1281,E-20230527,2.0,11,pa,E-20230527-1,3,1,296.4127197265625,0.5869545953265138,0.0,,1.0,E,5.6917528065583785,-0.5328078125264616,0.9644566098203776
364,E-20230511,1.0,11,pa,E-20230511-1,1,1,231.09396362304688,0.5444256307135369,0.0,,1.0,E,5.442824396744679,-0.6080239286489841,0.5521195021668573
2,E-20230504,0.0,2,pa,E-20230504-1,,1,164.51351928710938,0.8133299669315228,0.0,,1.0,E,5.102992750944663,-0.20661838839018443,-0.010794140447036893
3,E-20230504,0.0,3,pa,E-20230504-1,,1,159.63397216796875,0.7159218400202079,0.0,,1.0,E,5.07288352055991,-0.33418427996304423,-0.06066853196311309
4,E-20230504,1.0,0,pa,E-20230504-1,,2,196.8757476806641,0.9015293499407192,0.0,,1.0,E,5.282572807315741,-0.10366268008478868,0.2866709865415793
5,E-20230504,1.0,1,pa,E-20230504-1,,2,187.91555786132807,0.8115964312479766,0.0,,1.0,E,5.235992701615156,-0.20875206822105105,0.20951343721585458
88,E-20230523,0.0,0,pa,E-20230523-1,1,,209.71007815713605,0.7546068537430912,0.0,,1.0,E,5.345725996634466,-0.2815583888757721,0.3912809964728166
89,E-20230523,0.0,1,pa,E-20230523-1,1,,182.1091855203612,0.8167194566994631,0.0,,1.0,E,5.204606427638011,-0.20245962534411877,0.15752368867151448
90,E-20230523,0.0,2,pa,E-20230523-1,1,,177.13310160427727,0.8543536334541475,0.0,,1.0,E,5.176901436438516,-0.1574100802097354,0.11163179570792858
91,E-20230523,0.0,3,pa,E-20230523-1,1,,176.74613739201894,0.8355864682250607,0.0,,1.0,E,5.1747144510273895,-0.17962144351287598,0.10800916685821463
92,E-20230523,0.0,4,pa,E-20230523-1,1,,189.5467708761817,0.8354851201030726,0.0,,1.0,E,5.24463580608092,-0.1797427406767081,0.22383029522024098
93,E-20230523,0.0,5,pa,E-20230523-1,1,,193.20204853969477,0.8169839220867612,0.0,,1.0,E,5.263736524929734,-0.20213586352414298,0.25546965358081347
94,E-20230523,0.0,6,pa,E-20230523-1,1,,188.82177293294856,0.8030743418384239,0.0,,1.0,E,5.2408035698003195,-0.21930798919808026,0.2174823929258813
95,E-20230523,0.0,7,pa,E-20230523-1,1,,182.45965857671655,0.7040681568241034,0.0,,1.0,E,5.2065290996929345,-0.3508801138396342,0.16070849604117804
96,E-20230523,1.0,0,pa,E-20230523-1,2,,147.60269664975485,0.6347850650565814,0.0,,1.0,E,4.994524181984267,-0.45446881761266283,-0.19046674603640817
97,E-20230523,1.0,1,pa,E-20230523-1,2,,132.34953105717744,0.5896271972465392,0.0,,1.0,E,4.885446385464547,-0.5282648108694303,-0.371148505743231
98,E-20230523,1.0,2,pa,E-20230523-1,2,,135.17036199094963,0.7172179945292845,0.0,,1.0,E,4.906535923534243,-0.33237544759200266,-0.33621477063475075
99,E-20230523,1.0,3,pa,E-20230523-1,2,,121.45957219251284,0.7133012729965973,0.0,,1.0,E,4.799581468254375,-0.33785140504167277,-0.5133793247881492
100,E-20230523,1.0,4,pa,E-20230523-1,2,,133.38245989304752,0.6008422871022168,0.0,,1.0,E,4.893220639776992,-0.5094227963516113,-0.35827085333001174
101,E-20230523,1.0,5,pa,E-20230523-1,2,,143.94083916083855,0.726823073338112,0.0,,1.0,E,4.969402375997627,-0.31907219648891677,-0.23207972555656972
102,E-20230523,1.0,6,pa,E-20230523-1,2,,149.8735870012334,0.7556127800598631,0.0,,1.0,E,5.009792185454918,-0.280226229707635,-0.16517608357066604
103,E-20230523,1.0,7,pa,E-20230523-1,2,,110.47991772932905,0.5863196989372135,0.0,,1.0,E,4.704833764435019,-0.5338900768432977,-0.6703240229803898
6,E-20230504,1.0,2,pa,E-20230504-1,,2,174.00299072265625,0.8487316020771098,0.0,,1.0,E,5.159072487128059,-0.16401227683652925,0.08209905817637386
7,E-20230504,1.0,3,pa,E-20230504-1,,2,165.2088623046875,1.0338960438465783,0.0,,1.0,E,5.107210505560139,0.033334233165988936,-0.0038076468594264177
8,E-20230504,2.0,0,pa,E-20230504-1,,2,166.4932098388672,0.6923609808977078,0.0,,1.0,E,5.114954526840355,-0.36764781067974095,0.00901992609089108
9,E-20230504,2.0,1,pa,E-20230504-1,,2,163.11314392089844,0.7036956543132389,0.0,,1.0,E,5.094444094490886,-0.3514093255108126,-0.02495455017733667
10,E-20230504,2.0,2,pa,E-20230504-1,,2,148.45933532714844,0.6728023439583248,0.0,,1.0,E,5.000311084561963,-0.396303686443729,-0.18088103955579557
11,E-20230504,2.0,3,pa,E-20230504-1,,2,149.0576171875,0.7522112876600104,0.0,,1.0,E,5.004332923732727,-0.2847380268633181,-0.1742190698257761
12,E-20230504,3.0,0,pa,E-20230504-1,,2,102.5107421875,0.651717088947894,0.0,,1.0,E,4.629967594916403,-0.42814472387942637,-0.794335982175838
13,E-20230504,3.0,1,pa,E-20230504-1,,2,97.86387634277344,0.7511324496661134,0.0,,1.0,E,4.583577496181868,-0.28617327836609374,-0.8711787947349798
14,E-20230504,3.0,2,pa,E-20230504-1,,2,91.80060577392578,0.9170462032066472,0.0,,1.0,E,4.51961889644918,-0.08659742281868425,-0.977122925592053
15,E-20230504,3.0,3,pa,E-20230504-1,,2,94.4394989013672,0.917822617124961,0.0,,1.0,E,4.5479594062033115,-0.08575113456521365,-0.9301783288295111
16,E-20230504,4.0,0,pa,E-20230504-1,,2,180.1024932861328,0.6254824198359152,0.0,,1.0,E,5.193526095984656,-0.4692320552480593,0.13916968918545505
17,E-20230504,4.0,1,pa,E-20230504-1,,2,156.88185119628906,0.5666716444596132,0.0,,1.0,E,5.055492981896805,-0.5679752533040275,-0.08947506480622293
18,E-20230504,4.0,2,pa,E-20230504-1,,2,144.40963745117188,0.864514089475799,0.0,,1.0,E,4.972653965583227,-0.1455876761595596,-0.22669363464791906
19,E-20230504,4.0,3,pa,E-20230504-1,,2,168.77711486816406,0.6481343117227025,0.0,,1.0,E,5.12857899754511,-0.4336573329305549,0.03158816106219469
20,E-20230510,0.0,0,pa,E-20230510-1,1,1,188.9195347136516,0.6147076049093254,0.0,,1.0,E,5.241321182149865,-0.48660856340448677,0.2183397911604063
21,E-20230510,0.0,1,pa,E-20230510-1,1,1,184.85566022213004,0.5706074062872073,0.0,,1.0,E,5.219575305536669,-0.5610538604636179,0.1823188650122562
120,E-20230526,0.0,0,pa,E-20230526-1,1,1,227.9509575391918,0.8897024416886072,0.0,,1.0,E,5.429130507305121,-0.1168682073397589,0.5294362786317851
121,E-20230526,0.0,1,pa,E-20230526-1,1,1,201.7503537638823,0.9158121281116304,0.0,,1.0,E,5.307031060625013,-0.08794403565876673,0.3271848251803665
122,E-20230526,0.0,2,pa,E-20230526-1,1,1,182.20521184697571,0.9513441220370566,0.0,,1.0,E,5.205133589504422,-0.04987942906418486,0.1583969051895639
123,E-20230526,0.0,3,pa,E-20230526-1,1,1,177.4322583299046,0.8668291193898732,0.0,,1.0,E,5.178588892859361,-0.14291341575652297,0.11442698047765092
124,E-20230526,0.0,4,pa,E-20230526-1,1,1,156.45479638008985,0.9671711088218052,0.0,,1.0,E,5.052767127235816,-0.033379851072896934,-0.09399030285252405
125,E-20230526,0.0,5,pa,E-20230526-1,1,1,169.79564376799593,0.9266444204616544,0.0,,1.0,E,5.1345956184715655,-0.07618536794978573,0.04155438417236179
126,E-20230526,0.0,6,pa,E-20230526-1,1,1,183.77600575894616,1.1897886111149545,0.0,,1.0,E,5.213717656018655,0.17377565362546415,0.17261596986375416
127,E-20230526,0.0,7,pa,E-20230526-1,1,1,178.45366515837028,0.9493686156186368,0.0,,1.0,E,5.184328988578544,-0.05195813048037381,0.12393515380456722
128,E-20230527,0.0,0,pa,E-20230527-1,,,363.5663741487255,0.7737321880604764,0.0,,1.0,E,5.895961877687715,-0.25652947552555366,1.3027184330052082
129,E-20230527,0.0,1,pa,E-20230527-1,,,380.05046482928674,0.6511542779197157,0.0,,1.0,E,5.940304046085336,-0.42900867879853577,1.3761689542930116
130,E-20230527,0.0,2,pa,E-20230527-1,,,325.6672603866707,0.6969993263829402,0.0,,1.0,E,5.785876186464119,-0.3609708346741029,1.1203671475607369
131,E-20230527,0.0,3,pa,E-20230527-1,,,355.5320649938281,0.6983266305559823,0.0,,1.0,E,5.873615442064206,-0.3590683335892621,1.26570271174519
132,E-20230527,0.0,4,pa,E-20230527-1,,,353.93229946523905,0.6990634916163536,0.0,,1.0,E,5.8691056503957455,-0.35801370880413397,1.258232473799732
133,E-20230527,0.0,5,pa,E-20230527-1,,,357.54736322500867,0.732078274127991,0.0,,1.0,E,5.879267837904239,-0.3118678388687901,1.2750656147329862
134,E-20230527,0.0,6,pa,E-20230527-1,,,347.2525133689824,0.7254973443931245,0.0,,1.0,E,5.850052219531895,-0.32089786704622775,1.2266714455540753
135,E-20230527,0.0,7,pa,E-20230527-1,,,374.0607733443012,0.6613206724917333,0.0,,1.0,E,5.924418279786554,-0.41351642440642733,1.3498549994760354
136,E-20230504,5.0,0,pa,E-20230504-1,1,1,219.698974609375,0.7591767992122538,0.0,,1.0,E,5.39225831214879,-0.2755205916735843,0.46835938381300457
137,E-20230504,5.0,1,pa,E-20230504-1,1,1,227.126708984375,0.6469955623411234,0.0,,1.0,E,5.425508051110151,-0.4354158433283697,0.5234358662595961
138,E-20230504,5.0,2,pa,E-20230504-1,1,1,231.87884521484372,0.7080075818186877,0.0,,1.0,E,5.446215016360993,-0.3453004765622987,0.5577358891706173
139,E-20230504,5.0,3,pa,E-20230504-1,1,1,243.9230194091797,0.7043039010461349,0.0,,1.0,E,5.496852681289755,-0.35054533834772367,0.6416145766642642
140,E-20230504,5.0,4,pa,E-20230504-1,1,1,244.28927612304688,0.6409208868755609,0.0,,1.0,E,5.498353080955756,-0.4448492510894975,0.6440999115405288
141,E-20230504,5.0,5,pa,E-20230504-1,1,1,242.6549530029297,0.5663592969482618,0.0,,1.0,E,5.491640487771191,-0.5685266019174655,0.6329808461809353
142,E-20230504,5.0,6,pa,E-20230504-1,1,1,208.852294921875,0.6819200084114598,0.0,,1.0,E,5.341627279256645,-0.3828429177369191,0.384491681946906
143,E-20230504,5.0,7,pa,E-20230504-1,1,1,204.130126953125,0.63982151458233,0.0,,1.0,E,5.3187576677082165,-0.44656602498875403,0.34660934667590915
144,E-20230504,5.0,8,pa,E-20230504-1,1,1,223.2367248535156,0.6752222807496508,0.0,,1.0,E,5.408232754846458,-0.39271333750423953,0.4948202265238181
145,E-20230504,5.0,9,pa,E-20230504-1,1,1,211.5841064453125,0.68862481159751,0.0,,1.0,E,5.3546225858461,-0.3730586967815829,0.4060177389211849
146,E-20230504,5.0,10,pa,E-20230504-1,1,1,200.09536743164065,0.6484985126620373,0.0,,1.0,E,5.298794090055529,-0.43309556873322264,0.3135407070863734
147,E-20230504,5.0,11,pa,E-20230504-1,1,1,221.9357147216797,0.7364767486470782,0.0,,1.0,E,5.402387766612061,-0.305877613642864,0.48513830414041503
148,E-20230504,5.0,12,pa,E-20230504-1,1,1,251.0692596435547,0.6268621212530441,0.0,,1.0,E,5.5257288359036485,-0.4670286648390187,0.6894464415870339
149,E-20230504,5.0,13,pa,E-20230504-1,1,1,315.60015869140625,0.5942270192352339,0.0,,1.0,E,5.754476091796074,-0.5204938453697382,1.0683545057527641
150,E-20230504,6.0,0,pa,E-20230504-1,2,1,237.8067626953125,0.6807244535701997,0.0,,1.0,E,5.471458422436469,-0.38459767502158615,0.5995502929836459
151,E-20230504,6.0,1,pa,E-20230504-1,2,1,260.1622619628906,0.6816322650874476,0.0,,1.0,E,5.561305520828455,-0.3832649673112198,0.7483773903396257
152,E-20230504,6.0,2,pa,E-20230504-1,2,1,244.57757568359372,0.5994996549095752,0.0,,1.0,E,5.499532541550816,-0.5116598801451337,0.6460536273527274
153,E-20230504,6.0,3,pa,E-20230504-1,2,1,231.2575836181641,0.6696798669288775,0.0,,1.0,E,5.443532169879315,-0.4009554913388771,0.5532918919612939
154,E-20230504,6.0,4,pa,E-20230504-1,2,1,236.9051055908203,0.6261200966280178,0.0,,1.0,E,5.467659662603339,-0.46821307863385453,0.5932578427027172
155,E-20230504,7.0,0,pa,E-20230504-1,4,1,240.7415008544922,0.6497765437635366,0.0,,1.0,E,5.483723747269997,-0.43112675402326955,0.6198671727245841
156,E-20230504,7.0,1,pa,E-20230504-1,4,1,220.1530303955078,0.5745563531553248,0.0,,1.0,E,5.394322897246737,-0.5541570957200578,0.47177926283938443
157,E-20230504,7.0,2,pa,E-20230504-1,4,1,266.4559936523437,0.5642250040798835,0.0,,1.0,E,5.585209102962843,-0.5723021636367908,0.7879724447057718
158,E-20230504,7.0,3,pa,E-20230504-1,4,1,246.0401611328125,0.6599739763993817,0.0,,1.0,E,5.505494779244898,-0.4155548744369433,0.6559297674355742
159,E-20230504,7.0,4,pa,E-20230504-1,4,1,198.52935791015625,0.6141744120385972,0.0,,1.0,E,5.290936987983017,-0.4874763324772433,0.3005258216197325
160,E-20230504,7.0,5,pa,E-20230504-1,4,1,176.44590759277344,0.8020025435016898,0.0,,1.0,E,5.1730143568388485,-0.22064349967216063,0.10519304827630507
161,E-20230504,7.0,6,pa,E-20230504-1,4,1,167.8203125,0.7841112905417127,0.0,,1.0,E,5.12289383855436,-0.24320431648442015,0.022170987600351952
162,E-20230504,7.0,7,pa,E-20230504-1,4,1,184.2326812744141,0.7087360876671411,0.0,,1.0,E,5.216199530854626,-0.3442720535266387,0.17672706787859283
163,E-20230504,7.0,8,pa,E-20230504-1,4,1,190.5174560546875,0.8257093260721575,0.0,,1.0,E,5.2497438232017295,-0.19151247287607268,0.23229146285882266
164,E-20230504,7.0,9,pa,E-20230504-1,4,1,182.75863647460935,0.7725371110575967,0.0,,1.0,E,5.20816635592424,-0.2580752311601215,0.16342052677888824
165,E-20230504,8.0,0,pa,E-20230504-1,5,1,182.9212951660156,0.6145142737730449,0.0,,1.0,E,5.209055979270012,-0.4869231219739809,0.16489414209491954
166,E-20230504,8.0,1,pa,E-20230504-1,5,1,192.50152587890625,0.6411339665833005,0.0,,1.0,E,5.260104080340092,-0.44451684766833865,0.24945269594658584
22,E-20230510,0.0,2,pa,E-20230510-1,1,1,174.88962566844842,0.7450987344265858,0.0,,1.0,E,5.164155064475988,-0.29423853995216803,0.09051808613963014
168,E-20230504,9.0,1,pa,E-20230504-1,6,1,227.73223876953125,0.5153944638205807,0.0,,1.0,E,5.42817054745482,-0.6628227223415848,0.5278461545136379
169,E-20230504,9.0,2,pa,E-20230504-1,6,1,163.661865234375,0.807163501252699,0.0,,1.0,E,5.09780250204257,-0.21422902745078845,-0.019391520801865614
170,E-20230504,9.0,3,pa,E-20230504-1,6,1,227.88624572753903,0.6622019763297651,0.0,,1.0,E,5.428846582203687,-0.4121846693827092,0.5289659713044567
171,E-20230504,9.0,4,pa,E-20230504-1,6,1,247.04660034179688,0.5284059784079638,0.0,,1.0,E,5.509576984184313,-0.6378903922269576,0.6626917299565541
172,E-20230504,9.0,5,pa,E-20230504-1,6,1,241.66775512695312,0.6225005021348586,0.0,,1.0,E,5.487563870150021,-0.47401084400125654,0.626228138765255
173,E-20230504,9.0,6,pa,E-20230504-1,6,1,292.5675354003906,0.5857058046623607,0.0,,1.0,E,5.6786955302786035,-0.5349376552946352,0.9428279032413868
174,E-20230504,9.0,7,pa,E-20230504-1,6,1,243.09002685546875,0.5150405382111174,0.0,,1.0,E,5.493431855616153,-0.6635096664432184,0.635948154880204
175,E-20230504,9.0,8,pa,E-20230504-1,6,1,240.47494506835935,0.5150745699375037,0.0,,1.0,E,5.482615905608918,-0.6634435928051764,0.6180320899929284
176,E-20230504,9.0,9,pa,E-20230504-1,6,1,284.8325500488281,0.4995044005347182,0.0,,1.0,E,5.651901463908898,-0.69413887105302,0.8984449104065007
177,E-20230504,9.0,10,pa,E-20230504-1,6,1,289.78985595703125,0.6514097470932931,0.0,,1.0,E,5.669156025675016,-0.4286164229524548,0.927026204513489
178,E-20230510,1.0,0,pa,E-20230510-1,1,1,233.6137237548828,0.6705583100819652,0.0,,1.0,E,5.453668998179117,-0.399644614967873,0.5700830266696569
179,E-20230510,1.0,1,pa,E-20230510-1,1,1,229.81808471679688,0.6624465374068684,0.0,,1.0,E,5.4372880599543505,-0.4118154226318225,0.5429488450256004
180,E-20230510,1.0,2,pa,E-20230510-1,1,1,247.15765380859372,0.57627234790613,0.0,,1.0,E,5.510026407546145,-0.5511749038074223,0.663436176640115
181,E-20230510,1.0,3,pa,E-20230510-1,1,1,240.8006591796875,0.7227002641508378,0.0,,1.0,E,5.483969450888093,-0.3247607151877506,0.6202741681306186
182,E-20230510,1.0,4,pa,E-20230510-1,1,1,246.58697509765625,0.6645035057206456,0.0,,1.0,E,5.5077147714020604,-0.40871512511567215,0.6596070702624517
183,E-20230510,1.0,5,pa,E-20230510-1,1,1,244.82655334472656,0.7234643321783167,0.0,,1.0,E,5.5005500143012265,-0.3237040331191763,0.6477390186318285
184,E-20230510,1.0,6,pa,E-20230510-1,1,1,255.5916290283203,0.8641628815108007,0.0,,1.0,E,5.543580971686641,-0.14599400767866358,0.7190175863177865
185,E-20230510,1.0,7,pa,E-20230510-1,1,1,294.5168762207031,0.8434680439554683,0.0,,1.0,E,5.685336306104133,-0.17023326276952874,0.9538280068395394
186,E-20230510,1.0,8,pa,E-20230510-1,1,1,298.8851928710937,0.5814534225806227,0.0,,1.0,E,5.700059529324413,-0.5422244089750486,0.9782162688403739
187,E-20230510,1.0,9,pa,E-20230510-1,1,1,262.60723876953125,0.5718237108575082,0.0,,1.0,E,5.570659527252404,-0.5589245329066012,0.7638718208737314
188,E-20230510,1.0,10,pa,E-20230510-1,1,1,289.8458251953125,0.5813800665056874,0.0,,1.0,E,5.669349144353783,-0.542350576781052,0.9273460956721403
189,E-20230510,1.0,11,pa,E-20230510-1,1,1,280.17218017578125,0.5888415951767989,0.0,,1.0,E,5.635404343376982,-0.5295980700803041,0.8711182787462879
190,E-20230510,1.0,12,pa,E-20230510-1,1,1,269.19464111328125,0.6066984174488468,0.0,,1.0,E,5.595434690860995,-0.4997234524947671,0.804910605123607
191,E-20230510,1.0,13,pa,E-20230510-1,1,1,234.4817047119141,0.6664757399579528,0.0,,1.0,E,5.457377566556668,-0.40575153918870077,0.5762260794432614
192,E-20230510,1.0,14,pa,E-20230510-1,1,1,243.4134826660156,0.5251747543923706,0.0,,1.0,E,5.494761572059616,-0.6440242062686689,0.6381507617771314
193,E-20230510,1.0,15,pa,E-20230510-1,1,1,283.7670593261719,0.5711166962564569,0.0,,1.0,E,5.648153687961712,-0.5601617184795882,0.8922369123103718
194,E-20230510,1.0,16,pa,E-20230510-1,1,1,322.96954345703125,0.6308319076773721,0.0,,1.0,E,5.77755802607413,-0.46071584229780627,1.1065885427049358
195,E-20230510,2.0,0,pa,E-20230510-1,2,1,370.9905395507813,0.6114196104549983,0.0,,1.0,E,5.916176562419185,-0.49197179536690516,1.3362030185554885
196,E-20230510,2.0,1,pa,E-20230510-1,2,1,396.0937805175781,0.657321716323235,0.0,,1.0,E,5.9816510027060055,-0.4195817055800893,1.444658061325841
197,E-20230510,2.0,2,pa,E-20230510-1,2,1,349.32891845703125,0.7164256517934824,0.0,,1.0,E,5.856013938128336,-0.333480802913053,1.2365467257783795
198,E-20230510,2.0,3,pa,E-20230510-1,2,1,341.9642639160156,0.5357671286249435,0.0,,1.0,E,5.834706240129353,-0.6240556738377141,1.2012516199677132
199,E-20230510,2.0,4,pa,E-20230510-1,2,1,352.0127868652344,0.6053198254569487,0.0,,1.0,E,5.863667501260001,-0.5019983235117496,1.2492244594581805
200,E-20230510,2.0,5,pa,E-20230510-1,2,1,313.9540710449219,0.5541764502301945,0.0,,1.0,E,5.749246704652099,-0.5902721407253504,1.0596922949132657
201,E-20230510,2.0,6,pa,E-20230510-1,2,1,304.13525390625,0.6115108323919856,0.0,,1.0,E,5.717472516626557,-0.49182260955230706,1.0070599866994452
202,E-20230510,2.0,7,pa,E-20230510-1,2,1,329.34588623046875,0.5907195762089152,0.0,,1.0,E,5.797108524437778,-0.5264138645224471,1.1389729376981976
203,E-20230510,2.0,8,pa,E-20230510-1,2,1,332.5733642578125,0.6326931040930397,0.0,,1.0,E,5.806860480141915,-0.45776980206201606,1.1551265507470998
204,E-20230510,2.0,9,pa,E-20230510-1,2,1,322.9373474121094,0.4896652667650372,0.0,,1.0,E,5.777458333547534,-0.7140332503673781,1.1064234071621415
205,E-20230510,2.0,10,pa,E-20230510-1,2,1,349.3364562988281,0.5189563707146654,0.0,,1.0,E,5.85603551595964,-0.6559354634834285,1.236582468346116
206,E-20230510,2.0,11,pa,E-20230510-1,2,1,361.822998046875,0.6048043883428136,0.0,,1.0,E,5.891155136576351,-0.5028501982853107,1.2947563135806608
207,E-20230510,2.0,12,pa,E-20230510-1,2,1,386.5006713867188,0.5365469373876017,0.0,,1.0,E,5.957133605119678,-0.6226012325973316,1.4040462532340938
208,E-20230510,2.0,13,pa,E-20230510-1,2,1,356.60845947265625,0.4848690280711913,0.0,,1.0,E,5.876638427729426,-0.7238764697274668,1.27071013201758
209,E-20230510,2.0,14,pa,E-20230510-1,2,1,418.5885314941406,0.5354004450686283,0.0,,1.0,E,6.036888412345953,-0.6247403166137719,1.5361559893536414
210,E-20230510,2.0,15,pa,E-20230510-1,2,1,360.6290893554688,0.7626058765551953,0.0,,1.0,E,5.887849976831953,-0.2710139256413472,1.2892814864592501
211,E-20230510,2.0,16,pa,E-20230510-1,2,1,393.323486328125,0.5772521891418343,0.0,,1.0,E,5.974632393719221,-0.5494760383912165,1.4330320965292656
212,E-20230510,3.0,0,pa,E-20230510-1,3,1,235.1818084716797,0.6115502887882762,0.0,,1.0,E,5.460358868099863,-0.49175808882538496,0.5811644521114675
213,E-20230510,3.0,1,pa,E-20230510-1,3,1,244.51063537597656,0.582729672171503,0.0,,1.0,E,5.499258806439148,-0.5400318842632656,0.6456001992193415
214,E-20230510,3.0,2,pa,E-20230510-1,3,1,217.96160888671875,0.6014227790388809,0.0,,1.0,E,5.384318941256376,-0.5084571324591441,0.45520822427755175
215,E-20230510,3.0,3,pa,E-20230510-1,3,1,260.4447631835937,0.575771517624176,0.0,,1.0,E,5.562390797187726,-0.5520443677722766,0.7501750948094432
216,E-20230510,3.0,4,pa,E-20230510-1,3,1,226.14874267578125,0.6382658780394053,0.0,,1.0,E,5.421192936216959,-0.4490003457091049,0.5162881003795049
217,E-20230510,3.0,5,pa,E-20230510-1,3,1,252.27276611328125,0.5652523306770689,0.0,,1.0,E,5.530510907344709,-0.5704830445648558,0.6973676969715648
218,E-20230510,3.0,6,pa,E-20230510-1,3,1,246.54193115234372,0.5627529654306684,0.0,,1.0,E,5.507532085111044,-0.5749145296744509,0.6593044598175366
219,E-20230510,3.0,7,pa,E-20230510-1,3,1,232.043701171875,0.5495200894610157,0.0,,1.0,E,5.446925721047602,-0.5987099462780533,0.5589131349301174
220,E-20230510,3.0,8,pa,E-20230510-1,3,1,241.6348571777344,0.5502362383024391,0.0,,1.0,E,5.487427732051729,-0.5974075687884749,0.6260026330074617
221,E-20230510,3.0,9,pa,E-20230510-1,3,1,241.3868865966797,0.6177964810396475,0.0,,1.0,E,5.486400984887506,-0.48159619446783136,0.6243018791388945
222,E-20230510,3.0,10,pa,E-20230510-1,3,1,267.655029296875,0.5816659557274448,0.0,,1.0,E,5.589698947235893,-0.5418589552595466,0.7954096408166929
223,E-20230510,3.0,11,pa,E-20230510-1,3,1,272.7168884277344,0.5949534469970992,0.0,,1.0,E,5.608434218362002,-0.5192721168384522,0.8264436538207777
224,E-20230510,3.0,12,pa,E-20230510-1,3,1,263.2027282714844,0.5369962200374445,0.0,,1.0,E,5.572924565170555,-0.6217642235344627,0.7676237396868345
225,E-20230510,3.0,13,pa,E-20230510-1,3,1,256.18719482421875,0.5784306413571727,0.0,,1.0,E,5.545908407043427,-0.54743663347373,0.7228728632786848
226,E-20230510,3.0,14,pa,E-20230510-1,3,1,280.1478576660156,0.5740728555917549,0.0,,1.0,E,5.6353175268859115,-0.5549989645989689,0.8709744716940855
227,E-20230510,3.0,15,pa,E-20230510-1,3,1,265.2650146484375,0.6325690380108497,0.0,,1.0,E,5.580729381541205,-0.4579659133317033,0.7805520165775638
228,E-20230510,3.0,16,pa,E-20230510-1,3,1,254.6270446777344,0.6925554248825492,0.0,,1.0,E,5.5397999046678335,-0.3673670081918688,0.7127544432737843
229,E-20230510,4.0,0,pa,E-20230510-1,4,1,439.7405700683594,0.5343782312046947,0.0,,1.0,E,6.086184939540922,-0.6266513926105496,1.617813151170363
230,E-20230510,4.0,1,pa,E-20230510-1,4,1,367.76416015625,0.5565345991012762,0.0,,1.0,E,5.907441863583898,-0.5860259375104526,1.3217344391889858
231,E-20230510,4.0,2,pa,E-20230510-1,4,1,286.7009582519531,0.5797068831791954,0.0,,1.0,E,5.658439715234464,-0.54523267701504,0.9092751874436359
232,E-20230510,4.0,3,pa,E-20230510-1,4,1,233.05926513671875,0.7733015187414232,0.0,,1.0,E,5.451292778032443,-0.25708624339465047,0.5661469402134723
233,E-20230510,4.0,4,pa,E-20230510-1,4,1,322.28173828125,0.5764713103402492,0.0,,1.0,E,5.775426126593252,-0.5508297057494298,1.1030571608654285
234,E-20230510,4.0,5,pa,E-20230510-1,4,1,239.8383026123047,0.6712701191460475,0.0,,1.0,E,5.4799649571624025,-0.3985836609511797,0.6136409302382313
235,E-20230510,4.0,6,pa,E-20230510-1,4,1,238.9010772705078,0.567244051297866,0.0,,1.0,E,5.476049563616313,-0.5669656422914693,0.60715528221064
236,E-20230510,4.0,7,pa,E-20230510-1,4,1,290.60302734375,0.5881903542646292,0.0,,1.0,E,5.671958168644721,-0.5307046517307575,0.9316678102194215
237,E-20230510,4.0,8,pa,E-20230510-1,4,1,289.8912353515625,0.5388593311364112,0.0,,1.0,E,5.669505802119633,-0.6183007233287005,0.9276055912038497
238,E-20230510,4.0,9,pa,E-20230510-1,4,1,279.2370910644531,0.6906688074766869,0.0,,1.0,E,5.632061209716802,-0.3700948646472692,0.8655805497865063
239,E-20230510,4.0,10,pa,E-20230510-1,4,1,276.6757507324219,0.5773847784191837,0.0,,1.0,E,5.62284624555612,-0.5492463743813897,0.8503164356101044
240,E-20230510,4.0,11,pa,E-20230510-1,4,1,337.3814697265625,0.6408565444421193,0.0,,1.0,E,5.821214247816951,-0.4449496467306184,1.178902828639545
241,E-20230510,4.0,12,pa,E-20230510-1,4,1,326.7799072265625,0.565438702328958,0.0,,1.0,E,5.789286877700815,-0.5701533848291075,1.1260167821713103
242,E-20230510,4.0,13,pa,E-20230510-1,4,1,264.07037353515625,0.7807344174822148,0.0,,1.0,E,5.576215634044846,-0.24752024141425907,0.7730752260066536
243,E-20230510,4.0,14,pa,E-20230510-1,4,1,277.0671691894531,0.6430937734675055,0.0,,1.0,E,5.624259964840431,-0.4414647279477377,0.852658188892355
244,E-20230510,4.0,15,pa,E-20230510-1,4,1,235.8813018798828,0.6067497301125968,0.0,,1.0,E,5.46332872036365,-0.4996388791837711,0.5860838596372081
245,E-20230510,4.0,16,pa,E-20230510-1,4,1,241.5214385986328,0.5771034496466143,0.0,,1.0,E,5.486958241817714,-0.5497337397287337,0.6252249465822354
246,E-20230510,5.0,0,pa,E-20230510-1,5,1,252.9340667724609,0.8411646509360988,0.0,,1.0,E,5.533128849121522,-0.1729678582237831,0.7017041828755409
247,E-20230510,5.0,1,pa,E-20230510-1,5,1,256.4783630371094,0.6497732522060353,0.0,,1.0,E,5.547044306421619,-0.43113181971218956,0.724754422175637
248,E-20230510,5.0,2,pa,E-20230510-1,5,1,267.998291015625,0.6490844749397482,0.0,,1.0,E,5.590980603683155,-0.43219240905381817,0.797532638801797
249,E-20230510,5.0,3,pa,E-20230510-1,5,1,260.9703369140625,0.6990708081728769,0.0,,1.0,E,5.564406749193594,-0.3580032426328592,0.7535144156201535
250,E-20230510,5.0,4,pa,E-20230510-1,5,1,344.7140808105469,0.5992106121886849,0.0,,1.0,E,5.842715322153391,-0.5121421363406896,1.2145182524072304
251,E-20230510,5.0,5,pa,E-20230510-1,5,1,281.2166442871094,0.6933201741878392,0.0,,1.0,E,5.6391253483950425,-0.3662633746717672,0.8772819321752376
252,E-20230510,5.0,6,pa,E-20230510-1,5,1,297.13397216796875,0.5770052216315804,0.0,,1.0,E,5.694183121835199,-0.5499039628935285,0.968482302077361
253,E-20230510,5.0,7,pa,E-20230510-1,5,1,285.59259033203125,0.5342310606621048,0.0,,1.0,E,5.654566285913296,-0.6269268357395595,0.9028590509962684
254,E-20230510,5.0,8,pa,E-20230510-1,5,1,292.4062805175781,0.4571578306122532,0.0,,1.0,E,5.678144206843232,-0.7827265853217443,0.9419146643270625
255,E-20230510,5.0,9,pa,E-20230510-1,5,1,279.83673095703125,0.6593078493095703,0.0,,1.0,E,5.634206329373268,-0.41656470741339785,0.8691338301669167
256,E-20230510,5.0,10,pa,E-20230510-1,5,1,258.8310241699219,0.4673056329108362,0.0,,1.0,E,5.556175432451043,-0.7607717751844095,0.7398796627996784
257,E-20230510,5.0,11,pa,E-20230510-1,5,1,308.4119873046875,0.5423567539805347,0.0,,1.0,E,5.7314365102745315,-0.6118312763964714,1.030190623963416
258,E-20230510,5.0,12,pa,E-20230510-1,5,1,298.1649475097656,0.5420550233966068,0.0,,1.0,E,5.697646848505849,-0.6123877635132828,0.9742197871564943
259,E-20230510,5.0,13,pa,E-20230510-1,5,1,314.8200378417969,0.7269585422454234,0.0,,1.0,E,5.752001167128043,-0.318885828871867,1.0642549203336464
260,E-20230510,5.0,14,pa,E-20230510-1,5,1,254.42474365234372,0.6145215871532201,0.0,,1.0,E,5.539005089520619,-0.4869112209702628,0.7114378728623679
261,E-20230510,5.0,15,pa,E-20230510-1,5,1,274.9215393066406,0.555627051219183,0.0,,1.0,E,5.616485745345254,-0.5876579809877197,0.8397805941521483
262,E-20230510,5.0,16,pa,E-20230510-1,5,1,283.927978515625,0.5027189679298338,0.0,,1.0,E,5.648720609224138,-0.6877239768891518,0.8931759882229636
263,E-20230510,6.0,0,pa,E-20230510-1,6,1,173.91151428222656,0.6976381050485472,0.0,,1.0,E,5.158546631257023,-0.3600547848164414,0.08122800497249144
264,E-20230510,6.0,1,pa,E-20230510-1,6,1,172.462158203125,1.0628200545871245,0.0,,1.0,E,5.150177839670189,0.06092580430314132,0.06736553214324337
265,E-20230510,6.0,2,pa,E-20230510-1,6,1,189.3734588623047,1.0408271988552542,0.0,,1.0,E,5.243721038209687,0.04001578051811024,0.22231502929104902
266,E-20230510,6.0,3,pa,E-20230510-1,6,1,195.2681121826172,0.8040152140623036,0.0,,1.0,E,5.274373548476975,-0.21813708701914353,0.27308933598988094
267,E-20230510,6.0,4,pa,E-20230510-1,6,1,195.12432861328125,0.8063583953500384,0.0,,1.0,E,5.273636938026505,-0.21522697606390973,0.2718691786649645
268,E-20230510,6.0,5,pa,E-20230510-1,6,1,188.35487365722656,0.5615628887606459,0.0,,1.0,E,5.2383278093393955,-0.577031509720655,0.2133814230588245
269,E-20230510,6.0,6,pa,E-20230510-1,6,1,172.68988037109375,0.6902452833367487,0.0,,1.0,E,5.151497386858448,-0.3707082614632408,0.06955129419196465
270,E-20230510,6.0,7,pa,E-20230510-1,6,1,199.54293823242188,0.5290705318817057,0.0,,1.0,E,5.296029442406627,-0.636633525422335,0.30896121045084385
271,E-20230510,6.0,8,pa,E-20230510-1,6,1,189.9596405029297,0.6057613555437253,0.0,,1.0,E,5.246811631190868,-0.5012691732066085,0.2274344376050624
272,E-20230510,6.0,9,pa,E-20230510-1,6,1,162.37379455566406,0.6096606057639775,0.0,,1.0,E,5.0899010511335785,-0.4948528606472697,-0.032479867835127754
273,E-20230510,6.0,10,pa,E-20230510-1,6,1,161.33302307128906,0.5201493974633085,0.0,,1.0,E,5.083470694934828,-0.6536392058561595,-0.04313142214409163
274,E-20230510,6.0,11,pa,E-20230510-1,6,1,179.09107971191406,0.5200741367480575,0.0,,1.0,E,5.187894501639329,-0.6537839068995547,0.12984124280375076
275,E-20230510,6.0,12,pa,E-20230510-1,6,1,189.1151885986328,0.582441833296885,0.0,,1.0,E,5.242356292897028,-0.5405259555293794,0.22005439887394868
276,E-20230510,6.0,13,pa,E-20230510-1,6,1,198.82571411132807,0.5717537514585036,0.0,,1.0,E,5.292428632494378,-0.5590468847391568,0.30299665403264303
277,E-20230510,6.0,14,pa,E-20230510-1,6,1,189.38934326171875,0.5668744826507393,0.0,,1.0,E,5.243804913391379,-0.567617370746909,0.22245396421554753
23,E-20230510,0.0,3,pa,E-20230510-1,1,1,206.51781160016364,0.7280668855109163,0.0,,1.0,E,5.330386663403705,-0.31736235930395684,0.3658721799281752
24,E-20230510,0.0,4,pa,E-20230510-1,1,1,203.58122583298965,0.7472073144970199,0.0,,1.0,E,5.316065069388272,-0.2914126029063444,0.3421491960480659
25,E-20230510,0.0,5,pa,E-20230510-1,1,1,210.1501192924713,0.6643763211703657,0.0,,1.0,E,5.347822129104885,-0.40890654129657067,0.39475313209911117
26,E-20230510,0.0,6,pa,E-20230510-1,1,1,218.56562731386165,0.7308792531556545,0.0,,1.0,E,5.387086323277644,-0.3135070132377587,0.45979225026026616
27,E-20230510,0.0,7,pa,E-20230510-1,1,1,200.02789798436768,0.81638694104522,0.0,,1.0,E,5.29845684674206,-0.20286684395436644,0.3129820808831395
28,E-20230511,0.0,0,pa,E-20230511-1,1,1,116.80969422734076,0.6762292129758807,0.0,,1.0,E,4.760546065471693,-0.39122318796171723,-0.5780394617791318
29,E-20230511,0.0,1,pa,E-20230511-1,1,1,113.07080213903694,0.6021413813485887,0.0,,1.0,E,4.728014190102913,-0.5072630085083838,-0.6319268401066866
30,E-20230511,0.0,2,pa,E-20230511-1,1,1,104.57888111888066,0.6782556696585571,0.0,,1.0,E,4.649941629896868,-0.38823096823209674,-0.7612500205606927
31,E-20230511,0.0,3,pa,E-20230511-1,1,1,103.28805429864208,0.7340872718120117,0.0,,1.0,E,4.637521728573639,-0.3091273585090921,-0.7818229483064453
32,E-20230511,0.0,4,pa,E-20230511-1,1,1,100.2403126285475,0.7848380348306048,0.0,,1.0,E,4.607570429383304,-0.24227790754422573,-0.8314357349218859
33,E-20230511,0.0,5,pa,E-20230511-1,1,1,100.24209790209744,0.7513148912831076,0.0,,1.0,E,4.607588239160683,-0.28593041911516565,-0.8314062339416727
1,E-20230504,0.0,1,pa,E-20230504-1,,1,183.3826904296875,0.7513892811926759,0.0,,1.0,E,5.211575173850632,-0.2858314110589006,0.16906705834729455
35,E-20230511,0.0,7,pa,E-20230511-1,1,1,100.298116001645,0.7257564059564743,0.0,,1.0,E,4.608146911158824,-0.3205408494453581,-0.8304808225110822
34,E-20230511,0.0,6,pa,E-20230511-1,1,1,101.50196626902468,0.7531579875824663,0.0,,1.0,E,4.620078170402823,-0.283480262322976,-0.810717305237112
1297,E-20230527,3.0,10,pa,E-20230527-1,4,1,368.2630615234375,0.8101577248198062,0.0,,1.0,E,5.908797523888028,-0.21052632827175977,1.3239800207567303
1296,E-20230527,3.0,9,pa,E-20230527-1,4,1,347.3617248535156,0.7626164972934717,0.0,,1.0,E,5.850366671725425,-0.27099999883505493,1.2271923194393524
1295,E-20230527,3.0,8,pa,E-20230527-1,4,1,431.8760070800781,0.663642030021169,0.0,,1.0,E,6.068138526397833,-0.4100123862924141,1.5879201959849316
1294,E-20230527,3.0,7,pa,E-20230527-1,4,1,509.43951416015625,0.8842754751503001,0.0,,1.0,E,6.2333111295411925,-0.12298664141581313,1.8615201177243075
1293,E-20230527,3.0,6,pa,E-20230527-1,4,1,465.88134765625,0.7557500181861698,0.0,,1.0,E,6.143930982941373,-0.2800446212588321,1.7134665019951922
1292,E-20230527,3.0,5,pa,E-20230527-1,4,1,473.3819580078125,0.7966868380399355,0.0,,1.0,E,6.159902584836537,-0.2272936033298288,1.7399226390627704
1291,E-20230527,3.0,4,pa,E-20230527-1,4,1,409.4079284667969,0.827998714189869,0.0,,1.0,E,6.014712039104146,-0.1887436775088693,1.4994219676820482
1290,E-20230527,3.0,3,pa,E-20230527-1,4,1,461.25335693359375,0.7422926553954721,0.0,,1.0,E,6.133947473233063,-0.2980116992960106,1.6969293316479586
1289,E-20230527,3.0,2,pa,E-20230527-1,4,1,404.7398681640625,0.6803047693870976,0.0,,1.0,E,6.003244559913516,-0.3852143909441026,1.4804266782127582
1288,E-20230527,3.0,1,pa,E-20230527-1,4,1,407.2949523925781,0.5864682829777212,0.0,,1.0,E,6.009537621728516,-0.5336366908202586,1.4908508114365384
1287,E-20230527,3.0,0,pa,E-20230527-1,4,1,408.3924560546875,0.5950629162335517,0.0,,1.0,E,6.0122286141676184,-0.5190881374577585,1.4953083020053632
1286,E-20230527,2.0,16,pa,E-20230527-1,3,1,595.9551391601562,0.6967302676240266,0.0,,1.0,E,6.390165394366922,-0.36135693361813476,2.121341139879896
1285,E-20230527,2.0,15,pa,E-20230527-1,3,1,458.6919860839844,0.8037043517375793,0.0,,1.0,E,6.128378930519582,-0.21852379914880987,1.6877053270514544
1284,E-20230527,2.0,14,pa,E-20230527-1,3,1,443.1226501464844,0.8714596661198861,0.0,,1.0,E,6.093846594358897,-0.13758569607999438,1.6305042883123553
1283,E-20230527,2.0,13,pa,E-20230527-1,3,1,367.7070007324219,0.6537105216984465,0.0,,1.0,E,5.907286427376517,-0.42509065288575576,1.3214769671060524
1282,E-20230527,2.0,12,pa,E-20230527-1,3,1,316.3992004394531,0.7337662915307064,0.0,,1.0,E,5.757004708834216,-0.3095647049780281,1.0725430298213947
0,E-20230504,0.0,0,pa,E-20230504-1,,1,180.90182495117188,0.6440442977292058,0.0,,1.0,E,5.197954480527102,-0.43998776994958544,0.1465050804137051
1280,E-20230527,2.0,10,pa,E-20230527-1,3,1,259.0213623046875,0.9590268131227404,0.0,,1.0,E,5.556910538239133,-0.04183624502893119,0.7410973277287528
1279,E-20230527,2.0,9,pa,E-20230527-1,3,1,269.9332275390625,0.9369406017949088,0.0,,1.0,E,5.598174623002469,-0.06513539064750691,0.8094491617922811
1278,E-20230527,2.0,8,pa,E-20230527-1,3,1,276.9310302734375,0.7787279815368144,0.0,,1.0,E,5.623768487002098,-0.25009348339022397,0.8518440811314708
1277,E-20230527,2.0,7,pa,E-20230527-1,3,1,293.21630859375,0.9529304661174648,0.0,,1.0,E,5.6809105912273745,-0.04821334114048917,0.9464970377751912
1276,E-20230527,2.0,6,pa,E-20230527-1,3,1,397.5585632324219,0.7422187615118041,0.0,,1.0,E,5.985342252129148,-0.298111252432332,1.450772426142237
1275,E-20230527,2.0,5,pa,E-20230527-1,3,1,287.2851257324219,0.8019229276536848,0.0,,1.0,E,5.660475192046396,-0.22074277591597888,0.9126468500913657
1274,E-20230527,2.0,4,pa,E-20230527-1,3,1,350.4437561035156,0.6148794723937065,0.0,,1.0,E,5.859200225990682,-0.48632901022981057,1.2418246477411419
1273,E-20230527,2.0,3,pa,E-20230527-1,3,1,310.7841796875,0.9894741775556072,0.0,,1.0,E,5.739098715291576,-0.010581610737228447,1.0428826724818667
1272,E-20230527,2.0,2,pa,E-20230527-1,3,1,313.9509582519531,0.979147055949106,0.0,,1.0,E,5.749236789799299,-0.02107343736526521,1.0596758714695556
1271,E-20230527,2.0,1,pa,E-20230527-1,3,1,351.6259460449219,0.854399522299726,0.0,,1.0,E,5.862567957300314,-0.15735636988248886,1.2474031214421037
1270,E-20230527,2.0,0,pa,E-20230527-1,3,1,285.8094787597656,0.929182322720436,0.0,,1.0,E,5.655325430655264,-0.07345030245923007,0.9041165352160397
1269,E-20230527,1.0,16,pa,E-20230527-1,1,1,283.0814819335937,0.7489890316001482,0.0,,1.0,E,5.645734778228478,-0.28903093963069,0.8882301127497143
1268,E-20230527,1.0,15,pa,E-20230527-1,1,1,248.83816528320312,0.8191586832075135,0.0,,1.0,E,5.516802746541367,-0.19947746150651147,0.6746608336564056
1267,E-20230527,1.0,14,pa,E-20230527-1,1,1,301.1061706542969,0.6836027576700889,0.0,,1.0,E,5.707462928981769,-0.38037829370833337,0.9904796195917083
1266,E-20230527,1.0,13,pa,E-20230527-1,1,1,320.9040832519531,0.7730998819898645,0.0,,1.0,E,5.7711422724099055,-0.2573470253010896,1.0959611767433572
1265,E-20230527,1.0,12,pa,E-20230527-1,1,1,336.8219299316406,0.6893561555830487,0.0,,1.0,E,5.819554392872073,-0.3719972248576221,1.1761533642951265
1264,E-20230527,1.0,11,pa,E-20230527-1,1,1,357.5445251464844,0.6658370401595253,0.0,,1.0,E,5.879259900243162,-0.406710322827028,1.2750524664056724
1263,E-20230527,1.0,10,pa,E-20230527-1,1,1,381.29437255859375,0.5853195587615438,0.0,,1.0,E,5.943571708188109,-0.5355973265996089,1.3815816684996989
1262,E-20230527,1.0,9,pa,E-20230527-1,1,1,356.451171875,0.6814855849374428,0.0,,1.0,E,5.8761972651862315,-0.3834801800319221,1.2699793689552121
1261,E-20230527,1.0,8,pa,E-20230527-1,1,1,359.2091064453125,0.7214727131448182,0.0,,1.0,E,5.883904688125932,-0.3264607211024929,1.2827463186368366
1260,E-20230527,1.0,7,pa,E-20230527-1,1,1,367.4183349609375,0.8130441185985795,0.0,,1.0,E,5.906501076165492,-0.20696990448777833,1.3201760732181724
1259,E-20230527,1.0,6,pa,E-20230527-1,1,1,412.5320434570313,0.662289826243418,0.0,,1.0,E,6.022313883865669,-0.41205201486025594,1.512014032541754
1258,E-20230527,1.0,5,pa,E-20230527-1,1,1,393.7771911621094,0.868262454541922,0.0,,1.0,E,5.9757852446751665,-0.14126124304168963,1.4349417348428908
1257,E-20230527,1.0,4,pa,E-20230527-1,1,1,412.9811706542969,0.7445718872919009,0.0,,1.0,E,6.023402000285618,-0.2949458737063145,1.5138164414260098
1256,E-20230527,1.0,3,pa,E-20230527-1,1,1,351.3916320800781,0.9647495853013854,0.0,,1.0,E,5.861901362379188,-0.035886708415358584,1.2462989412404164
1255,E-20230527,1.0,2,pa,E-20230527-1,1,1,368.6526184082031,0.7860629520776374,0.0,,1.0,E,5.9098547871045986,-0.2407183980582708,1.3257313228964718
1254,E-20230527,1.0,1,pa,E-20230527-1,1,1,294.3601989746094,0.8067346246358458,0.0,,1.0,E,5.684804184014854,-0.21476050663162272,0.9529465739674297
1253,E-20230527,1.0,0,pa,E-20230527-1,1,1,248.832275390625,1.0968057263719562,0.0,,1.0,E,5.516779076690409,0.09240207023333409,0.6746216257657125
1244,E-20230526,1.0,6,pa,E-20230526-2,1,2,325.28436279296875,0.7640591507968395,0.0,,1.0,E,5.784699762213138,-0.2691100703036321,1.1184184612963366
1243,E-20230526,1.0,5,pa,E-20230526-2,1,2,319.1856994628906,0.797975561391322,0.0,,1.0,E,5.765773063390631,-0.22567730682418255,1.0870673581589223
1242,E-20230526,1.0,4,pa,E-20230526-2,1,2,283.9302062988281,0.8250922764171449,0.0,,1.0,E,5.648728455490205,-0.1922600486996237,0.8931889851591446
1241,E-20230526,1.0,3,pa,E-20230526-2,1,2,302.9869384765625,0.7420155283155268,0.0,,1.0,E,5.713689697242144,-0.2983851083847789,1.000793940951946
1240,E-20230526,1.0,2,pa,E-20230526-2,1,2,294.1576232910156,0.7425325008448027,0.0,,1.0,E,5.6841157573132985,-0.2976886370817039,0.9518062305443419
1239,E-20230526,1.0,1,pa,E-20230526-2,1,2,296.9895935058594,0.6687075032795562,0.0,,1.0,E,5.69369709948802,-0.4024085292889449,0.9676772310569794
1238,E-20230526,1.0,0,pa,E-20230526-2,1,2,295.10382080078125,0.8139270030663255,0.0,,1.0,E,5.687327229343155,-0.20588459382349938,0.9571258687852812
1047,E-20230523,7.0,4,pa,E-20230523-2,1,1,167.64492797851562,0.8936936028112008,0.0,,1.0,E,5.121848218822112,-0.1123922887146242,0.020438972293529565
1046,E-20230523,7.0,3,pa,E-20230523-2,1,1,205.1499938964844,0.8682519489889202,0.0,,1.0,E,5.323741389136718,-0.14127334262805702,0.3548646248931162
1045,E-20230523,7.0,2,pa,E-20230523-2,1,1,206.7302703857422,0.8566438350101073,0.0,,1.0,E,5.331414901953665,-0.1547330418553195,0.36757540420050994
1044,E-20230523,7.0,1,pa,E-20230523-2,1,1,242.3762664794922,0.750107333661898,0.0,,1.0,E,5.490491338838456,-0.2875389711420645,0.6310773400783516
1043,E-20230523,7.0,0,pa,E-20230523-2,1,1,202.64434814453125,0.8800244658598899,0.0,,1.0,E,5.311452462947081,-0.1278055697828452,0.33450865071967906
1042,E-20230523,6.0,7,pa,E-20230523-1,5,1,150.62216186523438,0.7795939694899694,0.0,,1.0,E,5.014774461678914,-0.2489820467686324,-0.1569231992603906
1041,E-20230523,6.0,6,pa,E-20230523-1,5,1,196.59127807617188,0.6358177711409319,0.0,,1.0,E,5.2811268429251585,-0.45284328006099095,0.2842758208992601
1040,E-20230523,6.0,5,pa,E-20230523-1,5,1,211.96826171875,0.6557551892730196,0.0,,1.0,E,5.3564365545907,-0.4219677467734887,0.4090224848482657
1039,E-20230523,6.0,4,pa,E-20230523-1,5,1,192.5483856201172,1.0658758997127895,0.0,,1.0,E,5.260347476014486,0.06379690218694635,0.24985586836258317
353,E-20230511,1.0,0,pa,E-20230511-1,1,1,253.90084838867188,0.6752119972175059,0.0,,1.0,E,5.536943830133454,-0.39272856746738977,0.7080235027048468
354,E-20230511,1.0,1,pa,E-20230511-1,1,1,229.11050415039065,0.7802949479431973,0.0,,1.0,E,5.4342044380390755,-0.2480832923860876,0.5378409839237154
355,E-20230511,1.0,2,pa,E-20230511-1,1,1,229.1692047119141,0.5550244684680941,0.0,,1.0,E,5.434460615917822,-0.5887430788776211,0.5382653294037923
356,E-20230511,1.0,3,pa,E-20230511-1,1,1,235.2129364013672,0.6221715870173341,0.0,,1.0,E,5.4604912162184265,-0.47453936091434146,0.5813836799627704
357,E-20230511,1.0,4,pa,E-20230511-1,1,1,230.9525604248047,0.7189830814161251,0.0,,1.0,E,5.442212323304896,-0.32991745225264973,0.551105633994798
358,E-20230511,1.0,5,pa,E-20230511-1,1,1,241.2163543701172,0.6478662275408631,0.0,,1.0,E,5.485694266742312,-0.43407104292147125,0.6231312368802079
359,E-20230511,1.0,6,pa,E-20230511-1,1,1,239.90548706054688,0.7299935012443513,0.0,,1.0,E,5.480245041866478,-0.31471964728432517,0.6141048761448599
360,E-20230511,1.0,7,pa,E-20230511-1,1,1,254.45230102539065,0.7397886209694491,0.0,,1.0,E,5.539113396127734,-0.3013907809274757,0.7116172771864903
361,E-20230511,1.0,8,pa,E-20230511-1,1,1,229.4973297119141,0.6590645997159505,0.0,,1.0,E,5.435891394190706,-0.4169337224008695,0.5406353400232143
362,E-20230511,1.0,9,pa,E-20230511-1,1,1,263.4363098144531,0.6012107869009533,0.0,,1.0,E,5.573811630281164,-0.5088096789805904,0.7690931174178962
363,E-20230511,1.0,10,pa,E-20230511-1,1,1,269.9105834960937,0.6043795385820196,0.0,,1.0,E,5.598090731912049,-0.5035529032565168,0.8093102005157935
1038,E-20230523,6.0,3,pa,E-20230523-1,5,1,194.37144470214844,0.7179635869403036,0.0,,1.0,E,5.269770991844795,-0.33133642578776235,0.26546543765322733
365,E-20230511,1.0,12,pa,E-20230511-1,1,1,187.0255584716797,0.6245132850934638,0.0,,1.0,E,5.231245283834372,-0.47078267647469874,0.20164958383722198
366,E-20230511,1.0,13,pa,E-20230511-1,1,1,196.44227600097656,0.6275653480805801,0.0,,1.0,E,5.2803686273438775,-0.46590747303097146,0.28301987578637705
367,E-20230511,1.0,14,pa,E-20230511-1,1,1,204.1485137939453,0.6124589067254256,0.0,,1.0,E,5.318847737768208,-0.4902734298744905,0.3467585430976875
368,E-20230511,1.0,15,pa,E-20230511-1,1,1,169.45419311523438,0.8621528763122086,0.0,,1.0,E,5.132582643189413,-0.1483226733330032,0.038219994151383524
369,E-20230511,1.0,16,pa,E-20230511-1,1,1,165.49478149414062,0.7937284287838011,0.0,,1.0,E,5.1089396625625225,-0.23101390547988762,-0.0009433872211821939
370,E-20230511,2.0,0,pa,E-20230511-1,2,1,283.75689697265625,0.7159272465630071,0.0,,1.0,E,5.648117875011778,-0.3341767281297541,0.8921775900007826
371,E-20230511,2.0,1,pa,E-20230511-1,2,1,223.14468383789065,0.7852365377859716,0.0,,1.0,E,5.40782036752415,-0.2417702845677452,0.4941371281348441
372,E-20230511,2.0,2,pa,E-20230511-1,2,1,182.9093475341797,0.8879170745214715,0.0,,1.0,E,5.208990661440144,-0.11887692489846781,0.16478594646925376
373,E-20230511,2.0,3,pa,E-20230511-1,2,1,128.46714782714844,0.5330309039034393,0.0,,1.0,E,4.855673212716262,-0.6291758754400196,-0.42046623506904224
374,E-20230511,2.0,4,pa,E-20230511-1,2,1,141.3695831298828,0.6247790077441948,0.0,,1.0,E,4.951377618086894,-0.47035727938186217,-0.2619368099634048
375,E-20230511,2.0,5,pa,E-20230511-1,2,1,159.55694580078125,0.5365371822659757,0.0,,1.0,E,5.072400885470084,-0.6226194140640919,-0.061467992165907384
376,E-20230511,2.0,6,pa,E-20230511-1,2,1,162.7158203125,0.6290862609100678,0.0,,1.0,E,5.092005245591908,-0.46348689192285997,-0.028994377940513003
377,E-20230511,2.0,7,pa,E-20230511-1,2,1,148.1691131591797,0.6018402183192837,0.0,,1.0,E,4.998354277910025,-0.5077632869772065,-0.18412238912975998
378,E-20230511,2.0,8,pa,E-20230511-1,2,1,142.5322723388672,0.4884058625995955,0.0,,1.0,E,4.959568446621121,-0.7166085331329556,-0.248369123777577
379,E-20230511,2.0,9,pa,E-20230511-1,2,1,161.03359985351562,0.5366645550750722,0.0,,1.0,E,5.081613037953078,-0.6223820443222015,-0.046208535388981904
380,E-20230511,2.0,10,pa,E-20230511-1,2,1,147.62591552734375,0.7812875984822636,0.0,,1.0,E,4.994681476207652,-0.24681195303224995,-0.19020619624552773
381,E-20230511,3.0,0,pa,E-20230511-1,3,1,164.07432556152344,0.7135175768246924,0.0,,1.0,E,5.100319529801427,-0.3375482077159867,-0.015222193778294115
382,E-20230511,3.0,1,pa,E-20230511-1,3,1,163.99490356445312,0.6496152738289993,0.0,,1.0,E,5.099835351514829,-0.4313749777432928,-0.016024210207169813
383,E-20230511,3.0,2,pa,E-20230511-1,3,1,186.7878570556641,0.8510210869306896,0.0,,1.0,E,5.22997351862649,-0.16131837171377192,0.1995429701814127
384,E-20230511,3.0,3,pa,E-20230511-1,3,1,201.16976928710935,0.7580527817326903,0.0,,1.0,E,5.304149174884473,-0.2770022628712915,0.3224111296759783
385,E-20230511,3.0,4,pa,E-20230511-1,3,1,185.50119018554688,0.7635844540095036,0.0,,1.0,E,5.223061298121499,-0.269731546151953,0.1880932324330198
386,E-20230511,3.0,5,pa,E-20230511-1,3,1,173.69386291503906,0.7182290283833765,0.0,,1.0,E,5.157294341103249,-0.3309667797622039,0.07915365074214636
387,E-20230511,3.0,6,pa,E-20230511-1,3,1,167.9536895751953,0.6964609953272038,0.0,,1.0,E,5.1236882841123,-0.3617434882963565,0.023486945806145455
388,E-20230511,3.0,7,pa,E-20230511-1,3,1,152.46661376953125,0.839387180202225,0.0,,1.0,E,5.0269456459782145,-0.17508320077227202,-0.13676225847244458
389,E-20230511,3.0,8,pa,E-20230511-1,3,1,162.9195098876953,0.7595016412209397,0.0,,1.0,E,5.093256274475265,-0.2750927960257481,-0.026922112939742403
390,E-20230511,3.0,9,pa,E-20230511-1,3,1,165.61756896972656,0.6962951520830565,0.0,,1.0,E,5.109681329136073,-0.3619816394547478,0.00028514531156511566
391,E-20230511,3.0,10,pa,E-20230511-1,3,1,179.21202087402344,0.6778226589224658,0.0,,1.0,E,5.188569579061236,-0.38886959026694756,0.13095947383169737
392,E-20230511,3.0,11,pa,E-20230511-1,3,1,176.4484405517578,0.6975978055461471,0.0,,1.0,E,5.173028712177763,-0.3601125521117141,0.10521682715687557
393,E-20230511,3.0,12,pa,E-20230511-1,3,1,199.17059326171875,0.7129945600494434,0.0,,1.0,E,5.294161710064816,-0.3382814882611219,0.3058674078902214
394,E-20230511,3.0,13,pa,E-20230511-1,3,1,181.4809417724609,0.5681652890306044,0.0,,1.0,E,5.201150644183119,-0.565342900779357,0.15179936112073875
395,E-20230511,3.0,14,pa,E-20230511-1,3,1,196.719970703125,0.5546356854108776,0.0,,1.0,E,5.281781248981152,-0.589443803458504,0.2853598108727675
396,E-20230511,3.0,15,pa,E-20230511-1,3,1,199.71463012695312,0.7156334806393474,0.0,,1.0,E,5.296889498263902,-0.3345871416346807,0.31038584874293307
397,E-20230511,3.0,16,pa,E-20230511-1,3,1,236.19696044921875,0.6746727051506536,0.0,,1.0,E,5.464666035133547,-0.39352758696082946,0.5882990527710663
398,E-20230511,4.0,0,pa,E-20230511-1,4,1,167.28392028808594,0.664512480048149,0.0,,1.0,E,5.1196924903316985,-0.40870161989436615,0.01686811892533102
399,E-20230511,4.0,1,pa,E-20230511-1,4,1,155.7830352783203,0.584559862325726,0.0,,1.0,E,5.04846423969228,-0.5368960870169833,-0.10111781475680078
400,E-20230511,4.0,2,pa,E-20230511-1,4,1,126.38642120361328,0.6438024334684762,0.0,,1.0,E,4.839344048755439,-0.44036338027294786,-0.447514655307796
401,E-20230511,4.0,3,pa,E-20230511-1,4,1,138.58975219726562,0.5385284049558265,0.0,,1.0,E,4.93151814605159,-0.6189150354837506,-0.29483300395223727
402,E-20230511,4.0,4,pa,E-20230511-1,4,1,132.50413513183594,0.5349451611370419,0.0,,1.0,E,4.8866138534814585,-0.6255910398874608,-0.369214655019919
403,E-20230511,4.0,5,pa,E-20230511-1,4,1,129.85325622558594,0.5647446785064094,0.0,,1.0,E,4.866405014618259,-0.5713815464205003,-0.4026895571900817
404,E-20230511,4.0,6,pa,E-20230511-1,4,1,116.6468276977539,0.5888877043080463,0.0,,1.0,E,4.759150803050531,-0.5295197683325407,-0.5803506422168732
405,E-20230511,4.0,7,pa,E-20230511-1,4,1,129.55726623535156,0.490959448094781,0.0,,1.0,E,4.864122993705023,-0.7113937450367225,-0.4064696074610519
406,E-20230511,4.0,8,pa,E-20230511-1,4,1,133.14486694335938,0.5115662339536602,0.0,,1.0,E,4.891437760584498,-0.6702782123280419,-0.36122410101306474
407,E-20230511,4.0,9,pa,E-20230511-1,4,1,137.73092651367188,0.5567560397955216,0.0,,1.0,E,4.92530197393538,-0.585628124595426,-0.30512977334466196
408,E-20230511,4.0,10,pa,E-20230511-1,4,1,153.69656372070312,0.5534791895979527,0.0,,1.0,E,5.034980293239996,-0.5915311253759389,-0.12345327853151024
409,E-20230511,4.0,11,pa,E-20230511-1,4,1,136.2012939453125,0.4917278726554652,0.0,,1.0,E,4.914133894002975,-0.7098298198672816,-0.32362912334178506
410,E-20230511,4.0,12,pa,E-20230511-1,4,1,143.85116577148438,0.4867612301246673,0.0,,1.0,E,4.968779194041774,-0.7199815633479676,-0.23311199441415265
411,E-20230511,4.0,13,pa,E-20230511-1,4,1,137.46701049804688,0.5702739852090755,0.0,,1.0,E,4.923383964669775,-0.561638357835754,-0.3083068570436424
412,E-20230511,4.0,14,pa,E-20230511-1,4,1,142.35015869140625,0.5088025856187048,0.0,,1.0,E,4.9582899285207995,-0.6756951851713681,-0.25048692325238964
413,E-20230511,4.0,15,pa,E-20230511-1,4,1,129.17706298828125,0.6250959699904222,0.0,,1.0,E,4.861184044537544,-0.4698500890489594,-0.4113378255972061
414,E-20230511,4.0,16,pa,E-20230511-1,4,1,130.83753967285156,0.4731116124311239,0.0,,1.0,E,4.873956398403286,-0.7484239512412294,-0.3901810783425683
415,E-20230511,5.0,0,pa,E-20230511-1,5,1,178.05838012695312,0.6795146017895171,0.0,,1.0,E,5.182111474760289,-0.38637655660119585,0.12026195621862086
416,E-20230511,5.0,1,pa,E-20230511-1,5,1,179.07553100585938,0.8162250890045897,0.0,,1.0,E,5.187807677766868,-0.20306511768772323,0.1296974235246544
417,E-20230511,5.0,2,pa,E-20230511-1,5,1,178.17430114746094,0.656263760774646,0.0,,1.0,E,5.182762291098558,-0.4211924964966852,0.12134000000934943
418,E-20230511,5.0,3,pa,E-20230511-1,5,1,187.00958251953125,0.6165683375934918,0.0,,1.0,E,5.23115985896164,-0.4835861148428801,0.20150808192922223
419,E-20230511,5.0,4,pa,E-20230511-1,5,1,247.5790557861328,0.674503416225047,0.0,,1.0,E,5.511729948323603,-0.3937785385212862,0.6662580043192953
420,E-20230511,5.0,5,pa,E-20230511-1,5,1,228.1817321777344,0.6375894959489479,0.0,,1.0,E,5.430142382417061,-0.45006062600044927,0.5311123977106639
421,E-20230511,5.0,6,pa,E-20230511-1,5,1,227.8954315185547,0.5474115805476103,0.0,,1.0,E,5.428886890059292,-0.6025543270501736,0.5290327391941019
422,E-20230511,5.0,7,pa,E-20230511-1,5,1,224.9720001220703,0.5805546503172607,0.0,,1.0,E,5.4159759505587255,-0.543771338748695,0.5076464319632895
423,E-20230511,5.0,8,pa,E-20230511-1,5,1,222.18247985839844,0.6268103852933713,0.0,,1.0,E,5.403499025574762,-0.46711119988614147,0.4869790474564435
424,E-20230511,5.0,9,pa,E-20230511-1,5,1,251.78091430664065,0.5893236295220952,0.0,,1.0,E,5.528559321702719,-0.528779790331271,0.6941349957320454
425,E-20230511,5.0,10,pa,E-20230511-1,5,1,234.1444091796875,0.633139999133931,0.0,,1.0,E,5.455938058255817,-0.4570637136237865,0.5738416079815242
426,E-20230511,5.0,11,pa,E-20230511-1,5,1,235.0449676513672,0.6338410068924851,0.0,,1.0,E,5.459776847546702,-0.4559571337670202,0.5802003650003776
427,E-20230511,6.0,0,pa,E-20230511-1,6,1,122.02477264404295,0.5235797647117373,0.0,,1.0,E,4.804224078579859,-0.6470658921566366,-0.5056890795686296
428,E-20230511,6.0,1,pa,E-20230511-1,6,1,145.69541931152344,0.4729641316608166,0.0,,1.0,E,4.981518273527277,-0.7487357249494613,-0.21201036445897148
429,E-20230511,6.0,2,pa,E-20230511-1,6,1,104.45865631103516,0.6332962729412337,0.0,,1.0,E,4.648791359734106,-0.45681692061644513,-0.7631553839231492
430,E-20230511,6.0,3,pa,E-20230511-1,6,1,124.68739318847656,0.4782336450583919,0.0,,1.0,E,4.825809750450044,-0.7376558687198267,-0.46993352433742314
431,E-20230511,6.0,4,pa,E-20230511-1,6,1,149.47732543945312,0.4808150984044737,0.0,,1.0,E,5.007144712026473,-0.7322724935826586,-0.1695614871366621
432,E-20230511,6.0,5,pa,E-20230511-1,6,1,134.64064025878906,0.5090207750685884,0.0,,1.0,E,4.902609305209844,-0.6752664478056261,-0.3427190119302847
433,E-20230511,6.0,6,pa,E-20230511-1,6,1,132.07696533203125,0.4709941839118698,0.0,,1.0,E,4.8833848233639054,-0.7529095334244033,-0.37456337733005785
434,E-20230511,6.0,7,pa,E-20230511-1,6,1,110.6073989868164,0.497055222458119,0.0,,1.0,E,4.705986985465598,-0.6990541474721909,-0.6684137716571676
435,E-20230511,6.0,8,pa,E-20230511-1,6,1,120.87847137451172,0.5898681580862082,0.0,,1.0,E,4.794785672074728,-0.527856227924306,-0.5213233144962389
436,E-20230511,6.0,9,pa,E-20230511-1,6,1,116.9622802734375,0.5300387780859808,0.0,,1.0,E,4.761851491993341,-0.6348051089125217,-0.5758770898883797
437,E-20230511,6.0,10,pa,E-20230511-1,6,1,92.85202026367188,0.7707293411573595,0.0,,1.0,E,4.531007045921422,-0.26041801613350396,-0.9582590417210858
1037,E-20230523,6.0,2,pa,E-20230523-1,5,1,208.72732543945312,0.6372123962885681,0.0,,1.0,E,5.341028737181989,-0.4506522468219671,0.38350022778521575
1036,E-20230523,6.0,1,pa,E-20230523-1,5,1,229.51084899902344,0.6339571395435861,0.0,,1.0,E,5.435950300710198,-0.4557739300736684,0.5407329156429985
1035,E-20230523,6.0,0,pa,E-20230523-1,5,1,228.77882385253903,0.6797879781265515,0.0,,1.0,E,5.432755702130291,-0.3859743263034544,0.5354412274040434
1034,E-20230523,5.0,16,pa,E-20230523-1,4,1,221.79440307617188,0.6117286818642818,0.0,,1.0,E,5.401750840495861,-0.491466425056858,0.4840832687881249
1033,E-20230523,5.0,15,pa,E-20230523-1,4,1,235.9728546142578,0.6097767413613475,0.0,,1.0,E,5.463716775589036,-0.4946623865765929,0.5867266531591098
1032,E-20230523,5.0,14,pa,E-20230523-1,4,1,228.4013671875,0.6450818697242227,0.0,,1.0,E,5.431104463698703,-0.4383780404362743,0.5327060358707149
1031,E-20230523,5.0,13,pa,E-20230523-1,4,1,241.54714965820312,0.7080352301668569,0.0,,1.0,E,5.487064690716357,-0.3452614264037319,0.6254012737078227
1030,E-20230523,5.0,12,pa,E-20230523-1,4,1,211.95132446289065,0.729186515444809,0.0,,1.0,E,5.3563566467193935,-0.3158257286075146,0.4088901215693698
1029,E-20230523,5.0,11,pa,E-20230523-1,4,1,239.1369781494141,0.7404028027294594,0.0,,1.0,E,5.477036518087325,-0.3005609128638932,0.6087901215295721
1028,E-20230523,5.0,10,pa,E-20230523-1,4,1,202.34071350097656,0.6975226119683029,0.0,,1.0,E,5.309952977019311,-0.3602203472195386,0.3320248294037973
1027,E-20230523,5.0,9,pa,E-20230523-1,4,1,198.07135009765625,0.7227197577905926,0.0,,1.0,E,5.288627319811183,-0.32473374221178497,0.2966999750868836
1026,E-20230523,5.0,8,pa,E-20230523-1,4,1,194.1904144287109,0.7203739505731619,0.0,,1.0,E,5.268839195363582,-0.3279848260049041,0.26392196470744084
1025,E-20230523,5.0,7,pa,E-20230523-1,4,1,195.26751708984372,0.7078662204227619,0.0,,1.0,E,5.274370500904724,-0.3455001573476507,0.27308428784319455
1024,E-20230523,5.0,6,pa,E-20230523-1,4,1,212.77288818359372,0.9116182749920084,0.0,,1.0,E,5.360225344198478,-0.09253393465050472,0.4152984199637002
1023,E-20230523,5.0,5,pa,E-20230523-1,4,1,199.2730865478516,0.8022367296677473,0.0,,1.0,E,5.294676178199647,-0.22035154052163022,0.3067195978947893
1022,E-20230523,5.0,4,pa,E-20230523-1,4,1,195.9872894287109,0.7927816426842007,0.0,,1.0,E,5.278049807274159,-0.232207451274551,0.27917886960539395
1021,E-20230523,5.0,3,pa,E-20230523-1,4,1,184.29200744628903,0.8537611026376766,0.0,,1.0,E,5.216521496650694,-0.15810386362804818,0.17726038766002553
1020,E-20230523,5.0,2,pa,E-20230523-1,4,1,182.194580078125,0.958563318307874,0.0,,1.0,E,5.205075237282005,-0.042319658889167056,0.15830024773437498
1019,E-20230523,5.0,1,pa,E-20230523-1,4,1,187.68722534179688,0.8360436253289585,0.0,,1.0,E,5.234776882362109,-0.179074483851097,0.20749949515674598
1018,E-20230523,5.0,0,pa,E-20230523-1,4,1,202.27256774902344,0.8153858089957424,0.0,,1.0,E,5.309616133145146,-0.20409389248188375,0.3314668648512258
1017,E-20230523,4.0,16,pa,E-20230523-1,3,1,224.7363128662109,0.9103636083281224,0.0,,1.0,E,5.41492777212559,-0.09391118968656907,0.5059101783000477
1016,E-20230523,4.0,15,pa,E-20230523-1,3,1,286.7164001464844,0.6371863954402208,0.0,,1.0,E,5.658493574415073,-0.45069305170740737,0.9093644024061603
1015,E-20230523,4.0,14,pa,E-20230523-1,3,1,286.9034423828125,0.6728001226660965,0.0,,1.0,E,5.659145721461216,-0.3963069880016311,0.910444650446039
1014,E-20230523,4.0,13,pa,E-20230523-1,3,1,213.88673400878903,1.1178812440482346,0.0,,1.0,E,5.365446594570812,0.11143514730943119,0.4239471526594741
1013,E-20230523,4.0,12,pa,E-20230523-1,3,1,241.3047790527344,0.9117371325827044,0.0,,1.0,E,5.486060777875119,-0.09240356227178959,0.6237383437208353
1012,E-20230523,4.0,11,pa,E-20230523-1,3,1,247.4670867919922,0.804035823788471,0.0,,1.0,E,5.51127759050715,-0.2181114538449675,0.665508696862584
1011,E-20230523,4.0,10,pa,E-20230523-1,3,1,224.718017578125,0.77889987874509,0.0,,1.0,E,5.4148463610150195,-0.24987276673080014,0.505775324982628
1010,E-20230523,4.0,9,pa,E-20230523-1,3,1,231.945556640625,0.6338402628518267,0.0,,1.0,E,5.4465026744746,-0.45595830762779443,0.5582123800406096
1009,E-20230523,4.0,8,pa,E-20230523-1,3,1,233.7071990966797,0.6652828949379881,0.0,,1.0,E,5.454069045934193,-0.4075429228639417,0.5707456852001754
1008,E-20230523,4.0,7,pa,E-20230523-1,3,1,270.7685241699219,0.5511662662131194,0.0,,1.0,E,5.601264301527481,-0.5957187617848422,0.8145670553566833
1007,E-20230523,4.0,6,pa,E-20230523-1,3,1,218.09274291992188,0.7264198776977864,0.0,,1.0,E,5.384920398559178,-0.3196270873973966,0.4562045073647247
1006,E-20230523,4.0,5,pa,E-20230523-1,3,1,266.2243957519531,0.5240651493757831,0.0,,1.0,E,5.584339546209523,-0.6461392715197218,0.7865320686680477
1005,E-20230523,4.0,4,pa,E-20230523-1,3,1,217.38766479492188,0.6738905695499824,0.0,,1.0,E,5.3816822334035805,-0.39468754096972286,0.45084065333391043
1004,E-20230523,4.0,3,pa,E-20230523-1,3,1,191.57395935058597,0.6801433116572788,0.0,,1.0,E,5.255273944768563,-0.38545175057998504,0.24145182480202942
1003,E-20230523,4.0,2,pa,E-20230523-1,3,1,219.7820281982422,0.6899305720102831,0.0,,1.0,E,5.392636274287428,-0.3711643067283435,0.4689854586558277
1002,E-20230523,4.0,1,pa,E-20230523-1,3,1,203.7642974853516,0.7427765794224364,0.0,,1.0,E,5.3169639213663,-0.29735998012663195,0.34363809811877
1001,E-20230523,4.0,0,pa,E-20230523-1,3,1,229.8954620361328,0.7603237163249013,0.0,,1.0,E,5.437624692714525,-0.27401099385676514,0.5435064598787054
1000,E-20230523,3.0,11,pa,E-20230523-1,2,1,198.92105102539065,0.9040967357077,0.0,,1.0,E,5.29290801749129,-0.10081891578874767,0.30379073062368833
999,E-20230523,3.0,10,pa,E-20230523-1,2,1,186.4144287109375,0.5633358636555883,0.0,,1.0,E,5.227972306503223,-0.5738792680469046,0.19622806522810995
998,E-20230523,3.0,9,pa,E-20230523-1,2,1,195.1526641845703,0.6929841760387276,0.0,,1.0,E,5.273782145516886,-0.36674811405188357,0.2721097074042844
997,E-20230523,3.0,8,pa,E-20230523-1,2,1,188.80044555664065,0.6277399909898875,0.0,,1.0,E,5.240690613648449,-0.4656292253329834,0.21729528687001287
996,E-20230523,3.0,7,pa,E-20230523-1,2,1,168.9580535888672,0.6062721234250503,0.0,,1.0,E,5.129650480499287,-0.5004263451487643,0.0333630174659145
995,E-20230523,3.0,6,pa,E-20230523-1,2,1,242.1074676513672,0.6469295396633328,0.0,,1.0,E,5.489381708785808,-0.4355178935594776,0.6292392949680444
994,E-20230523,3.0,5,pa,E-20230523-1,2,1,180.9585418701172,0.5162210809716932,0.0,,1.0,E,5.198267954588426,-0.6612201537641783,0.1470243340732909
993,E-20230523,3.0,4,pa,E-20230523-1,2,1,192.8013916015625,0.4953096314842931,0.0,,1.0,E,5.261660600000825,-0.7025721938182933,0.25203099070768936
992,E-20230523,3.0,3,pa,E-20230523-1,2,1,233.22120666503903,0.6993052318097952,0.0,,1.0,E,5.4519873880134515,-0.3576679628048135,0.5672975259209474
991,E-20230523,3.0,2,pa,E-20230523-1,2,1,249.9553985595703,0.6127808718081518,0.0,,1.0,E,5.521282496184327,-0.48974787545522036,0.6820813085317824
990,E-20230523,3.0,1,pa,E-20230523-1,2,1,196.09886169433597,0.7714053279671766,0.0,,1.0,E,5.278618928465086,-0.2595413263519338,0.2801215895863991
989,E-20230523,3.0,0,pa,E-20230523-1,2,1,190.60333251953125,0.770314682528209,0.0,,1.0,E,5.250194475429955,-0.2609561690127009,0.2330379450963598
988,E-20230523,2.0,16,pa,E-20230523-1,1,1,270.64599609375,0.5241502524894415,0.0,,1.0,E,5.600811679465538,-0.645976894371487,0.8138173101909096
987,E-20230523,2.0,15,pa,E-20230523-1,1,1,272.493896484375,0.554864725622803,0.0,,1.0,E,5.607616215629978,-0.5890309325611142,0.8250886743677375
986,E-20230523,2.0,14,pa,E-20230523-1,1,1,278.3033752441406,0.6513650482638944,0.0,,1.0,E,5.62871179653642,-0.4286850439137684,0.8600324191244856
985,E-20230523,2.0,13,pa,E-20230523-1,1,1,298.3219909667969,0.5997435800642172,0.0,,1.0,E,5.698173409778293,-0.5112530816727435,0.9750920088215271
984,E-20230523,2.0,12,pa,E-20230523-1,1,1,259.5167236328125,0.6393301533194311,0.0,,1.0,E,5.558821146127921,-0.44733428617215654,0.744262151427714
983,E-20230523,2.0,11,pa,E-20230523-1,1,1,280.3766174316406,0.6205858769199182,0.0,,1.0,E,5.636133761639214,-0.47709128436519,0.872326522581306
982,E-20230523,2.0,10,pa,E-20230523-1,1,1,268.8236083984375,0.6065043701963226,0.0,,1.0,E,5.594055433655501,-0.50004334502412,0.8026259365024182
981,E-20230523,2.0,9,pa,E-20230523-1,1,1,243.8139495849609,0.5338428787228473,0.0,,1.0,E,5.49640543273994,-0.6276537179188449,0.6408737324449528
980,E-20230523,2.0,8,pa,E-20230523-1,1,1,238.36111450195312,0.6921373128294839,0.0,,1.0,E,5.473786811576662,-0.3679709141045457,0.6034071498377016
979,E-20230523,2.0,7,pa,E-20230523-1,1,1,229.3674468994141,0.5665341774541623,0.0,,1.0,E,5.4353252892177855,-0.5682178694351254,0.5396976162522037
978,E-20230523,2.0,6,pa,E-20230523-1,1,1,241.1993865966797,0.5269948795904469,0.0,,1.0,E,5.485623921718286,-0.6405644466351365,0.6230147139659832
977,E-20230523,2.0,5,pa,E-20230523-1,1,1,234.7635955810547,0.6631139458815376,0.0,,1.0,E,5.458579031559617,-0.4108084394884954,0.5782162444253689
976,E-20230523,2.0,4,pa,E-20230523-1,1,1,276.6691589355469,0.6056077304537055,0.0,,1.0,E,5.622822420282732,-0.5015228119903932,0.850276970270149
975,E-20230523,2.0,3,pa,E-20230523-1,1,1,242.50511169433597,0.7408944054698985,0.0,,1.0,E,5.4910227893072765,-0.29989716658020843,0.631957660445715
974,E-20230523,2.0,2,pa,E-20230523-1,1,1,221.04617309570312,0.5624246377160702,0.0,,1.0,E,5.398371607730186,-0.5754981312729875,0.47848574351678586
973,E-20230523,2.0,1,pa,E-20230523-1,1,1,245.6044921875,0.6438359294482616,0.0,,1.0,E,5.503722486771432,-0.44031135327412946,0.6529940561080809
972,E-20230523,2.0,0,pa,E-20230523-1,1,1,263.6283874511719,0.6659186822696626,0.0,,1.0,E,5.574540488222963,-0.40658771459060067,0.7703004331109368
167,E-20230504,9.0,0,pa,E-20230504-1,6,1,235.6682281494141,0.598373588003426,0.0,,1.0,E,5.462425003017322,-0.5135399909907757,0.5845868983341564
1301,E-20230527,4.0,3,pea,E-20230527-1,1,1,148.42291259765625,0.7723108656503985,0.0,,1.0,E,5.000065716373534,-0.25836813429651656,-0.18128747933983866
336,E-20230510,10.0,14,pea,E-20230510-1,4,1,193.35118103027344,0.6789968686779098,0.0,,1.0,E,5.264508126285354,-0.3871387631013652,0.2567477715404145
352,E-20230510,12.0,7,pea,E-20230510-1,6,1,256.2182922363281,0.6395142083205521,0.0,,1.0,E,5.546029785182158,-0.44704644035148805,0.7230739199226178
351,E-20230510,12.0,6,pea,E-20230510-1,6,1,286.28436279296875,0.6419877623881369,0.0,,1.0,E,5.656985592355256,-0.4431860371745737,0.9068665076845269
350,E-20230510,12.0,5,pea,E-20230510-1,6,1,274.6839599609375,0.5662393151960927,0.0,,1.0,E,5.615621200282231,-0.5687384717737967,0.8383485197216327
349,E-20230510,12.0,4,pea,E-20230510-1,6,1,281.5763244628906,0.6295127328376822,0.0,,1.0,E,5.640403545688623,-0.4628091987957321,0.8793992002501836
348,E-20230510,12.0,3,pea,E-20230510-1,6,1,319.88946533203125,0.5301327300729461,0.0,,1.0,E,5.767975515284851,-0.6346278696894558,1.0907156064423886
347,E-20230510,12.0,2,pea,E-20230510-1,6,1,333.4456787109375,0.5488638633714018,0.0,,1.0,E,5.809479969662921,-0.5999048402238363,1.1594656004097266
346,E-20230510,12.0,1,pea,E-20230510-1,6,1,286.87030029296875,0.521207984106276,0.0,,1.0,E,5.659030198259592,-0.6516061151490917,0.9102532922042861
345,E-20230510,12.0,0,pea,E-20230510-1,6,1,347.8468933105469,0.5110983480858771,0.0,,1.0,E,5.851762421211604,-0.6711932452892816,1.229504306675244
1048,E-20230523,8.0,0,pea,E-20230523-1,1,1,169.999755859375,0.9112824297482014,0.0,,1.0,E,5.135797000927907,-0.0929024080914701,0.043544412420259186
1049,E-20230523,8.0,1,pea,E-20230523-1,1,1,148.90631103515625,0.816075557357145,0.0,,1.0,E,5.0033173231783135,-0.20324833350424118,-0.1759013599085022
1050,E-20230523,8.0,2,pea,E-20230523-1,1,1,162.2277374267578,0.8856768559856896,0.0,,1.0,E,5.089001134624428,-0.12140311726821545,-0.033970533246884475
1051,E-20230523,8.0,3,pea,E-20230523-1,1,1,142.8883514404297,0.8377050488287026,0.0,,1.0,E,4.962063566150903,-0.17708921082764012,-0.2442360866086583
1052,E-20230523,8.0,4,pea,E-20230523-1,1,1,132.29595947265625,0.9326551428272084,0.0,,1.0,E,4.885041530009458,-0.06971976829757075,-0.3718191279815456
1053,E-20230523,8.0,5,pea,E-20230523-1,1,1,152.20140075683594,1.0237189981943686,0.0,,1.0,E,5.025204648781003,0.023442073132591796,-0.13964613078444163
1054,E-20230523,8.0,6,pea,E-20230523-1,1,1,171.34657287597656,0.7485793623411716,0.0,,1.0,E,5.143688247396799,-0.28957805223116007,0.05661585632334486
1055,E-20230523,8.0,7,pea,E-20230523-1,1,1,153.39317321777344,1.0054150114454463,0.0,,1.0,E,5.0330043847992725,0.005400402983897837,-0.12672626923613015
1056,E-20230523,8.0,8,pea,E-20230523-1,1,1,171.96151733398438,0.6145617303906512,0.0,,1.0,E,5.147270715350401,-0.4868458987307167,0.06255003023043383
1057,E-20230523,8.0,9,pea,E-20230523-1,1,1,166.71409606933594,0.792895238920007,0.0,,1.0,E,5.11628034568591,-0.23206417336299348,0.011216076817349393
1058,E-20230523,8.0,10,pea,E-20230523-1,1,1,156.64170837402344,0.7778237524321288,0.0,,1.0,E,5.053961085094173,-0.2512553197579694,-0.09201257306931646
1059,E-20230523,9.0,0,pea,E-20230523-1,2,1,188.1517791748047,0.6901349935608607,0.0,,1.0,E,5.2372489731457055,-0.3708680576845699,0.21159438639205358
1060,E-20230523,9.0,1,pea,E-20230523-1,2,1,188.8152008056641,0.7786342131650876,0.0,,1.0,E,5.240768763212288,-0.25021390286895423,0.21742473760302414
1061,E-20230523,9.0,2,pea,E-20230523-1,2,1,195.80496215820312,0.6890178715955191,0.0,,1.0,E,5.277119072769169,-0.37248806984983945,0.27763715576860065
310,E-20230510,8.0,15,pea,E-20230510-1,2,1,270.86651611328125,0.6392197521162508,0.0,,1.0,E,5.601626139064348,-0.4475069836992305,0.8151664206260151
1062,E-20230523,9.0,3,pea,E-20230523-1,2,1,201.21453857421875,0.6616761329526604,0.0,,1.0,E,5.304371694930208,-0.4129790679018347,0.3227797226868046
1063,E-20230523,9.0,4,pea,E-20230523-1,2,1,208.8743896484375,0.782702078854788,0.0,,1.0,E,5.341733064821223,-0.2450031421702876,0.3846669102937307
1064,E-20230523,9.0,5,pea,E-20230523-1,2,1,193.7500457763672,0.7420474152249739,0.0,,1.0,E,5.266568904498549,-0.2983421359359474,0.2601613446580041
1065,E-20230523,9.0,6,pea,E-20230523-1,2,1,215.8217315673828,0.7785944136791283,0.0,,1.0,E,5.374452750105064,-0.2502650186592523,0.4388653860859065
1066,E-20230523,9.0,7,pea,E-20230523-1,2,1,197.1024169921875,0.7498902442896185,0.0,,1.0,E,5.283723476854606,-0.2878284241078375,0.28857701145000747
1067,E-20230523,10.0,0,pea,E-20230523-1,3,1,201.62208557128903,0.8772884065508713,0.0,,1.0,E,5.306395081641778,-0.13091948485490323,0.32613135870511867
1068,E-20230523,10.0,1,pea,E-20230523-1,3,1,212.57823181152344,0.9304437198891762,0.0,,1.0,E,5.359310070315285,-0.07209368845910938,0.41378231585172176
1069,E-20230523,10.0,2,pea,E-20230523-1,3,1,149.9373016357422,0.93486653117845,0.0,,1.0,E,5.010217217619411,-0.06735150728555753,-0.16447203965097845
1070,E-20230523,10.0,3,pea,E-20230523-1,3,1,146.5023956298828,0.8168574221884484,0.0,,1.0,E,4.987041780745831,-0.20229071319667555,-0.20286095884349106
1071,E-20230523,10.0,4,pea,E-20230523-1,3,1,180.36715698242188,0.9119671616506936,0.0,,1.0,E,5.194994534415742,-0.09215129651803067,0.14160208191995444
1072,E-20230523,10.0,5,pea,E-20230523-1,3,1,191.86068725585935,0.9709246108981802,0.0,,1.0,E,5.256769521452912,-0.0295064543865917,0.24392917065725025
1073,E-20230523,10.0,6,pea,E-20230523-1,3,1,158.1632537841797,1.0506219734507063,0.0,,1.0,E,5.063627751388351,0.049382344463405205,-0.07600023754129727
1074,E-20230523,10.0,7,pea,E-20230523-1,3,1,156.81520080566406,0.944911714362906,0.0,,1.0,E,5.055068047131224,-0.056663779807280594,-0.09017894738962226
1075,E-20230523,10.0,8,pea,E-20230523-1,3,1,213.8318023681641,0.692720349696053,0.0,,1.0,E,5.365189735743077,-0.3671288970268436,0.42352167922242206
1076,E-20230523,10.0,9,pea,E-20230523-1,3,1,176.42611694335938,0.7242902103977897,0.0,,1.0,E,5.17290218784806,-0.32256312382168056,0.10500724611228285
1077,E-20230523,10.0,10,pea,E-20230523-1,3,1,146.53433227539062,0.8017290228222649,0.0,,1.0,E,4.987259751004116,-0.2209846049890609,-0.2024999023215666
1078,E-20230523,10.0,11,pea,E-20230523-1,3,1,157.81346130371094,0.5322199639140912,0.0,,1.0,E,5.061413710880582,-0.6306984090900761,-0.07966768176706676
1079,E-20230523,10.0,12,pea,E-20230523-1,3,1,159.10635375976562,0.5733381539208509,0.0,,1.0,E,5.069572870182825,-0.556279589876611,-0.06615245403516883
1080,E-20230523,10.0,13,pea,E-20230523-1,3,1,157.10617065429688,0.6242787135155261,0.0,,1.0,E,5.056921823002588,-0.47115835405904877,-0.08710826300446811
1081,E-20230523,10.0,14,pea,E-20230523-1,3,1,166.0861358642578,0.7133647242095762,0.0,,1.0,E,5.1125065445278315,-0.3377624547013058,0.004964969297938029
1082,E-20230523,10.0,15,pea,E-20230523-1,3,1,129.0617218017578,0.7520486707795833,0.0,,1.0,E,4.86029075351399,-0.2849542353453006,-0.41281751623284246
1083,E-20230523,10.0,16,pea,E-20230523-1,3,1,124.93700408935548,1.0087084895518077,0.0,,1.0,E,4.82780964298295,0.008670789372974521,-0.4666208052176833
1084,E-20230523,11.0,0,pea,E-20230523-1,4,1,217.34141540527344,0.8779355493163443,0.0,,1.0,E,5.381469460014684,-0.1301820942870122,0.4504882051588355
1085,E-20230523,11.0,1,pea,E-20230523-1,4,1,174.57659912109375,0.7923364665933583,0.0,,1.0,E,5.162363608770877,-0.23276914582581662,0.08755063190454446
1086,E-20230523,12.0,0,pea,E-20230523-1,5,1,163.4918975830078,1.2572402241442957,0.0,,1.0,E,5.096763433042135,0.22891902045354337,-0.021112685158366826
1087,E-20230523,12.0,1,pea,E-20230523-1,5,1,193.4886932373047,1.00946623108333,0.0,,1.0,E,5.265219077880423,0.009421707080327376,0.25792542629107906
1088,E-20230523,12.0,2,pea,E-20230523-1,5,1,167.80567932128906,0.926305437181199,0.0,,1.0,E,5.122806639236805,-0.07655125295508033,0.02202654641576828
1089,E-20230523,12.0,3,pea,E-20230523-1,5,1,166.1818389892578,1.0129082493283104,0.0,,1.0,E,5.113082604424599,0.01282564794471274,0.005919182888286984
1090,E-20230523,12.0,4,pea,E-20230523-1,5,1,167.66868591308594,0.862416500000279,0.0,,1.0,E,5.121989924578311,-0.14801694635704646,0.020673700590281594
1091,E-20230523,12.0,5,pea,E-20230523-1,5,1,192.4085235595703,1.04687664678365,0.0,,1.0,E,5.259620838495503,0.04581110907712552,0.24865223068573422
1092,E-20230523,12.0,6,pea,E-20230523-1,5,1,195.8833770751953,0.7646036788534936,0.0,,1.0,E,5.277519467216414,-0.2683976462567809,0.27830038857686434
1093,E-20230523,12.0,7,pea,E-20230523-1,5,1,189.81578063964844,0.9302884602315676,0.0,,1.0,E,5.246054026237239,-0.07226056863630799,0.226179503965479
1094,E-20230523,12.0,8,pea,E-20230523-1,5,1,188.2557678222656,0.8950603972888391,0.0,,1.0,E,5.237801505372735,-0.11086407997986765,0.21250962760758693
1095,E-20230523,12.0,9,pea,E-20230523-1,5,1,171.54345703125,0.7304876751216778,0.0,,1.0,E,5.144836628275438,-0.31404291977262183,0.05851809018382232
1096,E-20230523,12.0,10,pea,E-20230523-1,5,1,182.52825927734372,0.8768898870117425,0.0,,1.0,E,5.206905006390549,-0.1313738509218502,0.1613311661516651
1097,E-20230523,13.0,0,pea,E-20230523-1,6,1,294.7025146484375,0.7490290501452783,0.0,,1.0,E,5.6859664226167705,-0.28897751097635355,0.9548717624337694
1098,E-20230523,13.0,1,pea,E-20230523-1,6,1,225.84255981445312,0.6982900386213622,0.0,,1.0,E,5.419838118518144,-0.35912073441682785,0.5140439145441272
1099,E-20230523,13.0,2,pea,E-20230523-1,6,1,215.2324066162109,0.7880198186948739,0.0,,1.0,E,5.371718405315632,-0.2382320388125171,0.4343360845785147
279,E-20230510,7.0,1,pea,E-20230510-1,1,1,202.5319061279297,0.5124720227694155,0.0,,1.0,E,5.310897435260722,-0.6685091591778604,0.3335892759041169
280,E-20230510,7.0,2,pea,E-20230510-1,1,1,174.65350341796875,0.609018944472048,0.0,,1.0,E,5.1628040307022,-0.4959059042486006,0.08828016818143952
281,E-20230510,7.0,3,pea,E-20230510-1,1,1,139.04669189453125,0.6215744963967929,0.0,,1.0,E,4.934809789634878,-0.47549950973309874,-0.28938056565652404
282,E-20230510,7.0,4,pea,E-20230510-1,1,1,139.7766571044922,0.6539158586751306,0.0,,1.0,E,4.9400458423565965,-0.42477659226193565,-0.2807073136303266
283,E-20230510,7.0,5,pea,E-20230510-1,1,1,137.4550323486328,0.6106350837141825,0.0,,1.0,E,4.923296826153724,-0.49325574256228794,-0.3084511975136615
284,E-20230510,7.0,6,pea,E-20230510-1,1,1,139.98776245117188,0.6072023300844087,0.0,,1.0,E,4.941555007725676,-0.49889321548316423,-0.27820745881776054
285,E-20230510,7.0,7,pea,E-20230510-1,1,1,157.22653198242188,0.8539156527942602,0.0,,1.0,E,5.057687644267749,-0.1579228572912061,-0.08583971946742297
286,E-20230510,7.0,8,pea,E-20230510-1,1,1,147.06961059570312,0.7024053372212258,0.0,,1.0,E,4.990906016160727,-0.3532446381405179,-0.19646005162899163
287,E-20230510,7.0,9,pea,E-20230510-1,1,1,137.90542602539062,0.7225534679468062,0.0,,1.0,E,4.92656813156244,-0.32496385765509206,-0.303032448358068
288,E-20230510,7.0,10,pea,E-20230510-1,1,1,146.6378936767578,0.5423817330080389,0.0,,1.0,E,4.987966239521835,-0.6117852210055946,-0.20132964042898072
289,E-20230510,7.0,11,pea,E-20230510-1,1,1,131.08677673339844,0.5509559123632322,0.0,,1.0,E,4.875859521711515,-0.5961004868903349,-0.3870286524663479
278,E-20230510,7.0,0,pea,E-20230510-1,1,1,154.4029541015625,0.5919332937639936,0.0,,1.0,E,5.039565770189787,-0.5243613298996513,-0.11585767181026903
1100,E-20230523,13.0,3,pea,E-20230523-1,6,1,178.6146697998047,0.7723501310043197,0.0,,1.0,E,5.185230802806148,-0.258317294204076,0.12542896268933482
1101,E-20230523,13.0,4,pea,E-20230523-1,6,1,178.31031799316406,0.7432699589295133,0.0,,1.0,E,5.183525391916941,-0.2966959638761686,0.12260403726622818
1102,E-20230523,13.0,5,pea,E-20230523-1,6,1,197.72271728515625,0.750105370882757,0.0,,1.0,E,5.286865631441411,-0.2875415878098677,0.2937818289117553
1103,E-20230523,13.0,6,pea,E-20230523-1,6,1,225.9167022705078,0.8247474187025539,0.0,,1.0,E,5.420166357307884,-0.19267809867215568,0.5145876252169357
1104,E-20230523,13.0,7,pea,E-20230523-1,6,1,290.1313781738281,0.8361616605144704,0.0,,1.0,E,5.670333848579848,-0.178933310770606,0.9289772075760555
1105,E-20230523,13.0,8,pea,E-20230523-1,6,1,308.6948547363281,0.8762796477738988,0.0,,1.0,E,5.732353263848406,-0.13207000637103042,1.0317091791069024
1106,E-20230523,13.0,9,pea,E-20230523-1,6,1,267.1339416503906,1.0283645947288775,0.0,,1.0,E,5.5877501867351995,0.027969768287665762,0.7921816192784256
1107,E-20230523,13.0,10,pea,E-20230523-1,6,1,278.3296203613281,0.701544585479084,0.0,,1.0,E,5.6288060960745865,-0.35447082411207087,0.8601886214593245
1108,E-20230523,13.0,11,pea,E-20230523-1,6,1,260.48406982421875,0.8953060663084713,0.0,,1.0,E,5.562541707017281,-0.11058964563788334,0.7504250691803137
1109,E-20230523,13.0,12,pea,E-20230523-1,6,1,241.6978454589844,0.8414519176094224,0.0,,1.0,E,5.487688373557106,-0.1726264058911665,0.6264343722554726
1110,E-20230523,13.0,13,pea,E-20230523-1,6,1,219.34539794921875,0.9826833020390104,0.0,,1.0,E,5.390647646991943,-0.017468385679346984,0.4656913998224679
1111,E-20230523,13.0,14,pea,E-20230523-1,6,1,251.41639709472656,0.8530614390807472,0.0,,1.0,E,5.527110517158593,-0.1589237070259617,0.6917351255214599
1112,E-20230523,13.0,15,pea,E-20230523-1,6,1,272.8280944824219,0.6952643166088919,0.0,,1.0,E,5.608841906306027,-0.3634631940500263,0.8271189679313288
1113,E-20230523,13.0,16,pea,E-20230523-1,6,1,450.3064270019531,0.76988720671892,0.0,,1.0,E,6.109928299917093,-0.2615112596449743,1.657142806434753
340,E-20230510,11.0,3,pea,E-20230510-1,5,1,146.9134521484375,1.2223862648786668,0.0,,1.0,E,4.989843652495998,0.20080490317480235,-0.19821980239877424
343,E-20230510,11.0,6,pea,E-20230510-1,5,1,173.65757751464844,0.7516132734182221,0.0,,1.0,E,5.157085414947781,-0.28553335138293084,0.07880757531137023
342,E-20230510,11.0,5,pea,E-20230510-1,5,1,158.9607696533203,0.7079964065937325,0.0,,1.0,E,5.068657440036824,-0.3453162607338785,-0.06766881698845162
341,E-20230510,11.0,4,pea,E-20230510-1,5,1,166.57733154296875,1.0997980821226516,0.0,,1.0,E,5.115459655306783,0.09512660124813245,0.00985664541511748
292,E-20230510,7.0,14,pea,E-20230510-1,1,1,146.35693359375,0.5995547011881293,0.0,,1.0,E,4.986048388809295,-0.5115680639929923,-0.2045064614929641
339,E-20230510,11.0,2,pea,E-20230510-1,5,1,168.78573608398438,0.9309976726018938,0.0,,1.0,E,5.128630076719242,-0.07149850159874915,0.031672771086975506
338,E-20230510,11.0,1,pea,E-20230510-1,5,1,154.05520629882812,1.033781489092359,0.0,,1.0,E,5.037311020634067,0.03322342792434782,-0.11959254848017023
1245,E-20230526,2.0,0,pea,E-20230526-1,1,2,108.01290893554688,0.7924001229869475,0.0,,1.0,E,4.682250747162405,-0.23268880894959132,-0.707731629573982
1246,E-20230526,3.0,0,pea,E-20230526-2,1,2,182.3242950439453,0.6870257409056091,0.0,,1.0,E,5.2057869423823355,-0.37538351889460037,0.1594791506277504
1247,E-20230526,3.0,1,pea,E-20230526-2,1,2,175.66152954101562,0.6223861848855403,0.0,,1.0,E,5.168559015846118,-0.47419450288496307,0.09781300507461742
1248,E-20230526,3.0,2,pea,E-20230526-2,1,2,148.81410217285156,0.6862039250864846,0.0,,1.0,E,5.00269789057536,-0.37658042854138013,-0.176927418155849
1249,E-20230526,3.0,3,pea,E-20230526-2,1,2,191.1305389404297,0.6255548046483774,0.0,,1.0,E,5.252956644550966,-0.4691163355698174,0.23761333617791464
1250,E-20230526,3.0,4,pea,E-20230526-2,1,2,165.0880584716797,0.7526417517249921,0.0,,1.0,E,5.106479019247094,-0.2841659257139613,-0.005019316314250156
1251,E-20230526,3.0,5,pea,E-20230526-2,1,2,132.3583984375,1.0450876846813628,0.0,,1.0,E,4.885513382931097,0.04410079068262218,-0.3710375278857904
1252,E-20230526,3.0,6,pea,E-20230526-2,1,2,167.70587158203125,0.9295417229788968,0.0,,1.0,E,5.122211680631456,-0.07306358527679364,0.02104102808667703
337,E-20230510,11.0,0,pea,E-20230510-1,5,1,161.63800048828125,0.8373075879223677,0.0,,1.0,E,5.0853592699796,-0.17756378744285367,-0.04000309471802292
1326,E-20230527,5.0,11,pea,E-20230527-1,2,1,169.51055908203125,0.6223741756371126,0.0,,1.0,E,5.1329152203494335,-0.47421379856437085,0.0387708911114255
335,E-20230510,10.0,13,pea,E-20230510-1,4,1,243.6569366455078,0.5941433640605673,0.0,,1.0,E,5.495761238596995,-0.5206346351032769,0.6398066579801781
334,E-20230510,10.0,12,pea,E-20230510-1,4,1,213.166748046875,0.7286828864763564,0.0,,1.0,E,5.362074714118697,-0.3165166395873639,0.4183618061173947
333,E-20230510,10.0,11,pea,E-20230510-1,4,1,195.12200927734372,0.4898205307883359,0.0,,1.0,E,5.273625051504007,-0.7137162186656689,0.27184948925180963
332,E-20230510,10.0,10,pea,E-20230510-1,4,1,166.650634765625,0.6096242441758477,0.0,,1.0,E,5.115899613721142,-0.49491250477085963,0.010585413900002748
331,E-20230510,10.0,9,pea,E-20230510-1,4,1,120.66160583496094,0.6415590136205509,0.0,,1.0,E,4.792989981683884,-0.4438541059844471,-0.5242977832704386
330,E-20230510,10.0,8,pea,E-20230510-1,4,1,131.40797424316406,0.7991321790110995,0.0,,1.0,E,4.878306790991212,-0.22422891634592282,-0.3829748767755984
329,E-20230510,10.0,7,pea,E-20230510-1,4,1,186.3882293701172,0.6410904572973521,0.0,,1.0,E,5.227831753101602,-0.44458471298918995,0.19599524574744553
328,E-20230510,10.0,6,pea,E-20230510-1,4,1,181.6134796142578,0.526262746173483,0.0,,1.0,E,5.201880690363268,-0.6419546735216514,0.15300864506949166
327,E-20230510,10.0,5,pea,E-20230510-1,4,1,201.36231994628903,0.7202420812924331,0.0,,1.0,E,5.30510587214671,-0.3281678994653964,0.32399584948480203
326,E-20230510,10.0,4,pea,E-20230510-1,4,1,178.3119354248047,0.709180449841174,0.0,,1.0,E,5.183534462756605,-0.3436452716578536,0.1226190626455891
325,E-20230510,10.0,3,pea,E-20230510-1,4,1,161.01791381835938,0.8949495065983939,0.0,,1.0,E,5.081515624747409,-0.11098797950729068,-0.04636989535389264
324,E-20230510,10.0,2,pea,E-20230510-1,4,1,202.49777221679688,0.7082889459789712,0.0,,1.0,E,5.310728885087544,-0.3449031527555073,0.33331008121133376
323,E-20230510,10.0,1,pea,E-20230510-1,4,1,192.65640258789065,0.6684867585877399,0.0,,1.0,E,5.260908304819897,-0.40273869028367315,0.25078485243348553
322,E-20230510,10.0,0,pea,E-20230510-1,4,1,161.69161987304688,0.7742719540198131,0.0,,1.0,E,5.085690940088866,-0.25583210532280154,-0.039453700240903194
321,E-20230510,9.0,9,pea,E-20230510-1,3,1,248.50552368164065,0.5770217740189381,0.0,,1.0,E,5.515465073384776,-0.549875276584766,0.6724450468734223
320,E-20230510,9.0,8,pea,E-20230510-1,3,1,233.6992950439453,0.5614236799528101,0.0,,1.0,E,5.454035225040243,-0.5772794357643447,0.570689662628866
319,E-20230510,9.0,7,pea,E-20230510-1,3,1,216.2557373046875,0.5534426429670027,0.0,,1.0,E,5.37646167634878,-0.591597158278874,0.4421930690829692
318,E-20230510,9.0,6,pea,E-20230510-1,3,1,230.58067321777344,0.5155684204215589,0.0,,1.0,E,5.440600793471694,-0.6624852580055006,0.5484362177123516
317,E-20230510,9.0,5,pea,E-20230510-1,3,1,215.3436737060547,0.5179675518316387,0.0,,1.0,E,5.3722352342683095,-0.6578426799363619,0.4351921851564201
316,E-20230510,9.0,4,pea,E-20230510-1,3,1,189.62838745117188,0.578890381611135,0.0,,1.0,E,5.2450663014573085,-0.5466421429753787,0.2245433886694423
315,E-20230510,9.0,3,pea,E-20230510-1,3,1,236.3120880126953,0.5499669262581186,0.0,,1.0,E,5.465153338249242,-0.5978971366398945,0.5891062453186207
314,E-20230510,9.0,2,pea,E-20230510-1,3,1,263.0790100097656,0.5310321083633198,0.0,,1.0,E,5.572454405349308,-0.6329327918407649,0.7668449441247975
313,E-20230510,9.0,1,pea,E-20230510-1,3,1,243.0880279541016,0.5924644432562616,0.0,,1.0,E,5.493423632697215,-0.5234644191554428,0.6359345340379138
312,E-20230510,9.0,0,pea,E-20230510-1,3,1,248.63992309570312,0.5417916123838538,0.0,,1.0,E,5.516005757879457,-0.6128738304700706,0.6733406629296873
311,E-20230510,8.0,16,pea,E-20230510-1,2,1,291.8987731933594,0.6094056373234373,0.0,,1.0,E,5.6764070750193065,-0.49527116186051995,0.9390371948071055
309,E-20230510,8.0,14,pea,E-20230510-1,2,1,338.02978515625,0.5171956165344831,0.0,,1.0,E,5.8231340133645775,-0.6593341074983805,1.1820828215293622
308,E-20230510,8.0,13,pea,E-20230510-1,2,1,264.59478759765625,0.8102031123442437,0.0,,1.0,E,5.57819955230941,-0.21047030676913098,0.7763614845724941
307,E-20230510,8.0,12,pea,E-20230510-1,2,1,271.7110290527344,0.6200988722598346,0.0,,1.0,E,5.604739108367858,-0.47787634227037973,0.8203228941670794
306,E-20230510,8.0,11,pea,E-20230510-1,2,1,269.2250061035156,0.6544560168338407,0.0,,1.0,E,5.595547483885631,-0.42395089706088473,0.8050974409676018
305,E-20230510,8.0,10,pea,E-20230510-1,2,1,312.740234375,0.6317086885360226,0.0,,1.0,E,5.7453729238395255,-0.4593269269595923,1.0532755762384642
304,E-20230510,8.0,9,pea,E-20230510-1,2,1,285.8270263671875,0.6752402805252906,0.0,,1.0,E,5.655386824940863,-0.39268668030372617,0.9042182316924261
303,E-20230510,8.0,8,pea,E-20230510-1,2,1,305.7113647460937,0.560044330575554,0.0,,1.0,E,5.722641404346087,-0.5797393366440067,1.015621983354032
302,E-20230510,8.0,7,pea,E-20230510-1,2,1,348.3505249023437,0.548529713619061,0.0,,1.0,E,5.853209228299576,-0.6005138282290043,1.2319008682024457
301,E-20230510,8.0,6,pea,E-20230510-1,2,1,331.6577453613281,0.4974183309383448,0.0,,1.0,E,5.804103549720659,-0.6983238947769395,1.1505598373022439
300,E-20230510,8.0,5,pea,E-20230510-1,2,1,264.50323486328125,0.6801435985751603,0.0,,1.0,E,5.57785348133049,-0.38545132873091875,0.7757882357954762
299,E-20230510,8.0,4,pea,E-20230510-1,2,1,256.1341247558594,0.6367230061473208,0.0,,1.0,E,5.545701232106445,-0.4514205591938277,0.7225296886512594
298,E-20230510,8.0,3,pea,E-20230510-1,2,1,216.9142608642578,0.7232428182940289,0.0,,1.0,E,5.3795021642388345,-0.32401026494494223,0.4472294808906013
297,E-20230510,8.0,2,pea,E-20230510-1,2,1,226.26109313964844,0.6965136270915906,0.0,,1.0,E,5.421689611829567,-0.3616679208544739,0.5171108179861386
296,E-20230510,8.0,1,pea,E-20230510-1,2,1,253.53399658203125,0.9358986479580054,0.0,,1.0,E,5.535497922844313,-0.06624809046362252,0.705628431648129
295,E-20230510,8.0,0,pea,E-20230510-1,2,1,256.012451171875,0.8654679331156068,0.0,,1.0,E,5.545226080686939,-0.1444849551786391,0.7217426247634404
294,E-20230510,7.0,16,pea,E-20230510-1,1,1,127.49784088134766,0.5803053466142103,0.0,,1.0,E,4.848099430191154,-0.5442008542932777,-0.4330118162774584
293,E-20230510,7.0,15,pea,E-20230510-1,1,1,147.95458984375,0.5980652840465162,0.0,,1.0,E,4.99690540130351,-0.5140553603438386,-0.18652237870798494
1298,E-20230527,4.0,0,pea,E-20230527-1,1,1,205.32418823242188,1.0352107448650203,0.0,,1.0,E,5.324590136044457,0.03460502421702755,0.3562705304919554
1299,E-20230527,4.0,1,pea,E-20230527-1,1,1,183.77134704589844,0.791213305778637,0.0,,1.0,E,5.2136923057446705,-0.23418768160240716,0.17257397843874578
1300,E-20230527,4.0,2,pea,E-20230527-1,1,1,187.06321716308597,0.7764080410779997,0.0,,1.0,E,5.23144661942093,-0.2530770708655924,0.201983085881006
1302,E-20230527,4.0,4,pea,E-20230527-1,1,1,140.8459014892578,0.6959419535816878,0.0,,1.0,E,4.947666395491189,-0.3624890221520037,-0.2680842593128643
1303,E-20230527,4.0,5,pea,E-20230527-1,1,1,188.77444458007807,0.6519654739426777,0.0,,1.0,E,5.240552887452758,-0.4277636725332484,0.21706715051055872
1304,E-20230527,4.0,6,pea,E-20230527-1,1,1,165.46409606933594,0.7401657034113889,0.0,,1.0,E,5.10875422910252,-0.3008811943221491,-0.0012505482102260822
1305,E-20230527,4.0,7,pea,E-20230527-1,1,1,183.7227478027344,0.808958683250637,0.0,,1.0,E,5.213427815816105,-0.21200743461147067,0.17213586447565932
1306,E-20230527,4.0,8,pea,E-20230527-1,1,1,214.38829040527344,0.80744986751181,0.0,,1.0,E,5.367788812058112,-0.2138743093892963,0.4278269154592761
1307,E-20230527,4.0,9,pea,E-20230527-1,1,1,169.35572814941406,1.0960716657872125,0.0,,1.0,E,5.132001403016606,0.09173257488007173,0.03725719970021264
1308,E-20230527,4.0,10,pea,E-20230527-1,1,1,187.2621612548828,0.9208140574014508,0.0,,1.0,E,5.2325095669099255,-0.08249715518203561,0.20374380372565912
1309,E-20230527,4.0,11,pea,E-20230527-1,1,1,193.974609375,1.0061484886089165,0.0,,1.0,E,5.267727270987549,0.0061296637762684545,0.26208011916845164
1310,E-20230527,4.0,12,pea,E-20230527-1,1,1,129.7816162109375,0.8857806893760092,0.0,,1.0,E,4.865853162582403,-0.12128588793837869,-0.4036036717039204
1311,E-20230527,4.0,13,pea,E-20230527-1,1,1,181.35528564453125,0.6862277697075232,0.0,,1.0,E,5.200458011400292,-0.376545680551908,0.15065205054035696
1312,E-20230527,4.0,14,pea,E-20230527-1,1,1,182.4994964599609,0.8301206523305318,0.0,,1.0,E,5.206747413895238,-0.18618422450220004,0.1610701222886799
1313,E-20230527,4.0,15,pea,E-20230527-1,1,1,153.92434692382812,0.901111195500425,0.0,,1.0,E,5.036461227967601,-0.10412661555861558,-0.121000186324552
1314,E-20230527,4.0,16,pea,E-20230527-1,1,1,185.77084350585935,1.0938515658663943,0.0,,1.0,E,5.224513889985454,0.0897050145991471,0.19049937614410686
1315,E-20230527,5.0,0,pea,E-20230527-1,2,1,153.39755249023438,0.698111625477976,0.0,,1.0,E,5.033032933722654,-0.3593762671176888,-0.12667897941291278
1316,E-20230527,5.0,1,pea,E-20230527-1,2,1,141.06622314453125,0.7227895945635581,0.0,,1.0,E,4.949229447810531,-0.32463711637825987,-0.26549514353877146
1317,E-20230527,5.0,2,pea,E-20230527-1,2,1,157.3140869140625,0.7935473081148015,0.0,,1.0,E,5.058244360498608,-0.23124212124048338,-0.08491754766474284
291,E-20230510,7.0,13,pea,E-20230510-1,1,1,126.02325439453124,0.6605611854743323,0.0,,1.0,E,4.836466448609374,-0.4146655242240773,-0.45228125194535873
290,E-20230510,7.0,12,pea,E-20230510-1,1,1,135.47787475585938,0.7082919143578223,0.0,,1.0,E,4.908808341052539,-0.34489896184917185,-0.33245062789356417
1318,E-20230527,5.0,3,pea,E-20230527-1,2,1,165.2602996826172,0.7091664383240612,0.0,,1.0,E,5.1075218046722,-0.3436650291899921,-0.0032919958914291204
1319,E-20230527,5.0,4,pea,E-20230527-1,2,1,134.12374877929688,0.8103741751592359,0.0,,1.0,E,4.8987628721416225,-0.2102591933381991,-0.34909043047315136
1320,E-20230527,5.0,5,pea,E-20230527-1,2,1,139.750244140625,0.910072681550048,0.0,,1.0,E,4.939856859014899,-0.09423081282544926,-0.28102035481581666
1325,E-20230527,5.0,10,pea,E-20230527-1,2,1,177.49354553222656,0.6846174612555824,0.0,,1.0,E,5.17893424505559,-0.37889504743337205,0.11499903862811026
1324,E-20230527,5.0,9,pea,E-20230527-1,2,1,167.43617248535156,0.696944603696954,0.0,,1.0,E,5.120602218854445,-0.3610493495767951,0.01837503743294455
1323,E-20230527,5.0,8,pea,E-20230527-1,2,1,169.91445922851562,0.6867725958510498,0.0,,1.0,E,5.135295129403484,-0.3757520519618656,0.04271308805294738
1322,E-20230527,5.0,7,pea,E-20230527-1,2,1,155.13258361816406,0.6150611154246253,0.0,,1.0,E,5.044280129473519,-0.4860336414387676,-0.10804857813169606
1321,E-20230527,5.0,6,pea,E-20230527-1,2,1,132.00860595703125,0.6952517188568947,0.0,,1.0,E,4.882867117105338,-0.3634813135850423,-0.3754209311200476
1360,E-20230527,7.0,16,pea,E-20230527-1,4,1,105.243896484375,0.9054727728387276,0.0,,1.0,E,4.6562804802337,-0.09929807075930129,-0.7507500410055514
1359,E-20230527,7.0,15,pea,E-20230527-1,4,1,136.89573669433594,0.9026299917902776,0.0,,1.0,E,4.919219590058838,-0.10244256392249379,-0.315204929399242
1358,E-20230527,7.0,14,pea,E-20230527-1,4,1,148.02813720703125,1.0170291426920637,0.0,,1.0,E,4.997402371958033,0.016885772203612433,-0.1856991723795949
1357,E-20230527,7.0,13,pea,E-20230527-1,4,1,143.60462951660156,0.8294601313788803,0.0,,1.0,E,4.967063895068008,-0.18698023394387642,-0.23595329894075645
1356,E-20230527,7.0,12,pea,E-20230527-1,4,1,167.80300903320312,0.7509729277081512,0.0,,1.0,E,5.122790726132177,-0.28638567619245764,0.022000187176415407
1355,E-20230527,7.0,11,pea,E-20230527-1,4,1,131.3612060546875,0.8681110740074622,0.0,,1.0,E,4.877950826955267,-0.14143560706228114,-0.3835645128927461
1354,E-20230527,7.0,10,pea,E-20230527-1,4,1,128.21762084960938,1.1288572116214652,0.0,,1.0,E,4.85372898316632,0.12120580384887455,-0.42368675132043127
1353,E-20230527,7.0,9,pea,E-20230527-1,4,1,118.87043762207033,0.968282762813054,0.0,,1.0,E,4.778034140503972,-0.03223112401741589,-0.5490713649570996
1352,E-20230527,7.0,8,pea,E-20230527-1,4,1,127.78423309326172,0.7885583117540484,0.0,,1.0,E,4.8503431626053,-0.2375489225498784,-0.4292951889359271
1351,E-20230527,7.0,7,pea,E-20230527-1,4,1,128.60781860351562,1.037250076513388,0.0,,1.0,E,4.856767607805448,0.03657305399645629,-0.4186534258921264
1350,E-20230527,7.0,6,pea,E-20230527-1,4,1,148.6728973388672,0.8658321299777221,0.0,,1.0,E,5.001748572824865,-0.1440642345014427,-0.17849991418302436
1349,E-20230527,7.0,5,pea,E-20230527-1,4,1,144.88543701171875,1.0217410852301363,0.0,,1.0,E,4.975943340560954,0.021508118423096592,-0.2212449541806361
1348,E-20230527,7.0,4,pea,E-20230527-1,4,1,143.89588928222656,0.7641599890719775,0.0,,1.0,E,4.969090046996248,-0.2689781019587088,-0.23259708248325142
1347,E-20230527,7.0,3,pea,E-20230527-1,4,1,160.88758850097656,0.7257574431167804,0.0,,1.0,E,5.080705913055224,-0.3205394203714202,-0.04771114112587383
1346,E-20230527,7.0,2,pea,E-20230527-1,4,1,129.71090698242188,1.042186767801205,0.0,,1.0,E,4.865308181714396,0.041321167002095864,-0.4045064044816241
1345,E-20230527,7.0,1,pea,E-20230527-1,4,1,141.68296813964844,0.8490657483356259,0.0,,1.0,E,4.9535919428574,-0.16361865357784158,-0.2582688948710322
1344,E-20230527,7.0,0,pea,E-20230527-1,4,1,138.40457153320312,0.8351585379099014,0.0,,1.0,E,4.930181073947319,-0.18013370639314297,-0.29704779512296814
1343,E-20230527,6.0,11,pea,E-20230527-1,3,1,145.74403381347656,0.9860534735769556,0.0,,1.0,E,4.981851890008387,-0.01404469301337978,-0.21145774591700023
1342,E-20230527,6.0,10,pea,E-20230527-1,3,1,157.46554565429688,0.8858197668722632,0.0,,1.0,E,5.059206676584225,-0.12124177246513809,-0.08332352056398477
1341,E-20230527,6.0,9,pea,E-20230527-1,3,1,147.06971740722656,0.6837799070460271,0.0,,1.0,E,4.99090674242555,-0.3801191864642525,-0.19645884860866586
1340,E-20230527,6.0,8,pea,E-20230527-1,3,1,135.61505126953125,0.8269038061022798,0.0,,1.0,E,4.909820366909436,-0.190066907407819,-0.330774259113416
1339,E-20230527,6.0,7,pea,E-20230527-1,3,1,103.73085021972656,0.9136718245496382,0.0,,1.0,E,4.6417995658791185,-0.09028382610658589,-0.7747369308330931
1338,E-20230527,6.0,6,pea,E-20230527-1,3,1,137.43016052246094,0.9290971059160498,0.0,,1.0,E,4.923115864596792,-0.0735420182723987,-0.30875095102527444
1337,E-20230527,6.0,5,pea,E-20230527-1,3,1,151.75289916992188,0.990075976504862,0.0,,1.0,E,5.022253534665987,-0.00997359485386222,-0.14453449953050684
1336,E-20230527,6.0,4,pea,E-20230527-1,3,1,149.91036987304688,1.1238194332575944,0.0,,1.0,E,5.010037581321872,0.11673309199848077,-0.1647695979385695
1335,E-20230527,6.0,3,pea,E-20230527-1,3,1,135.52142333984375,0.991268545858933,0.0,,1.0,E,4.909129733651452,-0.008769796640451171,-0.33191825758373816
1334,E-20230527,6.0,2,pea,E-20230527-1,3,1,122.84782409667967,0.9163136725027918,0.0,,1.0,E,4.810946386939592,-0.08739653569613132,-0.494553921521053
1333,E-20230527,6.0,1,pea,E-20230527-1,3,1,121.08917999267578,0.993885594777467,0.0,,1.0,E,4.796527298860249,-0.006133174746909505,-0.5184383993035905
1332,E-20230527,6.0,0,pea,E-20230527-1,3,1,135.48098754882812,1.0134276294098008,0.0,,1.0,E,4.908831317182143,0.013338277759260405,-0.3324125691166123
1331,E-20230527,5.0,16,pea,E-20230527-1,2,1,209.1403045654297,0.6999453292666473,0.0,,1.0,E,5.343005340444747,-0.3567530480364247,0.38677436942679894
344,E-20230510,11.0,7,pea,E-20230510-1,5,1,176.7030029296875,0.6545475281364013,0.0,,1.0,E,5.174470373689947,-0.42381107879521035,0.10760486530243733
1330,E-20230527,5.0,15,pea,E-20230527-1,2,1,211.47210693359372,0.8378738523010725,0.0,,1.0,E,5.354093107678454,-0.17688772407840117,0.40514068556927574
1329,E-20230527,5.0,14,pea,E-20230527-1,2,1,162.6685028076172,0.7548654710122662,0.0,,1.0,E,5.091714404873076,-0.28121572969949693,-0.029476140632368118
1328,E-20230527,5.0,13,pea,E-20230527-1,2,1,167.4384002685547,0.6497608590548385,0.0,,1.0,E,5.12061552403426,-0.43115089293403086,0.018397076778980278
1327,E-20230527,5.0,12,pea,E-20230527-1,2,1,166.38641357421875,0.7832761207193641,0.0,,1.0,E,5.114312875860234,-0.24427000055893652,0.007957064244530286
1383,E-20230504,15.0,2,pv,E-20230504-1,2,1,60.98845291137695,0.7343898058066287,0.0,,1.7000000000000002,E,4.1106845497196565,-0.30871532075445746,-1.6545016381175919
1621,E-20230523,20.0,1,pv,E-20230523-1,4,1,38.62495803833008,0.8211487598539424,0.0,,2.0,E,3.653898648831043,-0.19705099245490768,-2.4111439889456117
1432,E-20230510,20.0,2,pv,E-20230510-1,5,1,59.31106185913086,0.5592240746015236,0.0,,1.299999999999999,E,4.0827958292332935,-0.5812050371267171,-1.700697869195076
1431,E-20230510,20.0,1,pv,E-20230510-1,5,1,48.62276840209961,0.6995221893089756,0.0,,1.9000000000000004,E,3.8840919068412227,-0.3573577637085639,-2.0298406966444436
1430,E-20230510,20.0,0,pv,E-20230510-1,5,1,62.01532745361328,0.6188710224652993,0.0,,1.5,E,4.127381571485769,-0.47985839236172156,-1.6268438803445067
1429,E-20230510,19.0,2,pv,E-20230510-1,4,1,41.281192779541016,0.6161909595168353,0.0,,1.1999999999999993,E,3.7204070156090814,-0.4841983642728044,-2.30097630012078
1428,E-20230510,19.0,1,pv,E-20230510-1,4,1,36.5692253112793,0.5869578715459234,0.0,,1.5,E,3.5992070482147156,-0.5328022308165777,-2.5017378123985297
1427,E-20230510,19.0,0,pv,E-20230510-1,4,1,34.85250473022461,0.4840850381584545,0.0,,1.7000000000000002,E,3.5511250063663393,-0.725494689024217,-2.5813832417035774
1426,E-20230510,18.0,1,pv,E-20230510-1,3,1,47.21548080444336,0.7499957811365654,0.0,,3.4000000000000004,E,3.8547218219617823,-0.28768769761884827,-2.0784907316476415
1425,E-20230510,18.0,0,pv,E-20230510-1,3,1,64.97132110595703,0.5958327320997476,0.0,,1.7999999999999998,E,4.1739459587777015,-0.5177953021459537,-1.5497123677542661
1424,E-20230510,17.0,1,pv,E-20230510-1,2,1,50.982120513916016,0.5405638077148822,0.0,,0.7999999999999998,E,3.9314749930989272,-0.6151425957440795,-1.95135305132577
1423,E-20230510,17.0,0,pv,E-20230510-1,2,1,57.64277648925781,0.5040686500636333,0.0,,2.7,E,4.05426493945868,-0.6850428097428517,-1.7479578206696798
1422,E-20230510,16.0,5,pv,E-20230510-1,1,1,83.79906463623047,0.6429939683958636,0.0,,1.2000000000000002,E,4.428421845566918,-0.4416199351993015,-1.1281861498157004
1421,E-20230510,16.0,4,pv,E-20230510-1,1,1,98.35314178466795,0.6747342648016641,0.0,,2.3,E,4.588564489262999,-0.3934363473979341,-0.8629180971934635
1420,E-20230510,16.0,3,pv,E-20230510-1,1,1,140.83511352539062,0.6845115594645357,0.0,,0.7000000000000011,E,4.947589798466204,-0.37904974693890475,-0.2682111383451162
1419,E-20230510,16.0,2,pv,E-20230510-1,1,1,75.46326446533203,0.6749431180657268,0.0,,1.0,E,4.323645974471525,-0.3931268611927403,-1.3017419913192316
1418,E-20230510,16.0,1,pv,E-20230510-1,1,1,59.57163619995117,0.6977315712981778,0.0,,1.9000000000000004,E,4.087179558108297,-0.3599208185258522,-1.6934364477831567
1417,E-20230510,16.0,0,pv,E-20230510-1,1,1,66.99358367919922,0.7674377965958605,0.0,,1.1709999999999994,E,4.2045968488230105,-0.2646978495858904,-1.4989407448698089
1401,E-20230504,19.0,1,pv,E-20230504-1,6,1,47.363502502441406,0.7287640877502533,0.0,,2.0,E,3.8578519427069633,-0.31640521011457096,-2.0733058476256043
1400,E-20230504,19.0,0,pv,E-20230504-1,6,1,43.95676803588867,0.7480754073379217,0.0,,4.0,E,3.7832066062659697,-0.2902514941397497,-2.1969520081861384
1399,E-20230504,18.0,3,pv,E-20230504-1,5,1,54.25263214111328,0.6796144115591503,0.0,,2.0,E,3.993651509973772,-0.38622968346577996,-1.8483608490643597
1398,E-20230504,18.0,2,pv,E-20230504-1,5,1,50.304176330566406,0.6504754887366211,0.0,,2.0,E,3.9180881020997074,-0.4300516623903622,-1.9735277477343576
1397,E-20230504,18.0,1,pv,E-20230504-1,5,1,45.18083572387695,0.4936629778799997,0.0,,2.0,E,3.8106730085198834,-0.7059022256318378,-2.1514553255394975
1396,E-20230504,18.0,0,pv,E-20230504-1,5,1,41.54864883422852,0.6822673875612644,0.0,,2.0,E,3.7268650017408973,-0.3823336341028108,-2.290278978248791
1395,E-20230504,17.0,3,pv,E-20230504-1,4,1,59.48017883300781,0.6337820728897583,0.0,,2.1999999999999997,E,4.085643128194829,-0.45605011724721906,-1.6959814649111973
1394,E-20230504,17.0,2,pv,E-20230504-1,4,1,73.17890167236328,0.7137446927533979,0.0,,1.9000000000000004,E,4.292907150901815,-0.33722995376159665,-1.3526592715641497
1393,E-20230504,17.0,1,pv,E-20230504-1,4,1,92.98431396484376,0.7921838425831087,0.0,,2.2,E,4.53243081188268,-0.23296178963080635,-0.9559006466352055
1392,E-20230504,17.0,0,pv,E-20230504-1,4,1,63.218448638916016,0.7711662257427303,0.0,,0.7,E,4.146596167399323,-0.25985133106553837,-1.595015890483263
1391,E-20230504,16.0,5,pv,E-20230504-1,3,1,64.27885437011719,0.5290359025887224,0.0,,1.5,E,4.16323071821698,-0.6366989806390647,-1.5674616126232084
1390,E-20230504,16.0,4,pv,E-20230504-1,3,1,77.58939361572266,0.4430589585773621,0.0,,1.1999999999999993,E,4.3514307376378225,-0.814052428453184,-1.2557179601955701
1389,E-20230504,16.0,3,pv,E-20230504-1,3,1,90.26496124267578,0.5115204703907974,0.0,,0.7999999999999998,E,4.502749359015858,-0.6703676740768829,-1.0050664466948267
1388,E-20230504,16.0,2,pv,E-20230504-1,3,1,111.5459442138672,0.4629497261021349,0.0,,0.7999999999999998,E,4.7144365617582755,-0.7701368137242104,-0.6544174831177124
1387,E-20230504,16.0,1,pv,E-20230504-1,3,1,72.58428955078125,0.6029684489077738,0.0,,1.5,E,4.284748501041301,-0.5058904071599057,-1.3661736554320245
1386,E-20230504,16.0,0,pv,E-20230504-1,3,1,77.37345886230469,0.6280144824446108,0.0,,1.0,E,4.348643813033276,-0.4651920515623111,-1.2603343574623467
1385,E-20230504,15.0,4,pv,E-20230504-1,2,1,56.61995315551758,0.7506105273729915,0.0,,1.0,E,4.036361452334728,-0.28686836710246955,-1.7776140262555633
1384,E-20230504,15.0,3,pv,E-20230504-1,2,1,67.37141418457031,0.6917747026298251,0.0,,2.5,E,4.210220806062486,-0.3684949506096216,-1.4896249489611466
1382,E-20230504,15.0,1,pv,E-20230504-1,2,1,77.95201873779297,0.7067960073382125,0.0,,2.0,E,4.356093493023387,-0.3470131874798112,-1.2479943457201534
1381,E-20230504,15.0,0,pv,E-20230504-1,2,1,76.2889175415039,0.7221530595576624,0.0,,2.0,E,4.334527679267749,-0.32551816870965333,-1.28371700700598
1380,E-20230504,14.0,7,pv,E-20230504-1,1,1,99.75708770751952,0.5682908680330563,0.0,,1.0,E,4.6027381079576815,-0.5651218997276534,-0.8394402268213222
1379,E-20230504,14.0,6,pv,E-20230504-1,1,1,69.32818603515625,0.5139287098462049,0.0,,1.0,E,4.238851548399738,-0.665670719943529,-1.4421995968522758
1378,E-20230504,14.0,5,pv,E-20230504-1,1,1,110.88037109375,0.6336537613818898,0.0,,2.0,E,4.708451882241097,-0.4562525914156737,-0.6643307969262625
1377,E-20230504,14.0,4,pv,E-20230504-1,1,1,70.01359558105469,0.5887363162883048,0.0,,2.0,E,4.24868944577709,-0.5297768758947637,-1.4259036258419557
1376,E-20230504,14.0,3,pv,E-20230504-1,1,1,56.25670623779297,0.7828147945068089,0.0,,2.0,E,4.029925255983359,-0.24485914416664603,-1.7882752544769613
1375,E-20230504,14.0,2,pv,E-20230504-1,1,1,73.75935363769531,0.764248786799449,0.0,,1.7999999999999998,E,4.300807816163513,-0.26886190565183954,-1.3395722259152214
1374,E-20230504,14.0,1,pv,E-20230504-1,1,1,57.11111068725586,0.7700519295685027,0.0,,1.4000000000000004,E,4.044998680697356,-0.26129732541039397,-1.7633069017137954
1373,E-20230504,14.0,0,pv,E-20230504-1,1,1,61.8857307434082,0.704337638310939,0.0,,1.2999999999999998,E,4.12528963200837,-0.35049743792186244,-1.630309070493524
1488,E-20230511,18.0,4,pv,E-20230511-1,7,1,38.00870132446289,0.5735843626952146,0.0,,1.6999999999999993,E,3.637815115736666,-0.5558502517572894,-2.437785534287698
1434,E-20230510,20.0,4,pv,E-20230510-1,5,1,61.38710403442383,0.6434508087975175,0.0,,1.8000000000000007,E,4.117199781080643,-0.44090969807298747,-1.643709492467791
1435,E-20230510,21.0,0,pv,E-20230510-1,6,1,71.39274597167969,0.5198449859016243,0.0,,0.6000000000000001,E,4.2681962671489115,-0.6542246158838422,-1.3935915795392029
1436,E-20230510,21.0,1,pv,E-20230510-1,6,1,66.1601333618164,0.4691630091610541,0.0,,0.8999999999999999,E,4.1920780664603265,-0.7568050034158738,-1.5196774639716433
1464,E-20230511,13.0,0,pv,E-20230511-1,1,1,47.64291000366211,0.64517433417749,0.0,,1.2,E,3.863733825821893,-0.43823471316042617,-2.0635628107702235
1465,E-20230511,13.0,1,pv,E-20230511-1,1,1,41.45915985107422,0.528292007833409,0.0,,0.8000000000000003,E,3.7247088427182384,-0.6381061030099451,-2.2938505447715096
1466,E-20230511,13.0,2,pv,E-20230511-1,1,1,35.0129508972168,0.6640313940497542,0.0,,1.2000000000000002,E,3.5557180186815773,-0.4094258504279635,-2.5737751530370425
1467,E-20230511,13.0,3,pv,E-20230511-1,1,1,38.6526985168457,0.6923964776391305,0.0,,0.8999999999999995,E,3.6546165919194795,-0.3675965428693217,-2.4099547531457794
1468,E-20230511,13.0,4,pv,E-20230511-1,1,1,40.177337646484375,0.6604034465213697,0.0,,2.2,E,3.693303096526555,-0.41490434811063964,-2.345872548037714
1469,E-20230511,13.0,5,pv,E-20230511-1,1,1,41.26451110839844,0.7847803261496029,0.0,,1.5,E,3.7200028353650723,-0.24235143966192066,-2.3016458039066685
1470,E-20230511,13.0,6,pv,E-20230511-1,1,1,35.917579650878906,1.0049750956473318,0.0,,1.5,E,3.581226859506707,0.004962760753582505,-2.5315210702133903
1471,E-20230511,14.0,0,pv,E-20230511-1,2,1,54.90914916992188,0.7367013320107674,0.0,,0.9000000000000001,E,4.005679986177505,-0.3055727172174045,-1.8284362968967773
1472,E-20230511,14.0,1,pv,E-20230511-1,2,1,76.05326080322266,0.6100200276975443,0.0,,1.9,E,4.33143389488305,-0.4942634900626918,-1.2888417017157772
1473,E-20230511,14.0,2,pv,E-20230511-1,2,1,67.85955047607422,0.6380009409395946,0.0,,0.7999999999999998,E,4.2174401350499435,-0.44941552081148395,-1.4776665018071418
1474,E-20230511,14.0,3,pv,E-20230511-1,2,1,57.55546951293945,0.5140509223011485,0.0,,1.3000000000000007,E,4.052749169973218,-0.6654329478093397,-1.7504686148613608
1475,E-20230511,15.0,0,pv,E-20230511-1,3,1,63.489967346191406,0.6963031281791814,0.0,,2.0,E,4.150881898868025,-0.36197018446986373,-1.5879167967345535
1476,E-20230511,15.0,1,pv,E-20230511-1,3,1,65.59557342529297,0.6642045366879685,0.0,,2.1999999999999997,E,4.183508215400309,-0.4091651397587394,-1.5338729814770728
1477,E-20230511,15.0,2,pv,E-20230511-1,3,1,54.83810806274414,0.7255995677312654,0.0,,2.1000000000000014,E,4.004385354878435,-0.32075697592109903,-1.8305807870565611
1478,E-20230511,16.0,0,pv,E-20230511-1,4,1,46.025840759277344,0.8939007401327395,0.0,,1.5,E,3.8292029943999277,-0.11216053890708721,-2.1207613569870274
1479,E-20230511,16.0,1,pv,E-20230511-1,4,1,44.291786193847656,0.7881417808036204,0.0,,3.0,E,3.790799246628502,-0.23807728043110657,-2.184375189939949
1480,E-20230511,17.0,0,pv,E-20230511-1,6,1,41.00390625,0.78794453921466,0.0,,2.0,E,3.7136673365562354,-0.23832757330845075,-2.3121402318280664
1481,E-20230511,17.0,1,pv,E-20230511-1,6,1,41.84139633178711,0.7641295716738128,0.0,,2.0,E,3.733886192330464,-0.26901790776377343,-2.2786487371599864
1482,E-20230511,17.0,2,pv,E-20230511-1,6,1,40.93803024291992,0.5980530264596204,0.0,,1.5,E,3.712059465810395,-0.5140758559533255,-2.3148035870204957
1483,E-20230511,17.0,3,pv,E-20230511-1,6,1,46.1403923034668,0.8609395093654335,0.0,,3.4000000000000004,E,3.831688755168647,-0.14973103327634435,-2.116643822124457
1484,E-20230511,18.0,0,pv,E-20230511-1,7,1,48.04903411865234,0.608587856843176,0.0,,1.7,E,3.8722220336253406,-0.4966139943256572,-2.0495025311201225
1485,E-20230511,18.0,1,pv,E-20230511-1,7,1,57.75993347167969,0.6511649237025381,0.0,,1.4,E,4.0562953427778075,-0.42899232983768293,-1.7445945620018328
1486,E-20230511,18.0,2,pv,E-20230511-1,7,1,36.60538101196289,0.5947118000684224,0.0,,2.1,E,3.600195251785397,-0.5196783604142752,-2.50010090401024
1487,E-20230511,18.0,3,pv,E-20230511-1,7,1,46.47093200683594,0.6523282817684475,0.0,,3.7,E,3.8388269989929458,-0.42720734412404054,-2.1048196883727495
1712,E-20230527,13.0,1,pv,E-20230527-1,4,1,57.94685363769531,0.6427403296218444,0.0,,1.2000000000000002,E,4.0595262738802775,-0.4420144782673375,-1.7392426908079528
1711,E-20230527,13.0,0,pv,E-20230527-1,4,1,54.18206787109375,0.7423234467592774,0.0,,1.5,E,3.9923500026154737,-0.29797021872232554,-1.8505167290625975
1710,E-20230527,12.0,2,pv,E-20230527-1,3,1,82.82142639160156,0.6204965371203173,0.0,,1.0999999999999996,E,4.416686800760726,-0.47723525514222226,-1.1476246479653942
1709,E-20230527,12.0,1,pv,E-20230527-1,3,1,98.11774444580078,0.6546699158923239,0.0,,0.8000000000000007,E,4.586168231415109,-0.4236241155725045,-0.8668873750711087
1708,E-20230527,12.0,0,pv,E-20230527-1,3,1,77.35750579833984,0.5088126726159174,0.0,,1.1999999999999993,E,4.348437609135352,-0.6756753603954887,-1.2606759236135177
1707,E-20230527,11.0,1,pv,E-20230527-1,2,1,74.15796661376953,0.5746280772338146,0.0,,0.7000000000000002,E,4.306197501973517,-0.5540322696665781,-1.330644488580131
1706,E-20230527,11.0,0,pv,E-20230527-1,2,1,83.47493743896484,0.7605439726963859,0.0,,0.7999999999999998,E,4.424546436371095,-0.2737213481832928,-1.1346055658236016
1705,E-20230527,10.0,3,pv,E-20230527-1,1,1,53.3759651184082,0.8750523336773774,0.0,,2.6999999999999997,E,3.9773605532290275,-0.13347158449606158,-1.8753459810148023
1704,E-20230527,10.0,2,pv,E-20230527-1,1,1,64.46272277832031,0.7840948145905351,0.0,,1.5,E,4.166087115307818,-0.24322532896629262,-1.5627301377560867
1703,E-20230527,10.0,1,pv,E-20230527-1,1,1,53.372318267822266,0.8760808500743185,0.0,,2.0,E,3.977292227060743,-0.1322968976992443,-1.8754591597983272
1702,E-20230527,10.0,0,pv,E-20230527-1,1,1,70.65634155273438,0.5845495754472818,0.0,,1.0,E,4.257827865225966,-0.5369136848193996,-1.4107663040437144
1693,E-20230526,6.0,5,pv,E-20230526-2,1,2,42.05698776245117,0.5211889605596589,0.0,,1.5,E,3.739025550079151,-0.6516426147699254,-2.270135655383277
1713,E-20230527,13.0,2,pv,E-20230527-1,4,1,40.84715270996094,0.8877930831765415,0.0,,1.4000000000000004,E,3.7098371177742298,-0.11901657758288144,-2.3184847922397704
1692,E-20230526,6.0,4,pv,E-20230526-2,1,2,31.549440383911133,0.4994201090924157,0.0,,3.0,E,3.4515558513944486,-0.6943076354425012,-2.746314425746979
1691,E-20230526,6.0,3,pv,E-20230526-2,1,2,33.59123611450195,0.5840764652127532,0.0,,1.9000000000000004,E,3.5142652030215804,-0.5377233711414819,-2.6424396101238403
1690,E-20230526,6.0,2,pv,E-20230526-2,1,2,37.94644927978516,0.7231286407706392,0.0,,0.5999999999999996,E,3.6361759363493222,-0.32416814627329854,-2.4405007506344716
1689,E-20230526,6.0,1,pv,E-20230526-2,1,2,30.13933563232422,0.6776512502638123,0.0,,1.0,E,3.405831150232254,-0.38912250352246,-2.8220550414511143
1688,E-20230526,6.0,0,pv,E-20230526-2,1,2,24.264184951782227,0.8784691352479435,0.0,,2.0,E,3.1890013928342413,-0.12957450544065635,-3.181222382316803
1629,E-20230523,22.0,2,pv,E-20230523-1,6,1,48.91593551635742,0.5996205804916599,0.0,,1.5,E,3.8901032230736874,-0.5114581896408381,-2.019883260487035
1628,E-20230523,22.0,1,pv,E-20230523-1,6,1,49.8170166015625,0.9005571043539433,0.0,,2.7,E,3.9083566244914145,-0.104741702324582,-1.9896474398707495
1627,E-20230523,22.0,0,pv,E-20230523-1,6,1,33.30589294433594,0.7913668927930075,0.0,,1.8,E,3.505734346625261,-0.23399358462711162,-2.6565705349744775
1626,E-20230523,21.0,4,pv,E-20230523-1,5,1,34.71158981323242,0.646070447556923,0.0,,2.6,E,3.547073631568441,-0.43684672919956513,-2.58809413568083
1625,E-20230523,21.0,3,pv,E-20230523-1,5,1,36.57081985473633,0.6122193274511929,0.0,,1.0999999999999996,E,3.599250650688673,-0.49066468248371153,-2.5016655871430373
1624,E-20230523,21.0,2,pv,E-20230523-1,5,1,42.60051345825195,0.6410717523811797,0.0,,1.5,E,3.751866306213297,-0.44461389013391084,-2.2488656032891807
1623,E-20230523,21.0,1,pv,E-20230523-1,5,1,38.42119598388672,0.5543893763948518,0.0,,1.2000000000000002,E,3.6486092860564985,-0.5898879936369922,-2.4199055463324046
1622,E-20230523,21.0,0,pv,E-20230523-1,5,1,36.97019577026367,0.761751896019021,0.0,,3.0,E,3.61011206831628,-0.2721343720888668,-2.4836742074811644
1433,E-20230510,20.0,3,pv,E-20230510-1,5,1,82.6573715209961,0.5408973039284888,0.0,,1.0,E,4.414704009896605,-0.614525844534836,-1.1509090390503864
1620,E-20230523,20.0,0,pv,E-20230523-1,4,1,54.249488830566406,0.7054317659737315,0.0,,2.0,E,3.9935935698981386,-0.3489452296257465,-1.8484568238195986
1619,E-20230523,19.0,1,pv,E-20230523-1,3,1,52.2225227355957,0.7825741493698182,0.0,,1.0,E,3.9555138718627347,-0.2451666014791916,-1.9115338850517383
1618,E-20230523,19.0,0,pv,E-20230523-1,3,1,52.9962158203125,0.900199506928864,0.0,,1.5,E,3.9702205113863025,-0.10513886585855364,-1.8871730930915547
1617,E-20230523,18.0,3,pv,E-20230523-1,2,1,42.82256317138672,0.7123294339353112,0.0,,2.0,E,3.7570651405803845,-0.3392147864659073,-2.2402540015531676
1616,E-20230523,18.0,2,pv,E-20230523-1,2,1,33.39884185791016,0.7741303108919286,0.0,,2.0,E,3.5085212244685966,-0.25601505923792983,-2.6519542151652407
1615,E-20230523,18.0,1,pv,E-20230523-1,2,1,59.72227096557617,0.5665020143667849,0.0,,0.7999999999999998,E,4.089704998833052,-0.5682746427096567,-1.6892531851142827
1614,E-20230523,18.0,0,pv,E-20230523-1,2,1,49.39271926879883,0.9738360726936044,0.0,,1.2000000000000002,E,3.8998030301092066,-0.026512292693490907,-2.0038160290255216
1613,E-20230523,17.0,1,pv,E-20230523-1,1,1,61.13370132446289,0.6924089045069763,0.0,,1.2000000000000002,E,4.113063290620263,-0.36757859541185745,-1.650561376162167
1612,E-20230523,17.0,0,pv,E-20230523-1,1,1,58.81781005859375,0.6460355149015164,0.0,,1.5,E,4.0744447011949685,-0.4369008000829602,-1.7145310832647127
1524,S-20230512,20.0,0,c,S-20230512-7,1,1,55.486907958984375,0.5055784171299642,,no,2.8,S,4.016147100294434,-0.6820521246991527,-1.8110980607200222
1525,S-20230512,20.0,1,c,S-20230512-7,1,1,64.45631408691406,0.5296698461272324,,no,3.1999999999999997,S,4.165987693351722,-0.6355013983740284,-1.5628948251127623
1526,S-20230512,20.0,2,c,S-20230512-7,1,1,69.57069396972656,0.5573798547289215,,no,1.5,S,4.242343415014828,-0.5845083060855764,-1.4364154994025093
1527,S-20230512,20.0,3,c,S-20230512-7,1,1,89.9826431274414,0.5365503588404827,,no,0.5999999999999999,S,4.499616797591974,-0.6225948558169724,-1.0102553735756024
1528,S-20230512,20.0,4,c,S-20230512-7,1,1,53.003517150878906,0.6370584673073658,,no,1.2000000000000002,S,3.9703582726876436,-0.45089384221011963,-1.8869448985813977
1529,S-20230512,20.0,5,c,S-20230512-7,1,1,52.424896240234375,0.5351847686625142,,no,2.5,S,3.959381597582103,-0.625143229723846,-1.905127196327398
1530,S-20230512,20.0,6,c,S-20230512-7,1,1,66.15824890136719,0.5245460964603268,,no,2.0,S,4.192049582731655,-0.6452219685245887,-1.5197246458031766
1531,S-20230512,20.0,7,c,S-20230512-7,1,1,59.68564987182617,0.6410121120321435,,no,2.6,S,4.089091620848722,-0.44470692671402035,-1.6902692141972888
1545,S-20230513,14.0,0,c,S-20230513-1,1,1,90.94505310058594,0.5411492525793626,,yes,1.2000000000000002,S,4.510255512067448,-0.6140601554128444,-0.9926328902308869
1546,S-20230513,14.0,1,c,S-20230513-1,1,1,56.59662628173828,0.6968656326157046,,yes,1.2000000000000002,S,4.035949377102897,-0.3611626664104307,-1.778296607682714
1547,S-20230513,15.0,0,c,S-20230513-3,1,1,73.99375915527344,0.4706199305839558,,yes,1.5,S,4.303980753908164,-0.7537044521535513,-1.3343164177357805
1548,S-20230513,15.0,1,c,S-20230513-3,1,1,62.14533996582031,0.5310169989294096,,yes,1.5,S,4.129475834708223,-0.6329612452028694,-1.6233748410313236
1549,S-20230513,16.0,0,c,S-20230513-6,1,1,62.225284576416016,0.4526006327660568,91.8,yes,1.0,S,4.1307614215885735,-0.7927451477146169,-1.6212453324859637
1550,S-20230513,16.0,1,c,S-20230513-6,1,1,51.41944885253906,0.5947176593689569,91.8,yes,1.0,S,3.9400164832376907,-0.5196685081267132,-1.9372045122277028
1551,S-20230513,17.0,0,c,S-20230513-7,1,1,56.67555618286133,0.5286251133665445,95.0,no,1.0,S,4.037343009893942,-0.6374757687339964,-1.7759881266434443
1552,S-20230513,17.0,1,c,S-20230513-7,1,1,60.89421081542969,0.5178883032423656,95.0,no,1.2000000000000002,S,4.10913810969534,-0.657995690780563,-1.6570632364794007
1553,S-20230513,17.0,2,c,S-20230513-7,1,1,82.31741333007812,0.5091634748198999,95.0,no,0.7999999999999998,S,4.410582668899918,-0.6749861453902992,-1.1577358284373407
1554,S-20230513,17.0,3,c,S-20230513-7,1,1,79.82235717773438,0.4780114289653667,95.0,no,1.6000000000000003,S,4.379803630351357,-0.7381206368071335,-1.2087197227263389
1555,S-20230513,17.0,4,c,S-20230513-7,1,1,69.48153686523438,0.4533424291717551,95.0,no,0.8999999999999995,S,4.241061060662444,-0.7911075247719757,-1.4385396534315513
1577,S-20230517,13.0,0,c,S-20230517-1,1,1,72.4457778930664,0.5389803723913431,61.4,no,2.0,S,4.282838390920419,-0.6180761235945386,-1.3693376546040514
1578,S-20230517,13.0,1,c,S-20230517-1,1,1,85.17769622802734,0.5186728400218854,61.4,no,2.0,S,4.444739618203367,-0.6564819606269221,-1.1011565987198784
1579,S-20230517,13.0,2,c,S-20230517-1,1,1,78.57549285888672,0.5353181552833632,61.4,no,2.5,S,4.364059855128315,-0.6248940260672176,-1.2347984766294176
1580,S-20230517,14.0,0,c,S-20230517-4,1,1,91.00467681884766,0.4954299032433198,36.2,yes,0.4000000000000003,S,4.510910898809954,-0.7023294019332382,-0.9915472758006101
1581,S-20230517,15.0,0,c,S-20230517-5,1,1,66.36726379394531,0.4496340870700752,57.2,no,1.2999999999999998,S,4.195203919759033,-0.7993211668395765,-1.5144996487552027
1582,S-20230517,15.0,1,c,S-20230517-5,1,1,64.73592376708984,0.513109869611732,57.2,no,0.7000000000000002,S,4.170316283387784,-0.6672652859595523,-1.555724738351579
1583,S-20230517,15.0,2,c,S-20230517-5,1,1,48.38719940185547,0.4978918611569511,57.2,no,1.2999999999999998,S,3.8792353035745855,-0.6973723718083318,-2.0378854101646264
1584,S-20230517,15.0,3,c,S-20230517-5,1,1,46.5991096496582,0.5273238672207636,57.2,no,1.7000000000000002,S,3.841581434718563,-0.6399403703925591,-2.1002571072629093
1585,S-20230517,15.0,4,c,S-20230517-5,1,1,83.3233413696289,0.5739039991186452,57.2,no,0.9999999999999996,S,4.422728718440677,-0.5552931455724521,-1.1376165220841565
1586,S-20230517,15.0,5,c,S-20230517-5,1,1,48.36114883422852,0.4964260806969136,57.2,no,2.3000000000000007,S,3.878696781341773,-0.7003206873523259,-2.038777444545319
1587,S-20230517,16.0,0,c,S-20230517-6,1,1,46.248779296875,0.6049400492531749,71.4,yes,2.6999999999999997,S,3.8340350700290364,-0.502625918004759,-2.112757272236874
1588,S-20230517,16.0,1,c,S-20230517-6,1,1,26.72171211242676,0.6055054667611355,71.4,yes,2.8,S,3.2854764226795377,-0.5016916875225041,-3.021416457404623
1589,S-20230517,16.0,2,c,S-20230517-6,1,1,31.83314514160156,0.6590015542472436,71.4,yes,1.2000000000000002,S,3.4605080470189504,-0.41702938598886996,-2.731485574135714
1523,S-20230512,19.0,8,c,S-20230512-6,1,1,63.75492477416992,0.5107987779527079,,no,1.3000000000000007,S,4.1550464324143315,-0.6717795472449626,-1.5810184611106886
1522,S-20230512,19.0,7,c,S-20230512-6,1,1,77.50080108642578,0.6340414286374916,,no,1.8000000000000007,S,4.350288272904922,-0.45564098182570545,-1.2576103942649197
1521,S-20230512,19.0,6,c,S-20230512-6,1,1,50.2921142578125,0.6190771535217792,,no,3.299999999999999,S,3.9178482906167758,-0.4795253718647682,-1.9739249831215442
1520,S-20230512,19.0,5,c,S-20230512-6,1,1,110.28177642822266,0.5841788874810661,,no,1.0,S,4.703038694370278,-0.5375480288786126,-0.6732974642163047
1519,S-20230512,19.0,4,c,S-20230512-6,1,1,158.54222106933594,0.4832305091241107,,no,1.5999999999999996,S,5.066020936831099,-0.727261494611155,-0.0720360489447457
1518,S-20230512,19.0,3,c,S-20230512-6,1,1,155.4993438720703,0.5070495850261292,,no,1.0,S,5.04664151213817,-0.6791464793326528,-0.1041370692013401
1517,S-20230512,19.0,2,c,S-20230512-6,1,1,215.684326171875,0.5552888502704398,,no,1.5999999999999996,S,5.373815885812257,-0.5882668496855894,0.43781045314088646
1516,S-20230512,19.0,1,c,S-20230512-6,1,1,130.28067016601562,0.6063197583084516,,no,1.4000000000000004,S,4.86969112443852,-0.5003477780988881,-0.39724628528820227
1515,S-20230512,19.0,0,c,S-20230512-6,1,1,144.09617614746094,0.5810433482951982,,no,0.7999999999999998,S,4.970480966549716,-0.5429299151109921,-0.23029309578247717
1514,S-20230512,18.0,5,c,S-20230512-4,1,1,39.67284393310547,0.7037428347640002,,yes,3.0,S,3.6806669217248746,-0.35134228108770615,-2.3668037216768685
1513,S-20230512,18.0,4,c,S-20230512-4,1,1,50.44531631469727,0.5099215490049964,,yes,2.0,S,3.920889904327298,-0.6734983905765174,-1.9688867064502131
1512,S-20230512,18.0,3,c,S-20230512-4,1,1,40.7126579284668,0.578838685429151,,yes,1.4,S,3.7065390497097632,-0.5467314491584749,-2.323947872358124
1511,S-20230512,18.0,2,c,S-20230512-4,1,1,43.004486083984375,0.5022687071307192,,yes,1.3000000000000007,S,3.761304437786344,-0.6886200293292258,-2.2332318237724267
1510,S-20230512,18.0,1,c,S-20230512-4,1,1,46.45405197143555,0.5432094179786411,,yes,1.5,S,3.838463694424822,-0.6102603649302174,-2.1054214837039034
1509,S-20230512,18.0,0,c,S-20230512-4,1,1,43.811065673828125,0.5083277811327989,,yes,4.0,S,3.7798864264290284,-0.6766288010300914,-2.2024517153183156
1508,S-20230512,17.0,12,c,S-20230512-3,1,1,114.52043914794922,0.5295076209533782,,no,0.8999999999999986,S,4.740753314906017,-0.6358077213088806,-0.61082513508523
1507,S-20230512,17.0,11,c,S-20230512-3,1,1,102.91399383544922,0.5467703109463642,,no,1.3000000000000007,S,4.633893628107186,-0.6037264716079523,-0.7878327101240425
1506,S-20230512,17.0,10,c,S-20230512-3,1,1,139.54180908203125,0.435214304381418,,no,1.0000000000000009,S,4.938364263039572,-0.8319167154570833,-0.28349276327984896
1630,S-20230524,11.0,0,c,S-20230524-2,1,1,106.52176666259766,0.5222926112584716,38.4,no,1.0,S,4.668349346074792,-0.6495272901870054,-0.7307585854810542
1631,S-20230524,11.0,1,c,S-20230524-2,1,1,101.45228576660156,0.5288280612500849,38.4,no,1.0,S,4.6195885969849995,-0.6370919259485119,-0.8115282584233733
1632,S-20230524,11.0,2,c,S-20230524-2,1,1,111.13219451904295,0.6143091005284536,38.4,no,1.0,S,4.710720434316922,-0.4872570564527494,-0.6605730570917168
1633,S-20230524,11.0,3,c,S-20230524-2,1,1,90.77989196777344,0.5611983647833476,38.4,no,2.0,S,4.508437806983256,-0.5776808445439857,-0.9956438252123287
1634,S-20230524,12.0,0,c,S-20230524-3,1,1,166.18344116210938,0.5326710077650727,40.6,yes,1.2000000000000002,S,5.113092245460815,-0.6298512916105411,0.005935152768909534
1635,S-20230524,12.0,1,c,S-20230524-3,1,1,163.5034637451172,0.545246164872788,40.6,yes,0.6999999999999993,S,5.096834175098335,-0.6065179076293297,-0.02099550458076619
1636,S-20230524,12.0,2,c,S-20230524-3,1,1,142.5309295654297,0.6070725212170736,40.6,yes,1.9000000000000004,S,4.959559025738815,-0.49910702023699,-0.2483847289845705
1637,S-20230524,13.0,0,c,S-20230524-4,1,1,69.1034927368164,0.4425626368289119,65.8,no,1.7999999999999998,S,4.235605275615118,-0.8151732723959808,-1.4475768807535652
1638,S-20230524,13.0,1,c,S-20230524-4,1,1,106.06014251708984,0.5564869794463068,65.8,no,1.5,S,4.664006315448321,-0.5861115057616283,-0.7379525923375228
1639,S-20230524,13.0,2,c,S-20230524-4,1,1,98.0226058959961,0.4394691124456145,65.8,no,2.0,S,4.585198124477906,-0.8221878431761482,-0.8684943073168101
1640,S-20230524,13.0,3,c,S-20230524-4,1,1,116.32112121582033,0.5718137980779083,65.8,no,1.1999999999999993,S,4.756354652801859,-0.5589418684338511,-0.5849823212886394
1641,S-20230524,13.0,4,c,S-20230524-4,1,1,81.42398071289062,0.6005345073857882,65.8,no,1.2000000000000002,S,4.399669832973912,-0.5099351746904874,-1.1758123798658997
1642,S-20230524,14.0,0,c,S-20230524-5,1,1,77.25456237792969,0.5076231086689873,62.0,yes,0.8,S,4.347105973942362,-0.678016018825537,-1.262881708820348
1643,S-20230524,14.0,1,c,S-20230524-5,1,1,137.64283752441406,0.5544833915512193,62.0,yes,0.8,S,4.9246621962675965,-0.5897184247571162,-0.3061895321454852
1644,S-20230524,14.0,2,c,S-20230524-5,1,1,95.4676742553711,0.4687084773793959,62.0,yes,0.5000000000000002,S,4.558787700713638,-0.7577742872117194,-0.9122418159077836
1645,S-20230524,14.0,3,c,S-20230524-5,1,1,97.82024383544922,0.6622965617851087,62.0,yes,0.5000000000000002,S,4.583131547803353,-0.41204184483019746,-0.8719174852874056
1646,S-20230524,14.0,4,c,S-20230524-5,1,1,97.19416046142578,0.5264748881665948,62.0,yes,0.6000000000000005,S,4.576710632104317,-0.6415516443355306,-0.8825534018941484
1647,S-20230524,14.0,5,c,S-20230524-5,1,1,89.41658020019531,0.6301028573852996,62.0,yes,0.6000000000000005,S,4.493306125836027,-0.4618722072319994,-1.0207086767608247
1648,S-20230524,14.0,6,c,S-20230524-5,1,1,85.59352111816406,0.501061353322644,62.0,yes,1.0,S,4.44960959241131,-0.6910267236732525,-1.093089736923134
1649,S-20230524,14.0,7,c,S-20230524-5,1,1,89.46843719482422,0.7196800010244431,62.0,yes,1.0,S,4.493885906041622,-0.3289486087877159,-1.0197483006702512
1650,S-20230524,14.0,8,c,S-20230524-5,1,1,87.00588989257812,0.553185877292897,62.0,yes,1.0,S,4.465975816277739,-0.5920612086336455,-1.0659799288568552
1651,S-20230524,15.0,0,c,S-20230524-6,1,1,70.8192367553711,0.6523828430209129,102.8,no,1.5,S,4.260130669378734,-0.42712370683228984,-1.4069518274054094
1652,S-20230524,15.0,1,c,S-20230524-6,1,1,60.02631759643555,0.5520673033969494,102.8,no,1.5,S,4.09478309266083,-0.5940853136937175,-1.6808415838715554
1653,S-20230524,15.0,2,c,S-20230524-6,1,1,57.796417236328125,0.493148687029258,102.8,no,2.3000000000000007,S,4.0569267882264946,-0.7069445540022701,-1.7435486050933888
1654,S-20230524,15.0,3,c,S-20230524-6,1,1,44.2816162109375,0.6678716673603411,102.8,no,4.0,S,3.7905696069696715,-0.40365923863191827,-2.184755576223682
1505,S-20230512,17.0,9,c,S-20230512-3,1,1,126.11579132080078,0.4827124050856106,,no,1.2000000000000002,S,4.837200463685554,-0.7283342372765105,-0.4510653937244646
1504,S-20230512,17.0,8,c,S-20230512-3,1,1,152.43478393554688,0.4413783966682523,,no,0.8999999999999999,S,5.026736858256417,-0.817852729111536,-0.1371081045949667
1503,S-20230512,17.0,7,c,S-20230512-3,1,1,126.38639068603516,0.5190229682241068,,no,1.2999999999999998,S,4.839343807292935,-0.6558071420283966,-0.447515055278015
1502,S-20230512,17.0,6,c,S-20230512-3,1,1,117.55486297607422,0.47967580878543,,no,1.2,S,4.766905143556795,-0.7346448016281121,-0.5675059759993589
1501,S-20230512,17.0,5,c,S-20230512-3,1,1,123.62627410888672,0.4896674823531199,,no,0.6999999999999993,S,4.817263096129498,-0.7140287256783289,-0.48409061763700245
1499,S-20230512,17.0,3,c,S-20230512-3,1,1,110.90113830566406,0.4431723465045039,,no,1.1999999999999993,S,4.708639158556702,-0.8137965405667816,-0.6640205833416974
1498,S-20230512,17.0,2,c,S-20230512-3,1,1,141.12498474121094,0.5264429561886939,,no,2.0,S,4.949645914347311,-0.6416122985985045,-0.264805288140832
1497,S-20230512,17.0,1,c,S-20230512-3,1,1,120.57003021240234,0.4908015253675977,,no,2.0,S,4.792230747708953,-0.7117154582292695,-0.5255554153000226
1496,S-20230512,17.0,0,c,S-20230512-3,1,1,138.66641235351562,0.5345251635859238,,no,3.0,S,4.932071137602402,-0.6263764708863403,-0.2939170018904826
1495,S-20230512,16.0,4,c,S-20230512-1,1,1,88.3665542602539,0.584249784151325,,yes,0.6000000000000014,S,4.481493552580651,-0.5374266750089803,-1.04027559679905
1494,S-20230512,16.0,3,c,S-20230512-1,1,1,76.13430786132812,0.646143230756639,,yes,0.5999999999999996,S,4.332498989311964,-0.4367340803381354,-1.2870774275755734
1493,S-20230512,16.0,2,c,S-20230512-1,1,1,72.912353515625,0.4989676583502387,,yes,0.7999999999999998,S,4.289258083034364,-0.6952139982564401,-1.3587037648030789
1492,S-20230512,16.0,1,c,S-20230512-1,1,1,56.81078338623047,0.4774414276020167,,yes,1.1999999999999993,S,4.039726156057316,-0.7393137912931012,-1.7720405675968214
1491,S-20230512,16.0,0,c,S-20230512-1,1,1,47.84622573852539,0.5129204496850548,,yes,0.7999999999999998,S,3.8679922378501956,-0.6676345146758323,-2.056508970269409
1490,S-20230512,15.0,1,c,S-20230512-1,1,1,61.903133392333984,0.5676361929860647,,yes,0.8000000000000007,S,4.125570798640957,-0.566274570778364,-1.6298433324279635
1489,S-20230512,15.0,0,c,S-20230512-1,1,1,56.33629608154297,0.6540852998711877,,yes,1.0999999999999996,S,4.031339018035476,-0.4245175080923264,-1.7859334303520396
1500,S-20230512,17.0,4,c,S-20230512-3,1,1,128.7376708984375,0.4787191092153584,,no,1.8000000000000007,S,4.857776774946427,-0.7366412644011829,-0.41698179242786365
67,S-20230513,0.0,7,pa,S-20230513-1,1,1,123.65641299876545,0.6366109750861,0.0,,1.0,S,4.817506856745176,-0.4515965241223712,-0.48368684071453777
1128,S-20230524,2.0,14,pa,S-20230524-1,1,1,268.8417663574219,0.7521241894246238,0.0,,1.0,S,5.5941229773726295,-0.2848538231558483,0.8027378191958474
508,S-20230512,7.0,2,pa,S-20230512-1,5,1,280.8597106933594,0.6293532568638867,0.0,,1.0,S,5.637855294465301,-0.4630625632935472,0.8751781531636514
509,S-20230512,7.0,3,pa,S-20230512-1,5,1,259.8619079589844,0.5890294936240181,0.0,,1.0,S,5.560150366684946,-0.5292790225196675,0.746463936914261
510,S-20230512,7.0,4,pa,S-20230512-1,5,1,249.1492462158203,0.5015329207158672,0.0,,1.0,S,5.5180520992996795,-0.6900860292364129,0.6767303222422493
511,S-20230512,7.0,5,pa,S-20230512-1,5,1,242.96099853515625,0.6203699202048973,0.0,,1.0,S,5.492900930603744,-0.4774393333733839,0.6350687049043592
512,S-20230512,7.0,6,pa,S-20230512-1,5,1,243.8677673339844,0.614592377830931,0.0,,1.0,S,5.4966261412363835,-0.4867960311997356,0.6412393247175509
513,S-20230512,7.0,7,pa,S-20230512-1,5,1,235.3118896484375,0.581741158509832,0.0,,1.0,S,5.460911824199348,-0.5417296750074808,0.5820803954499221
514,S-20230512,7.0,8,pa,S-20230512-1,5,1,214.20030212402344,0.5810351707887023,0.0,,1.0,S,5.366911568488954,-0.5429439890420765,0.42637380660647284
515,S-20230512,7.0,9,pa,S-20230512-1,5,1,239.1021881103516,0.6593811225330413,0.0,,1.0,S,5.476891025866786,-0.41645357700264757,0.6085491211493906
516,S-20230512,7.0,10,pa,S-20230512-1,5,1,233.2076568603516,0.6415309579591941,0.0,,1.0,S,5.451929287815326,-0.44389783738595856,0.567201285931036
517,S-20230512,7.0,11,pa,S-20230512-1,5,1,218.3988800048828,0.6727158330966461,0.0,,1.0,S,5.38632311567483,-0.3964322775891676,0.4585280361204696
518,S-20230512,7.0,12,pa,S-20230512-1,5,1,207.16099548339844,0.7255988577693095,0.0,,1.0,S,5.333496246928381,-0.32075795437028065,0.3710230451007424
519,S-20230512,7.0,13,pa,S-20230512-1,5,1,205.6101226806641,0.7001235360523559,0.0,,1.0,S,5.325981767197148,-0.35649847943471474,0.35857569592024285
85,S-20230517,1.0,1,pa,S-20230517-2,2,1,151.00993829699647,0.7718239419510287,0.0,,1.0,S,5.0173456511855115,-0.2589988094333147,-0.1526641560874036
86,S-20230517,1.0,2,pa,S-20230517-2,2,1,150.3207322089668,0.9066774117758404,0.0,,1.0,S,5.012771226094989,-0.09796855720707558,-0.1602414559721996
87,S-20230517,1.0,3,pa,S-20230517-2,2,1,150.57570135746545,0.6515076401409932,0.0,,1.0,S,5.0144659567802385,-0.42846615548524103,-0.15743422175762953
104,S-20230524,0.0,0,pa,S-20230524-1,1,,260.2871612048071,0.80196507794893,0.0,,1.0,S,5.561785487713821,-0.22069021576825323,0.7491724307989664
105,S-20230524,0.0,1,pa,S-20230524-1,1,,245.4733401892215,0.629082660443359,0.0,,1.0,S,5.503188347403903,-0.46349261526675706,0.6521092817183048
106,S-20230524,0.0,2,pa,S-20230524-1,1,,258.03438914027043,0.6001130371834158,0.0,,1.0,S,5.553092867280488,-0.5106372462044647,0.7347735521410705
107,S-20230524,0.0,3,pa,S-20230524-1,1,,248.75711229946413,0.7580589517284544,0.0,,1.0,S,5.516476967788604,-0.27699412363507564,0.6741211979083215
108,S-20230524,0.0,4,pa,S-20230524-1,1,,220.947392019744,0.8009687030023702,0.0,,1.0,S,5.397924628020977,-0.22193340508365325,0.4777453446181105
520,S-20230512,7.0,14,pa,S-20230512-1,5,1,202.8929443359375,0.7511616046234195,0.0,,1.0,S,5.312678472131214,-0.28613446445050034,0.3365394718755309
521,S-20230512,7.0,15,pa,S-20230512-1,5,1,238.6559600830078,0.7402144370190022,0.0,,1.0,S,5.475023017298899,-0.3008153550065571,0.6054548610344809
522,S-20230512,7.0,16,pa,S-20230512-1,5,1,222.56044006347656,0.752838109936274,0.0,,1.0,S,5.405198705453357,-0.28390506774117036,0.4897944797552362
523,S-20230512,8.0,0,pa,S-20230512-1,6,1,195.7653350830078,0.8150353682533762,0.0,,1.0,S,5.276916671945563,-0.2045237700529714,0.27730188921443394
524,S-20230512,8.0,1,pa,S-20230512-1,6,1,249.817626953125,0.6936582795543949,0.0,,1.0,S,5.520731159465848,-0.36577583231328187,0.6811680476146745
525,S-20230512,8.0,2,pa,S-20230512-1,6,1,299.19146728515625,0.6133440752610468,0.0,,1.0,S,5.701083727261699,-0.4888292031880076,0.9799128000456364
109,S-20230524,0.0,5,pa,S-20230524-1,1,,242.65246400658063,0.7399701989353602,0.0,,1.0,S,5.491630230370369,-0.30114536530382136,0.6329638553240453
110,S-20230524,0.0,6,pa,S-20230524-1,1,,242.69206910736216,0.8081701390917679,0.0,,1.0,S,5.491793434437448,-0.21298267444452876,0.6332341944670429
111,S-20230524,0.0,7,pa,S-20230524-1,1,,229.5420979020969,0.7432379541399641,0.0,,1.0,S,5.436086445803407,-0.29673902424506776,0.5409584329875113
112,S-20230524,1.0,0,pa,S-20230524-1,1,,236.34276703688369,0.732056278786116,0.0,,1.0,S,5.465283154007627,-0.31189788438862687,0.5893212784455371
113,S-20230524,1.0,1,pa,S-20230524-1,1,,209.85229123817265,0.7142371506033403,0.0,,1.0,S,5.346403908176857,-0.33654022808790396,0.392403922075577
114,S-20230524,1.0,2,pa,S-20230524-1,1,,228.3949609214305,0.815431716691684,0.0,,1.0,S,5.431076415022846,-0.2040375922579401,0.5326595746817937
115,S-20230524,1.0,3,pa,S-20230524-1,1,,234.15893870834944,0.6532767478257462,0.0,,1.0,S,5.456000110037988,-0.4257544296473839,0.5739443935671646
116,S-20230524,1.0,4,pa,S-20230524-1,1,,253.56714932126584,0.6450165785799946,0.0,,1.0,S,5.535628676795668,-0.4384792592918889,0.7058450188434451
117,S-20230524,1.0,5,pa,S-20230524-1,1,,208.5082805429855,0.9643196018147736,0.0,,1.0,S,5.339978755284705,-0.03633250216563416,0.38176098677637116
118,S-20230524,1.0,6,pa,S-20230524-1,1,,185.80789387083428,0.8493011483668713,0.0,,1.0,S,5.224713311326725,-0.16334144606371737,0.19082970733902932
119,S-20230524,1.0,7,pa,S-20230524-1,1,,230.49768408062425,0.8892175388818222,0.0,,1.0,S,5.440240815013665,-0.11741337274808626,0.5478399319114973
895,S-20230517,7.0,0,pa,S-20230517-1,6,1,140.71896362304688,0.9446762086434326,0.0,,1.0,S,4.946764735585858,-0.05691304655779847,-0.2695778125707251
526,S-20230512,8.0,3,pa,S-20230512-1,6,1,271.5992736816406,0.638891391818543,0.0,,1.0,S,5.604327721460201,-0.4480208049056103,0.8196414529135211
527,S-20230512,8.0,4,pa,S-20230512-1,6,1,207.5511474609375,0.592944627567487,0.0,,1.0,S,5.3353778030838015,-0.522654261127622,0.3741397460976048
528,S-20230512,8.0,5,pa,S-20230512-1,6,1,202.60818481445312,0.5688647795232313,0.0,,1.0,S,5.311273989885308,-0.5641125189271696,0.334213019272306
529,S-20230512,8.0,6,pa,S-20230512-1,6,1,188.16651916503903,0.6110875952340074,0.0,,1.0,S,5.23732731103311,-0.4925149663643584,0.2117241490733652
530,S-20230512,8.0,7,pa,S-20230512-1,6,1,224.69924926757807,0.6174888044904314,0.0,,1.0,S,5.414762838142436,-0.48209434102423027,0.5056369736400481
531,S-20230512,8.0,8,pa,S-20230512-1,6,1,206.71456909179688,0.7580246930141818,0.0,,1.0,S,5.331338948440869,-0.27703931733450926,0.3674495911131002
532,S-20230512,8.0,9,pa,S-20230512-1,6,1,257.6177978515625,0.6200111258706826,0.0,,1.0,S,5.551477082882197,-0.4780178561512946,0.7320970883903825
533,S-20230512,8.0,10,pa,S-20230512-1,6,1,258.0525207519531,0.7154043419261917,0.0,,1.0,S,5.55316313301032,-0.3349073829469657,0.7348899437085407
534,S-20230512,8.0,11,pa,S-20230512-1,6,1,272.4513244628906,0.6184085740859295,0.0,,1.0,S,5.607459972323552,-0.48060591685366866,0.8248298653667472
535,S-20230512,8.0,12,pa,S-20230512-1,6,1,222.8856658935547,0.6518615485730486,0.0,,1.0,S,5.406658930982405,-0.42792308841902854,0.4922132682399268
536,S-20230512,8.0,13,pa,S-20230512-1,6,1,177.196044921875,0.7590275104697781,0.0,,1.0,S,5.177256718067911,-0.2757172565651338,0.11222030145372328
537,S-20230512,8.0,14,pa,S-20230512-1,6,1,209.10494995117188,0.6620818807542044,0.0,,1.0,S,5.3428362788046675,-0.41236604375384195,0.38649432751540097
538,S-20230512,8.0,15,pa,S-20230512-1,6,1,199.62136840820312,0.6646374231457557,0.0,,1.0,S,5.296422414300585,-0.40851361536955755,0.3096121481813544
468,S-20230512,4.0,13,pa,S-20230512-1,2,1,227.9669647216797,0.7471188572672567,0.0,,1.0,S,5.429200726885063,-0.2915309936988474,0.5295525937543358
503,S-20230512,6.0,14,pa,S-20230512-1,4,1,171.3649139404297,0.8025468405797191,0.0,,1.0,S,5.143795282411242,-0.21996505735769287,0.05679315431960816
502,S-20230512,6.0,13,pa,S-20230512-1,4,1,155.21517944335938,0.8506888296422819,0.0,,1.0,S,5.044812408658202,-0.16170886987023675,-0.1071668850391291
501,S-20230512,6.0,12,pa,S-20230512-1,4,1,152.63233947753906,0.8870126745375462,0.0,,1.0,S,5.028032019579587,-0.11989600755531696,-0.1349627364775205
500,S-20230512,6.0,11,pa,S-20230512-1,4,1,142.2357177734375,1.0160845220886063,0.0,,1.0,S,4.957485665670098,0.01595653672820099,-0.25181914329870614
499,S-20230512,6.0,10,pa,S-20230512-1,4,1,165.22958374023438,0.6007806750650424,0.0,,1.0,S,5.107335923384984,-0.5095253443873399,-0.003599898683219009
498,S-20230512,6.0,9,pa,S-20230512-1,4,1,156.11322021484375,0.6811662160501673,0.0,,1.0,S,5.050581514613384,-0.3839489261824674,-0.09761065774837148
497,S-20230512,6.0,8,pa,S-20230512-1,4,1,166.62966918945312,0.7874875842417985,0.0,,1.0,S,5.1157738002485145,-0.23890767444879485,0.010377010353593764
496,S-20230512,6.0,7,pa,S-20230512-1,4,1,157.15139770507812,0.6446652478786419,0.0,,1.0,S,5.0572096572866085,-0.439024092448154,-0.08663148031724718
495,S-20230512,6.0,6,pa,S-20230512-1,4,1,176.37591552734375,0.6848149784368918,0.0,,1.0,S,5.17261760095947,-0.3786065816763854,0.10453584256856883
494,S-20230512,6.0,5,pa,S-20230512-1,4,1,191.63427734375,0.631312337660562,0.0,,1.0,S,5.255588750077459,-0.45995455053869405,0.24197328360474887
493,S-20230512,6.0,4,pa,S-20230512-1,4,1,186.0481719970703,0.5619959684457765,0.0,,1.0,S,5.226005629412841,-0.5762606026982039,0.19297036578053142
492,S-20230512,6.0,3,pa,S-20230512-1,4,1,161.1641082763672,0.7505388479182642,0.0,,1.0,S,5.082423151909174,-0.28696386653238853,-0.04486662328752177
491,S-20230512,6.0,2,pa,S-20230512-1,4,1,131.49815368652344,0.8060139699583981,0.0,,1.0,S,4.878992811112586,-0.21565420417112577,-0.3818385197288028
490,S-20230512,6.0,1,pa,S-20230512-1,4,1,146.9489288330078,0.6590042225168489,0.0,,1.0,S,4.990085103508708,-0.41702533703908184,-0.19781985121483633
489,S-20230512,6.0,0,pa,S-20230512-1,4,1,165.5072479248047,0.8123808482471908,0.0,,1.0,S,5.1090149879657645,-0.20778602384330921,-0.0008186145649439288
488,S-20230512,5.0,16,pa,S-20230512-1,3,1,330.24908447265625,0.6613048024256578,0.0,,1.0,S,5.799847171173479,-0.4135404222295106,1.1435093651583201
487,S-20230512,5.0,15,pa,S-20230512-1,3,1,369.7040100097656,0.6277005667813249,0.0,,1.0,S,5.912702712542582,-0.4656920307096801,1.3304487649063643
486,S-20230512,5.0,14,pa,S-20230512-1,3,1,347.9666442871094,0.5559054623095303,0.0,,1.0,S,5.852106625430908,-0.5871570310059945,1.2300744632609713
485,S-20230512,5.0,13,pa,S-20230512-1,3,1,341.910400390625,0.5851261644615597,0.0,,1.0,S,5.834548715576058,-0.5359277892565385,1.2009906886471837
484,S-20230512,5.0,12,pa,S-20230512-1,3,1,367.5707702636719,0.5824445455489737,0.0,,1.0,S,5.906915872259302,-0.5405212988484568,1.3208631616132476
483,S-20230512,5.0,11,pa,S-20230512-1,3,1,333.6978759765625,0.589911475016569,0.0,,1.0,S,5.810236020668334,-0.5277827956846488,1.1607179600140156
482,S-20230512,5.0,10,pa,S-20230512-1,3,1,448.8949890136719,0.5816815963393971,0.0,,1.0,S,6.1067889829135344,-0.5418320662839772,1.651942689283707
481,S-20230512,5.0,9,pa,S-20230512-1,3,1,405.3801879882813,0.606624351699141,0.0,,1.0,S,6.004825362543198,-0.49984553995851727,1.4830451964629738
480,S-20230512,5.0,8,pa,S-20230512-1,3,1,378.072265625,0.6314708194389329,0.0,,1.0,S,5.935085356249346,-0.45970354659029333,1.3675244629939944
479,S-20230512,5.0,7,pa,S-20230512-1,3,1,427.7682189941406,0.6569884520857343,0.0,,1.0,S,6.05858150448745,-0.4200888373860413,1.5720894807392998
478,S-20230512,5.0,6,pa,S-20230512-1,3,1,395.1490173339844,0.6653355573586399,0.0,,1.0,S,5.979262952830188,-0.40746376806101764,1.4407023795317713
477,S-20230512,5.0,5,pa,S-20230512-1,3,1,426.41595458984375,0.7255229402242716,0.0,,1.0,S,6.055415289107182,-0.32086258727595707,1.5668448078107053
476,S-20230512,5.0,4,pa,S-20230512-1,3,1,396.5863952636719,0.589825780081636,0.0,,1.0,S,5.98289391207743,-0.5279280736856842,1.446716876772709
475,S-20230512,5.0,3,pa,S-20230512-1,3,1,392.1982421875,0.8083074151293257,0.0,,1.0,S,5.97176743182334,-0.21281282855025166,1.428286434503105
474,S-20230512,5.0,2,pa,S-20230512-1,3,1,346.26470947265625,0.7309973931205871,0.0,,1.0,S,5.847203538830702,-0.3133453854212248,1.2219527524895222
473,S-20230512,5.0,1,pa,S-20230512-1,3,1,300.3240966796875,0.5095378715046248,0.0,,1.0,S,5.704862213793667,-0.6742510983562833,0.9861716686459105
472,S-20230512,5.0,0,pa,S-20230512-1,3,1,334.1192932128906,0.6119089819601555,0.0,,1.0,S,5.811498094516411,-0.49117172981739454,1.1628085204307659
471,S-20230512,4.0,16,pa,S-20230512-1,2,1,218.8610382080078,0.514935454434827,0.0,,1.0,S,5.3884369996873875,-0.6637137173675219,0.46202957626329805
470,S-20230512,4.0,15,pa,S-20230512-1,2,1,226.8839569091797,0.7193808930746606,0.0,,1.0,S,5.424438683729318,-0.32936430760256985,0.5216645141943099
469,S-20230512,4.0,14,pa,S-20230512-1,2,1,250.4988555908203,0.6241524865592112,0.0,,1.0,S,5.523454352014765,-0.47136057098015344,0.6856788760092493
891,S-20230517,6.0,13,pa,S-20230517-1,5,1,168.84471130371094,0.6582877239839604,0.0,,1.0,S,5.128979424479686,-0.41811317273936016,0.03225144768405286
467,S-20230512,4.0,12,pa,S-20230512-1,2,1,210.32318115234372,0.911206438611572,0.0,,1.0,S,5.348645305603663,-0.09298580079470432,0.396116681630675
466,S-20230512,4.0,11,pa,S-20230512-1,2,1,199.24044799804688,0.6784993648533195,0.0,,1.0,S,5.294512376737221,-0.38787173581182305,0.30644826919712614
465,S-20230512,4.0,10,pa,S-20230512-1,2,1,241.7322540283203,0.6536171955965351,0.0,,1.0,S,5.487830725344595,-0.4252334267301947,0.6266701706698302
464,S-20230512,4.0,9,pa,S-20230512-1,2,1,220.8873291015625,0.6828260006346341,0.0,,1.0,S,5.397652748443931,-0.3815152093571035,0.4772949900823896
463,S-20230512,4.0,8,pa,S-20230512-1,2,1,201.9840087890625,0.7842898569625163,0.0,,1.0,S,5.308188529856956,-0.24297661144625524,0.32910211343064927
462,S-20230512,4.0,7,pa,S-20230512-1,2,1,184.59629821777344,1.150031124765427,0.0,,1.0,S,5.218171268876211,0.13978900702232253,0.1799931504984089
461,S-20230512,4.0,6,pa,S-20230512-1,2,1,229.8262481689453,0.7861398739890539,0.0,,1.0,S,5.43732358068882,-0.24062054565627466,0.5430076832953012
460,S-20230512,4.0,5,pa,S-20230512-1,2,1,213.23516845703125,0.6950872402119082,0.0,,1.0,S,5.362395633927428,-0.3637179158102494,0.4188933932746012
459,S-20230512,4.0,4,pa,S-20230512-1,2,1,214.51792907714844,0.7136558600488847,0.0,,1.0,S,5.368393320316255,-0.337354421563509,0.42882825229705046
458,S-20230512,4.0,3,pa,S-20230512-1,2,1,212.1130828857422,0.8249789855133827,0.0,,1.0,S,5.35711954229796,-0.19239736507686636,0.4101538188570491
457,S-20230512,4.0,2,pa,S-20230512-1,2,1,209.0611572265625,1.0823224300300751,0.0,,1.0,S,5.342626827469335,0.07910913051526205,0.3861473821511903
456,S-20230512,4.0,1,pa,S-20230512-1,2,1,204.46282958984372,0.6971625265376673,0.0,,1.0,S,5.3203861965652175,-0.360736715292439,0.34930692096696203
455,S-20230512,4.0,0,pa,S-20230512-1,2,1,243.77194213867188,0.6509398184808681,0.0,,1.0,S,5.496233124856936,-0.42933808577669447,0.6405883132991143
454,S-20230512,3.0,16,pa,S-20230512-1,1,1,263.0841064453125,0.8246723110674914,0.0,,1.0,S,5.572473777423814,-0.19276917025782764,0.7668770329698466
453,S-20230512,3.0,15,pa,S-20230512-1,1,1,221.77532958984372,0.8869915798304042,0.0,,1.0,S,5.40166484055071,-0.11991978958074448,0.48394081430224095
452,S-20230512,3.0,14,pa,S-20230512-1,1,1,196.20030212402344,0.7723395022600279,0.0,,1.0,S,5.279136087007872,-0.2583310558608685,0.28097823611336814
451,S-20230512,3.0,13,pa,S-20230512-1,1,1,226.0497894287109,0.7509946362814226,0.0,,1.0,S,5.420755282214902,-0.2863567693454745,0.5155631490350756
450,S-20230512,3.0,12,pa,S-20230512-1,1,1,215.4788818359375,0.7157407685445456,0.0,,1.0,S,5.372862908620929,-0.3344372326846485,0.4362318954381882
449,S-20230512,3.0,11,pa,S-20230512-1,1,1,242.8305206298828,0.7192983942560147,0.0,,1.0,S,5.492363754044404,-0.32947899448165785,0.634178899562561
448,S-20230512,3.0,10,pa,S-20230512-1,1,1,242.69509887695312,0.7400853988058209,0.0,,1.0,S,5.491805918366942,-0.30098969565077704,0.6332548734541599
447,S-20230512,3.0,9,pa,S-20230512-1,1,1,261.8633117675781,0.8362197097799076,0.0,,1.0,S,5.567822656811889,-0.1788638896846126,0.7591726908985494
446,S-20230512,3.0,8,pa,S-20230512-1,1,1,217.9873809814453,0.6457269181521639,0.0,,1.0,S,5.3844371757074505,-0.43737859189254813,0.4554040735645713
445,S-20230512,3.0,7,pa,S-20230512-1,1,1,234.8849029541016,0.6018972060877026,0.0,,1.0,S,5.459095619501975,-0.5076686022605799,0.5790719457820749
444,S-20230512,3.0,6,pa,S-20230512-1,1,1,211.1778259277344,0.7330130728681965,0.0,,1.0,S,5.35270055544771,-0.3105917425093706,0.4028339944225662
443,S-20230512,3.0,5,pa,S-20230512-1,1,1,187.74533081054688,0.9698978548090552,0.0,,1.0,S,5.2350864211501635,-0.030564517350159415,0.20801223023856563
442,S-20230512,3.0,4,pa,S-20230512-1,1,1,184.6902618408203,0.8995670681236803,0.0,,1.0,S,5.218680161618258,-0.10584166681061256,0.18083610515159096
441,S-20230512,3.0,3,pa,S-20230512-1,1,1,243.3924102783203,0.8070769936038964,0.0,,1.0,S,5.494674997973255,-0.21433620807122392,0.6380073562558628
440,S-20230512,3.0,2,pa,S-20230512-1,1,1,217.6273956298828,0.5705275050425129,0.0,,1.0,S,5.382784406091557,-0.5611938986730035,0.45266634570319436
439,S-20230512,3.0,1,pa,S-20230512-1,1,1,214.06158447265625,0.7205019729961855,0.0,,1.0,S,5.36626375153134,-0.3278071251754762,0.4253007311355327
438,S-20230512,3.0,0,pa,S-20230512-1,1,1,254.74093627929688,0.7137382412935303,0.0,,1.0,S,5.540247092585875,-0.3372389926925903,0.7134951870596817
894,S-20230517,6.0,16,pa,S-20230517-1,5,1,187.6657867431641,0.9462952133913768,0.0,,1.0,S,5.234662650703026,-0.0552006937166335,0.20731027628878315
539,S-20230512,8.0,16,pa,S-20230512-1,6,1,209.7903594970703,0.5871433065942213,0.0,,1.0,S,5.346108743986832,-0.5324863550585216,0.3919149977760616
84,S-20230517,1.0,0,pa,S-20230517-2,2,1,134.19465697700932,1.2886122342962008,0.0,,1.0,S,4.8992914098627915,0.25356585193172004,-0.3482149349224598
507,S-20230512,7.0,1,pa,S-20230512-1,5,1,260.9950256347656,0.742694869621257,0.0,,1.0,S,5.564501348270441,-0.2974699920710748,0.7536711141254099
637,S-20230513,2.0,0,pa,S-20230513-1,1,1,222.4573211669922,0.9199068199493076,0.0,,1.0,S,5.404735268227639,-0.08348289673228253,0.48902681982692814
638,S-20230513,2.0,1,pa,S-20230513-1,1,1,247.7399139404297,0.8665761374319843,0.0,,1.0,S,5.51237946174741,-0.1432053059059147,0.6673338898992314
639,S-20230513,2.0,2,pa,S-20230513-1,1,1,224.5420837402344,0.7246611864330852,0.0,,1.0,S,5.414063145027809,-0.3220510624175329,0.5044779679831755
640,S-20230513,2.0,3,pa,S-20230513-1,1,1,237.43630981445312,0.7831489784329086,0.0,,1.0,S,5.469899418308603,-0.24443233489181143,0.5969678828305203
641,S-20230513,2.0,4,pa,S-20230513-1,1,1,249.4144744873047,0.6467508983213897,0.0,,1.0,S,5.519116068800432,-0.435794068939167,0.6784927329968125
642,S-20230513,2.0,5,pa,S-20230513-1,1,1,238.5009613037109,0.5733075591393799,0.0,,1.0,S,5.4743733409437985,-0.5563329538427074,0.6043787055672375
643,S-20230513,2.0,6,pa,S-20230513-1,1,1,221.82247924804688,0.7548857188353537,0.0,,1.0,S,5.401877418960438,-0.28118890697105675,0.4842929395043512
644,S-20230513,2.0,7,pa,S-20230513-1,1,1,235.68104553222656,1.3030130811325051,0.0,,1.0,S,5.4624793889410155,0.2646793373344527,0.5846769858195086
645,S-20230513,2.0,8,pa,S-20230513-1,1,1,227.01255798339844,0.93145085324662,0.0,,1.0,S,5.425005337463992,-0.07101185120559148,0.5226031469609419
646,S-20230513,2.0,9,pa,S-20230513-1,1,1,257.8589172363281,0.7017167244628304,0.0,,1.0,S,5.5524126029369105,-0.3542254828012399,0.7336467292441565
647,S-20230513,2.0,10,pa,S-20230513-1,1,1,239.7727508544922,0.8229061161281273,0.0,,1.0,S,5.479691603336435,-0.19491315999059547,0.6131881336849979
648,S-20230513,2.0,11,pa,S-20230513-1,1,1,261.8983154296875,0.7148335091725926,0.0,,1.0,S,5.567956319380294,-0.33570561770696844,0.7593940960684097
649,S-20230513,2.0,12,pa,S-20230513-1,1,1,221.21533203125,0.6681523554602791,0.0,,1.0,S,5.399136580226481,-0.40323905441475855,0.4797528811118582
650,S-20230513,2.0,13,pa,S-20230513-1,1,1,234.18017578125,0.7622009089543909,0.0,,1.0,S,5.456090801044817,-0.27154509800255977,0.5740946185554412
902,S-20230517,7.0,7,pa,S-20230517-1,6,1,181.10797119140625,0.6799773448146453,0.0,,1.0,S,5.199093379334336,-0.38569579781604085,0.14839160771059498
901,S-20230517,7.0,6,pa,S-20230517-1,6,1,171.23098754882812,0.6653380263451574,0.0,,1.0,S,5.143013449366297,-0.40746005717872813,0.05549808809288934
900,S-20230517,7.0,5,pa,S-20230517-1,6,1,203.9337310791016,0.5282833992425324,0.0,,1.0,S,5.317795093418326,-0.6381223982801532,0.34501489187305157
899,S-20230517,7.0,4,pa,S-20230517-1,6,1,197.08859252929688,0.6382720082345834,0.0,,1.0,S,5.283653335920072,-0.4489907413013641,0.28846082659953076
898,S-20230517,7.0,3,pa,S-20230517-1,6,1,174.5978546142578,0.6118098081515342,0.0,,1.0,S,5.162485355897352,-0.4913338157633485,0.08775229975769627
897,S-20230517,7.0,2,pa,S-20230517-1,6,1,160.1318817138672,0.9433203536728278,0.0,,1.0,S,5.075997736429191,-0.05834933646505057,-0.05550999354996471
505,S-20230512,6.0,16,pa,S-20230512-1,4,1,139.33132934570312,0.9228500700231894,0.0,,1.0,S,4.936854761066874,-0.08028849535173135,-0.2859931756589969
504,S-20230512,6.0,15,pa,S-20230512-1,4,1,173.47080993652344,0.7748283019325068,0.0,,1.0,S,5.15600934279178,-0.25511382006724637,0.07702511713086681
893,S-20230517,6.0,15,pa,S-20230517-1,5,1,155.8574981689453,0.7964535502495913,0.0,,1.0,S,5.048942116502581,-0.22758646865886872,-0.10032623639930587
892,S-20230517,6.0,14,pa,S-20230517-1,5,1,156.44485473632812,0.9381520204098804,0.0,,1.0,S,5.0527035819826995,-0.06384327444037009,-0.09409556229597094
889,S-20230517,6.0,11,pa,S-20230517-1,5,1,159.89915466308594,0.5550753548280412,0.0,,1.0,S,5.0745433331660585,-0.588651399987282,-0.05791913775062281
890,S-20230517,6.0,12,pa,S-20230517-1,5,1,179.2607879638672,0.5554095399608308,0.0,,1.0,S,5.188841661567592,-0.5880495275179741,0.13141016450938264
844,S-20230517,4.0,0,pa,S-20230517-1,3,1,157.66867065429688,0.6133136144912577,0.0,,1.0,S,5.060495810024001,-0.4888788678500399,-0.08118813732534733
888,S-20230517,6.0,10,pa,S-20230517-1,5,1,144.6886444091797,0.4717460698653397,0.0,,1.0,S,4.974584153772761,-0.7513144257372535,-0.22349637718785229
887,S-20230517,6.0,9,pa,S-20230517-1,5,1,136.40170288085938,0.6397785489575085,0.0,,1.0,S,4.91560422979521,-0.44663317976009537,-0.32119358772613116
886,S-20230517,6.0,8,pa,S-20230517-1,5,1,168.1079559326172,0.6457361181139021,0.0,,1.0,S,5.12460636786461,-0.4373643445444166,0.02500770432179383
885,S-20230517,6.0,7,pa,S-20230517-1,5,1,165.75917053222656,0.4839254676334761,0.0,,1.0,S,5.110535955030042,-0.7258243766163847,0.001700789148717812
884,S-20230517,6.0,6,pa,S-20230517-1,5,1,176.61813354492188,0.6029621605407911,0.0,,1.0,S,5.173989964353304,-0.5059008362292626,0.10680909194531232
883,S-20230517,6.0,5,pa,S-20230517-1,5,1,141.8154296875,0.7096485879844892,0.0,,1.0,S,4.954526421207233,-0.34298537797394574,-0.25672097954781314
882,S-20230517,6.0,4,pa,S-20230517-1,5,1,172.85519409179688,0.5847422369152575,0.0,,1.0,S,5.152454215622814,-0.5365841495097664,0.07113623182730179
881,S-20230517,6.0,3,pa,S-20230517-1,5,1,149.06564331054688,0.8500913406054345,0.0,,1.0,S,5.004386768058966,-0.162411475735332,-0.17412987946875183
880,S-20230517,6.0,2,pa,S-20230517-1,5,1,154.76856994628906,0.8552319189583599,0.0,,1.0,S,5.041930904018241,-0.15638259658337716,-0.11193994927000855
879,S-20230517,6.0,1,pa,S-20230517-1,5,1,222.0993804931641,0.6929747874086338,0.0,,1.0,S,5.4031249415816065,-0.36676166225979095,0.4863593965621457
878,S-20230517,6.0,0,pa,S-20230517-1,5,1,199.9405212402344,0.7473687366369219,0.0,,1.0,S,5.298019928518904,-0.29119659229864436,0.31225834831861465
877,S-20230517,5.0,16,pa,S-20230517-1,4,1,171.7272491455078,0.563911102821443,0.0,,1.0,S,5.145907457382106,-0.5728586590181923,0.060291863522772216
876,S-20230517,5.0,15,pa,S-20230517-1,4,1,204.2058868408203,0.7080019852490214,0.0,,1.0,S,5.319128734114339,-0.3453083812683071,0.3472239990924917
875,S-20230517,5.0,14,pa,S-20230517-1,4,1,228.7018280029297,0.598132039218445,0.0,,1.0,S,5.432419094013537,-0.5139437480359026,0.5348836533714973
874,S-20230517,5.0,13,pa,S-20230517-1,4,1,227.6130523681641,0.6223191705389475,0.0,,1.0,S,5.427647048446885,-0.4743021819374642,0.5269790053322613
873,S-20230517,5.0,12,pa,S-20230517-1,4,1,213.4047393798828,0.7845506068560741,0.0,,1.0,S,5.363190547523957,-0.24264420046888385,0.42021012676224345
872,S-20230517,5.0,11,pa,S-20230517-1,4,1,205.2263946533203,0.6819552976862209,0.0,,1.0,S,5.324113733939441,-0.38279116920153444,0.3554813949079162
871,S-20230517,5.0,10,pa,S-20230517-1,4,1,197.8975067138672,0.7889576877008668,0.0,,1.0,S,5.287749253811961,-0.23704258732983766,0.29524550392098026
870,S-20230517,5.0,9,pa,S-20230517-1,4,1,212.23326110839844,0.7981763907052901,0.0,,1.0,S,5.357685958045711,-0.22542566497421443,0.41109205741058275
869,S-20230517,5.0,8,pa,S-20230517-1,4,1,227.00503540039065,0.7657516561612301,0.0,,1.0,S,5.424972199615953,-0.2668973704753391,0.5225482558200519
868,S-20230517,5.0,7,pa,S-20230517-1,4,1,238.3101348876953,0.647727714282949,0.0,,1.0,S,5.473572913152885,-0.4342848649438973,0.60305283810021
867,S-20230517,5.0,6,pa,S-20230517-1,4,1,216.4279022216797,0.5892140614271355,0.0,,1.0,S,5.377257476838332,-0.5289657293913737,0.4435112716632883
866,S-20230517,5.0,5,pa,S-20230517-1,4,1,212.78033447265625,0.6921894458175526,0.0,,1.0,S,5.360260340004722,-0.3678955951991388,0.4153563887167945
865,S-20230517,5.0,4,pa,S-20230517-1,4,1,211.78468322753903,0.6532718646481346,0.0,,1.0,S,5.355570113401866,-0.4257619045741719,0.4075872695828682
864,S-20230517,5.0,3,pa,S-20230517-1,4,1,208.73492431640625,0.6268562631577286,0.0,,1.0,S,5.341065142279496,-0.4670380099924254,0.38356053095680315
863,S-20230517,5.0,2,pa,S-20230517-1,4,1,229.21360778808597,0.6126350674738301,0.0,,1.0,S,5.434654353881376,-0.4899858425492263,0.5385862463758415
862,S-20230517,5.0,1,pa,S-20230517-1,4,1,240.3366851806641,0.5688780498236401,0.0,,1.0,S,5.482040795179769,-0.5640891915106971,0.6170794491468549
861,S-20230517,5.0,0,pa,S-20230517-1,4,1,228.940673828125,0.5536408651311184,0.0,,1.0,S,5.433462903738052,-0.5912390603309162,0.5366126704936061
860,S-20230517,4.0,16,pa,S-20230517-1,3,1,152.35508728027344,0.5403090553151522,0.0,,1.0,S,5.026213896933772,-0.6156139784814222,-0.13797436312831518
859,S-20230517,4.0,15,pa,S-20230517-1,3,1,134.71533203125,0.5979525275933995,0.0,,1.0,S,4.903163900481969,-0.5142439134780032,-0.34180035338665954
858,S-20230517,4.0,14,pa,S-20230517-1,3,1,140.91502380371094,0.6337842806799472,0.0,,1.0,S,4.948157040641989,-0.4560466337369749,-0.2672715308560508
857,S-20230517,4.0,13,pa,S-20230517-1,3,1,147.20501708984375,0.6527068987197531,0.0,,1.0,S,4.991826289204734,-0.4266271038859396,-0.1949356666642492
856,S-20230517,4.0,12,pa,S-20230517-1,3,1,133.9837188720703,0.5313727668705006,0.0,,1.0,S,4.897718291614373,-0.6322914948610597,-0.3508207243903449
855,S-20230517,4.0,11,pa,S-20230517-1,3,1,122.39258575439452,0.7770079372200662,0.0,,1.0,S,4.807233794341547,-0.2523047134542241,-0.500703640208925
854,S-20230517,4.0,10,pa,S-20230517-1,3,1,109.61164093017578,0.5997074123700479,0.0,,1.0,S,4.696943581740295,-0.5113133887539139,-0.6833937047962791
853,S-20230517,4.0,9,pa,S-20230517-1,3,1,147.0331573486328,0.6712851522051935,0.0,,1.0,S,4.990658121538641,-0.39856126625433946,-0.1968706763204447
852,S-20230517,4.0,8,pa,S-20230517-1,3,1,153.9932098388672,0.6109938577272658,0.0,,1.0,S,5.0369085094861425,-0.4926683726806039,-0.12025928749424093
851,S-20230517,4.0,7,pa,S-20230517-1,3,1,136.3828887939453,0.5136094760873213,0.0,,1.0,S,4.915466288815272,-0.6662920764508095,-0.32142207986464244
850,S-20230517,4.0,6,pa,S-20230517-1,3,1,157.5692901611328,0.6352587786768531,0.0,,1.0,S,5.0598652990525474,-0.4537228376300394,-0.08223254632031746
849,S-20230517,4.0,5,pa,S-20230517-1,3,1,152.49822998046875,0.515745402423569,0.0,,1.0,S,5.027152989294658,-0.6621420414213203,-0.13641880493310157
848,S-20230517,4.0,4,pa,S-20230517-1,3,1,144.90402221679688,0.5037975035155569,0.0,,1.0,S,4.976071607511401,-0.6855808703844462,-0.22103248657440866
847,S-20230517,4.0,3,pa,S-20230517-1,3,1,165.10377502441406,0.4704680517665771,0.0,,1.0,S,5.1065742157429,-0.7540272249899825,-0.004861628215214467
846,S-20230517,4.0,2,pa,S-20230517-1,3,1,173.3132781982422,0.5108233367852684,0.0,,1.0,S,5.15510081351084,-0.6717314691303429,0.0755201851056245
845,S-20230517,4.0,1,pa,S-20230517-1,3,1,153.4392547607422,0.5337164427754466,0.0,,1.0,S,5.033304754246002,-0.6278905870940669,-0.12622872269660665
1114,S-20230524,2.0,0,pa,S-20230524-1,1,1,311.189697265625,0.6546915371693576,0.0,,1.0,S,5.740402685283278,-0.4235910898911924,1.0450426317056767
1115,S-20230524,2.0,1,pa,S-20230524-1,1,1,271.61376953125,0.6888035344633678,0.0,,1.0,S,5.60438109223174,-0.3727991945470428,0.8197298588515407
1116,S-20230524,2.0,2,pa,S-20230524-1,1,1,273.872802734375,0.6221944954428,0.0,,1.0,S,5.612663775005766,-0.474502541483482,0.8334496968612303
1117,S-20230524,2.0,3,pa,S-20230524-1,1,1,257.95281982421875,0.6752319598762355,0.0,,1.0,S,5.552776699300685,-0.392699002880683,0.7342498361440806
1118,S-20230524,2.0,4,pa,S-20230524-1,1,1,238.7641448974609,0.6411239410087539,0.0,,1.0,S,5.475476223249701,-0.4445324850443882,0.6062055733821182
1119,S-20230524,2.0,5,pa,S-20230524-1,1,1,244.26339721679688,0.775315909520156,0.0,,1.0,S,5.498247139845671,-0.25448470749806873,0.6439244255405718
1120,S-20230524,2.0,6,pa,S-20230524-1,1,1,254.1674652099609,0.5817878279663287,0.0,,1.0,S,5.537993361618204,-0.5416494544765544,0.7097619976284951
1121,S-20230524,2.0,7,pa,S-20230524-1,1,1,243.5195159912109,0.6635407115131251,0.0,,1.0,S,5.495197087118828,-0.41016506836861943,0.6388721700727505
1122,S-20230524,2.0,8,pa,S-20230524-1,1,1,247.5299072265625,0.8624291460504665,0.0,,1.0,S,5.51153141198755,-0.14800228295778328,0.6659291390899971
1123,S-20230524,2.0,9,pa,S-20230524-1,1,1,256.6519775390625,0.7502616854045492,0.0,,1.0,S,5.547720994174611,-0.2873332194353386,0.725875320634202
1124,S-20230524,2.0,10,pa,S-20230524-1,1,1,258.8214111328125,0.7310691994260168,0.0,,1.0,S,5.556138291557057,-0.3132471596552392,0.7398181408190697
1125,S-20230524,2.0,11,pa,S-20230524-1,1,1,265.1025390625,0.7180057386226615,0.0,,1.0,S,5.580116691002791,-0.3312777174551822,0.7795371262133617
1126,S-20230524,2.0,12,pa,S-20230524-1,1,1,275.1953430175781,0.658402430753382,0.0,,1.0,S,5.617481183741509,-0.4179389377163381,0.8414294866568898
1127,S-20230524,2.0,13,pa,S-20230524-1,1,1,296.14263916015625,0.6114185992569272,0.0,,1.0,S,5.690841227307399,-0.49197344922113223,0.9629466256766354
73,S-20230513,1.0,5,pa,S-20230513-1,2,1,125.6874496092138,0.6280961120836288,0.0,,1.0,S,4.833798266611567,-0.4650620795049325,-0.45670095819139267
1129,S-20230524,2.0,15,pa,S-20230524-1,1,1,287.4588317871094,0.7020636681968071,0.0,,1.0,S,5.661079656200229,-0.3537311836318613,0.9136481138726213
1130,S-20230524,2.0,16,pa,S-20230524-1,1,1,255.81011962890625,0.9268572114655652,0.0,,1.0,S,5.544435449069455,-0.07595575821955375,0.7204329841538502
1131,S-20230524,3.0,0,pa,S-20230524-1,2,1,365.3816223144531,1.015035151136377,0.0,,1.0,S,5.900942347973155,0.014923243555543784,1.3109683258711509
1132,S-20230524,3.0,1,pa,S-20230524-1,2,1,292.30450439453125,0.9729996558269304,0.0,,1.0,S,5.67779608217476,-0.027371550519801564,0.9413380137189301
1133,S-20230524,3.0,2,pa,S-20230524-1,2,1,292.7577819824219,1.0446357000406543,0.0,,1.0,S,5.679345584472675,0.04366821223605737,0.9439046845794516
1134,S-20230524,3.0,3,pa,S-20230524-1,2,1,296.4595642089844,0.9447022676686724,0.0,,1.0,S,5.691910832102121,-0.056885461798505246,0.9647183710058155
1135,S-20230524,3.0,4,pa,S-20230524-1,2,1,260.5067443847656,0.8201231121477832,0.0,,1.0,S,5.562628751010928,-0.1983008132276452,0.7505692530788334
1136,S-20230524,3.0,5,pa,S-20230524-1,2,1,283.0098876953125,0.8700165920467224,0.0,,1.0,S,5.645481835885584,-0.13924299619729116,0.8878111267683628
1137,S-20230524,3.0,6,pa,S-20230524-1,2,1,305.7560729980469,0.6725980591220466,0.0,,1.0,S,5.722787636996505,-0.3966073653149118,1.0158642102182256
1138,S-20230524,3.0,7,pa,S-20230524-1,2,1,280.736328125,0.8216988410711181,0.0,,1.0,S,5.637415894748009,-0.19638132444988615,0.8744503101317226
1139,S-20230524,3.0,8,pa,S-20230524-1,2,1,321.0359191894531,0.9039790749765668,0.0,,1.0,S,5.771553014656384,-0.10094906600767542,1.0966415501488302
1140,S-20230524,3.0,9,pa,S-20230524-1,2,1,323.0849304199219,0.640316557291019,0.0,,1.0,S,5.77791523113588,-0.4457926041457327,1.107180234517499
1141,S-20230524,3.0,10,pa,S-20230524-1,2,1,311.278076171875,0.6144346372143126,0.0,,1.0,S,5.740686648279003,-0.4870527230633864,1.0455130018029495
1142,S-20230524,3.0,11,pa,S-20230524-1,2,1,340.2086181640625,0.6757377734119565,0.0,,1.0,S,5.829559012280703,-0.39195018734930165,1.192725501775201
1143,S-20230524,3.0,12,pa,S-20230524-1,2,1,297.2068176269531,0.867268055962505,0.0,,1.0,S,5.6944282521059115,-0.1424071735594363,0.9688883477629447
1144,S-20230524,3.0,13,pa,S-20230524-1,2,1,313.4161071777344,0.7734672028214131,0.0,,1.0,S,5.747531723552536,-0.25687201087454076,1.0568515169289305
1145,S-20230524,3.0,14,pa,S-20230524-1,2,1,327.0104064941406,0.6808266561449798,0.0,,1.0,S,5.789991994531979,-0.384447548339976,1.1271847719356674
1146,S-20230524,4.0,0,pa,S-20230524-1,3,1,238.68898010253903,1.090566664927909,0.0,,1.0,S,5.475161365972171,0.08669743723295084,0.6056840284960298
1147,S-20230524,4.0,1,pa,S-20230524-1,3,1,214.719970703125,0.9798350687171472,0.0,,1.0,S,5.36933471734108,-0.020371018708487783,0.4303876280495438
1148,S-20230524,4.0,2,pa,S-20230524-1,3,1,219.1082000732422,0.9946775181072524,0.0,,1.0,S,5.3895656720683185,-0.005336696760851093,0.4638991640109954
1149,S-20230524,4.0,3,pa,S-20230524-1,3,1,248.63088989257807,0.9742500737574796,0.0,,1.0,S,5.515969426758104,-0.02608725905638815,0.6732804822957943
1150,S-20230524,4.0,4,pa,S-20230524-1,3,1,246.9013214111328,1.0837807910870172,0.0,,1.0,S,5.50898874834626,0.08045566032333035,0.6617173475457143
1151,S-20230524,4.0,5,pa,S-20230524-1,3,1,253.27069091796875,1.0407402254281397,0.0,,1.0,S,5.534458841343105,0.03993221519502679,0.7039072465847406
1152,S-20230524,4.0,6,pa,S-20230524-1,3,1,248.0616455078125,1.0424728700355583,0.0,,1.0,S,5.513677285872448,0.04159565040548405,0.6694836688110136
1153,S-20230524,4.0,7,pa,S-20230524-1,3,1,291.7645263671875,0.7378311902190156,0.0,,1.0,S,5.675947060388816,-0.30404022008717263,0.9382752042317554
1154,S-20230524,4.0,8,pa,S-20230524-1,3,1,262.1952209472656,0.8337246089244132,0.0,,1.0,S,5.569089344417745,-0.18185213627971025,0.7612708937677605
1155,S-20230524,4.0,9,pa,S-20230524-1,3,1,255.6995391845703,0.6878272311437783,0.0,,1.0,S,5.544003080123324,-0.37421759010765626,0.7197167872327336
1156,S-20230524,4.0,10,pa,S-20230524-1,3,1,260.958984375,0.7711839166764349,0.0,,1.0,S,5.564363246985149,-0.259828390835277,0.7534423564493249
1157,S-20230524,4.0,11,pa,S-20230524-1,3,1,250.5872344970703,0.8838785778049463,0.0,,1.0,S,5.523807101408191,-0.12343558120288271,0.6862631872364034
1158,S-20230524,4.0,12,pa,S-20230524-1,3,1,264.9695739746094,0.8628629887823127,0.0,,1.0,S,5.5796150042043005,-0.14749936205270123,0.7787061078350558
1159,S-20230524,4.0,13,pa,S-20230524-1,3,1,261.6908874511719,0.8545934699527944,0.0,,1.0,S,5.5671639883382245,-0.15712939685828078,0.7580816404493997
1160,S-20230524,4.0,14,pa,S-20230524-1,3,1,307.1398010253906,0.7061989527209782,0.0,,1.0,S,5.727303021867001,-0.34785827846689144,1.0233437130151792
1161,S-20230524,5.0,0,pa,S-20230524-1,4,1,296.0752868652344,0.6974225499830133,0.0,,1.0,S,5.690613769500898,-0.36036381090282954,0.9625698535190645
1162,S-20230524,5.0,1,pa,S-20230524-1,4,1,234.26878356933597,0.6615100483697525,0.0,,1.0,S,5.456469103898837,-0.4132301052632046,0.5747212577757722
1163,S-20230524,5.0,2,pa,S-20230524-1,4,1,239.65884399414065,0.7378438621242083,0.0,,1.0,S,5.47921642871833,-0.30402304570291655,0.6124010313698934
1164,S-20230524,5.0,3,pa,S-20230524-1,4,1,250.2671813964844,0.5938681018067271,0.0,,1.0,S,5.5225290727675596,-0.5210980351068536,0.6841461985263937
1165,S-20230524,5.0,4,pa,S-20230524-1,4,1,267.5931701660156,0.8462378907985801,0.0,,1.0,S,5.589467805379846,-0.1669547641063849,0.7950267662205343
1166,S-20230524,5.0,5,pa,S-20230524-1,4,1,334.7552490234375,0.78816884731717,0.0,,1.0,S,5.813399664876837,-0.2380429388323514,1.1659583739288235
1167,S-20230524,5.0,6,pa,S-20230524-1,4,1,340.1252136230469,0.7849840038190408,0.0,,1.0,S,5.829313825175383,-0.24209193870793363,1.1923193619460135
1168,S-20230524,5.0,7,pa,S-20230524-1,4,1,347.117919921875,0.848129174312426,0.0,,1.0,S,5.8496645490829815,-0.16472232659238045,1.2260292893946105
1169,S-20230524,5.0,8,pa,S-20230524-1,4,1,276.6015014648437,0.742333868848938,0.0,,1.0,S,5.622577847505309,-0.29795617899807236,0.849871848043526
1170,S-20230524,5.0,9,pa,S-20230524-1,4,1,292.8423156738281,0.964827678340825,0.0,,1.0,S,5.679634292388989,-0.03580576525650861,0.9443829143936318
1171,S-20230524,5.0,10,pa,S-20230524-1,4,1,252.59005737304688,0.9407590310171124,0.0,,1.0,S,5.531767847989887,-0.06106824974907437,0.6994497545017297
1172,S-20230524,5.0,11,pa,S-20230524-1,4,1,245.3281707763672,0.8130264370367328,0.0,,1.0,S,5.502596786808247,-0.2069916520826611,0.6511293920174981
1173,S-20230524,5.0,12,pa,S-20230524-1,4,1,256.6709289550781,0.7584126539431217,0.0,,1.0,S,5.547794832360223,-0.27652764312893435,0.7259976297909287
1174,S-20230524,5.0,13,pa,S-20230524-1,4,1,264.19189453125,0.8086692918823069,0.0,,1.0,S,5.576675712326349,-0.21236523180077024,0.7738373220166307
1175,S-20230524,5.0,14,pa,S-20230524-1,4,1,295.1766357421875,0.8452161064519075,0.0,,1.0,S,5.687573942379199,-0.16816293704236024,0.9575345362402294
1176,S-20230524,5.0,15,pa,S-20230524-1,4,1,286.3423156738281,0.8019589979600781,0.0,,1.0,S,5.657188003047026,-0.2206977971605938,0.9072017905847999
1177,S-20230524,5.0,16,pa,S-20230524-1,4,1,230.1904296875,0.7961151523273067,0.0,,1.0,S,5.438906921520436,-0.22801143987276987,0.5456304059464724
1178,S-20230524,6.0,0,pa,S-20230524-1,6,1,238.94851684570312,1.1910552448363223,0.0,,1.0,S,5.4762481180398614,0.1748396745503999,0.6074841774009435
1179,S-20230524,6.0,1,pa,S-20230524-1,6,1,266.6350402832031,0.9613983114186836,0.0,,1.0,S,5.585880833028419,-0.03936647990130659,0.7890851310101235
1180,S-20230524,6.0,2,pa,S-20230524-1,6,1,282.57672119140625,0.9319579018974888,0.0,,1.0,S,5.643950093154081,-0.0704676349546122,0.8852738737161705
1181,S-20230524,6.0,3,pa,S-20230524-1,6,1,293.4956970214844,0.6769563296264973,0.0,,1.0,S,5.681862978245804,-0.39014851387201527,0.9480746178868383
1182,S-20230524,6.0,4,pa,S-20230524-1,6,1,274.0914306640625,0.7261487922801688,0.0,,1.0,S,5.613461739281399,-0.32000033711201264,0.8347714836419019
1183,S-20230524,6.0,5,pa,S-20230524-1,6,1,318.5496826171875,0.7826950945525599,0.0,,1.0,S,5.763778452226065,-0.24501206553152374,1.0837633873541996
1184,S-20230524,6.0,6,pa,S-20230524-1,6,1,290.880615234375,0.708254323952568,0.0,,1.0,S,5.672912926066549,-0.3449520351682722,0.9332493167823798
1185,S-20230524,6.0,7,pa,S-20230524-1,6,1,290.01727294921875,0.7485303014815532,0.0,,1.0,S,5.669940483100638,-0.28964359300057935,0.9283256178918192
1186,S-20230524,6.0,8,pa,S-20230524-1,6,1,278.55548095703125,0.7148422692395116,0.0,,1.0,S,5.629617253017204,-0.3356933630866533,0.8615322612143141
1187,S-20230524,6.0,9,pa,S-20230524-1,6,1,307.3706359863281,0.7001089999555479,0.0,,1.0,S,5.728054302749771,-0.35651924183872225,1.0245881711566538
1188,S-20230524,6.0,10,pa,S-20230524-1,6,1,355.8519287109375,0.7142394256111544,0.0,,1.0,S,5.874514713741657,-0.3365370428654761,1.2671923090264028
1189,S-20230524,6.0,11,pa,S-20230524-1,6,1,358.6251525878906,1.0261576843444598,0.0,,1.0,S,5.882277699781788,0.0258214233846112,1.280051296126099
1190,S-20230524,6.0,12,pa,S-20230524-1,6,1,385.2568664550781,0.9642935275646582,0.0,,1.0,S,5.953910297416026,-0.03635954154405563,1.3987070098082592
1191,S-20230524,6.0,13,pa,S-20230524-1,6,1,430.0086364746094,1.105178877853234,0.0,,1.0,S,6.063805293310583,0.10000720227866301,1.5807424182482628
651,S-20230513,2.0,14,pa,S-20230513-1,1,1,212.48809814453125,0.8269899015804079,0.0,,1.0,S,5.358885978064306,-0.18996279493939866,0.4130798288504275
652,S-20230513,2.0,15,pa,S-20230513-1,1,1,218.3679351806641,0.6362526991834692,0.0,,1.0,S,5.386181416153737,-0.45215946879482105,0.4582933181518496
653,S-20230513,2.0,16,pa,S-20230513-1,1,1,252.94305419921875,0.7548317085415626,0.0,,1.0,S,5.5331643811761895,-0.2812604571735447,0.7017630398965677
654,S-20230513,3.0,0,pa,S-20230513-1,2,1,178.3095703125,0.7085292201177733,0.0,,1.0,S,5.183521198765137,-0.3445639784749185,0.12259709152593164
655,S-20230513,3.0,1,pa,S-20230513-1,2,1,192.965576171875,0.6550865688076524,0.0,,1.0,S,5.262511811192771,-0.4229878859615039,0.25344097826656964
656,S-20230513,3.0,2,pa,S-20230513-1,2,1,185.79122924804688,0.6099363736035119,0.0,,1.0,S,5.224623619926709,-0.4944006328229974,0.19068113814802598
657,S-20230513,3.0,3,pa,S-20230513-1,2,1,211.9200439453125,0.5256743890758973,0.0,,1.0,S,5.356209052331255,-0.6430732900990523,0.40864563905668033
658,S-20230513,3.0,4,pa,S-20230513-1,2,1,217.0259704589844,0.6470975999067221,0.0,,1.0,S,5.380017025913926,-0.43525814592483364,0.44808232277436877
659,S-20230513,3.0,5,pa,S-20230513-1,2,1,208.3264617919922,0.6964374041057564,0.0,,1.0,S,5.33910637712589,-0.36177736186740705,0.3803159372255572
660,S-20230513,3.0,6,pa,S-20230513-1,2,1,194.55311584472656,0.9224044727184229,0.0,,1.0,S,5.270705214952412,-0.08077146103815207,0.26701293018084243
661,S-20230513,4.0,0,pa,S-20230513-1,3,1,224.59288024902344,0.5603082438113116,0.0,,1.0,S,5.414289342109214,-0.5792682113095851,0.5048526518144666
662,S-20230513,4.0,1,pa,S-20230513-1,3,1,256.5050964355469,0.4431717777908091,0.0,,1.0,S,5.547148533557868,-0.8137978238464452,0.7249270690660904
663,S-20230513,4.0,2,pa,S-20230513-1,3,1,281.7940673828125,0.5885575428925112,0.0,,1.0,S,5.641176546662462,-0.5300805781450959,0.8806796366053768
664,S-20230513,4.0,3,pa,S-20230513-1,3,1,277.4261474609375,0.5783996124328361,0.0,,1.0,S,5.625554762490311,-0.5474902782055173,0.8548029546037003
665,S-20230513,4.0,4,pa,S-20230513-1,3,1,269.2320861816406,0.6318143729879893,0.0,,1.0,S,5.595573781535813,-0.459159641604174,0.805141001672554
666,S-20230513,4.0,5,pa,S-20230513-1,3,1,229.83432006835935,0.7857872341411856,0.0,,1.0,S,5.437358701819378,-0.24106921767415665,0.5430658596416766
667,S-20230513,4.0,6,pa,S-20230513-1,3,1,196.9341735839844,0.6722831927111983,0.0,,1.0,S,5.2828695286556275,-0.39707560950550047,0.287162490179751
668,S-20230513,4.0,7,pa,S-20230513-1,3,1,176.99771118164062,0.9579042984689377,0.0,,1.0,S,5.176136801313049,-0.04300740321538808,0.11036521695027954
669,S-20230513,4.0,8,pa,S-20230513-1,3,1,185.91783142089844,0.6847068038693802,0.0,,1.0,S,5.2253048095513,-0.3787645558964878,0.19180949372534875
670,S-20230513,4.0,9,pa,S-20230513-1,3,1,190.79864501953125,0.7673584830280422,0.0,,1.0,S,5.251218657414186,-0.26480120345629243,0.23473444987620595
671,S-20230513,4.0,10,pa,S-20230513-1,3,1,203.81048583984372,0.6786689021431691,0.0,,1.0,S,5.317190571083503,-0.38762189606113884,0.3440135317179803
672,S-20230513,4.0,11,pa,S-20230513-1,3,1,227.57962036132807,0.69360828832618,0.0,,1.0,S,5.42750015677266,-0.36584790386664284,0.526735686829027
36,S-20230512,0.0,0,pa,S-20230512-2,1,1,374.5419031948428,0.5613934048675215,0.0,,1.0,S,5.925703687738907,-0.5773333627765093,1.35198421163637
37,S-20230512,0.0,1,pa,S-20230512-2,1,1,387.4366639243093,0.6149840740482837,0.0,,1.0,S,5.959552387497066,-0.48615890736737194,1.408052841836343
38,S-20230512,0.0,2,pa,S-20230512-2,1,1,390.74205265322746,0.5875102193259654,0.0,,1.0,S,5.9680476303953975,-0.5318616385177194,1.4221247747592816
39,S-20230512,0.0,3,pa,S-20230512-2,1,1,371.5242780748648,0.5570751781043057,0.0,,1.0,S,5.9176142135026195,-0.5850550784958218,1.3385844136320968
40,S-20230512,0.0,4,pa,S-20230512-2,1,1,358.258148909912,0.6834159534671311,0.0,,1.0,S,5.8812538128833936,-0.3806515953136423,1.2783552801407625
41,S-20230512,0.0,5,pa,S-20230512-2,1,1,370.8137679967076,0.5734582525288658,0.0,,1.0,S,5.915699963522087,-0.5560701392578637,1.3354135569954868
42,S-20230512,0.0,6,pa,S-20230512-2,1,1,359.83615384615234,0.5726203533822343,0.0,,1.0,S,5.885648799642746,-0.5575323413993191,1.285635349659075
43,S-20230512,0.0,7,pa,S-20230512-2,1,1,339.37688605511994,0.6911878817442005,0.0,,1.0,S,5.827111248109575,-0.36934359384476595,1.18867090632225
44,S-20230512,1.0,0,pa,S-20230512-2,1,2,276.24727364139005,0.5711811303578251,0.0,,1.0,S,5.621296383611823,-0.5600489035902741,0.8477491690138489
45,S-20230512,1.0,1,pa,S-20230512-2,1,2,290.8539819004511,0.7535747204519723,0.0,,1.0,S,5.672821360826752,-0.28292710133043897,0.9330976436721566
46,S-20230512,1.0,2,pa,S-20230512-2,1,2,297.60610859728376,0.7536416340460708,0.0,,1.0,S,5.695770828948827,-0.2828383103696154,0.9711122572501135
47,S-20230512,1.0,3,pa,S-20230512-2,1,2,270.81413821472535,0.662915356861939,0.0,,1.0,S,5.601432748739991,-0.4111079638212871,0.8148460795004148
48,S-20230512,1.0,4,pa,S-20230512-2,1,2,271.2825174825163,0.7349435700159965,0.0,,1.0,S,5.603160777789498,-0.30796155820512916,0.8177084707427328
49,S-20230512,1.0,5,pa,S-20230512-2,1,2,267.72130810365985,0.73323737385366,0.0,,1.0,S,5.5899465443091785,-0.3102857907018679,0.7958197726338629
50,S-20230512,1.0,6,pa,S-20230512-2,1,2,246.47640065816427,0.7268760449782956,0.0,,1.0,S,5.507266251204525,-0.31899931807888043,0.6588641196240963
51,S-20230512,1.0,7,pa,S-20230512-2,1,2,238.26308515014287,0.8099836955460162,0.0,,1.0,S,5.473375462957502,-0.21074116047377825,0.6027257720070691
674,S-20230513,5.0,0,pa,S-20230513-1,4,1,253.30935668945312,0.7648518134178133,0.0,,1.0,S,5.534611495486284,-0.2680731718699803,0.7041601103214138
53,S-20230512,2.0,1,pa,S-20230512-2,1,3,325.8181489099122,0.6168506404775922,0.0,,1.0,S,5.786339400294502,-0.4831283581615757,1.1211344374461638
54,S-20230512,2.0,2,pa,S-20230512-2,1,3,288.3944549568066,0.6919388197365866,0.0,,1.0,S,5.664329178307808,-0.3682577380582109,0.9190307801102677
55,S-20230512,2.0,3,pa,S-20230512-2,1,3,246.929609214314,0.8679237988626358,0.0,,1.0,S,5.509103313074623,-0.14165135750425611,0.6619071181258082
56,S-20230512,2.0,4,pa,S-20230512-2,1,3,361.1080995475097,0.696276471620628,0.0,,1.0,S,5.8891773582382,-0.36200846818242205,1.2914802254871278
675,S-20230513,5.0,1,pa,S-20230513-1,4,1,231.8299560546875,0.6246648313082552,0.0,,1.0,S,5.446004154888433,-0.47054004299666213,0.5573866079866174
676,S-20230513,5.0,2,pa,S-20230513-1,4,1,210.4326934814453,0.648555052117878,0.0,,1.0,S,5.34916585606143,-0.43300838735935837,0.39697894669035255
677,S-20230513,5.0,3,pa,S-20230513-1,4,1,204.32032775878903,0.6799704162089633,0.0,,1.0,S,5.319688996427368,-0.3857059873334337,0.3481520447979
678,S-20230513,5.0,4,pa,S-20230513-1,4,1,216.4736175537109,0.4644346033663353,0.0,,1.0,S,5.377468681142834,-0.7669345199482013,0.4438611207307679
843,S-20230517,3.0,8,pa,S-20230517-1,2,1,160.8205108642578,0.6251075583126031,0.0,,1.0,S,5.080288903736384,-0.46983155075192384,-0.04840189561437892
842,S-20230517,3.0,7,pa,S-20230517-1,2,1,142.73460388183594,0.5477044176999257,0.0,,1.0,S,4.960986989002053,-0.6020195213131307,-0.2460193812838417
841,S-20230517,3.0,6,pa,S-20230517-1,2,1,145.2398681640625,0.5353288590297609,0.0,,1.0,S,4.978386638834779,-0.6248740311552532,-0.21719775625687127
840,S-20230517,3.0,5,pa,S-20230517-1,2,1,151.60215759277344,0.6230736828923931,0.0,,1.0,S,5.0212597052493,-0.4730904960928245,-0.1461807268433486
839,S-20230517,3.0,4,pa,S-20230517-1,2,1,154.76565551757812,0.5503476727714869,0.0,,1.0,S,5.041912072958724,-0.5972050681552976,-0.11197114195155553
838,S-20230517,3.0,3,pa,S-20230517-1,2,1,235.37857055664065,0.5466426731004717,0.0,,1.0,S,5.461195156513414,-0.6039599384650952,0.5825497208554635
837,S-20230517,3.0,2,pa,S-20230517-1,2,1,208.1328582763672,0.5869941449690579,0.0,,1.0,S,5.338176617505959,-0.5327404337028359,0.3787758382357224
836,S-20230517,3.0,1,pa,S-20230517-1,2,1,240.1483154296875,0.541146265018142,0.0,,1.0,S,5.481256713427424,-0.6140656761993062,0.6157806580519866
835,S-20230517,3.0,0,pa,S-20230517-1,2,1,195.477294921875,0.681297345811771,0.0,,1.0,S,5.275444234173788,-0.38375643698029094,0.2748628717777826
834,S-20230517,2.0,13,pa,S-20230517-1,1,1,133.1692352294922,0.6519967736833472,0.0,,1.0,S,4.891620764683808,-0.42771566540615175,-0.3609209641350575
833,S-20230517,2.0,12,pa,S-20230517-1,1,1,153.07044982910156,0.6684186307546618,0.0,,1.0,S,5.030898271814275,-0.4028406089888862,-0.13021493707149465
832,S-20230517,2.0,11,pa,S-20230517-1,1,1,144.5530548095703,0.6602898661402214,0.0,,1.0,S,4.973646601477172,-0.41507634925630976,-0.22504938434411262
831,S-20230517,2.0,10,pa,S-20230517-1,1,1,155.35595703125,0.644663220518467,0.0,,1.0,S,5.045718980976096,-0.4390272372793193,-0.1056651946225192
830,S-20230517,2.0,9,pa,S-20230517-1,1,1,151.16000366210938,0.6453965734153897,0.0,,1.0,S,5.018338902707997,-0.4378903086200962,-0.15101888602658273
829,S-20230517,2.0,8,pa,S-20230517-1,1,1,153.20693969726562,0.6449746270724397,0.0,,1.0,S,5.031789554565578,-0.4385443008323055,-0.12873857303554959
828,S-20230517,2.0,7,pa,S-20230517-1,1,1,139.1308135986328,0.6579545014079748,0.0,,1.0,S,4.935414595595135,-0.4186194968439606,-0.28837873569050876
827,S-20230517,2.0,6,pa,S-20230517-1,1,1,182.13009643554688,0.644368053624607,0.0,,1.0,S,5.204721247297749,-0.439485204289026,0.15771388153231852
826,S-20230517,2.0,5,pa,S-20230517-1,1,1,167.8917236328125,0.6193796790733828,0.0,,1.0,S,5.123319269436804,-0.4790368194184355,0.022875691975818173
825,S-20230517,2.0,4,pa,S-20230517-1,1,1,156.5401611328125,0.6523775372921996,0.0,,1.0,S,5.053312597715708,-0.4271318397106227,-0.09308675905791479
824,S-20230517,2.0,3,pa,S-20230517-1,1,1,190.62681579589844,0.6167034121161521,0.0,,1.0,S,5.250317672802989,-0.48336706413774205,0.23324201520834614
823,S-20230517,2.0,2,pa,S-20230517-1,1,1,221.99388122558597,0.5104709768787927,0.0,,1.0,S,5.4026498194455295,-0.6724214953367798,0.48557238118082063
822,S-20230517,2.0,1,pa,S-20230517-1,1,1,178.99903869628906,0.6468529994714736,0.0,,1.0,S,5.187380435414541,-0.4356362135856541,0.12898971854249758
821,S-20230517,2.0,0,pa,S-20230517-1,1,1,155.73988342285156,0.6845195149987298,0.0,,1.0,S,5.048187201611586,-0.37903812480067495,-0.10157671408849626
679,S-20230513,5.0,5,pa,S-20230513-1,4,1,233.3627777099609,0.5429467486979682,0.0,,1.0,S,5.45259422859953,-0.6107440325534418,0.5683027261399888
680,S-20230513,5.0,6,pa,S-20230513-1,4,1,231.90887451171875,0.5392870472217588,0.0,,1.0,S,5.4463445122300715,-0.6175072946878933,0.5579503924173496
681,S-20230513,5.0,7,pa,S-20230513-1,4,1,266.8247985839844,0.6345062508673216,0.0,,1.0,S,5.586592257937884,-0.454908140233477,0.7902635697817404
682,S-20230513,5.0,8,pa,S-20230513-1,4,1,271.2607421875,0.6479792947299963,0.0,,1.0,S,5.603080506605072,-0.43389653571752307,0.8175755056543413
683,S-20230513,5.0,9,pa,S-20230513-1,4,1,240.18038940429688,0.6502417333783654,0.0,,1.0,S,5.48139026353315,-0.4304110877240132,0.6160018769332031
684,S-20230513,5.0,10,pa,S-20230513-1,4,1,249.6729736328125,0.5875762630090726,0.0,,1.0,S,5.520151956076687,-0.5317492320111863,0.6802086269908558
685,S-20230513,5.0,11,pa,S-20230513-1,4,1,237.82275390625,0.6373735583189593,0.0,,1.0,S,5.471525664734878,-0.450399361513342,0.599661676392468
686,S-20230513,5.0,12,pa,S-20230513-1,4,1,234.8409118652344,0.5449584625098147,0.0,,1.0,S,5.458908314109731,-0.6070457028017694,0.5787616840335531
687,S-20230513,5.0,13,pa,S-20230513-1,4,1,258.45465087890625,0.548052287625616,0.0,,1.0,S,5.554720246755455,-0.6013845812106673,0.7374692225399005
688,S-20230513,5.0,14,pa,S-20230513-1,4,1,235.5755920410156,0.6292347691317968,0.0,,1.0,S,5.4620318472638765,-0.4632508500561615,0.5839356560498611
689,S-20230513,5.0,15,pa,S-20230513-1,4,1,261.4710998535156,0.5700415665370766,0.0,,1.0,S,5.566323760584985,-0.5620459970630913,0.7566898463918219
690,S-20230513,5.0,16,pa,S-20230513-1,4,1,243.93646240234372,0.5354190972033326,0.0,,1.0,S,5.496907791392843,-0.6247054794932864,0.6417058637155367
691,S-20230513,6.0,0,pa,S-20230513-1,5,1,333.5313415527344,0.7486419425604769,0.0,,1.0,S,5.809736838609422,-0.2894944570817498,1.1598910906079944
692,S-20230513,6.0,1,pa,S-20230513-1,5,1,350.1972045898437,0.8181419724986032,0.0,,1.0,S,5.85849643749506,-0.20071939692753324,1.240658858296291
693,S-20230513,6.0,2,pa,S-20230513-1,5,1,399.4010314941406,0.6885670501592589,0.0,,1.0,S,5.989966003587646,-0.3731425797028939,1.4584314326185672
694,S-20230513,6.0,3,pa,S-20230513-1,5,1,431.4274597167969,0.7572945832278251,0.0,,1.0,S,6.06709938449491,-0.2780029556308104,1.5861989108692092
57,S-20230512,2.0,5,pa,S-20230512-2,1,3,359.18251748251583,0.7633830764361473,0.0,,1.0,S,5.883830664537896,-0.26999530758827506,1.2826237023705316
58,S-20230512,2.0,6,pa,S-20230512-2,1,3,432.10737967914247,0.7910083315202439,0.0,,1.0,S,6.068674121429268,-0.23444677837457592,1.588807381607098
896,S-20230517,7.0,1,pa,S-20230517-1,6,1,158.36825561523438,0.8812856170329688,0.0,,1.0,S,5.064923052826786,-0.1263735091810709,-0.07385463733012239
59,S-20230512,2.0,7,pa,S-20230512-2,1,3,448.6956355409277,0.7111211395675419,0.0,,1.0,S,6.1063447860367654,-0.340912484553177,1.6512069000038385
60,S-20230513,0.0,0,pa,S-20230513-1,1,1,116.42427898898438,0.7302561146180455,0.0,,1.0,S,4.7572410959266485,-0.31435996442781516,-0.5835139738450965
61,S-20230513,0.0,1,pa,S-20230513-1,1,1,126.32854792266504,0.6956742465339332,0.0,,1.0,S,4.838886036456762,-0.36287376480020606,-0.44827332912348394
62,S-20230513,0.0,2,pa,S-20230513-1,1,1,140.87471822295288,0.6157804709575547,0.0,,1.0,S,4.947870972165946,-0.4848647572821185,-0.2677453885731774
63,S-20230513,0.0,3,pa,S-20230513-1,1,1,151.1364047716982,0.5820399805498262,0.0,,1.0,S,5.018182771905244,-0.5412161385073055,-0.15127750867102507
64,S-20230513,0.0,4,pa,S-20230513-1,1,1,133.87080213903687,0.5622938375996238,0.0,,1.0,S,4.896875171705132,-0.575730723019112,-0.35221730915558525
65,S-20230513,0.0,5,pa,S-20230513-1,1,1,128.33957219251283,0.6826134830671879,0.0,,1.0,S,4.854679658925142,-0.38182649018895104,-0.4221120058223089
66,S-20230513,0.0,6,pa,S-20230513-1,1,1,126.35409296585716,0.5471783924779157,0.0,,1.0,S,4.839088227182562,-0.6029804008841552,-0.4479384105855266
506,S-20230512,7.0,0,pa,S-20230512-1,5,1,259.9902648925781,0.5920318877315758,0.0,,1.0,S,5.560644187593678,-0.5241947811373211,0.7472819258507509
68,S-20230513,1.0,0,pa,S-20230513-1,2,1,114.95542300836368,0.7158262765156884,0.0,,1.0,S,4.744544427202638,-0.33431777202572993,-0.6045453525551905
69,S-20230513,1.0,1,pa,S-20230513-1,2,1,134.1054997943227,0.7850752234345482,0.0,,1.0,S,4.898626802081408,-0.24197573975947792,-0.34931582352936874
70,S-20230513,1.0,2,pa,S-20230513-1,2,1,124.4517030028789,0.7318219517464897,0.0,,1.0,S,4.823917712953632,-0.3122180299263366,-0.4730675871365484
71,S-20230513,1.0,3,pa,S-20230513-1,2,1,109.5029411764701,0.837794792172005,0.0,,1.0,S,4.695951408954918,-0.1769820865639521,-0.6850371879845627
695,S-20230513,6.0,4,pa,S-20230513-1,5,1,420.2754821777344,0.7908536138842983,0.0,,1.0,S,6.040910406209487,-0.23464239296267364,1.5428182153242762
696,S-20230513,6.0,5,pa,S-20230513-1,5,1,434.781982421875,0.601058111512021,0.0,,1.0,S,6.074844715616308,-0.509063657753483,1.599028653504074
697,S-20230513,6.0,6,pa,S-20230513-1,5,1,416.3598937988281,0.5817950275462032,0.0,,1.0,S,6.03155001557669,-0.5416370796296056,1.5273132096765762
698,S-20230513,6.0,7,pa,S-20230513-1,5,1,390.76611328125,0.7173767214418483,0.0,,1.0,S,5.968109205255595,-0.3321541629163456,1.4222267703482017
699,S-20230513,6.0,8,pa,S-20230513-1,5,1,317.52374267578125,0.8335432512889724,0.0,,1.0,S,5.760552595618056,-0.18206968696905526,1.0784199217993964
700,S-20230513,6.0,9,pa,S-20230513-1,5,1,355.7274780273437,0.8670907207050647,0.0,,1.0,S,5.874164926539598,-0.14261167018429158,1.2666129045168928
701,S-20230513,6.0,10,pa,S-20230513-1,5,1,309.3526611328125,0.7374565438231429,0.0,,1.0,S,5.73448192427655,-0.30454811613386423,1.03523519562215
83,S-20230517,0.0,7,pa,S-20230517-2,1,1,232.74468942821775,0.7965089589389951,0.0,,1.0,S,5.449942099261933,-0.2275169018120578,0.5639096102999518
702,S-20230513,6.0,11,pa,S-20230513-1,5,1,282.909423828125,0.8321987353387605,0.0,,1.0,S,5.645126789269584,-0.18368400209467609,0.8872230103101687
703,S-20230513,6.0,12,pa,S-20230513-1,5,1,270.3558959960937,1.2119221680269483,0.0,,1.0,S,5.599739224342171,0.19220766778552392,0.812040843438929
704,S-20230513,6.0,13,pa,S-20230513-1,5,1,262.80670166015625,0.9790330169807326,0.0,,1.0,S,5.571418787275251,-0.021189911810163085,0.7651294960503483
705,S-20230513,6.0,14,pa,S-20230513-1,5,1,265.1975402832031,0.9151555254198628,0.0,,1.0,S,5.580474983318481,-0.08866125501395056,0.7801306190061545
706,S-20230513,6.0,15,pa,S-20230513-1,5,1,257.4271545410156,0.7557062708888047,0.0,,1.0,S,5.550736785095109,-0.2801025088705263,0.7308708231820082
707,S-20230513,6.0,16,pa,S-20230513-1,5,1,290.3749389648437,0.643817291881021,0.0,,1.0,S,5.671172980896298,-0.44034030138986935,0.9303671870989338
708,S-20230513,7.0,0,pa,S-20230513-1,6,1,184.20895385742188,0.6944071874739439,0.0,,1.0,S,5.216070732072064,-0.36469676506464477,0.17651371931982182
709,S-20230513,7.0,1,pa,S-20230513-1,6,1,206.87347412109372,0.8354369287869439,0.0,,1.0,S,5.332107370254428,-0.17980042297992999,0.3687224423248118
710,S-20230513,7.0,2,pa,S-20230513-1,6,1,221.0133209228516,0.712636176179771,0.0,,1.0,S,5.39822297537026,-0.33878426063844824,0.47823954165721644
711,S-20230513,7.0,3,pa,S-20230513-1,6,1,213.62222290039065,0.7364674755187401,0.0,,1.0,S,5.364209141470112,-0.30589020492525754,0.4218973752444281
712,S-20230513,7.0,4,pa,S-20230513-1,6,1,219.9024353027344,0.6777575077724478,0.0,,1.0,S,5.393183972091181,-0.388965713169405,0.4698926918978547
713,S-20230513,7.0,5,pa,S-20230513-1,6,1,276.59918212890625,0.5508001209115179,0.0,,1.0,S,5.622569462353207,-0.5963832926078395,0.8498579584703442
714,S-20230513,7.0,6,pa,S-20230513-1,6,1,311.2365417480469,0.5525799653048544,0.0,,1.0,S,5.740553207480365,-0.5931571224796768,1.045291963983302
715,S-20230513,7.0,7,pa,S-20230513-1,6,1,334.4814453125,0.5537293676689199,0.0,,1.0,S,5.812581408111982,-0.5910792176055685,1.1646029736834655
716,S-20230513,7.0,8,pa,S-20230513-1,6,1,324.3975830078125,0.5488479919757943,0.0,,1.0,S,5.78196987155941,-0.5999337574584117,1.1138965378356473
717,S-20230513,7.0,9,pa,S-20230513-1,6,1,365.6460571289063,0.5618796962405259,0.0,,1.0,S,5.901665808475193,-0.5764675156322923,1.3121667009828353
718,S-20230513,7.0,10,pa,S-20230513-1,6,1,394.6314392089844,0.537439872554831,0.0,,1.0,S,5.977952264031022,-0.6209383902519443,1.4385312909489674
719,S-20230513,7.0,11,pa,S-20230513-1,6,1,443.3396606445313,0.5827201792854932,0.0,,1.0,S,6.094336204576366,-0.5400481747728884,1.6313153024553357
720,S-20230513,7.0,12,pa,S-20230513-1,6,1,418.8236083984375,0.6376242305448585,0.0,,1.0,S,6.037449848941563,-0.45000614949161377,1.5370859801977472
721,S-20230513,7.0,13,pa,S-20230513-1,6,1,390.3370056152344,0.5950873367058023,0.0,,1.0,S,5.967010482951708,-0.5190470998287806,1.4204067933626976
722,S-20230513,7.0,14,pa,S-20230513-1,6,1,347.0195007324219,0.5142406250914977,0.0,,1.0,S,5.849380976443951,-0.665063980869988,1.2255595659031249
723,S-20230513,7.0,15,pa,S-20230513-1,6,1,305.8373718261719,0.5622719591573038,0.0,,1.0,S,5.723053496054648,-0.5757696330453389,1.0163045920740388
72,S-20230513,1.0,4,pa,S-20230513-1,2,1,132.27084327437206,0.776780973372615,0.0,,1.0,S,4.884851663419251,-0.2525968559035854,-0.37213363222276247
673,S-20230513,4.0,12,pa,S-20230513-1,3,1,294.4817810058594,0.5974509274624715,0.0,,1.0,S,5.685217137021301,-0.5150831283192276,0.9536306093830843
724,S-20230513,7.0,16,pa,S-20230513-1,6,1,311.7249755859375,0.7486287102435227,0.0,,1.0,S,5.742121310563415,-0.2895121323322862,1.0478894460877008
52,S-20230512,2.0,0,pa,S-20230512-2,1,3,292.253421088714,0.5877965040781064,0.0,,1.0,S,5.6776213063186125,-0.5313744724833521,0.9410485065025158
82,S-20230517,0.0,6,pa,S-20230517-2,1,1,222.38602221308005,0.8150850852446272,0.0,,1.0,S,5.404414710639967,-0.20446277211731612,0.4884958326702763
81,S-20230517,0.0,5,pa,S-20230517-2,1,1,194.86467708761737,1.1667957603417474,0.0,,1.0,S,5.272305354006267,0.15426132542730586,0.26966347822316494
80,S-20230517,0.0,4,pa,S-20230517-2,1,1,213.5503702180163,0.9526296630252348,0.0,,1.0,S,5.3638727309222,-0.04852905208566291,0.42134012847450747
79,S-20230517,0.0,3,pa,S-20230517-2,1,1,199.29628547922573,1.2749067629037274,0.0,,1.0,S,5.294792589208764,0.24287304880213878,0.306912426743992
78,S-20230517,0.0,2,pa,S-20230517-2,1,1,221.55392842451565,1.1515665034961238,0.0,,1.0,S,5.40066602903655,0.14112319240694243,0.48228633440118035
77,S-20230517,0.0,1,pa,S-20230517-2,1,1,206.50350061702912,0.9599524807364794,0.0,,1.0,S,5.330317364397978,-0.04087149497821651,0.3657573896894636
76,S-20230517,0.0,0,pa,S-20230517-2,1,1,184.1728095433969,0.9306528213574516,0.0,,1.0,S,5.215874499154303,-0.07186898064355968,0.17618866958445278
75,S-20230513,1.0,7,pa,S-20230513-1,2,1,101.75635952282968,0.7352583168142832,0.0,,1.0,S,4.622581323822441,-0.30753339006588976,-0.8065709603428878
74,S-20230513,1.0,6,pa,S-20230513-1,2,1,100.53347182229489,0.9131958030500442,0.0,,1.0,S,4.610490725007463,-0.09080496020866931,-0.8265984154208281
770,S-20230513,11.0,0,pea,S-20230513-1,4,1,297.8654479980469,0.5562172603710671,0.0,,1.0,S,5.69664186775593,-0.5865963049937524,0.972555088233702
609,S-20230512,13.0,6,pea,S-20230512-1,5,1,243.8927001953125,0.6092726406190767,0.0,,1.0,S,5.496728375275464,-0.49548942570799437,0.6414086701450566
745,S-20230513,9.0,9,pea,S-20230513-1,2,1,309.9877014160156,0.6121473732721014,0.0,,1.0,S,5.736532623840641,-0.49078221945875633,1.0386320739758756
744,S-20230513,9.0,8,pea,S-20230513-1,2,1,261.70770263671875,0.6055451004937211,0.0,,1.0,S,5.567228242181743,-0.5016262340498392,0.758188073636403
743,S-20230513,9.0,7,pea,S-20230513-1,2,1,269.1576538085937,0.4746203013264924,0.0,,1.0,S,5.595297281565652,-0.745240160239,0.8046829936932811
742,S-20230513,9.0,6,pea,S-20230513-1,2,1,290.2040405273437,0.5101679250469804,0.0,,1.0,S,5.6705842636038275,-0.6730153426615223,0.9293920071836139
741,S-20230513,9.0,5,pea,S-20230513-1,2,1,262.1152648925781,0.5981939494204696,0.0,,1.0,S,5.568784349352925,-0.5138402474805897,0.760765685129781
740,S-20230513,9.0,4,pea,S-20230513-1,2,1,252.65911865234372,0.4851375348374311,0.0,,1.0,S,5.532041223120432,-0.7233228512606131,0.6999025863449002
739,S-20230513,9.0,3,pea,S-20230513-1,2,1,270.3611145019531,0.5322718146996976,0.0,,1.0,S,5.599758526512283,-0.6306009902340752,0.8120728164909459
738,S-20230513,9.0,2,pea,S-20230513-1,2,1,255.67807006835935,0.5254961413138606,0.0,,1.0,S,5.543919114318662,-0.6434124315772272,0.719577702195947
737,S-20230513,9.0,1,pea,S-20230513-1,2,1,255.27239990234372,0.5775877461379775,0.0,,1.0,S,5.54233120991267,-0.5488949067636453,0.7169474202185426
736,S-20230513,9.0,0,pea,S-20230513-1,2,1,259.1946105957031,0.6142396024713879,0.0,,1.0,S,5.557579171807104,-0.48737019491762285,0.7422048848440848
735,S-20230513,8.0,10,pea,S-20230513-1,1,1,200.7767639160156,0.6412636726562759,0.0,,1.0,S,5.302193663572059,-0.44431456084333376,0.3191719257653113
734,S-20230513,8.0,9,pea,S-20230513-1,1,1,186.9843597412109,0.4891254883570575,0.0,,1.0,S,5.23102497560922,-0.7151362000220922,0.20128465459342976
733,S-20230513,8.0,8,pea,S-20230513-1,1,1,205.5948028564453,0.4914918158309369,0.0,,1.0,S,5.325907255325941,-0.7103099909456846,0.3584522708379773
732,S-20230513,8.0,7,pea,S-20230513-1,1,1,191.6004638671875,0.5654256219885347,0.0,,1.0,S,5.255412286552553,-0.5701765181796652,0.24168098085183842
731,S-20230513,8.0,6,pea,S-20230513-1,1,1,227.6204833984375,0.4603968071037698,0.0,,1.0,S,5.427679695559588,-0.7756665372067416,0.527033083595306
730,S-20230513,8.0,5,pea,S-20230513-1,1,1,223.95008850097656,0.7257962267185256,0.0,,1.0,S,5.411423207835087,-0.320485983006257,0.5001050478040421
729,S-20230513,8.0,4,pea,S-20230513-1,1,1,243.226318359375,0.6682991107681069,0.0,,1.0,S,5.493992361175201,-0.40301943505389715,0.6368766035101316
728,S-20230513,8.0,3,pea,S-20230513-1,1,1,268.620849609375,0.5944637906853458,0.0,,1.0,S,5.5933009043430815,-0.5200954718797319,0.8013760975043076
727,S-20230513,8.0,2,pea,S-20230513-1,1,1,239.71310424804688,0.5820211646367461,0.0,,1.0,S,5.479442809316264,-0.5412484665566688,0.6127760191868762
726,S-20230513,8.0,1,pea,S-20230513-1,1,1,250.03451538085935,0.6175955098381429,0.0,,1.0,S,5.521598969856069,-0.4819215506377942,0.682605530891747
725,S-20230513,8.0,0,pea,S-20230513-1,1,1,260.35650634765625,0.6409674473799818,0.0,,1.0,S,5.562051870069282,-0.44477660746961717,0.749613679469871
758,S-20230513,10.0,5,pea,S-20230513-1,3,1,227.5153350830078,0.5285729548405484,0.0,,1.0,S,5.427217643077534,-0.6375744418731307,0.5262677174236551
757,S-20230513,10.0,4,pea,S-20230513-1,3,1,196.35841369628903,0.621720698282207,0.0,,1.0,S,5.279941630609089,-0.4752643252222702,0.2823125776570402
756,S-20230513,10.0,3,pea,S-20230513-1,3,1,190.3459014892578,0.6496826231996522,0.0,,1.0,S,5.248842951150722,-0.4312713073365797,0.2307992146411276
755,S-20230513,10.0,2,pea,S-20230513-1,3,1,204.469970703125,0.5633942041944842,0.0,,1.0,S,5.320421122172931,-0.5737757107875172,0.34936477343980105
754,S-20230513,10.0,1,pea,S-20230513-1,3,1,251.4547119140625,0.551203308430523,0.0,,1.0,S,5.527262901412624,-0.5956515570682578,0.6919875422006416
753,S-20230513,10.0,0,pea,S-20230513-1,3,1,258.843994140625,0.6170164433021377,0.0,,1.0,S,5.556225540995002,-0.48285960502321407,0.7399626650255009
752,S-20230513,9.0,16,pea,S-20230513-1,2,1,237.28298950195312,0.8627714752099109,0.0,,1.0,S,5.469253477357596,-0.1476054257346653,0.5958979148680354
751,S-20230513,9.0,15,pea,S-20230513-1,2,1,216.0171356201172,0.8798573596554427,0.0,,1.0,S,5.375357736112199,-0.12799547594873287,0.44036444886033294
750,S-20230513,9.0,14,pea,S-20230513-1,2,1,244.22833251953125,0.6387522346836079,0.0,,1.0,S,5.4981035767301,-0.4482386389441464,0.6436866206235485
749,S-20230513,9.0,13,pea,S-20230513-1,2,1,255.66238403320312,0.6332002113388064,0.0,,1.0,S,5.543857761710883,-0.4569686172122175,0.7194760747567264
748,S-20230513,9.0,12,pea,S-20230513-1,2,1,261.1063537597656,0.6993823754856106,0.0,,1.0,S,5.564927809992555,-0.35755765414762486,0.7543775260337693
747,S-20230513,9.0,11,pea,S-20230513-1,2,1,280.4989929199219,0.7822968451202605,0.0,,1.0,S,5.636570134652997,-0.2455210131251824,0.8730493520345454
779,S-20230513,11.0,9,pea,S-20230513-1,4,1,236.5038146972656,0.577329686555359,0.0,,1.0,S,5.4659643376000675,-0.5493417951378409,0.5904496240309123
760,S-20230513,10.0,7,pea,S-20230513-1,3,1,216.640625,0.6753640023001211,0.0,,1.0,S,5.378239874690206,-0.392503470792621,0.44513856317698164
761,S-20230513,10.0,8,pea,S-20230513-1,3,1,197.4110565185547,0.9402754336041356,0.0,,1.0,S,5.285288136163132,-0.061582432165959385,0.29116878911903155
762,S-20230513,10.0,9,pea,S-20230513-1,3,1,226.52523803710935,0.6612209508602938,0.0,,1.0,S,5.422856364928053,-0.4136672274206656,0.5190434844838488
759,S-20230513,10.0,6,pea,S-20230513-1,3,1,240.8269500732422,0.4860525778500815,0.0,,1.0,S,5.4840786260810255,-0.7214384760564941,0.6204550112224735
764,S-20230513,10.0,11,pea,S-20230513-1,3,1,235.92909240722656,0.5411206416743468,0.0,,1.0,S,5.46353130397811,-0.6141130274462889,0.5864194289750222
765,S-20230513,10.0,12,pea,S-20230513-1,3,1,267.95538330078125,0.4797672481764934,0.0,,1.0,S,5.590820486430521,-0.7344541923143508,0.7972674128081625
766,S-20230513,10.0,13,pea,S-20230513-1,3,1,219.9515838623047,0.652045638926726,0.0,,1.0,S,5.393407448779507,-0.4276407211513804,0.4702628695379281
767,S-20230513,10.0,14,pea,S-20230513-1,3,1,217.49139404296875,0.6231668458012756,0.0,,1.0,S,5.382159282127385,-0.47294098577453353,0.4516308600087155
768,S-20230513,10.0,15,pea,S-20230513-1,3,1,172.54856872558594,0.8460814701026962,0.0,,1.0,S,5.150678754670931,-0.16713962365469864,0.06819527207827523
769,S-20230513,10.0,16,pea,S-20230513-1,3,1,180.67405700683597,0.6797068178877872,0.0,,1.0,S,5.196694617876807,-0.38609372394896013,0.14441818273235207
920,S-20230517,9.0,5,pea,S-20230517-1,2,1,169.87753295898438,0.6407825209756908,0.0,,1.0,S,5.135077783082642,-0.4450651604793924,0.04235306505130615
771,S-20230513,11.0,1,pea,S-20230513-1,4,1,327.4190979003906,0.5593736376907117,0.0,,1.0,S,5.791240995246756,-0.5809376253692357,1.129253677379501
772,S-20230513,11.0,2,pea,S-20230513-1,4,1,308.9106750488281,0.6347077486266528,0.0,,1.0,S,5.733052157594904,-0.45459062441486103,1.0328668606515834
773,S-20230513,11.0,3,pea,S-20230513-1,4,1,298.88995361328125,0.6096438442621128,0.0,,1.0,S,5.700075457528239,-0.49488035419388204,0.9782426530907722
774,S-20230513,11.0,4,pea,S-20230513-1,4,1,271.56939697265625,0.5341912231622921,0.0,,1.0,S,5.604217712504868,-0.6270014083134086,0.8194592287371316
775,S-20230513,11.0,5,pea,S-20230513-1,4,1,287.8037414550781,0.4782866146529514,0.0,,1.0,S,5.662278794560142,-0.7375451139416066,0.9156344248902059
776,S-20230513,11.0,6,pea,S-20230513-1,4,1,236.59152221679688,0.519361430369937,0.0,,1.0,S,5.466335119189707,-0.6551552405586231,0.5910638046636393
777,S-20230513,11.0,7,pea,S-20230513-1,4,1,225.25262451171875,0.507449161219018,0.0,,1.0,S,5.417222547970929,-0.6783587480219345,0.5097113564600193
778,S-20230513,11.0,8,pea,S-20230513-1,4,1,242.64974975585935,0.5073489154605788,0.0,,1.0,S,5.4916190445540085,-0.6785563159146393,0.6329453265945676
1219,S-20230524,9.0,8,pea,S-20230524-1,3,1,330.4604187011719,0.5877060794791618,0.0,,1.0,S,5.800486890247315,-0.531528320888941,1.1445690269012845
780,S-20230513,11.0,10,pea,S-20230513-1,4,1,244.81396484375,0.6002762299419047,0.0,,1.0,S,5.500498594941465,-0.5103653464733299,0.6476538451070502
781,S-20230513,11.0,11,pea,S-20230513-1,4,1,215.7876892089844,0.7228976022075457,0.0,,1.0,S,5.374295003972425,-0.3244876958889177,0.43860408773058995
782,S-20230513,11.0,12,pea,S-20230513-1,4,1,228.7569732666016,0.4860764628374383,0.0,,1.0,S,5.432660187916577,-0.7213893365156269,0.5352830130216345
783,S-20230513,11.0,13,pea,S-20230513-1,4,1,227.7647857666016,0.4909771095671509,0.0,,1.0,S,5.428313455071653,-0.7113577723005329,0.5280828736307162
784,S-20230513,11.0,14,pea,S-20230513-1,4,1,228.33042907714844,0.5894748340579028,0.0,,1.0,S,5.430793830143071,-0.5285232502333519,0.5321914873627114
785,S-20230513,11.0,15,pea,S-20230513-1,4,1,243.31935119628903,0.5287362304860892,0.0,,1.0,S,5.494374782986221,-0.6372655905946124,0.6375100655708809
786,S-20230513,11.0,16,pea,S-20230513-1,4,1,211.32325744628903,0.7844533558476563,0.0,,1.0,S,5.353388986933551,-0.24276816574985716,0.40397434577057734
787,S-20230513,12.0,0,pea,S-20230513-1,5,1,269.73406982421875,0.6073466659458333,0.0,,1.0,S,5.597436547062505,-0.49865553736136625,0.808226576959391
788,S-20230513,12.0,1,pea,S-20230513-1,5,1,192.91590881347656,0.7240076686563448,0.0,,1.0,S,5.2622543883279524,-0.3229532945857416,0.25301457053109877
789,S-20230513,12.0,2,pea,S-20230513-1,5,1,202.29684448242188,0.6903572035791896,0.0,,1.0,S,5.309736145843553,-0.3705461289975286,0.331665659713492
790,S-20230513,12.0,3,pea,S-20230513-1,5,1,256.1514892578125,0.6593545702259682,0.0,,1.0,S,5.545769024374995,-0.41649384634126096,0.7226419830573342
791,S-20230513,12.0,4,pea,S-20230513-1,5,1,253.9734344482422,0.5689206199404797,0.0,,1.0,S,5.5372296727623,-0.5640143626011709,0.7084969863177077
792,S-20230513,12.0,5,pea,S-20230513-1,5,1,249.88087463378903,0.5157280645482061,0.0,,1.0,S,5.520984302834503,-0.6621756591069317,0.6815873665848587
793,S-20230513,12.0,6,pea,S-20230513-1,5,1,241.67498779296875,0.5048827352386898,0.0,,1.0,S,5.487593797840556,-0.6834290841192401,0.6262777124453466
794,S-20230513,12.0,7,pea,S-20230513-1,5,1,259.3158569335937,0.5879800698892268,0.0,,1.0,S,5.5580468435232735,-0.531062226404163,0.7429795589880323
795,S-20230513,12.0,8,pea,S-20230513-1,5,1,258.9024963378906,0.6447726800233973,0.0,,1.0,S,5.5564515288040575,-0.43885745837810025,0.7403370022079084
796,S-20230513,12.0,9,pea,S-20230513-1,5,1,267.4257202148437,0.5749015482606161,0.0,,1.0,S,5.588841846335595,-0.5535564732609953,0.7939898972588542
797,S-20230513,12.0,10,pea,S-20230513-1,5,1,296.9472045898437,0.5847324879959714,0.0,,1.0,S,5.693554360677346,-0.5366008218141415,0.9674407915586232
798,S-20230513,12.0,11,pea,S-20230513-1,5,1,239.3636779785156,0.7955878759016173,0.0,,1.0,S,5.4779840605542365,-0.22867397105556633,0.6103596768908004
799,S-20230513,12.0,12,pea,S-20230513-1,5,1,238.63137817382807,0.6166751789438045,0.0,,1.0,S,5.47492001054707,-0.48341284598049034,0.6052842356480497
800,S-20230513,12.0,13,pea,S-20230513-1,5,1,227.7696075439453,0.6980494132665598,0.0,,1.0,S,5.42833462483365,-0.35946538607994455,0.5281179402526336
801,S-20230513,12.0,14,pea,S-20230513-1,5,1,225.9085998535156,0.756263014111747,0.0,,1.0,S,5.420130492043345,-0.27936606104234857,0.5145282162508953
802,S-20230513,12.0,15,pea,S-20230513-1,5,1,226.38113403320312,0.5801098598716052,0.0,,1.0,S,5.422220012614835,-0.5445377798064245,0.5179893996066859
803,S-20230513,12.0,16,pea,S-20230513-1,5,1,252.34295654296875,0.5335004934625118,0.0,,1.0,S,5.530789100936342,-0.628295283287595,0.6978285103476981
804,S-20230513,13.0,0,pea,S-20230513-1,6,1,155.89752197265625,0.7231515566404951,0.0,,1.0,S,5.04919888095765,-0.32413645688157644,-0.0999009192857214
805,S-20230513,13.0,1,pea,S-20230513-1,6,1,187.03375244140625,0.5059492454349979,0.0,,1.0,S,5.231289094906514,-0.6813189201900322,0.20172215462487783
806,S-20230513,13.0,2,pea,S-20230513-1,6,1,162.7096710205078,0.612006835309213,0.0,,1.0,S,5.091967453272887,-0.4910118277262781,-0.02905697897318846
807,S-20230513,13.0,3,pea,S-20230513-1,6,1,176.10401916503906,0.5283386853395555,0.0,,1.0,S,5.171074838438984,-0.6380177514099424,0.10198033580270897
808,S-20230513,13.0,4,pea,S-20230513-1,6,1,169.08392333984375,0.5236841187991566,0.0,,1.0,S,5.130395179473878,-0.6468666031533439,0.034596573015017604
809,S-20230513,13.0,5,pea,S-20230513-1,6,1,173.6016845703125,0.6676158896875073,0.0,,1.0,S,5.156763505925208,-0.40404228626813377,0.07827434957231232
810,S-20230513,13.0,6,pea,S-20230513-1,6,1,173.9570770263672,0.5737479589548009,0.0,,1.0,S,5.158808585026576,-0.555565074990963,0.08166191791861653
811,S-20230513,13.0,7,pea,S-20230513-1,6,1,167.43838500976562,0.6088117697344018,0.0,,1.0,S,5.120615432903494,-0.4962461399434767,0.018396925825553478
812,S-20230513,13.0,8,pea,S-20230513-1,6,1,185.26075744628903,0.4957207648310309,0.0,,1.0,S,5.221764332375707,-0.7017424849176332,0.18594487538230767
813,S-20230513,13.0,9,pea,S-20230513-1,6,1,187.18170166015625,0.5180507713662443,0.0,,1.0,S,5.232079811723989,-0.657682027305185,0.2030319363638712
814,S-20230513,13.0,10,pea,S-20230513-1,6,1,187.29067993164065,0.6006121862449874,0.0,,1.0,S,5.232661848103269,-0.5098058335205548,0.20399604969011195
815,S-20230513,13.0,11,pea,S-20230513-1,6,1,205.13595581054688,0.4892421163923686,0.0,,1.0,S,5.323672958394924,-0.7148977864947077,0.35475127288895153
816,S-20230513,13.0,12,pea,S-20230513-1,6,1,197.08868408203125,0.4498398954281768,0.0,,1.0,S,5.283653800445756,-0.7988635474627012,0.2884615960624337
817,S-20230513,13.0,13,pea,S-20230513-1,6,1,196.8063201904297,0.5419752714426878,0.0,,1.0,S,5.282220098891253,-0.6125349032278141,0.2860867431773631
818,S-20230513,13.0,14,pea,S-20230513-1,6,1,230.6701812744141,0.5406714470267779,0.0,,1.0,S,5.440988903572271,-0.6149434914108102,0.5490791021321857
819,S-20230513,13.0,15,pea,S-20230513-1,6,1,212.4138336181641,0.51201668267408,0.0,,1.0,S,5.358536417275936,-0.6693980711256426,0.412500799383549
820,S-20230513,13.0,16,pea,S-20230513-1,6,1,222.59146118164065,0.5141782659799823,0.0,,1.0,S,5.405338078634186,-0.6651852526827352,0.490025344260861
763,S-20230513,10.0,10,pea,S-20230513-1,3,1,238.6605224609375,0.5168289717092875,0.0,,1.0,S,5.475042134082403,-0.6600432682760444,0.605486527003116
1237,S-20230524,10.0,16,pea,S-20230524-1,4,1,265.8411560058594,0.7772238731175101,0.0,,1.0,S,5.582898972539214,-0.2520268451241629,0.7841458324765995
1236,S-20230524,10.0,15,pea,S-20230524-1,4,1,253.77764892578125,0.8523832875205386,0.0,,1.0,S,5.536458485704014,-0.15971898533123102,0.7072195546203321
1235,S-20230524,10.0,14,pea,S-20230524-1,4,1,301.5208435058594,0.779635827294598,0.0,,1.0,S,5.7088391464671036,-0.24892835640852642,0.9927592530727947
1234,S-20230524,10.0,13,pea,S-20230524-1,4,1,290.63104248046875,0.7817181443236265,0.0,,1.0,S,5.672054567456129,-0.24626103266073587,0.9318274898924125
1233,S-20230524,10.0,12,pea,S-20230524-1,4,1,290.76025390625,0.7994987550260504,0.0,,1.0,S,5.672499057866329,-0.22377030390002176,0.9325637653953112
1232,S-20230524,10.0,11,pea,S-20230524-1,4,1,310.5688781738281,0.8259950798960318,0.0,,1.0,S,5.738405706640328,-0.1911664620212336,1.041734739294778
1231,S-20230524,10.0,10,pea,S-20230524-1,4,1,318.8467712402344,0.7615005546732405,0.0,,1.0,S,5.764710646444476,-0.27246437825159747,1.0853075191311974
1230,S-20230524,10.0,9,pea,S-20230524-1,4,1,295.3387756347656,0.6082827765876964,0.0,,1.0,S,5.688123089424404,-0.49711541206636045,0.9584441700761813
1229,S-20230524,10.0,8,pea,S-20230524-1,4,1,313.5955810546875,0.6240515902959416,0.0,,1.0,S,5.74810419735238,-0.4715222372739274,1.057799790334172
1228,S-20230524,10.0,7,pea,S-20230524-1,4,1,321.276611328125,0.7246945041158455,0.0,,1.0,S,5.772302469597716,-0.3220050865635953,1.0978829837122268
1227,S-20230524,10.0,6,pea,S-20230524-1,4,1,338.15936279296875,0.6791416112359059,0.0,,1.0,S,5.823517271920849,-0.3869256146475296,1.1827176696155846
1226,S-20230524,10.0,5,pea,S-20230524-1,4,1,309.8879089355469,0.707171104773721,0.0,,1.0,S,5.736210648013025,-0.34648262712788436,1.038098737577701
1225,S-20230524,10.0,4,pea,S-20230524-1,4,1,342.3912658691406,0.6360024523907626,0.0,,1.0,S,5.835954135382486,-0.45255285968913056,1.2033186942711909
1224,S-20230524,10.0,3,pea,S-20230524-1,4,1,300.9258728027344,0.7376905632655628,0.0,,1.0,S,5.706863964661141,-0.3042308332767734,0.9894874660012836
1223,S-20230524,10.0,2,pea,S-20230524-1,4,1,262.59210205078125,0.733295982870807,0.0,,1.0,S,5.570601885448321,-0.3102058620498403,0.7637763401899735
1222,S-20230524,10.0,1,pea,S-20230524-1,4,1,256.6685485839844,0.7345730888008575,0.0,,1.0,S,5.547785558298133,-0.3084657800807581,0.7259822677840723
1221,S-20230524,10.0,0,pea,S-20230524-1,4,1,255.8352203369141,0.7599600842081067,0.0,,1.0,S,5.544533566675803,-0.2744893678598317,0.7205955109222547
1220,S-20230524,9.0,9,pea,S-20230524-1,3,1,344.3153686523437,0.6321022814209023,0.0,,1.0,S,5.841558006735259,-0.4587040602382849,1.2126012189416138
1192,S-20230524,7.0,0,pea,S-20230524-1,1,1,208.04910278320312,0.7009747098692074,0.0,,1.0,S,5.337774122914019,-0.3552834698177358,0.3781091266457879
1218,S-20230524,9.0,7,pea,S-20230524-1,3,1,339.0747375488281,0.7141834140095202,0.0,,1.0,S,5.826220547827475,-0.33661546726490355,1.1871955071165823
1217,S-20230524,9.0,6,pea,S-20230524-1,3,1,314.61962890625,0.7162510477391155,0.0,,1.0,S,5.75136438189538,-0.333724548142229,1.063200118347689
1216,S-20230524,9.0,5,pea,S-20230524-1,3,1,304.9787292480469,0.6117291351954375,0.0,,1.0,S,5.720242034005115,-0.49146568399141316,1.0116475497916824
1215,S-20230524,9.0,4,pea,S-20230524-1,3,1,313.3190612792969,0.7004055821756712,0.0,,1.0,S,5.747222036449921,-0.35609570861980294,1.0563385361716708
635,S-20230512,14.0,15,pea,S-20230512-1,6,1,171.72052001953125,0.5574955878101235,0.0,,1.0,S,5.145868271650931,-0.5843006899211118,0.06022695437453196
1214,S-20230524,9.0,3,pea,S-20230524-1,3,1,364.445068359375,0.6702757289181935,0.0,,1.0,S,5.898375836002204,-0.40006611555591903,1.3067170307953817
1213,S-20230524,9.0,2,pea,S-20230524-1,3,1,310.2636413574219,0.900602256371803,0.0,,1.0,S,5.737422392038086,-0.10469156570829619,1.040105929231253
1212,S-20230524,9.0,1,pea,S-20230524-1,3,1,437.3105773925781,0.7349149782912967,0.0,,1.0,S,6.080643646081024,-0.3080004622544152,1.6086342835609013
1211,S-20230524,9.0,0,pea,S-20230524-1,3,1,352.9186706542969,1.0543649460783016,0.0,,1.0,S,5.8662376356413155,0.052938638840079814,1.2534817548704045
1210,S-20230524,8.0,7,pea,S-20230524-1,2,1,167.9423065185547,0.7197380463154275,0.0,,1.0,S,5.12362050684328,-0.32886795773415556,0.023374676246020118
1209,S-20230524,8.0,6,pea,S-20230524-1,2,1,205.7543487548828,0.6416244084134988,0.0,,1.0,S,5.326682975445031,-0.44375218011495476,0.35973721131742614
1208,S-20230524,8.0,5,pea,S-20230524-1,2,1,180.16845703125,0.7430180429227669,0.0,,1.0,S,5.193892285630511,-0.29703495067932495,0.139776263499482
1207,S-20230524,8.0,4,pea,S-20230524-1,2,1,159.65921020507812,0.6570930662727932,0.0,,1.0,S,5.073041607475354,-0.41992961714617283,-0.060406669118606766
1206,S-20230524,8.0,3,pea,S-20230524-1,2,1,188.2174224853516,0.6671399521940344,0.0,,1.0,S,5.2375977971776555,-0.4047554316969979,0.2121721954598171
1205,S-20230524,8.0,2,pea,S-20230524-1,2,1,191.03646850585935,0.7680472748607485,0.0,,1.0,S,5.252464344406593,-0.2639039919206796,0.23679786630936875
1204,S-20230524,8.0,1,pea,S-20230524-1,2,1,180.85980224609372,0.7658335899426234,0.0,,1.0,S,5.197722157902987,-0.26679037834848246,0.1461202499359723
1203,S-20230524,8.0,0,pea,S-20230524-1,2,1,165.4687042236328,0.7527475438419309,0.0,,1.0,S,5.108782078589141,-0.2840253745390268,-0.001204416968028938
1202,S-20230524,7.0,10,pea,S-20230524-1,1,1,277.8736877441406,0.6337624651479565,0.0,,1.0,S,5.6271666498049795,-0.45608105539765864,0.8574729630358081
1201,S-20230524,7.0,9,pea,S-20230524-1,1,1,280.2417907714844,0.7111425520355183,0.0,,1.0,S,5.635652769004,-0.3408823741480468,0.8715297830201003
1200,S-20230524,7.0,8,pea,S-20230524-1,1,1,261.3659362792969,0.6646264340915202,0.0,,1.0,S,5.565921480071673,-0.4085301494145869,0.7560234894121248
1199,S-20230524,7.0,7,pea,S-20230524-1,1,1,253.25303649902344,0.656774173371053,0.0,,1.0,S,5.534389133181388,-0.4204150435246988,0.7037917786001743
1198,S-20230524,7.0,6,pea,S-20230524-1,1,1,221.81907653808597,0.8405824395660737,0.0,,1.0,S,5.40186207905408,-0.17366024698612753,0.48426752973845144
1197,S-20230524,7.0,5,pea,S-20230524-1,1,1,224.10337829589844,0.6909687166759593,0.0,,1.0,S,5.412107455641486,-0.3696607287777086,0.5012384691022379
1196,S-20230524,7.0,4,pea,S-20230524-1,1,1,219.15611267089844,0.7718085716637866,0.0,,1.0,S,5.389784319110544,-0.2590187238716373,0.46426134159070875
1195,S-20230524,7.0,3,pea,S-20230524-1,1,1,191.16842651367188,0.7795081084100985,0.0,,1.0,S,5.2531548536846016,-0.24909218847285397,0.23794165941323797
1194,S-20230524,7.0,2,pea,S-20230524-1,1,1,211.8363037109375,0.8030190461536826,0.0,,1.0,S,5.3558138241019755,-0.2193768465698577,0.4079909638227608
1193,S-20230524,7.0,1,pea,S-20230524-1,1,1,242.125,0.7530697644069484,0.0,,1.0,S,5.48945412172716,-0.283597406859056,0.6293592432809603
910,S-20230517,8.0,7,pea,S-20230517-1,1,1,101.42221069335938,0.7918974371668597,0.0,,1.0,S,4.619292107539679,-0.2333233940800617,-0.8120193779401238
903,S-20230517,8.0,0,pea,S-20230517-1,1,1,112.73468017578124,0.6409521200597084,0.0,,1.0,S,4.7250370948785925,-0.4448005205460121,-0.6368582452240219
904,S-20230517,8.0,1,pea,S-20230517-1,1,1,115.8970718383789,0.5806788818335065,0.0,,1.0,S,4.7527024854741695,-0.5435573740064099,-0.5910319486240372
905,S-20230517,8.0,2,pea,S-20230517-1,1,1,122.40187072753906,0.6583882416843174,0.0,,1.0,S,4.807309653683155,-0.41796048870293323,-0.5005779831112465
906,S-20230517,8.0,3,pea,S-20230517-1,1,1,110.18248748779295,0.7639014710965277,0.0,,1.0,S,4.702137968371616,-0.2693164626655977,-0.6747894705058016
907,S-20230517,8.0,4,pea,S-20230517-1,1,1,118.0943374633789,0.6259323080743577,0.0,,1.0,S,4.771483775088362,-0.4685130477954694,-0.5599217083613239
908,S-20230517,8.0,5,pea,S-20230517-1,1,1,114.69508361816406,0.6367167076544646,0.0,,1.0,S,4.742277160253858,-0.4514304512881105,-0.6083009636428848
909,S-20230517,8.0,6,pea,S-20230517-1,1,1,100.30664825439452,0.5626444033096867,0.0,,1.0,S,4.608231976464089,-0.5751074608547326,-0.830339916208097
916,S-20230517,9.0,1,pea,S-20230517-1,2,1,191.8194732666016,0.6761013646658451,0.0,,1.0,S,5.256554686318564,-0.3914122664496701,0.24357330730687682
911,S-20230517,8.0,8,pea,S-20230517-1,1,1,111.0782241821289,0.6676232488839347,0.0,,1.0,S,4.710234675473654,-0.4040312632293165,-0.6613776916314238
912,S-20230517,8.0,9,pea,S-20230517-1,1,1,119.30611419677734,0.7808905970264419,0.0,,1.0,S,4.781692578392257,-0.2473202195866157,-0.5430113507605898
913,S-20230517,8.0,10,pea,S-20230517-1,1,1,110.45848846435548,0.8538892648178624,0.0,,1.0,S,4.704639780370321,-0.15795376009061568,-0.6706453476063275
914,S-20230517,8.0,11,pea,S-20230517-1,1,1,122.62171936035156,0.835321647919276,0.0,,1.0,S,4.8091041640952445,-0.17993842121553155,-0.49760546891116375
915,S-20230517,9.0,0,pea,S-20230517-1,2,1,169.21490478515625,0.5504773182296745,0.0,,1.0,S,5.131169533039236,-0.5969695257941652,0.03587924986849502
636,S-20230512,14.0,16,pea,S-20230512-1,6,1,180.10755920410156,0.5525131519027582,0.0,,1.0,S,5.193554223561519,-0.5932780415246646,0.13921628106983563
584,S-20230512,11.0,10,pea,S-20230512-1,3,1,213.5633087158203,0.6045125283773025,0.0,,1.0,S,5.363933316655911,-0.5033328839521403,0.42144048562627684
634,S-20230512,14.0,14,pea,S-20230512-1,6,1,162.0535888671875,0.6313239568015341,0.0,,1.0,S,5.087927076008089,-0.4599361459656221,-0.035749656102499056
633,S-20230512,14.0,13,pea,S-20230512-1,6,1,174.10018920898438,0.5519608110702539,0.0,,1.0,S,5.159630933556921,-0.5942782296632121,0.08302409596305563
632,S-20230512,14.0,12,pea,S-20230512-1,6,1,163.0181121826172,0.65817329544657,0.0,,1.0,S,5.093861312318418,-0.4182870153917284,-0.02591989887163639
631,S-20230512,14.0,11,pea,S-20230512-1,6,1,158.27938842773438,0.530063699434633,0.0,,1.0,S,5.064361752646569,-0.6347580920454068,-0.07478440220914631
630,S-20230512,14.0,10,pea,S-20230512-1,6,1,163.5879364013672,0.5989155941264777,0.0,,1.0,S,5.0973506830718875,-0.5126346021036695,-0.020139935688272454
629,S-20230512,14.0,9,pea,S-20230512-1,6,1,131.63876342773438,0.5993603441160165,0.0,,1.0,S,4.880061530440426,-0.511892285587469,-0.3800682411299688
628,S-20230512,14.0,8,pea,S-20230512-1,6,1,138.9418182373047,0.5266588213875121,0.0,,1.0,S,4.9340552716718715,-0.6412023378398428,-0.29063038585491574
627,S-20230512,14.0,7,pea,S-20230512-1,6,1,116.99410247802734,0.6315128659185252,0.0,,1.0,S,4.762123527356616,-0.459636963814767,-0.5754264773007841
626,S-20230512,14.0,6,pea,S-20230512-1,6,1,107.23130798339844,0.6226094170890217,0.0,,1.0,S,4.674988258081734,-0.47383589566495415,-0.7197615692025294
625,S-20230512,14.0,5,pea,S-20230512-1,6,1,126.9085464477539,0.5876433671030075,0.0,,1.0,S,4.843466720346616,-0.5316350336225815,-0.4406856618595048
624,S-20230512,14.0,4,pea,S-20230512-1,6,1,129.7176513671875,0.6322526081924291,0.0,,1.0,S,4.865360175872711,-0.45846626818564196,-0.4044202788326054
623,S-20230512,14.0,3,pea,S-20230512-1,6,1,125.90370178222656,0.5505060118518035,0.0,,1.0,S,4.83551734317744,-0.59691740216731,-0.45385339627775956
622,S-20230512,14.0,2,pea,S-20230512-1,6,1,122.2450714111328,0.5869095714307591,0.0,,1.0,S,4.806027811886928,-0.5328845230983521,-0.5027012881173774
621,S-20230512,14.0,1,pea,S-20230512-1,6,1,148.7604217529297,0.6447470895912737,0.0,,1.0,S,5.002337104176067,-0.438897148242079,-0.17752504226985236
620,S-20230512,14.0,0,pea,S-20230512-1,6,1,154.94142150878906,0.737118350400543,0.0,,1.0,S,5.043047119737564,-0.30500681569514726,-0.11009099534157793
619,S-20230512,13.0,16,pea,S-20230512-1,5,1,384.63226318359375,0.6243236823860467,0.0,,1.0,S,5.952287717269158,-0.47108632332983075,1.3960192892495809
618,S-20230512,13.0,15,pea,S-20230512-1,5,1,300.4466552734375,0.5388646753834578,0.0,,1.0,S,5.705270218328015,-0.6182908056744321,0.9868475071720497
617,S-20230512,13.0,14,pea,S-20230512-1,5,1,259.8322448730469,0.7072345406277876,0.0,,1.0,S,5.560036210749928,-0.3463929274659588,0.7462748434793175
616,S-20230512,13.0,13,pea,S-20230512-1,5,1,339.72027587890625,0.7365317985181399,0.0,,1.0,S,5.828122560988796,-0.3058028688340939,1.1903460940915487
615,S-20230512,13.0,12,pea,S-20230512-1,5,1,287.660400390625,0.6489351385262108,0.0,,1.0,S,5.661780619063202,-0.43242250791002507,0.9148092228023211
614,S-20230512,13.0,11,pea,S-20230512-1,5,1,283.8883056640625,0.598828429359239,0.0,,1.0,S,5.648580870887171,-0.5127801503438333,0.8929445188549785
613,S-20230512,13.0,10,pea,S-20230512-1,5,1,252.73426818847656,0.7690655690341437,0.0,,1.0,S,5.532338613385693,-0.2625790477873902,0.70039519802355
612,S-20230512,13.0,9,pea,S-20230512-1,5,1,255.24583435058597,0.8859796858278433,0.0,,1.0,S,5.542227137031432,-0.12106125659945065,0.7167750288435805
611,S-20230512,13.0,8,pea,S-20230512-1,5,1,275.502685546875,0.7156301481089145,0.0,,1.0,S,5.618597376447001,-0.33459179840142306,0.8432784024640932
610,S-20230512,13.0,7,pea,S-20230512-1,5,1,274.2740173339844,0.6501288010357609,0.0,,1.0,S,5.614127669920669,-0.4305847802830181,0.8358745634948607
746,S-20230513,9.0,10,pea,S-20230513-1,2,1,236.22911071777344,0.8407602171351574,0.0,,1.0,S,5.464802142222323,-0.17344877602982053,0.5885245071631914
608,S-20230512,13.0,5,pea,S-20230512-1,5,1,201.41921997070312,0.7398043112665267,0.0,,1.0,S,5.305388407561836,-0.30136957198988706,0.324463854868237
607,S-20230512,13.0,4,pea,S-20230512-1,5,1,207.4348907470703,0.6316019858570776,0.0,,1.0,S,5.334817510899464,-0.45949585243669233,0.373211650911911
606,S-20230512,13.0,3,pea,S-20230512-1,5,1,233.5130615234375,0.685199133166071,0.0,,1.0,S,5.453238013546354,-0.37804577761459685,0.569369122792436
605,S-20230512,13.0,2,pea,S-20230512-1,5,1,261.5316162109375,0.7727983990722791,0.0,,1.0,S,5.566555179489067,-0.2577370676798163,0.7570731799038026
604,S-20230512,13.0,1,pea,S-20230512-1,5,1,233.8774261474609,0.8229466576597648,0.0,,1.0,S,5.454797158233492,-0.19486389491380193,0.5719517657747659
603,S-20230512,13.0,0,pea,S-20230512-1,5,1,252.6131591796875,0.514289438455922,0.0,,1.0,S,5.531859303490959,-0.6649690621773975,0.699601245835401
602,S-20230512,12.0,11,pea,S-20230512-1,4,1,180.17282104492188,0.7266974068732583,0.0,,1.0,S,5.193916507189004,-0.3192451097252662,0.13981638526533186
601,S-20230512,12.0,10,pea,S-20230512-1,4,1,211.102294921875,0.5555476310434404,0.0,,1.0,S,5.35234282604992,-0.5878009291256598,0.4022414340743218
600,S-20230512,12.0,9,pea,S-20230512-1,4,1,196.40272521972656,0.5976858872433759,0.0,,1.0,S,5.280167271688285,-0.5146899352035269,0.2826863404992682
922,S-20230517,9.0,7,pea,S-20230517-1,2,1,224.9364318847656,0.6287554866541907,0.0,,1.0,S,5.4158178373301284,-0.46401283131729065,0.5073845255323994
923,S-20230517,9.0,8,pea,S-20230517-1,2,1,198.98284912109372,0.5364375245303368,0.0,,1.0,S,5.293218635689187,-0.6228051737754705,0.30430525369239436
924,S-20230517,9.0,9,pea,S-20230517-1,2,1,206.2142639160156,0.5395075317622755,0.0,,1.0,S,5.328915744340784,-0.6170985337469654,0.3634356781546281
925,S-20230517,9.0,10,pea,S-20230517-1,2,1,183.57717895507807,0.6339172414570449,0.0,,1.0,S,5.212635172830506,-0.455836867044637,0.17082289213823826
926,S-20230517,9.0,11,pea,S-20230517-1,2,1,212.2661590576172,0.586417030834463,0.0,,1.0,S,5.357840954484914,-0.5337240857985865,0.4113488010401475
927,S-20230517,9.0,12,pea,S-20230517-1,2,1,184.1044006347656,0.7117437156975335,0.0,,1.0,S,5.2155029914556055,-0.3400373822306777,0.17557328618941706
928,S-20230517,9.0,13,pea,S-20230517-1,2,1,236.2573699951172,0.51092645998731,0.0,,1.0,S,5.464921761633803,-0.6715296130541928,0.5887226505658888
929,S-20230517,9.0,14,pea,S-20230517-1,2,1,260.6184997558594,0.7851333434072352,0.0,,1.0,S,5.563057651257322,-0.24190171141198208,0.7512797042772419
599,S-20230512,12.0,8,pea,S-20230512-1,4,1,197.63755798339844,0.6984646563404162,0.0,,1.0,S,5.286434838018795,-0.3588707009347947,0.2930682417643073
598,S-20230512,12.0,7,pea,S-20230512-1,4,1,205.96258544921875,0.689208061173515,0.0,,1.0,S,5.32769452826102,-0.3722120779755304,0.3614127965296391
597,S-20230512,12.0,6,pea,S-20230512-1,4,1,208.13723754882807,0.7642738441976213,0.0,,1.0,S,5.338197658039521,-0.26882911922438796,0.3788106907973838
596,S-20230512,12.0,5,pea,S-20230512-1,4,1,181.37599182128903,0.5225116672343777,0.0,,1.0,S,5.200572179535584,-0.6491079657573009,0.15084116418442778
595,S-20230512,12.0,4,pea,S-20230512-1,4,1,203.6920623779297,0.5930428052871459,0.0,,1.0,S,5.316609355256678,-0.5224886982942167,0.3430507775946766
594,S-20230512,12.0,3,pea,S-20230512-1,4,1,200.59759521484372,0.6018605054229571,0.0,,1.0,S,5.301300887494083,-0.5077295790907275,0.31769308811054053
930,S-20230517,9.0,15,pea,S-20230517-1,2,1,142.60597229003906,0.8879301585336155,0.0,,1.0,S,4.960085388520017,-0.11886218938304662,-0.2475128361100697
931,S-20230517,9.0,16,pea,S-20230517-1,2,1,159.302978515625,0.8908562055065321,0.0,,1.0,S,5.070807914265531,-0.1155722500499255,-0.0641066670345262
932,S-20230517,10.0,0,pea,S-20230517-1,3,1,217.3405303955078,0.563948798464807,0.0,,1.0,S,5.381465388026997,-0.572791814468909,0.4504814601206668
933,S-20230517,10.0,1,pea,S-20230517-1,3,1,222.92784118652344,0.5809832188750192,0.0,,1.0,S,5.406848136972914,-0.5430334057228791,0.49252667823172136
934,S-20230517,10.0,2,pea,S-20230517-1,3,1,190.10232543945312,0.5955416003370075,0.0,,1.0,S,5.247562482136309,-0.5182840347979987,0.22867818357746414
935,S-20230517,10.0,3,pea,S-20230517-1,3,1,189.63821411132807,0.652565302358358,0.0,,1.0,S,5.245118120732288,-0.4268440645502877,0.2246292246332108
936,S-20230517,10.0,4,pea,S-20230517-1,3,1,212.87600708007807,0.631583188763333,0.0,,1.0,S,5.360709869823467,-0.45952561385904545,0.4161010117407557
937,S-20230517,10.0,5,pea,S-20230517-1,3,1,235.91156005859372,0.6556235667918529,0.0,,1.0,S,5.463456989276529,-0.42216848585211103,0.5862963304941017
938,S-20230517,10.0,6,pea,S-20230517-1,3,1,174.84368896484375,0.8809196035034681,0.0,,1.0,S,5.163892368862235,-0.12678891316523636,0.09008294436674275
939,S-20230517,10.0,7,pea,S-20230517-1,3,1,198.2210693359375,0.6623654990899261,0.0,,1.0,S,5.289382919656461,-0.41193776197477966,0.2979515873676138
940,S-20230517,10.0,8,pea,S-20230517-1,3,1,193.087646484375,0.7102417096032809,0.0,,1.0,S,5.263144212682537,-0.34214993082102424,0.254488518807889
941,S-20230517,10.0,9,pea,S-20230517-1,3,1,214.90480041503903,0.786993656071477,0.0,,1.0,S,5.370195141300509,-0.23953509149750643,0.43181287608391705
942,S-20230517,10.0,10,pea,S-20230517-1,3,1,229.8197784423828,0.8245906772719884,0.0,,1.0,S,5.437295429780563,-0.19286816453120526,0.542961052763667
943,S-20230517,10.0,11,pea,S-20230517-1,3,1,202.92376708984372,0.7586534396747098,0.0,,1.0,S,5.312830376935022,-0.2762102070796773,0.33679109437007704
944,S-20230517,10.0,12,pea,S-20230517-1,3,1,233.9923553466797,0.912873924687716,0.0,,1.0,S,5.455288445365409,-0.09115749698289274,0.5727655576402807
945,S-20230517,10.0,13,pea,S-20230517-1,3,1,209.24700927734372,0.8288552099963837,0.0,,1.0,S,5.343515416686053,-0.18770979531768145,0.38761928448563165
946,S-20230517,10.0,14,pea,S-20230517-1,3,1,159.34164428710938,0.7369828429305905,0.0,,1.0,S,5.071050603260777,-0.3051906666694864,-0.06370466519619085
947,S-20230517,10.0,15,pea,S-20230517-1,3,1,160.59608459472656,0.6938228364054453,0.0,,1.0,S,5.078892421356978,-0.36553863001924103,-0.05071509685020457
948,S-20230517,10.0,16,pea,S-20230517-1,3,1,177.8954620361328,0.7733251653364412,0.0,,1.0,S,5.181196085836789,-0.2570556651106168,0.11874566154829218
949,S-20230517,11.0,0,pea,S-20230517-1,4,1,119.3388900756836,0.509296254568607,0.0,,1.0,S,4.781967261528511,-0.6747253991955741,-0.5425563522732387
950,S-20230517,11.0,1,pea,S-20230517-1,4,1,119.14519500732422,0.7107826855760138,0.0,,1.0,S,4.78034287547455,-0.3413885420641496,-0.5452470642241335
951,S-20230517,11.0,2,pea,S-20230517-1,4,1,95.6174087524414,0.7078249211922856,0.0,,1.0,S,4.560354903400113,-0.3455585023203274,-0.9096458252640012
952,S-20230517,11.0,3,pea,S-20230517-1,4,1,97.23925018310548,0.7184272219553947,0.0,,1.0,S,4.5771744384258595,-0.3306908702351633,-0.88178513057759
953,S-20230517,11.0,4,pea,S-20230517-1,4,1,115.2158660888672,0.603203137018804,0.0,,1.0,S,4.746807465244233,-0.5055012616739232,-0.600796746434742
954,S-20230517,11.0,5,pea,S-20230517-1,4,1,100.27561950683594,0.7970282652718623,0.0,,1.0,S,4.607922589715676,-0.226865136238765,-0.8308523994440707
955,S-20230517,12.0,0,pea,S-20230517-1,5,1,175.7708740234375,0.5316781320957418,0.0,,1.0,S,5.169181294752908,-0.6317169875934638,0.09884377807787413
593,S-20230512,12.0,2,pea,S-20230512-1,4,1,178.86468505859375,0.610805616615469,0.0,,1.0,S,5.186629570573602,-0.4929765101732764,0.12774594955291796
592,S-20230512,12.0,1,pea,S-20230512-1,4,1,170.63035583496094,0.626722200915804,0.0,,1.0,S,5.1394995549555125,-0.4672518972699717,0.049677502732515665
591,S-20230512,12.0,0,pea,S-20230512-1,4,1,157.0229949951172,0.7085141054713056,0.0,,1.0,S,5.056392259560418,-0.34458531112748514,-0.08798545760924092
590,S-20230512,11.0,16,pea,S-20230512-1,3,1,165.05050659179688,0.600309634548168,0.0,,1.0,S,5.106251527617708,-0.5103096992976301,-0.005396144497688716
589,S-20230512,11.0,15,pea,S-20230512-1,3,1,153.42642211914062,0.7808117380515949,0.0,,1.0,S,5.033221117380911,-0.2474212106309944,-0.12636726286191136
588,S-20230512,11.0,14,pea,S-20230512-1,3,1,209.9849548339844,0.7401558514734745,0.0,,1.0,S,5.347035884503247,-0.3008945048598252,0.3934507583556307
587,S-20230512,11.0,13,pea,S-20230512-1,3,1,147.51181030273438,0.7058532212330189,0.0,,1.0,S,4.993908242423502,-0.3483479650397323,-0.19148701823902778
586,S-20230512,11.0,12,pea,S-20230512-1,3,1,155.00595092773438,0.676480595764545,0.0,,1.0,S,5.0434635092644085,-0.39085151505754534,-0.10940126750663694
585,S-20230512,11.0,11,pea,S-20230512-1,3,1,150.85958862304688,0.6509792813606232,0.0,,1.0,S,5.016349527542852,-0.4292774631469597,-0.15431418366756966
921,S-20230517,9.0,6,pea,S-20230517-1,2,1,213.19174194335935,0.5030569250666854,0.0,,1.0,S,5.362191957692356,-0.6870519441790339,0.41855601406693926
583,S-20230512,11.0,9,pea,S-20230512-1,3,1,184.9896240234375,0.6309148475783353,0.0,,1.0,S,5.220299737145629,-0.4605843739175831,0.18351884871260982
582,S-20230512,11.0,8,pea,S-20230512-1,3,1,186.76577758789065,0.5513894695457164,0.0,,1.0,S,5.229855305519983,-0.5953138782430726,0.19934715625057056
581,S-20230512,11.0,7,pea,S-20230512-1,3,1,176.65773010253906,0.701738629211075,0.0,,1.0,S,5.174214132273377,-0.3541942673469128,0.10718041457522444
956,S-20230517,12.0,1,pea,S-20230517-1,5,1,136.71978759765625,0.6719655340101163,0.0,,1.0,S,4.917933485248904,-0.3975482284497188,-0.3173352958683185
957,S-20230517,12.0,2,pea,S-20230517-1,5,1,151.58773803710938,0.6697903439917781,0.0,,1.0,S,5.021164586276783,-0.4007905349818781,-0.14633828652904313
958,S-20230517,12.0,3,pea,S-20230517-1,5,1,165.52655029296875,0.6048654496090506,0.0,,1.0,S,5.109131606681376,-0.5027492430256635,-0.0006254416606158612
959,S-20230517,12.0,4,pea,S-20230517-1,5,1,172.04296875,0.7632627869312998,0.0,,1.0,S,5.147744263928008,-0.27015289424014094,0.06333443909308627
960,S-20230517,12.0,5,pea,S-20230517-1,5,1,153.5706024169922,0.5667095236296973,0.0,,1.0,S,5.034160411881697,-0.5679084105309787,-0.12481136983235099
961,S-20230517,12.0,6,pea,S-20230517-1,5,1,130.6041717529297,0.631831238823942,0.0,,1.0,S,4.872171159310187,-0.45913294767069124,-0.3931382350795971
962,S-20230517,12.0,7,pea,S-20230517-1,5,1,122.202392578125,0.6962465377267293,0.0,,1.0,S,4.805678625744884,-0.36205146049738185,-0.503279697001887
963,S-20230517,12.0,8,pea,S-20230517-1,5,1,144.83778381347656,0.6318278413393763,0.0,,1.0,S,4.975614383851608,-0.45913832488772555,-0.22178985405034762
964,S-20230517,12.0,9,pea,S-20230517-1,5,1,144.7420654296875,0.5656980934308926,0.0,,1.0,S,4.974953299266301,-0.5696947469217317,-0.22288490666416433
580,S-20230512,11.0,6,pea,S-20230512-1,3,1,173.60342407226562,0.6929864732836606,0.0,,1.0,S,5.1567735259503165,-0.3667447990539302,0.07829094722854153
579,S-20230512,11.0,5,pea,S-20230512-1,3,1,164.497314453125,0.6707233249665254,0.0,,1.0,S,5.102894244559246,-0.3993985594325092,-0.01095731120797521
578,S-20230512,11.0,4,pea,S-20230512-1,3,1,188.29315185546875,0.5898644488502516,0.0,,1.0,S,5.238000066735535,-0.5278625161898584,0.21283853429240426
577,S-20230512,11.0,3,pea,S-20230512-1,3,1,180.58636474609372,0.625849362431179,0.0,,1.0,S,5.196209138387862,-0.4686455719332716,0.1436140109287126
576,S-20230512,11.0,2,pea,S-20230512-1,3,1,152.48880004882812,0.6296590017963979,0.0,,1.0,S,5.027091151047682,-0.4625768731242602,-0.136521236808673
575,S-20230512,11.0,1,pea,S-20230512-1,3,1,168.8284454345703,0.6696947442691492,0.0,,1.0,S,5.128883083572341,-0.4009332759853114,0.032091863926163866
574,S-20230512,11.0,0,pea,S-20230512-1,3,1,186.7204132080078,0.6523394093363883,0.0,,1.0,S,5.229612381517844,-0.4271902860363497,0.19894476513540404
573,S-20230512,10.0,16,pea,S-20230512-1,2,1,145.7286376953125,0.697334403222861,0.0,,1.0,S,4.981746246360228,-0.3604902082082053,-0.21163273918657738
572,S-20230512,10.0,15,pea,S-20230512-1,2,1,133.22193908691406,0.8618657047354983,0.0,,1.0,S,4.892016452403154,-0.14865581542616063,-0.36026552777947596
571,S-20230512,10.0,14,pea,S-20230512-1,2,1,112.2730712890625,0.9834583618118417,0.0,,1.0,S,4.72093404037212,-0.016679978793690185,-0.6436547439804714
570,S-20230512,10.0,13,pea,S-20230512-1,2,1,118.2209243774414,0.7808264581470965,0.0,,1.0,S,4.772555114494748,-0.2474023585107813,-0.558147089737139
569,S-20230512,10.0,12,pea,S-20230512-1,2,1,121.3034896850586,0.8315747518207139,0.0,,1.0,S,4.79829558458036,-0.1844340844251351,-0.515509324956949
917,S-20230517,9.0,2,pea,S-20230517-1,2,1,172.73944091796875,0.5903175428155336,0.0,,1.0,S,5.151784337294678,-0.527094678702517,0.07002661283077832
568,S-20230512,10.0,11,pea,S-20230512-1,2,1,116.74120330810548,0.9440099061953332,0.0,,1.0,S,4.759959547312941,-0.05761861904070787,-0.5790109989425554
567,S-20230512,10.0,10,pea,S-20230512-1,2,1,114.54148864746094,1.1618181564836778,0.0,,1.0,S,4.740937103628775,0.14998615434510684,-0.6105206985188368
566,S-20230512,10.0,9,pea,S-20230512-1,2,1,128.3977508544922,0.7584476685115433,0.0,,1.0,S,4.855132874392879,-0.2764814759665273,-0.42136127771035703
565,S-20230512,10.0,8,pea,S-20230512-1,2,1,137.86428833007812,0.9951814163007686,0.0,,1.0,S,4.92626978338658,-0.004830230502792119,-0.3035266467663562
564,S-20230512,10.0,7,pea,S-20230512-1,2,1,185.30938720703125,1.069363362017194,0.0,,1.0,S,5.222026791517238,0.06706348262877736,0.18637962545112144
563,S-20230512,10.0,6,pea,S-20230512-1,2,1,149.2609405517578,0.9644429796857974,0.0,,1.0,S,5.005696053115504,-0.03620456742407973,-0.17196111611341183
562,S-20230512,10.0,5,pea,S-20230512-1,2,1,174.24264526367188,0.7104182765449405,0.0,,1.0,S,5.16044884079388,-0.34190136051667236,0.08437891723343335
561,S-20230512,10.0,4,pea,S-20230512-1,2,1,184.42984008789065,0.6585097564138902,0.0,,1.0,S,5.217269120633072,-0.4177759417902746,0.1784987883340867
560,S-20230512,10.0,3,pea,S-20230512-1,2,1,177.42420959472656,0.8400746630308813,0.0,,1.0,S,5.1785435295313285,-0.17426450653420328,0.11435183845794931
559,S-20230512,10.0,2,pea,S-20230512-1,2,1,171.32351684570312,0.82426015021111,0.0,,1.0,S,5.143553680470768,-0.1932690826249424,0.056392953131592545
558,S-20230512,10.0,1,pea,S-20230512-1,2,1,177.07803344726562,0.7068191856390111,0.0,,1.0,S,5.17659050235426,-0.3469803945374095,0.11111674938971622
557,S-20230512,10.0,0,pea,S-20230512-1,2,1,216.336181640625,0.7048997045651273,0.0,,1.0,S,5.376833594238789,-0.3496997493184011,0.4428091319388158
556,S-20230512,9.0,16,pea,S-20230512-1,1,1,247.72244262695312,0.9604172997013124,0.0,,1.0,S,5.512308936456226,-0.040387401780494575,0.6672170683817318
555,S-20230512,9.0,15,pea,S-20230512-1,1,1,215.4019470214844,0.8279441328786206,0.0,,1.0,S,5.372505803778393,-0.1888095992420558,0.4356403696335972
554,S-20230512,9.0,14,pea,S-20230512-1,1,1,217.01031494140625,0.7337800475309244,0.0,,1.0,S,5.379944886702936,-0.30954595803988755,0.4479628278817201
553,S-20230512,9.0,13,pea,S-20230512-1,1,1,210.3111572265625,0.919290157169943,0.0,,1.0,S,5.348588135160418,-0.08415347504460513,0.39602198173190367
552,S-20230512,9.0,12,pea,S-20230512-1,1,1,244.986083984375,0.809935785750298,0.0,,1.0,S,5.501201408867767,-0.21080031130971222,0.6488180202279487
551,S-20230512,9.0,11,pea,S-20230512-1,1,1,240.8960418701172,0.7925287233962948,0.0,,1.0,S,5.484365478892721,-0.23252652985432096,0.6209301681512689
550,S-20230512,9.0,10,pea,S-20230512-1,1,1,238.43118286132807,0.683648903314328,0.0,,1.0,S,5.474080727230362,-0.3803107923908021,0.6038940060010111
549,S-20230512,9.0,9,pea,S-20230512-1,1,1,169.42161560058594,0.7482806970999896,0.0,,1.0,S,5.132390375025614,-0.28997710789873793,0.03790151182703159
548,S-20230512,9.0,8,pea,S-20230512-1,1,1,256.4111328125,0.6412681844329171,0.0,,1.0,S,5.546782143809445,-0.44430752510910815,0.7243201632924511
547,S-20230512,9.0,7,pea,S-20230512-1,1,1,274.5245361328125,0.6416729198642024,0.0,,1.0,S,5.615040641773989,-0.4436765757329339,0.8373868544127547
546,S-20230512,9.0,6,pea,S-20230512-1,1,1,222.8329315185547,0.6273411897604504,0.0,,1.0,S,5.40642230466458,-0.46626472405446107,0.4918213089149152
545,S-20230512,9.0,5,pea,S-20230512-1,1,1,214.5038299560547,0.8475103861619111,0.0,,1.0,S,5.36832759348165,-0.16545218474432216,0.4287193791760747
544,S-20230512,9.0,4,pea,S-20230512-1,1,1,207.0391845703125,0.7844644735048689,0.0,,1.0,S,5.332908072791993,-0.24275399336044987,0.3700487648955359
543,S-20230512,9.0,3,pea,S-20230512-1,1,1,207.72210693359372,0.8148693925246171,0.0,,1.0,S,5.336201162067339,-0.2047274331544321,0.37550359790578736
542,S-20230512,9.0,2,pea,S-20230512-1,1,1,184.91961669921875,0.6629852139835855,0.0,,1.0,S,5.219921226325419,-0.411002590728844,0.18289186500698285
541,S-20230512,9.0,1,pea,S-20230512-1,1,1,172.99681091308594,0.7877585568152661,0.0,,1.0,S,5.153273160299465,-0.23856363605494937,0.07249277156316809
540,S-20230512,9.0,0,pea,S-20230512-1,1,1,218.1134185791016,0.7059883797485647,0.0,,1.0,S,5.385015196207722,-0.34815650090400385,0.4563615347937851
918,S-20230517,9.0,3,pea,S-20230517-1,2,1,191.274169921875,0.5184815831354754,0.0,,1.0,S,5.253707843398003,-0.6568507714506675,0.23885765843141712
919,S-20230517,9.0,4,pea,S-20230517-1,2,1,190.3527069091797,0.5515917941398687,0.0,,1.0,S,5.248878703421797,-0.5949470096423395,0.2308584364393059
971,S-20230517,12.0,16,pea,S-20230517-1,5,1,136.08071899414062,0.6394908403579578,0.0,,1.0,S,4.9132482316872625,-0.44708298119645346,-0.3250961774152515
970,S-20230517,12.0,15,pea,S-20230517-1,5,1,148.89230346679688,0.6300161206971779,0.0,,1.0,S,5.0032232490779815,-0.4620098715157175,-0.17605718881716312
969,S-20230517,12.0,14,pea,S-20230517-1,5,1,144.93218994140625,0.6290077033970505,0.0,,1.0,S,4.976265977459092,-0.46361177530255676,-0.22071052275314154
968,S-20230517,12.0,13,pea,S-20230517-1,5,1,148.70468139648438,0.7801301997342058,0.0,,1.0,S,5.001962335125798,-0.2482944504923881,-0.17814582792602351
967,S-20230517,12.0,12,pea,S-20230517-1,5,1,146.00706481933594,0.7752988010987956,0.0,,1.0,S,4.983655009711152,-0.25450677412912026,-0.20847097086971833
966,S-20230517,12.0,11,pea,S-20230517-1,5,1,169.74729919433594,0.5411302544039742,0.0,,1.0,S,5.134310855822312,-0.6140952631188811,0.04108268949014813
965,S-20230517,12.0,10,pea,S-20230517-1,5,1,144.61004638671875,0.6563589267245362,0.0,,1.0,S,4.974040784397818,-0.4210474952698082,-0.22439644061017924
1598,S-20230517,20.0,1,pv,S-20230517-1,4,1,45.41661071777344,0.7426691452353218,0.0,,3.0,S,3.815877912972249,-0.297504629218172,-2.142833669019426
1597,S-20230517,20.0,0,pv,S-20230517-1,4,1,67.22895812988281,0.651032530270367,0.0,,1.2999999999999998,S,4.208104079259612,-0.42919566832866723,-1.4931311980399196
1596,S-20230517,19.0,1,pv,S-20230517-1,3,1,44.12269973754883,0.7687038572400944,0.0,,1.5,S,3.78697438330082,-0.2630494847651842,-2.1907108793170145
1595,S-20230517,19.0,0,pv,S-20230517-1,3,1,42.078216552734375,0.8103796789096194,0.0,,2.0,S,3.7395301852293596,-0.2102524017450529,-2.269299753211994
1594,S-20230517,18.0,1,pv,S-20230517-1,2,1,44.88096237182617,0.6904541804568183,0.0,,2.1999999999999997,S,3.8040137042070468,-0.3704056653847437,-2.1624861206238943
1655,S-20230524,16.0,0,pv,S-20230524-1,1,1,82.62518310546875,1.1062564124403078,0.0,,2.4,S,4.414314514271891,0.10098171387941271,-1.15155421851969
1656,S-20230524,16.0,1,pv,S-20230524-1,1,1,64.63885498046875,0.8803452149060185,0.0,,2.3000000000000007,S,4.168815700263695,-0.12744115876942844,-1.5582103771167304
1657,S-20230524,16.0,2,pv,S-20230524-1,1,1,54.75336456298828,0.7201676385450781,0.0,,2.1999999999999997,S,4.002838820013705,-0.328271262760431,-1.8331425425166372
1658,S-20230524,17.0,0,pv,S-20230524-1,2,1,80.21764373779297,0.5980500865540819,0.0,,1.0,S,4.384743487407322,-0.5140807717595074,-1.2005371035861494
1659,S-20230524,17.0,1,pv,S-20230524-1,2,1,77.95188903808594,0.7086788786840383,0.0,,1.0999999999999996,S,4.356091829181744,-0.34435277651107443,-1.2479971017882585
1660,S-20230524,17.0,2,pv,S-20230524-1,2,1,92.01270294189452,0.8987485043675552,0.0,,1.0999999999999996,S,4.521926642972877,-0.10675203407337774,-0.9733002621705058
1661,S-20230524,17.0,3,pv,S-20230524-1,2,1,104.82212829589844,0.7260177183598557,0.0,,1.5,S,4.652264897459996,-0.32018085900080245,-0.7574016473356265
1662,S-20230524,17.0,4,pv,S-20230524-1,2,1,97.75770568847656,0.653216954705087,0.0,,1.4000000000000004,S,4.582492026331159,-0.42584596184625345,-0.8729768197134125
1663,S-20230524,17.0,5,pv,S-20230524-1,2,1,122.93737030029295,0.6561932138624513,0.0,,0.5999999999999996,S,4.811675041143478,-0.4213000000775658,-0.49334694330938605
1664,S-20230524,17.0,6,pv,S-20230524-1,2,1,136.4810333251953,0.6207637356931617,0.0,,1.5,S,4.916185654972,-0.47680472726209283,-0.32023048682537814
1665,S-20230524,18.0,0,pv,S-20230524-1,3,1,84.5155029296875,0.6230439039849465,0.0,,0.9,S,4.4369349841587065,-0.47313829079176123,-1.1140845735969844
1666,S-20230524,18.0,1,pv,S-20230524-1,3,1,63.66764450073242,0.809103427270145,0.0,,1.1,S,4.1536764979108245,-0.21182852427304438,-1.5832876871555326
1667,S-20230524,18.0,2,pv,S-20230524-1,3,1,74.74071502685547,0.7463252233312723,0.0,,1.0,S,4.314024990868084,-0.2925938175715342,-1.3176786558196538
1668,S-20230524,18.0,3,pv,S-20230524-1,3,1,75.70191192626953,0.6966455390074202,0.0,,0.7999999999999998,S,4.326803416746251,-0.3614785499348636,-1.2965118505887385
1669,S-20230524,18.0,4,pv,S-20230524-1,3,1,71.01655578613281,1.048940951782484,0.0,,3.0,S,4.262913029945442,0.04778103782265322,-1.4023429902325686
1670,S-20230524,19.0,0,pv,S-20230524-1,4,1,95.47362518310548,0.7141605213956517,0.0,,1.2999999999999998,S,4.558850033249908,-0.3366475220288901,-0.9121385652674183
1671,S-20230524,19.0,1,pv,S-20230524-1,4,1,106.4839096069336,0.6382063553242077,0.0,,1.5,S,4.667993890232247,-0.4490936069860602,-0.7313473798019725
1672,S-20230524,20.0,0,pv,S-20230524-1,5,1,80.3897933959961,0.7962525627531498,0.0,,1.5,S,4.386887220315371,-0.22783885357265476,-1.196986120283166
1673,S-20230524,20.0,1,pv,S-20230524-1,5,1,71.95555877685547,0.6796131784832902,0.0,,1.2000000000000002,S,4.276048689235171,-0.3862314978431059,-1.380584446229084
1674,S-20230524,20.0,2,pv,S-20230524-1,5,1,103.93113708496094,0.6831418762725825,0.0,,1.0,S,4.643728536413769,-0.38105271584035383,-0.771541690355713
1675,S-20230524,20.0,3,pv,S-20230524-1,5,1,105.50341796875,0.6851812068795446,0.0,,1.2000000000000002,S,4.65874335019938,-0.37807194011270556,-0.7466704235808653
1593,S-20230517,18.0,0,pv,S-20230517-1,2,1,42.71503448486328,1.1709996093608162,0.0,,2.3000000000000007,S,3.754550953927692,0.15785775102100386,-2.2444186224305045
1592,S-20230517,17.0,2,pv,S-20230517-1,1,1,73.84705352783203,0.6139853559051112,0.0,,1.3000000000000007,S,4.301996110115523,-0.48778420143682644,-1.3376038781015638
1591,S-20230517,17.0,1,pv,S-20230517-1,1,1,39.48025131225586,0.6311809340433747,0.0,,1.1999999999999993,S,3.67580058010368,-0.4601627157948692,-2.3748645662805004
1590,S-20230517,17.0,0,pv,S-20230517-1,1,1,46.04522705078125,0.634563490582174,0.0,,1.4000000000000004,S,3.8296241102238557,-0.45481793287446165,-2.120063800284056
1576,S-20230513,23.0,1,pv,S-20230513-1,6,1,53.83342361450195,0.6999279646722982,0.0,,1.1999999999999993,S,3.985894531042767,-0.3567778568450864,-1.8612098856967538
1575,S-20230513,23.0,0,pv,S-20230513-1,6,1,48.848106384277344,0.5745919504192827,0.0,,1.0,S,3.8887156138536727,-0.5540951415512904,-2.0221817637907056
1574,S-20230513,22.0,3,pv,S-20230513-1,5,1,49.20395278930664,0.6542942565702319,0.0,,1.0,S,3.8959739615171474,-0.42419809512107964,-2.010158684206737
1573,S-20230513,22.0,2,pv,S-20230513-1,5,1,43.95635223388672,0.8313715187643069,0.0,,3.0,S,3.7831971468815073,-0.1846785097093595,-2.1969676771699733
1572,S-20230513,22.0,1,pv,S-20230513-1,5,1,53.321250915527344,0.6524034856656407,0.0,,2.0,S,3.9763349555665846,-0.4270920654144183,-1.8770448307927945
1571,S-20230513,22.0,0,pv,S-20230513-1,5,1,34.83323669433594,0.7255344763097966,0.0,,1.0,S,3.5505720084076233,-0.3208466870291524,-2.5822992543796954
1570,S-20230513,21.0,3,pv,S-20230513-1,4,1,84.74620056152344,0.9392453054414672,0.0,,2.0,S,4.439660914123148,-0.06267859273967973,-1.1095692108143878
1569,S-20230513,21.0,2,pv,S-20230513-1,4,1,71.38752746582031,0.8114658001772206,0.0,,2.8000000000000007,S,4.268123168733618,-0.20891303687463547,-1.3937126633044452
1568,S-20230513,21.0,1,pv,S-20230513-1,4,1,68.27682495117188,0.591529975788923,0.0,,1.1999999999999993,S,4.223570396422857,-0.5250429192671641,-1.467512039142318
1567,S-20230513,21.0,0,pv,S-20230513-1,4,1,107.63013458251952,0.8277946882051062,0.0,,1.2999999999999998,S,4.678700669693706,-0.18899011644925928,-0.7136121503087776
1566,S-20230513,20.0,2,pv,S-20230513-1,3,1,52.40545654296875,0.913247348513906,0.0,,1.5,S,3.9590107184049876,-0.09074851666282852,-1.9057415386087593
1565,S-20230513,20.0,1,pv,S-20230513-1,3,1,54.51361846923828,0.5857155408172972,0.0,,2.0,S,3.9984505506238586,-0.534921032488547,-1.8404114850578595
1564,S-20230513,20.0,0,pv,S-20230513-1,3,1,48.52280426025391,0.9915596743346208,0.0,,1.5999999999999996,S,3.882033878371389,-0.008476146918488487,-2.0332497149535835
1563,S-20230513,19.0,2,pv,S-20230513-1,2,1,47.63072204589844,0.6897333257413436,0.0,,2.0,S,3.8634779741750527,-0.37145024052802444,-2.063986615863927
1562,S-20230513,19.0,1,pv,S-20230513-1,2,1,48.701202392578125,0.7244030956909704,0.0,,2.5,S,3.885703719569755,-0.32240727952677745,-2.0271708117604343
1561,S-20230513,19.0,0,pv,S-20230513-1,2,1,49.81705856323242,0.7967191352288054,0.0,,1.5,S,3.9083574668070553,-0.2272530647735334,-1.9896460446182136
1560,S-20230513,18.0,4,pv,S-20230513-1,1,1,59.97266387939453,0.8661629482820548,0.0,,2.6999999999999997,S,4.093888856393879,-0.14368222613143267,-1.682322840254261
1559,S-20230513,18.0,3,pv,S-20230513-1,1,1,89.678955078125,0.7268526544159961,0.0,,1.1000000000000014,S,4.496236127024804,-0.319031498171784,-1.015855280491168
1558,S-20230513,18.0,2,pv,S-20230513-1,1,1,65.68948364257812,0.71957583870722,0.0,,1.5,S,4.184938846355572,-0.3290933534738648,-1.531503214881712
1557,S-20230513,18.0,1,pv,S-20230513-1,1,1,59.80113220214844,0.7525711969543707,0.0,,1.7000000000000002,S,4.091024593923652,-0.2842596729418669,-1.6870673437177992
1556,S-20230513,18.0,0,pv,S-20230513-1,1,1,65.24221801757812,0.6889432467240599,0.0,,1.5,S,4.178106774991855,-0.37259638186320465,-1.542820189699917
1544,S-20230512,24.0,0,pv,S-20230512-1,6,1,47.19593048095703,0.6951752901312034,0.0,,1.9000000000000004,S,3.854307670250679,-0.36359124920233726,-2.0791767526559064
1543,S-20230512,23.0,3,pv,S-20230512-1,4,1,42.72487258911133,0.5016217970296974,0.0,,3.0,S,3.754781246881616,-0.6899088356041834,-2.24403715399705
1542,S-20230512,23.0,2,pv,S-20230512-1,4,1,43.71685791015625,0.5496587585378592,0.0,,2.6999999999999997,S,3.7777337922480045,-0.5984576323296333,-2.20601744312216
1541,S-20230512,23.0,1,pv,S-20230512-1,4,1,43.80303192138672,0.7837864770360206,0.0,,2.0,S,3.7797030369361404,-0.24361864644528314,-2.2027554905809628
1540,S-20230512,23.0,0,pv,S-20230512-1,4,1,43.87406539916992,0.6131133771086184,0.0,,1.7999999999999998,S,3.7813233801157304,-0.4892054056477075,-2.2000714754435253
1539,S-20230512,22.0,3,pv,S-20230512-1,2,1,64.72718048095703,0.740302053419688,0.0,,3.0,S,4.170181213458836,-0.3006969957699611,-1.555948474741793
1538,S-20230512,22.0,2,pv,S-20230512-1,2,1,65.10897827148438,0.690733464112089,0.0,,1.0,S,4.176062454781679,-0.3700012544994084,-1.5462065009819945
1537,S-20230512,22.0,1,pv,S-20230512-1,2,1,50.32408905029297,0.5008864066447707,0.0,,0.9000000000000004,S,3.918483870026564,-0.6913759368491108,-1.9728721785191596
1536,S-20230512,22.0,0,pv,S-20230512-1,2,1,61.176231384277344,0.5971687864095845,0.0,,2.8,S,4.113758738006861,-0.515555481244358,-1.6494094033354034
1535,S-20230512,21.0,3,pv,S-20230512-1,1,1,72.57164764404297,0.6477829208302808,0.0,,1.0999999999999996,S,4.28457431723574,-0.4341996374731704,-1.3664621819470937
1534,S-20230512,21.0,2,pv,S-20230512-1,1,1,60.09033203125,0.46338499383587,0.0,,1.8999999999999984,S,4.095848963896389,-0.7691970502534029,-1.6790760229910984
1533,S-20230512,21.0,1,pv,S-20230512-1,1,1,51.85966873168945,0.7229910881083903,0.0,,1.5,S,3.9485413923479156,-0.324358383167128,-1.9230834387505935
1532,S-20230512,21.0,0,pv,S-20230512-1,1,1,58.32099914550781,0.8336694249726904,0.0,,1.5,S,4.065962219678269,-0.18191832813433031,-1.7285818776153372
