mouse_id,capillary_id,treatment,clock_time,time,blood_cell_id,intensity
1,1,control,16:27:50.000,0.0,0,-10.879105734173535
1,1,control,16:27:50.001,0.0011940194019401,0,-27.40130415164782
1,1,control,16:27:50.002,0.0023880388038803,0,-15.939219659322433
1,1,control,16:27:50.003,0.0035820582058205,0,-18.99237993068924
1,1,control,16:27:50.004,0.0047760776077607,0,-7.560323300320221
1,1,control,16:27:50.005,0.0059700970097009,0,2.3574014181393608
1,1,control,16:27:50.007,0.0071641164116411,0,-4.7387648884029545
1,1,control,16:27:50.008,0.0083581358135813,0,-3.848391455231223
1,1,control,16:27:50.009,0.0095521552155215,0,2.028942535101152
1,1,control,16:27:50.010,0.0107461746174617,0,-7.106351874647544
1,1,control,16:27:50.011,0.0119401940194019,0,-8.25387324609386
1,1,control,16:27:50.013,0.0131342134213421,0,14.08677042279983
1,1,control,16:27:50.014,0.0143282328232823,0,5.91596186350084
1,1,control,16:27:50.015,0.0155222522252225,0,-5.765925299534601
1,1,control,16:27:50.016,0.0167162716271627,0,14.04147361249558
1,1,control,16:27:50.017,0.0179102910291029,0,1.8385144919095069
1,1,control,16:27:50.082,0.0823873387338733,1,37.03109131637436
1,1,control,16:27:50.083,0.0835813581358135,1,45.10711104948841
1,1,control,16:27:50.084,0.0847753775377537,1,14.682714125740093
1,1,control,16:27:50.085,0.0859693969396939,1,14.757957980845276
1,1,control,16:27:50.087,0.0871634163416341,1,8.33289745962773
1,1,control,16:27:50.088,0.0883574357435743,1,31.407584881007068
1,1,control,16:27:50.089,0.0895514551455145,1,15.482070101892504
1,1,control,16:27:50.090,0.0907454745474547,1,34.05640057997462
1,1,control,16:27:50.091,0.0919394939493949,1,31.63062143544533
1,1,control,16:27:50.093,0.0931335133513351,1,32.20477551164326
1,1,control,16:27:50.094,0.0943275327532753,1,44.27890343466609
1,1,control,16:27:50.095,0.0955215521552155,1,27.353043671919423
1,1,control,16:27:50.117,0.117013901390139,2,65.22204856148359
1,1,control,16:27:50.118,0.1182079207920792,2,32.80125567654284
1,1,control,16:27:50.119,0.1194019401940194,2,60.88087265762532
1,1,control,16:27:50.120,0.1205959595959595,2,46.96090446174264
1,1,control,16:27:50.121,0.1217899789978997,2,42.54135493794044
1,1,control,16:27:50.122,0.1229839983998399,2,22.122226865330063
1,1,control,16:27:50.124,0.1241780178017801,2,48.70352199035894
1,1,control,16:27:50.125,0.1253720372037203,2,52.28524106334376
1,1,control,16:27:50.126,0.1265660566056605,2,21.86738387425156
1,1,control,16:27:50.127,0.1277600760076007,2,50.44994928776666
1,1,control,16:27:50.128,0.1289540954095409,2,66.53293527763682
1,1,control,16:27:50.130,0.1301481148114811,2,31.11633896030446
1,1,control,16:27:50.131,0.1313421342134213,2,30.700156627852607
1,1,control,16:27:50.132,0.1325361536153615,2,16.78438378025598
1,1,control,16:27:50.133,0.1337301730173017,2,51.8690151569524
1,1,control,16:27:50.134,0.1349241924192419,2,11.954044767753942
1,1,control,16:27:50.149,0.1492524252425242,3,39.50241300984628
1,1,control,16:27:50.150,0.1504464446444644,3,39.09179486199966
1,1,control,16:27:50.151,0.1516404640464046,3,20.181430270688537
1,1,control,16:27:50.152,0.1528344834483448,3,40.27130558368991
1,1,control,16:27:50.154,0.154028502850285,3,71.86140683018456
1,1,control,16:27:50.155,0.1552225222522252,3,64.95171974167313
1,1,control,16:27:50.156,0.1564165416541654,3,42.54222977238122
1,1,control,16:27:50.157,0.1576105610561056,3,36.13292211915655
1,1,control,16:27:50.158,0.1588045804580458,3,6.223781740873093
1,1,control,16:27:50.159,0.159998599859986,3,49.814793377343946
1,1,control,16:27:50.161,0.1611926192619261,3,106.40594156775568
1,1,control,16:27:50.162,0.1623866386638663,3,56.49721066862456
1,1,control,16:27:50.163,0.1635806580658065,3,37.588584871295225
1,1,control,16:27:50.164,0.1647746774677467,3,29.180048218967784
1,1,control,16:27:50.165,0.1659686968696869,3,29.2715846232864
1,1,control,16:27:50.224,0.2244756475647564,4,-4.986998485480115
1,1,control,16:27:50.225,0.2256696669666966,4,0.0883920883400151
1,1,control,16:27:50.226,0.2268636863686368,4,8.16312933606011
1,1,control,16:27:50.228,0.228057705770577,4,5.737204180148197
1,1,control,16:27:50.229,0.2292517251725172,4,7.810607808501942
1,1,control,16:27:50.230,0.2304457445744574,4,-0.616668324517164
1,1,control,16:27:50.231,0.2316397639763976,4,-4.044632497204859
1,1,control,16:27:50.232,0.2328337833783378,4,-20.973292719789967
1,1,control,16:27:50.234,0.234027802780278,4,1.0973432661397453
1,1,control,16:27:50.235,0.2352218221822182,4,9.167267988067948
1,1,control,16:27:50.236,0.2364158415841584,4,4.236474242834021
1,1,control,16:27:50.237,0.2376098609860986,4,18.304955096781555
1,1,control,16:27:50.238,0.2388038803880388,4,-15.127296114229908
1,1,control,16:27:50.239,0.2399978997899789,4,-4.060285784946359
1,1,control,16:27:50.241,0.2411919191919191,4,22.00597995903152
1,1,control,16:27:50.242,0.2423859385938593,4,9.571495260874158
1,1,control,16:27:50.262,0.2626842684268426,5,13.566048456946362
1,1,control,16:27:50.263,0.2638782878287828,5,10.617355450929267
1,1,control,16:27:50.265,0.265072307230723,5,-21.83214952185853
1,1,control,16:27:50.266,0.2662663266326632,5,15.71753281258148
1,1,control,16:27:50.267,0.2674603460346034,5,16.76640196554628
1,1,control,16:27:50.268,0.2686543654365436,5,-13.185542316757548
1,1,control,16:27:50.269,0.2698483848384838,5,9.36169994433871
1,1,control,16:27:50.271,0.271042404240424,5,7.908128957457492
1,1,control,16:27:50.272,0.2722364236423642,5,-9.54625484138984
1,1,control,16:27:50.273,0.2734304430443044,5,12.49854920857868
1,1,control,16:27:50.274,0.2746244624462446,5,23.04254199024429
1,1,control,16:27:50.275,0.2758184818481848,5,8.085724605864556
1,1,control,16:27:50.335,0.3355194519451945,6,-9.709121787518114
1,1,control,16:27:50.336,0.3367134713471347,6,10.29836933704864
1,1,control,16:27:50.337,0.3379074907490749,6,10.305332365848813
1,1,control,16:27:50.339,0.3391015101510151,6,-1.68822452467883
1,1,control,16:27:50.340,0.3402955295529553,6,5.317706887109381
1,1,control,16:27:50.341,0.3414895489548954,6,-10.176865135000128
1,1,control,16:27:50.342,0.3426835683568356,6,32.32806771188258
1,1,control,16:27:50.343,0.3438775877587758,6,30.832513766736227
1,1,control,16:27:50.345,0.345071607160716,6,9.83648140163801
1,1,control,16:27:50.346,0.3462656265626562,6,-13.6600209812009
1,1,control,16:27:50.347,0.3474596459645964,6,-7.656984952374103
1,1,control,16:27:50.348,0.3486536653665366,6,7.345597941807682
1,1,control,16:27:50.349,0.3498476847684768,6,15.347736176431098
1,1,control,16:27:50.351,0.351041704170417,6,11.849438245122911
1,1,control,16:27:50.352,0.3522357235723572,6,44.850712657220384
1,1,control,16:27:50.353,0.3534297429742974,6,8.851567934969836
1,1,control,16:27:50.354,0.3546237623762376,6,13.352012610754826
1,1,control,16:27:50.407,0.4071606160616061,7,-3.4078912367086502
1,1,control,16:27:50.408,0.4083546354635463,7,-1.9174065662240167
1,1,control,16:27:50.409,0.4095486548654865,7,4.573029881365045
1,1,control,16:27:50.410,0.4107426742674267,7,-13.936575403689249
1,1,control,16:27:50.411,0.4119366936693669,7,2.053783985666556
1,1,control,16:27:50.413,0.4131307130713071,7,-8.955885627779224
1,1,control,16:27:50.414,0.4143247324732473,7,20.534421993465983
1,1,control,16:27:50.415,0.4155187518751875,7,-16.975286999396843
1,1,control,16:27:50.416,0.4167127712771277,7,-9.485006542417878
1,1,control,16:27:50.417,0.4179067906790679,7,-10.99473065982356
1,1,control,16:27:50.419,0.4191008100810081,7,-10.004453464906137
1,1,control,16:27:50.420,0.4202948294829483,7,10.98583083912152
1,1,control,16:27:50.421,0.4214888488848884,7,9.476127958305751
1,1,control,16:27:50.422,0.4226828682868286,7,10.9664435071669
1,1,control,16:27:50.423,0.4238768876887688,7,-12.043216992052038
1,1,control,16:27:50.425,0.425070907090709,7,-11.052848110101834
1,1,control,16:27:50.489,0.4895479547954795,8,23.58264035334388
1,1,control,16:27:50.490,0.4907419741974197,8,65.58012118243798
1,1,control,16:27:50.491,0.4919359935993599,8,25.077779204980075
1,1,control,16:27:50.493,0.4931300130013001,8,49.57561436010107
1,1,control,16:27:50.494,0.4943240324032403,8,24.57362650229831
1,1,control,16:27:50.495,0.4955180518051805,8,51.07181540226168
1,1,control,16:27:50.496,0.4967120712071207,8,29.07018074771628
1,1,control,16:27:50.497,0.4979060906090609,8,78.06872214428093
1,1,control,16:27:50.499,0.4991001100110011,8,15.567439116342712
1,1,control,16:27:50.500,0.5002941294129413,8,73.56633110794664
1,1,control,16:27:50.501,0.5014881488148815,8,42.565397483700366
1,1,control,16:27:50.502,0.5026821682168217,8,27.064637529693755
1,1,control,16:27:50.503,0.5038761876187619,8,34.064050454432504
1,1,control,16:27:50.505,0.505070207020702,8,54.063635389786015
1,1,control,16:27:50.506,0.5062642264226422,8,12.0633913919486
1,1,control,16:27:50.507,0.5074582458245824,8,39.563317442414245
1,1,control,16:27:50.576,0.5767113711371137,9,104.2831420900622
1,1,control,16:27:50.577,0.5779053905390539,9,100.28922132319768
1,1,control,16:27:50.579,0.5790994099409941,9,143.29531498809698
1,1,control,16:27:50.580,0.5802934293429343,9,128.8014196672808
1,1,control,16:27:50.581,0.5814874487448745,9,150.30753194120106
1,1,control,16:27:50.582,0.5826814681468147,9,132.3136483894064
1,1,control,16:27:50.583,0.5838754875487548,9,78.8197655917023
1,1,control,16:27:50.585,0.585069506950695,9,90.32588012930488
1,1,control,16:27:50.586,0.5862635263526352,9,84.83198858598847
1,1,control,16:27:50.587,0.5874575457545754,9,90.33808754922656
1,1,control,16:27:50.588,0.5886515651565156,9,134.84417361132626
1,1,control,16:27:50.604,0.6041738173817381,10,14.420583595561098
1,1,control,16:27:50.605,0.6053678367836783,10,12.926136577155376
1,1,control,16:27:50.606,0.6065618561856185,10,3.431626870595764
1,1,control,16:27:50.607,0.6077558755875587,10,-2.5629487064876315
1,1,control,16:27:50.608,0.6089498949894989,10,4.442406686428143
1,1,control,16:27:50.610,0.6101439143914391,10,9.947689913738415
1,1,control,16:27:50.611,0.6113379337933793,10,-13.047102135319603
1,1,control,16:27:50.612,0.6125319531953195,10,1.45802745429215
1,1,control,16:27:50.613,0.6137259725972597,10,-17.53692437563899
1,1,control,16:27:50.614,0.6149199919991999,10,-7.531960655638642
1,1,control,16:27:50.616,0.6161140114011401,10,2.972915612381314
1,1,control,16:27:50.617,0.6173080308030803,10,16.477701456038716
1,1,control,16:27:50.618,0.6185020502050205,10,11.982393933385636
1,1,control,16:27:50.619,0.6196960696069607,10,2.9869901338018394
1,1,control,16:27:50.630,0.6304422442244224,11,48.52355984551461
1,1,control,16:27:50.631,0.6316362636263626,11,-12.972959299914294
1,1,control,16:27:50.632,0.6328302830283028,11,7.530395572336218
1,1,control,16:27:50.634,0.634024302430243,11,-3.966378007025796
1,1,control,16:27:50.635,0.6352183218321832,11,19.536717534564104
1,1,control,16:27:50.636,0.6364123412341234,11,3.0396798122492186
1,1,control,16:27:50.637,0.6376063606360636,11,5.542506484461114
1,1,control,16:27:50.638,0.6388003800380038,11,-4.954804746383971
1,1,control,16:27:50.639,0.639994399439944,11,-23.952256133201928
1,1,control,16:27:50.641,0.6411884188418842,11,27.05015011642911
1,1,control,16:27:50.642,0.6423824382438243,11,-1.947588159074627
1,1,control,16:27:50.643,0.6435764576457645,11,12.554526925340625
1,1,control,16:27:50.644,0.6447704770477047,11,18.05649330199583
1,1,control,16:27:50.645,0.6459644964496449,11,5.05830895109527
1,1,control,16:27:50.684,0.6841731173117311,12,14.027446286234024
1,1,control,16:27:50.685,0.6853671367136713,12,26.02349844141392
1,1,control,16:27:50.686,0.6865611561156115,12,44.01936316294676
1,1,control,16:27:50.687,0.6877551755175517,12,-2.98495961395426
1,1,control,16:27:50.688,0.6889491949194919,12,22.01053010658164
1,1,control,16:27:50.690,0.6901432143214321,12,20.50583238117251
1,1,control,16:27:50.691,0.6913372337233723,12,15.000947327259
1,1,control,16:27:50.692,0.6925312531253125,12,17.99587512316556
1,1,control,16:27:50.693,0.6937252725272527,12,16.99061600814754
1,1,control,16:27:50.694,0.6949192919291929,12,-21.514829717575964
1,1,control,16:27:50.784,0.7844707470747074,13,21.65053396052899
1,1,control,16:27:50.785,0.7856647664766476,13,29.63615299967539
1,1,control,16:27:50.786,0.7868587858785878,13,32.12177363059243
1,1,control,16:27:50.788,0.788052805280528,13,20.10739997136065
1,1,control,16:27:50.789,0.7892468246824682,13,44.09303616584525
1,1,control,16:27:50.790,0.7904408440844084,13,24.078686382895484
1,1,control,16:27:50.791,0.7916348634863486,13,25.064354815538834
1,1,control,16:27:50.792,0.7928288828882888,13,58.050045680170285
1,1,control,16:27:50.794,0.794022902290229,13,6.535763215736751
1,1,control,16:27:50.795,0.7952169216921692,13,41.52151168291694
1,1,control,16:27:50.796,0.7964109410941094,13,38.00729536329662
1,1,control,16:27:50.797,0.7976049604960496,13,28.99311855853962
1,1,control,16:27:50.798,0.7987989798979898,13,20.978985589554668
1,1,control,16:27:50.799,0.79999299929993,13,31.464900795658195
1,1,control,16:27:50.801,0.8011870187018701,13,20.950868533733285
1,1,control,16:27:50.802,0.8023810381038103,13,15.936893177384915
1,1,control,16:27:50.803,0.8035750575057505,13,61.42297911609178
1,1,control,16:27:50.804,0.8047690769076907,13,14.90913075435455
1,1,control,16:27:50.805,0.8059630963096309,13,41.89535251084109
1,1,control,16:27:50.807,0.8071571157115711,13,52.881648817528514
1,1,control,16:27:50.825,0.825067406740674,14,35.188083837593524
1,1,control,16:27:50.826,0.8262614261426142,14,82.17618319297115
1,1,control,16:27:50.827,0.8274554455445544,14,45.66443363567007
1,1,control,16:27:50.828,0.8286494649464946,14,76.65283968801907
1,1,control,16:27:50.829,0.8298434843484348,14,39.14140586899052
1,1,control,16:27:50.831,0.831037503750375,14,41.63013669331527
1,1,control,16:27:50.832,0.8322315231523152,14,33.61903667059778
1,1,control,16:27:50.833,0.8334255425542554,14,109.60811030443186
1,1,control,16:27:50.834,0.8346195619561956,14,52.09736209151687
1,1,control,16:27:50.835,0.8358135813581358,14,39.58679652077487
1,1,control,16:27:50.837,0.837007600760076,14,54.07641807246869
1,1,control,16:27:50.838,0.8382016201620162,14,54.56623121732096
1,1,control,16:27:50.839,0.8393956395639564,14,33.05624041563469
1,1,control,16:27:50.840,0.8405896589658965,14,39.04645011641495
1,1,control,16:27:50.841,0.8417836783678367,14,22.536864756492392
1,1,control,16:27:50.842,0.8429776977697769,14,43.52748875964832
1,1,control,16:27:50.844,0.8441717171717171,14,68.51832653574176
1,1,control,16:27:50.845,0.8453657365736573,14,60.50938247983849
1,1,control,16:27:50.926,0.9265590559055904,15,14.627647394461746
1,1,control,16:27:50.927,0.9277530753075308,15,-22.35731282170877
1,1,control,16:27:50.928,0.9289470947094708,15,2.1581686264236595
1,1,control,16:27:50.930,0.9301411141114112,15,-11.82590685230241
1,1,control,16:27:50.931,0.9313351335133512,15,9.69046208776578
1,1,control,16:27:50.932,0.9325291529152916,15,-7.792723271272294
1,1,control,16:27:50.933,0.9337231723172316,15,4.224538288772664
1,1,control,16:27:50.934,0.934917191719172,15,7.242247921833496
1,1,control,16:27:50.936,0.936111211121112,15,-2.2395932827487712
1,1,control,16:27:50.937,0.9373052305230524,15,-12.720984300549643
1,1,control,16:27:50.938,0.9384992499249925,15,34.29807582762513
1,1,control,16:27:50.939,0.9396932693269326,15,-4.682412004563375
1,1,control,16:27:50.940,0.9408872887288728,15,0.3375530307210397
1,1,control,16:27:50.942,0.942081308130813,15,-1.1420283047913102
1,1,control,16:27:50.943,0.9432753275327532,15,-6.621155315745554
1,1,control,16:27:50.944,0.9444693469346934,15,-9.099827373420936
1,1,control,16:27:50.973,0.973125812581258,16,50.0489744385884
1,1,control,16:27:50.974,0.9743198319831984,16,33.58168169614896
1,1,control,16:27:50.975,0.9755138513851384,16,47.61483628851222
1,1,control,16:27:50.976,0.9767078707870788,16,90.64843698931992
1,1,control,16:27:50.977,0.9779018901890189,16,22.182482503010945
1,1,control,16:27:50.979,0.979095909590959,16,28.71697146489961
1,1,control,16:27:50.980,0.9802899289928992,16,44.25190244126598
1,1,control,16:27:50.981,0.9814839483948394,16,22.28727392945781
1,1,control,16:27:50.982,0.9826779677967796,16,28.3230843580044
1,1,control,16:27:50.983,0.9838719871987198,16,40.85933208674213
1,1,control,16:27:50.985,0.98506600660066,16,48.896015406951946
1,1,control,16:27:50.986,0.9862600260026002,16,57.433132541508485
1,1,control,16:27:50.987,0.9874540454045404,16,19.470681645040955
1,1,control,16:27:50.988,0.9886480648064806,16,42.00866080410587
1,1,control,16:27:50.989,0.9898420842084208,16,13.047068037371416
1,1,control,16:27:50.991,0.991036103610361,16,15.0859012958135
1,1,control,16:27:50.992,0.9922301230123012,16,55.12515846292352
1,1,control,16:27:50.993,0.9934241424142414,16,57.16483735492787
1,1,control,16:27:50.994,0.9946181618161816,16,57.204935721018856
1,1,control,16:27:50.995,0.9958121812181218,16,62.74545124359746
1,1,control,16:27:50.997,0.997006200620062,16,43.78638153852751
1,1,control,16:27:51.014,1.0149164916491649,17,35.9482872291196
1,1,control,16:27:51.016,1.016110511051105,17,10.995476507752455
1,1,control,16:27:51.017,1.0173045304530453,17,18.04303014992331
1,1,control,16:27:51.018,1.0184985498549854,17,7.090944630270172
1,1,control,16:27:51.019,1.0196925692569256,17,25.1392163638709
1,1,control,16:27:51.020,1.0208865886588658,17,7.187841706719922
1,1,control,16:27:51.022,1.022080608060806,17,-3.7631830437843945
1,1,control,16:27:51.023,1.0232746274627462,17,7.786138351657996
1,1,control,16:27:51.024,1.0244686468646864,17,29.33580207475704
1,1,control,16:27:51.025,1.0256626662666266,17,36.3858042501511
1,1,control,16:27:51.026,1.0268566856685668,17,29.436140945935733
1,1,control,16:27:51.028,1.028050705070507,17,38.98680817420272
1,1,control,16:27:51.029,1.0292447244724472,17,30.037801891589083
1,1,control,16:27:51.030,1.0304387438743874,17,28.08911799983629
1,1,control,16:27:51.031,1.0316327632763276,17,19.640752346359264
1,1,control,16:27:51.032,1.0328267826782678,17,7.192700724825386
1,1,control,16:27:51.034,1.034020802080208,17,17.244958875743194
1,1,control,16:27:51.035,1.0352148214821482,17,11.297522487060874
1,1,control,16:27:51.036,1.0364088408840884,17,10.350387194774283
1,1,control,16:27:51.037,1.0376028602860283,17,24.403548583544563
1,1,control,16:27:51.061,1.0614832483248324,18,26.021853067007243
1,1,control,16:27:51.062,1.0626772677267726,18,29.080140948236743
1,1,control,16:27:51.063,1.0638712871287128,18,12.138616749724974
1,1,control,16:27:51.065,1.065065306530653,18,17.69727506637423
1,1,control,16:27:51.066,1.0662593259325932,18,33.2561104591785
1,1,control,16:27:51.067,1.0674533453345334,18,34.315117456046266
1,1,control,16:27:51.068,1.0686473647364736,18,19.8742905526302
1,1,control,16:27:51.069,1.0698413841384138,18,9.433624213163355
1,1,control,16:27:51.071,1.071035403540354,18,59.49311287130189
1,1,control,16:27:51.072,1.0722294229422942,18,49.552750930974085
1,1,control,16:27:51.073,1.0734234423442344,18,2.6125327672356207
1,1,control,16:27:51.074,1.0746174617461746,18,31.17245272713093
1,1,control,16:27:51.075,1.0758114811481148,18,-1.2674948694395454
1,1,control,16:27:51.077,1.077005500550055,18,9.292684271153774
1,1,control,16:27:51.078,1.0781995199519951,18,25.35298441714845
1,1,control,16:27:51.136,1.1367064706470646,19,5.832324800711831
1,1,control,16:27:51.137,1.1379004900490048,19,4.391077219498399
1,1,control,16:27:51.139,1.139094509450945,19,7.949646536849798
1,1,control,16:27:51.140,1.1402885288528852,19,-16.491972997091636
1,1,control,16:27:51.141,1.1414825482548254,19,13.066212893255924
1,1,control,16:27:51.142,1.1426765676567656,19,18.12419850987497
1,1,control,16:27:51.143,1.1438705870587058,19,-1.818021817892884
1,1,control,16:27:51.145,1.145064606460646,19,2.2395462676082047
1,1,control,16:27:51.146,1.1462586258625862,19,-2.2031028466996503
1,1,control,16:27:51.147,1.1474526452645264,19,-6.645974743679517
1,1,control,16:27:51.148,1.1486466646664666,19,3.910925024965167
1,1,control,16:27:51.149,1.1498406840684068,19,-13.532409060368195
1,1,control,16:27:51.151,1.151034703470347,19,-10.475982486244137
1,1,control,16:27:51.152,1.1522287228722872,19,21.58019929474392
1,1,control,16:27:51.153,1.1534227422742274,19,3.136130864902455
1,1,control,16:27:51.154,1.1546167616761676,19,17.691806842362297
1,1,control,16:27:51.155,1.1558107810781078,19,3.747221881998344
1,1,control,16:27:51.157,1.157004800480048,19,10.302370676344523
1,1,control,16:27:51.158,1.158198819881988,19,-12.642752043496102
1,1,control,16:27:51.159,1.1593928392839283,19,5.911848493053526
1,1,control,16:27:51.160,1.1605868586858683,19,16.46616709694416
1,1,control,16:27:51.198,1.1987954795479547,20,24.5268895138382
1,1,control,16:27:51.199,1.199989498949895,20,16.56930777440523
1,1,control,16:27:51.201,1.2011835183518351,20,22.611297690622308
1,1,control,16:27:51.202,1.202377537753775,20,15.652856000381718
1,1,control,16:27:51.203,1.2035715571557155,20,28.19397950947028
1,1,control,16:27:51.204,1.2047655765576557,20,43.23466509216274
1,1,control,16:27:51.205,1.205959595959596,20,18.27490969180392
1,1,control,16:27:51.207,1.207153615361536,20,8.814710321379664
1,1,control,16:27:51.208,1.2083476347634765,20,25.354064064076653
1,1,control,16:27:51.209,1.2095416541654165,20,12.39296807383036
1,1,control,16:27:51.210,1.210735673567357,20,48.9314195758618
1,1,control,16:27:51.211,1.2119296929692969,20,9.969415867202173
1,1,control,16:27:51.240,1.2405861586158615,21,38.73904195767729
1,1,control,16:27:51.241,1.2417801780178015,21,67.26499884148063
1,1,control,16:27:51.242,1.242974197419742,21,10.790456866175518
1,1,control,16:27:51.244,1.244168216821682,21,17.815415419909357
1,1,control,16:27:51.245,1.2453622362236223,21,53.33987397209782
1,1,control,16:27:51.246,1.2465562556255625,21,28.36383207356073
1,1,control,16:27:51.247,1.247750275027503,21,22.88728935664315
1,1,control,16:27:51.248,1.2489442944294429,21,17.41024553532148
1,1,control,16:27:51.250,1.250138313831383,21,11.432700405294751
1,1,control,16:27:51.251,1.2513323332333233,21,31.45465384406073
1,1,control,16:27:51.252,1.2525263526352637,21,44.47610581097709
1,1,control,16:27:51.253,1.2537203720372037,21,14.49705634730735
1,1,control,16:27:51.254,1.254914391439144,21,-0.4824944237484061
1,1,control,16:27:51.256,1.256108410841084,21,32.03745370296198
1,1,control,16:27:51.257,1.2573024302430242,21,-0.4430989854570981
1,1,control,16:27:51.258,1.2584964496449644,21,18.07584788003569
1,1,control,16:27:51.259,1.2596904690469046,21,14.594294750388002
1,1,control,16:27:51.295,1.2955110511051104,22,-5.079242504759378
1,1,control,16:27:51.296,1.2967050705070506,22,-5.075631442996297
1,1,control,16:27:51.297,1.2978990899089908,22,-16.57246370528614
1,1,control,16:27:51.299,1.299093109310931,22,11.930263741988256
1,1,control,16:27:51.300,1.3002871287128712,22,9.93255400391422
1,1,control,16:27:51.301,1.3014811481148114,22,11.434410256465044
1,1,control,16:27:51.302,1.3026751675167516,22,16.43583574590012
1,1,control,16:27:51.303,1.3038691869186918,22,17.93683378814947
1,1,control,16:27:51.305,1.305063206320632,22,19.43740776818285
1,1,control,16:27:51.306,1.3062572257225722,22,-9.562438860636604
1,1,control,16:27:51.307,1.3074512451245124,22,57.93729742278582
1,1,control,16:27:51.308,1.3086452645264526,22,-12.063379793400657
1,1,control,16:27:51.309,1.3098392839283928,22,-1.56446685468471
1,1,control,16:27:51.311,1.311033303330333,22,2.434039959099508
1,1,control,16:27:51.312,1.3122273227322732,22,-5.567855566950314
1,1,control,16:27:51.313,1.3134213421342134,22,5.929850416457555
1,1,control,16:27:51.314,1.3146153615361535,22,21.92716182205602
1,1,control,16:27:51.315,1.3158093809380935,22,37.424082625251614
1,1,control,16:27:51.404,1.404166816681668,23,57.95658051589723
1,1,control,16:27:51.405,1.4053608360836083,23,18.93872363653523
1,1,control,16:27:51.406,1.4065548554855485,23,27.92088374094692
1,1,control,16:27:51.407,1.407748874887489,23,40.90306634893517
1,1,control,16:27:51.408,1.4089428942894289,23,1.3852769487601506
1,1,control,16:27:51.410,1.410136913691369,23,30.367520995707068
1,1,control,16:27:51.411,1.4113309330933093,23,18.849803910655027
1,1,control,16:27:51.412,1.4125249524952497,23,21.33213107864788
1,1,control,16:27:51.413,1.4137189718971896,23,51.81450784746694
1,1,control,16:27:51.414,1.4149129912991298,23,35.296939526206216
1,1,control,16:27:51.416,1.41610701070107,23,6.279431383850138
1,1,control,16:27:51.417,1.4173010301030102,23,38.26198864785454
1,1,control,16:27:51.418,1.4184950495049504,23,40.24461650273071
1,1,control,16:27:51.456,1.4567036703670366,24,15.254233773483548
1,1,control,16:27:51.457,1.4578976897689768,24,9.74173758254183
1,1,control,16:27:51.459,1.459091709170917,24,1.2294529903632423
1,1,control,16:27:51.460,1.4602857285728572,24,-11.782617161786192
1,1,control,16:27:51.461,1.4614797479747974,24,3.705529878643532
1,1,control,16:27:51.462,1.4626737673767376,24,4.193896774445051
1,1,control,16:27:51.463,1.4638677867786778,24,10.18248609762955
1,1,control,16:27:51.465,1.465061806180618,24,-4.328699671579841
1,1,control,16:27:51.466,1.4662558255825582,24,-12.83965814573648
1,1,control,16:27:51.467,1.4674498449844984,24,-9.350387031140542
1,1,control,16:27:51.468,1.4686438643864386,24,-8.860884128790246
1,1,control,16:27:51.469,1.4698378837883788,24,-13.871147335314475
1,1,control,16:27:51.471,1.471031903190319,24,5.618825356114826
1,1,control,16:27:51.567,1.567747474747475,25,51.56955904365498
1,1,control,16:27:51.568,1.5689414941494149,25,28.575524441046923
1,1,control,16:27:51.570,1.570135513551355,25,56.08152059505153
1,1,control,16:27:51.571,1.5713295329532952,25,27.08754094259172
1,1,control,16:27:51.572,1.5725235523552354,25,43.09357885462441
1,1,control,16:27:51.573,1.5737175717571756,25,56.09962763811029
1,1,control,16:27:51.574,1.5749115911591158,25,28.10568053802527
1,1,control,16:27:51.576,1.576105610561056,25,34.611730739413375
1,1,control,16:27:51.577,1.5772996299629962,25,47.11777136948156
1,1,control,16:27:51.578,1.5784936493649364,25,36.123795499735806
1,1,control,16:27:51.579,1.5796876687668766,25,21.629796148158903
1,1,control,16:27:51.580,1.5808816881688168,25,39.635766281429326
1,1,control,16:27:51.582,1.582075707570757,25,27.641698817182032
1,1,control,16:27:51.583,1.5832697269726972,25,35.147586626309504
1,1,control,16:27:51.584,1.5844637463746374,25,9.653422535304884
1,1,control,16:27:51.585,1.5856577657765776,25,15.159199328645483
1,1,control,16:27:51.586,1.5868517851785178,25,12.66490975121728
1,1,control,16:27:51.599,1.59998599859986,26,-13.278763060380044
1,1,control,16:27:51.601,1.6011800180018,26,1.725574088443068
1,1,control,16:27:51.602,1.6023740374037403,26,5.229748123545434
1,1,control,16:27:51.603,1.6035680568056805,26,-3.266248487475778
1,1,control,16:27:51.604,1.604762076207621,26,-1.7624232754834566
1,1,control,16:27:51.605,1.6059560956095609,26,-1.2587837667528845
1,1,control,16:27:51.607,1.607150115011501,26,5.744662520112371
1,1,control,16:27:51.608,1.6083441344134413,26,-8.752091922699464
1,1,control,16:27:51.609,1.6095381538153817,26,-13.24905458905289
1,1,control,16:27:51.610,1.6107321732173216,26,-13.7462329556743
1,1,control,16:27:51.611,1.6119261926192618,26,-10.243634478926694
1,1,control,16:27:51.613,1.613120212021202,26,-13.74126659155
1,1,control,16:27:51.614,1.6143142314231422,26,-19.239136699368416
1,1,control,16:27:51.615,1.6155082508250824,26,-7.237252177963271
1,1,control,16:27:51.616,1.6167022702270226,26,8.764379630685482
1,1,control,16:27:51.676,1.6764032403240323,27,6.882760243164242
1,1,control,16:27:51.677,1.6775972597259723,27,13.36370924649134
1,1,control,16:27:51.678,1.6787912791279127,27,4.344161805798052
1,1,control,16:27:51.679,1.679985298529853,27,11.324117747698551
1,1,control,16:27:51.681,1.681179317931793,27,4.803577139657563
1,1,control,16:27:51.682,1.6823733373337333,27,56.28254029371144
1,1,control,16:27:51.683,1.6835673567356737,27,-6.7389922298437455
1,1,control,16:27:51.684,1.6847613761376137,27,6.238980381202282
1,1,control,16:27:51.685,1.685955395539554,27,15.21645919458966
1,1,control,16:27:51.687,1.687149414941494,27,8.693445537164763
1,1,control,16:27:51.688,1.6883434343434345,27,10.669940998417204
1,1,control,16:27:51.689,1.6895374537453745,27,-5.85405256602904
1,1,control,16:27:51.690,1.6907314731473146,27,2.1214669690311325
1,1,control,16:27:51.691,1.6919254925492548,27,41.59650200178332
1,1,control,16:27:51.693,1.693119511951195,27,7.071055206741576
1,1,control,16:27:51.694,1.6943135313531352,27,7.045129538045174
1,1,control,16:27:51.695,1.6955075507550754,27,0.5187282327000275
1,1,control,16:27:51.696,1.6967015701570156,27,-9.508145186236304
1,1,control,16:27:51.697,1.6978955895589558,27,-6.535486906530039
1,1,control,16:27:51.699,1.699089608960896,27,-11.06329282370696
1,1,control,16:27:51.700,1.7002836283628362,27,15.408441461945756
1,1,control,16:27:51.774,1.7743128312831282,28,-10.34118499271908
1,1,control,16:27:51.775,1.7755068506850684,28,-8.375428386157623
1,1,control,16:27:51.776,1.7767008700870086,28,-15.90917890812426
1,1,control,16:27:51.777,1.7778948894889488,28,-9.942412123137627
1,1,control,16:27:51.779,1.779088908890889,28,-14.975103407446866
1,1,control,16:27:51.780,1.7802829282928292,28,-14.507227958405425
1,1,control,16:27:51.781,1.7814769476947694,28,-0.5387608041908436
1,1,control,16:27:51.782,1.7826709670967096,28,1.430323186118258
1,1,control,16:27:51.783,1.7838649864986498,28,6.900049292111476
1,1,control,16:27:51.785,1.78505900590059,28,2.8704429312412287
1,1,control,16:27:51.786,1.7862530253025302,28,12.841529647651896
1,1,control,16:27:51.787,1.7874470447044704,28,33.813335100626446
1,1,control,16:27:51.788,1.7886410641064103,28,2.7858850526463783
1,1,control,16:27:51.789,1.7898350835083507,28,-12.740794642939392
1,1,control,16:27:51.791,1.791029102910291,28,14.233321945355344
1,1,control,16:27:51.792,1.7922231223122311,28,-12.791739185984724
1,1,control,16:27:51.793,1.793417141714171,28,-19.31595198902359
1,1,control,16:27:51.794,1.7946111611161115,28,-21.3392903783478
1,1,control,16:27:51.795,1.7958051805180515,28,-19.361728245461123
1,1,control,16:27:51.796,1.796999199919992,28,-16.383239473615262
1,1,control,16:27:51.798,1.798193219321932,28,-25.903797953086467
1,1,control,16:27:51.799,1.7993872387238723,28,-6.923377596892976
1,1,control,16:27:51.800,1.8005812581258125,28,20.55804764302563
1,1,control,16:27:51.801,1.801775277527753,28,-11.959496240833843
1,1,control,16:27:51.802,1.8029692969296929,28,19.02401667135169
1,1,control,16:27:51.823,1.823267626762676,29,60.929804899849216
1,1,control,16:27:51.824,1.8244616461646164,29,33.43657397024327
1,1,control,16:27:51.825,1.8256556655665568,29,50.94485203526983
1,1,control,16:27:51.826,1.8268496849684968,29,48.95465917197518
1,1,control,16:27:51.828,1.828043704370437,29,21.96601490232314
1,1,control,16:27:51.829,1.8292377237723767,29,-0.5210618363627901
1,1,control,16:27:51.830,1.830431743174317,29,4.993447278379691
1,1,control,16:27:51.831,1.8316257625762573,29,24.509559923252468
1,1,control,16:27:51.832,1.8328197819781973,29,21.02729309760757
1,1,control,16:27:51.834,1.834013801380138,29,26.546663091164987
1,1,control,16:27:51.835,1.835207820782078,29,54.56768545101599
1,1,control,16:27:51.836,1.8364018401840183,29,42.59037494791679
1,1,control,16:27:51.869,1.869834383438344,30,-8.069559407516081
1,1,control,16:27:51.871,1.871028402840284,30,0.0030159547977888
1,1,control,16:27:51.872,1.872222422242224,30,13.577141045681104
1,1,control,16:27:51.873,1.8734164416441643,30,8.152785433465795
1,1,control,16:27:51.874,1.8746104610461043,30,-4.270083613195226
1,1,control,16:27:51.875,1.8758044804480447,30,15.808498810936868
1,1,control,16:27:51.876,1.876998499849985,30,-17.111504817171138
1,1,control,16:27:51.878,1.878192519251925,30,3.4698654851768964
1,1,control,16:27:51.879,1.8793865386538653,30,-4.947432860741344
1,1,control,16:27:51.880,1.8805805580558053,30,20.13655493661885
1,1,control,16:27:51.881,1.8817745774577457,30,14.221780969568584
1,1,control,16:27:51.882,1.8829685968596857,30,19.308194560491984
1,1,control,16:27:51.884,1.884162616261626,30,-14.104257810053682
1,1,control,16:27:51.885,1.8853566356635665,30,4.484367423526223
1,1,control,16:27:51.886,1.8865506550655065,30,14.574010837499172
1,1,control,16:27:51.887,1.8877446744674464,30,9.164609943176956
1,1,control,16:27:51.888,1.8889386938693868,30,38.25609911002428
1,1,control,16:27:51.914,1.914013101310131,31,29.728966861018137
1,1,control,16:27:51.915,1.915207120712071,31,21.81601277544395
1,1,control,16:27:51.916,1.9164011401140115,31,25.401374964453865
1,1,control,16:27:51.917,1.9175951595159515,31,28.9848857406228
1,1,control,16:27:51.918,1.918789178917892,31,20.56637189204565
1,1,control,16:27:51.919,1.919983198319832,31,25.1456545666083
1,1,control,16:27:51.921,1.921177217721772,31,24.722549154530952
1,1,control,16:27:51.922,1.9223712371237125,31,35.29686516914185
1,1,control,16:27:51.923,1.9235652565256525,31,26.3684061259069
1,1,control,16:27:51.924,1.9247592759275929,31,18.93696941963111
1,1,control,16:27:51.925,1.9259532953295329,31,30.502346199871752
1,1,control,16:27:51.927,1.927147314731473,31,60.56432124451084
1,1,control,16:27:51.928,1.9283413341334128,31,11.122672831470936
1,1,control,16:27:51.992,1.992818381838184,32,-11.000442527671837
1,1,control,16:27:51.994,1.994012401240124,32,49.26219112169886
1,1,control,16:27:51.995,1.995206420642064,32,-3.506510344219265
1,1,control,16:27:51.996,1.9964004400440043,32,0.6925777004885845
1,1,control,16:27:51.997,1.9975944594459445,32,-9.141438010868685
1,1,control,16:27:51.998,1.998788478847885,32,-21.509468917332683
1,1,control,16:27:51.999,1.9999824982498249,32,-5.412444913457293
1,2,control,16:35:36.000,0.0,0,27.78482646682233
1,2,control,16:35:36.001,0.0012380238023802,0,7.326413200525074
1,2,control,16:35:36.002,0.0024760476047604,0,26.86718582944694
1,2,control,16:35:36.003,0.0037140714071407,0,25.907154434256064
1,2,control,16:35:36.004,0.0049520952095209,0,17.446329016817714
1,2,control,16:35:36.006,0.0061901190119011,0,26.984719500633567
1,2,control,16:35:36.007,0.0074281428142814,0,39.52233573128145
1,2,control,16:35:36.008,0.0086661666166616,0,61.05918747685135
1,2,control,16:35:36.009,0.0099041904190419,0,8.595284428379905
1,2,control,16:35:36.011,0.0111422142214221,0,22.63063620028437
1,2,control,16:35:36.012,0.0123802380238023,0,27.6652523307928
1,2,control,16:35:36.029,0.0297125712571257,1,8.577799534567085
1,2,control,16:35:36.030,0.0309505950595059,1,4.602475121329675
1,2,control,16:35:36.032,0.0321886188618861,1,-1.8734423385433343
1,2,control,16:35:36.033,0.0334266426642664,1,5.150055462178891
1,2,control,16:35:36.034,0.0346646664666466,1,-17.32702323800835
1,2,control,16:35:36.035,0.0359026902690269,1,-9.304670268948406
1,2,control,16:35:36.037,0.0371407140714071,1,20.21712247157185
1,2,control,16:35:36.038,0.0383787378737873,1,-3.2616369817829
1,2,control,16:35:36.039,0.0396167616761676,1,19.25905933849448
1,2,control,16:35:36.040,0.0408547854785478,1,5.779219333144667
1,2,control,16:35:36.042,0.042092809280928,1,0.298850836530498
1,2,control,16:35:36.043,0.0433308330833083,1,-16.682038382975556
1,2,control,16:35:36.044,0.0445688568856885,1,-4.163440622606856
1,2,control,16:35:36.045,0.0458068806880688,1,-0.1453482448185497
1,2,control,16:35:36.047,0.047044904490449,1,3.372246323095617
1,2,control,16:35:36.048,0.0482829282928292,1,-9.110649410618784
1,2,control,16:35:36.049,0.0495209520952095,1,-20.094028001795905
1,2,control,16:35:36.050,0.0507589758975897,1,-2.5778820699741303
1,2,control,16:35:36.051,0.0519969996999699,1,11.937795701980654
1,2,control,16:35:36.191,0.1918936893689369,2,17.604899977240095
1,2,control,16:35:36.193,0.1931317131713171,2,-8.898367866922698
1,2,control,16:35:36.194,0.1943697369736973,2,7.598401119142281
1,2,control,16:35:36.195,0.1956077607760776,2,7.595209053912015
1,2,control,16:35:36.196,0.1968457845784578,2,-6.407941973549512
1,2,control,16:35:36.198,0.198083808380838,2,17.08895009662541
1,2,control,16:35:36.199,0.1993218321832183,2,18.58588729532149
1,2,control,16:35:36.200,0.2005598559855985,2,24.08287162465433
1,2,control,16:35:36.201,0.2017978797879787,2,2.579905058183172
1,2,control,16:35:36.203,0.203035903590359,2,19.576989541121392
1,2,control,16:35:36.204,0.2042739273927392,2,22.574126990547327
1,2,control,16:35:36.205,0.2055119511951195,2,-0.9286807043868776
1,2,control,16:35:36.206,0.2067499749974997,2,-1.431431682247485
1,2,control,16:35:36.308,0.3082679267926793,3,7.663973186969954
1,2,control,16:35:36.309,0.3095059505950595,3,15.670085706031584
1,2,control,16:35:36.310,0.3107439743974397,3,0.176331431557422
1,2,control,16:35:36.311,0.31198199819982,3,8.682710525847
1,2,control,16:35:36.313,0.3132200220022002,3,14.689223137819036
1,2,control,16:35:36.314,0.3144580458045804,3,30.69586940314025
1,2,control,16:35:36.315,0.3156960696069606,3,9.702649444355025
1,2,control,16:35:36.316,0.3169340934093409,3,-1.2904366289863844
1,2,control,16:35:36.318,0.3181721172117212,3,20.716611279799583
1,2,control,16:35:36.319,0.3194101410141014,3,27.723793254656805
1,2,control,16:35:36.320,0.3206481648164816,3,-5.2688906330845455
1,2,control,16:35:36.321,0.3218861886188618,3,19.738559675417463
1,2,control,16:35:36.323,0.3231242124212421,3,23.74614422664102
1,2,control,16:35:36.324,0.3243622362236223,3,13.753863054824537
1,2,control,16:35:36.325,0.3256002600260025,3,8.761716182089785
1,2,control,16:35:36.326,0.3268382838283828,3,4.769703618564613
1,2,control,16:35:36.328,0.328076307630763,3,14.777825362504077
1,2,control,16:35:36.329,0.3293143314331433,3,19.78608140041198
1,2,control,16:35:36.330,0.3305523552355235,3,43.79447170716098
1,2,control,16:35:36.331,0.3317903790379037,3,32.80299624611204
1,2,control,16:35:36.454,0.4543547354735473,4,-5.734198239742604
1,2,control,16:35:36.455,0.4555927592759276,4,-12.713944309833764
1,2,control,16:35:36.456,0.4568307830783078,4,-16.693601001082747
1,2,control,16:35:36.458,0.4580688068806881,4,-10.673169012603536
1,2,control,16:35:36.459,0.4593068306830682,4,-6.152649046008072
1,2,control,16:35:36.460,0.4605448544854485,4,-14.632041805346098
1,2,control,16:35:36.461,0.4617828782878287,4,10.888652002954425
1,2,control,16:35:36.463,0.463020902090209,4,13.90943167014639
1,2,control,16:35:36.464,0.4642589258925892,4,-13.069703514777736
1,2,control,16:35:36.465,0.4654969496949694,4,-11.54875426502774
1,2,control,16:35:36.466,0.4667349734973497,4,0.9722787040422533
1,2,control,16:35:36.467,0.4679729972997299,4,-15.506605325008984
1,2,control,16:35:36.469,0.4692110211021102,4,-11.48540707165266
1,2,control,16:35:36.470,0.4704490449044904,4,1.0358727426663776
1,2,control,16:35:36.471,0.4716870687068706,4,-8.94276660541432
1,2,control,16:35:36.472,0.4729250925092509,4,-7.921325841119064
1,2,control,16:35:36.474,0.4741631163116311,4,-0.8998056914787895
1,2,control,16:35:36.475,0.4754011401140113,4,4.1217931147236015
1,2,control,16:35:36.476,0.4766391639163916,4,5.643469847007751
1,2,control,16:35:36.477,0.4778771877187718,4,-19.83477622675042
1,2,control,16:35:36.479,0.4791152115211521,4,4.187054159735027
1,2,control,16:35:36.480,0.4803532353235323,4,-20.79103972878692
1,2,control,16:35:36.481,0.4815912591259125,4,-3.769058629051607
1,2,control,16:35:36.482,0.4828292829282928,4,3.752996720773581
1,2,control,16:35:36.484,0.484067306730673,4,-2.2248744188586542
1,2,control,16:35:36.485,0.4853053305330533,4,-13.70267278882455
1,2,control,16:35:36.486,0.4865433543354335,4,-12.18039913127786
1,2,control,16:35:36.487,0.4877813781378137,4,9.841945810400716
1,2,control,16:35:36.489,0.489019401940194,4,-11.135638708346256
1,2,control,16:35:36.490,0.4902574257425742,4,11.886846566796777
1,2,control,16:35:36.491,0.4914954495449545,4,-9.590599110931883
1,2,control,16:35:36.492,0.4927334733473347,4,-10.067976489322575
1,2,control,16:35:36.493,0.4939714971497149,4,-7.045286317145191
1,2,control,16:35:36.495,0.4952095209520952,4,-7.522529344101237
1,2,control,16:35:36.534,0.5348262826282628,5,41.73644696568036
1,2,control,16:35:36.536,0.5360643064306431,5,42.76098436444546
1,2,control,16:35:36.537,0.5373023302330233,5,11.785562839505856
1,2,control,16:35:36.538,0.5385403540354036,5,24.31018163604177
1,2,control,16:35:36.539,0.5397783778377837,5,36.33483999979299
1,2,control,16:35:36.541,0.541016401640164,5,13.359537177093884
1,2,control,16:35:36.542,0.5422544254425442,5,11.88427241490796
1,2,control,16:35:36.543,0.5434924492449245,5,31.409044960862325
1,2,control,16:35:36.544,0.5447304730473047,5,24.933854063281792
1,2,control,16:35:36.545,0.545968496849685,5,38.45869897122238
1,2,control,16:35:36.547,0.5472065206520652,5,14.48357893450484
1,2,control,16:35:36.548,0.5484445444544455,5,28.00849320374779
1,2,control,16:35:36.549,0.5496825682568257,5,35.53344103040037
1,2,control,16:35:36.601,0.6016795679567957,6,9.601803687168092
1,2,control,16:35:36.602,0.6029175917591759,6,21.127503023037733
1,2,control,16:35:36.604,0.6041556155615562,6,3.153204246351308
1,2,control,16:35:36.605,0.6053936393639364,6,-4.321093324945046
1,2,control,16:35:36.606,0.6066316631663166,6,-5.795390370880035
1,2,control,16:35:36.607,0.6078696869686968,6,22.230312430562364
1,2,control,16:35:36.609,0.6091077107710771,6,-3.243985596537371
1,2,control,16:35:36.610,0.6103457345734573,6,4.781714873984711
1,2,control,16:35:36.611,0.6115837583758376,6,14.307413170395163
1,2,control,16:35:36.612,0.6128217821782178,6,-4.166891376918045
1,2,control,16:35:36.614,0.6140598059805981,6,-2.141199435427062
1,2,control,16:35:36.615,0.6152978297829783,6,-4.115511670445713
1,2,control,16:35:36.616,0.6165358535853586,6,0.9101712548883824
1,2,control,16:35:36.617,0.6177738773877387,6,7.43584867963181
1,2,control,16:35:36.619,0.619011901190119,6,-4.538480054947058
1,2,control,16:35:36.620,0.6202499249924992,6,-8.512815605350696
1,2,control,16:35:36.621,0.6214879487948795,6,-3.9871586258353418
1,2,control,16:35:36.622,0.6227259725972597,6,-3.961509768393882
1,2,control,16:35:36.623,0.62396399639964,6,2.06413031726062
1,2,control,16:35:36.625,0.6252020202020202,6,7.089760983711656
1,2,control,16:35:36.626,0.6264400440044005,6,-5.384618414144711
1,2,control,16:35:36.627,0.6276780678067807,6,-4.859008519083666
1,2,control,16:35:36.628,0.6289160916091608,6,8.166590028464121
1,2,control,16:35:36.630,0.6301541154115411,6,-4.307823409571881
1,2,control,16:35:36.631,0.6313921392139213,6,12.217750531113287
1,2,control,16:35:36.632,0.6326301630163016,6,-1.7566887827847495
1,2,control,16:35:36.633,0.6338681868186818,6,-7.231141982164765
1,2,control,16:35:36.635,0.6351062106210621,6,18.29439030449481
1,2,control,16:35:36.636,0.6363442344234423,6,-3.1800925488495864
1,2,control,16:35:36.637,0.6375822582258226,6,2.345408834207653
1,2,control,16:35:36.638,0.6388202820282028,6,8.370893832535373
1,2,control,16:35:36.640,0.640058305830583,6,0.8963618274796019
1,2,control,16:35:36.641,0.6412963296329632,6,0.4218122028771986
1,2,control,16:35:36.642,0.6425343534353435,6,-10.552755654930635
1,2,control,16:35:36.643,0.6437723772377237,6,0.4726576429148394
1,2,control,16:35:36.645,0.645010401040104,6,-9.50194851219694
1,2,control,16:35:36.646,0.6462484248424842,6,5.023425273666952
1,2,control,16:35:36.647,0.6474864486448645,6,2.548778396995651
1,2,control,16:35:36.648,0.6487244724472447,6,-3.925889743153121
1,2,control,16:35:36.649,0.649962496249625,6,16.599420254859353
1,2,control,16:35:36.651,0.6512005200520051,6,-8.875292204735274
1,2,control,16:35:36.652,0.6524385438543854,6,1.1499722848994909
1,2,control,16:35:36.701,0.701959495949595,7,10.135173541196387
1,2,control,16:35:36.703,0.7031975197519752,7,9.659015764474
1,2,control,16:35:36.704,0.7044355435543554,7,15.182812505858408
1,2,control,16:35:36.705,0.7056735673567357,7,9.206563292828308
1,2,control,16:35:36.706,0.7069115911591158,7,15.230267655812696
1,2,control,16:35:36.708,0.7081496149614961,7,-2.746074871804936
1,2,control,16:35:36.709,0.7093876387638763,7,-2.7224647536824165
1,2,control,16:35:36.710,0.7106256625662566,7,13.801097549484853
1,2,control,16:35:36.711,0.7118636863686368,7,-11.175388420032128
1,2,control,16:35:36.713,0.7131017101710171,7,7.848076883007579
1,2,control,16:35:36.714,0.7143397339733973,7,3.871493006818312
1,2,control,16:35:36.715,0.7155777577757776,7,5.894859502591217
1,2,control,16:35:36.716,0.7168157815781578,7,17.918175924497483
1,2,control,16:35:36.718,0.718053805380538,7,22.941441829691406
1,2,control,16:35:36.719,0.7192918291829182,7,13.464656778313262
1,2,control,16:35:36.720,0.7205298529852985,7,-7.012179666507791
1,2,control,16:35:36.721,0.7217678767876787,7,7.51093206134891
1,2,control,16:35:36.723,0.723005900590059,7,0.5339915309980796
1,2,control,16:35:36.724,0.7242439243924392,7,6.556998314550853
1,2,control,16:35:36.725,0.7254819481948195,7,-10.420048012882935
1,2,control,16:35:36.726,0.7267199719971997,7,20.10285212680742
1,2,control,16:35:36.727,0.72795799579958,7,17.625698314735473
1,2,control,16:35:36.729,0.7291960196019601,7,5.648490135019493
1,2,control,16:35:36.730,0.7304340434043404,7,7.171227174784221
1,2,control,16:35:36.823,0.8232858285828583,8,-3.805528944149685
1,2,control,16:35:36.824,0.8245238523852385,8,12.212065234730694
1,2,control,16:35:36.825,0.8257618761876188,8,19.72958182683619
1,2,control,16:35:36.826,0.826999899989999,8,10.747020650032567
1,2,control,16:35:36.828,0.8282379237923793,8,20.264381524995684
1,2,control,16:35:36.829,0.8294759475947594,8,15.781664275205756
1,2,control,16:35:36.830,0.8307139713971396,8,-0.2011312730587207
1,2,control,16:35:36.831,0.8319519951995199,8,18.81599470927317
1,2,control,16:35:36.833,0.8331900190019002,8,9.333042054058607
1,2,control,16:35:36.834,0.8344280428042804,8,12.85001059593494
1,2,control,16:35:36.835,0.8356660666066607,8,25.866900172313485
1,2,control,16:35:36.836,0.8369040904090409,8,3.3837106233733394
1,2,control,16:35:36.838,0.8381421142114212,8,11.400441792054998
1,2,control,16:35:36.839,0.8393801380138014,8,32.41709352405402
1,2,control,16:35:36.840,0.8406181618161815,8,24.43366566781457
1,2,control,16:35:36.841,0.8418561856185618,8,23.95015807452296
1,2,control,16:35:36.921,0.921089708970897,9,-5.1649629653843405
1,2,control,16:35:36.922,0.9223277327732772,9,9.84615281260671
1,2,control,16:35:36.923,0.9235657565756576,9,-4.142815274911882
1,2,control,16:35:36.924,0.9248037803780378,9,18.868132789598533
1,2,control,16:35:36.926,0.926041804180418,9,-5.121002974131002
1,2,control,16:35:36.927,0.9272798279827984,9,10.389777455813729
1,2,control,16:35:36.928,0.9285178517851784,9,11.400474103520828
1,2,control,16:35:36.929,0.9297558755875588,9,2.411086995243004
1,2,control,16:35:36.930,0.9309938993899388,9,15.421616159388194
1,2,control,16:35:36.932,0.9322319231923192,9,-9.567938373489731
1,2,control,16:35:36.933,0.9334699469946994,9,-0.0575765707003625
1,2,control,16:35:36.934,0.9347079707970796,9,7.452701602573875
1,2,control,16:35:36.935,0.93594599459946,9,19.962896183268303
1,2,control,16:35:36.937,0.9371840184018402,9,-0.526992789573427
1,2,control,16:35:36.938,0.9384220422042204,9,5.483034725191168
1,2,control,16:35:36.939,0.9396600660066008,9,19.492978770794025
1,2,control,16:35:36.940,0.9408980898089808,9,19.502839392546967
1,2,control,16:35:36.942,0.9421361136113612,9,8.512616637832245
1,2,control,16:35:36.943,0.9433741374137412,9,9.02231055609299
1,2,control,16:35:36.944,0.9446121612161216,9,-4.468078801176304
1,2,control,16:35:36.945,0.9458501850185018,9,16.04144861956064
1,2,control,16:35:36.947,0.947088208820882,9,0.0508928738723213
1,2,control,16:35:36.948,0.9483262326232624,9,18.060254019349856
1,2,control,16:35:36.949,0.9495642564256426,9,6.0695321155974185
1,2,control,16:35:36.950,0.9508022802280228,9,-2.921272775777446
1,2,control,16:35:36.952,0.952040304030403,9,1.087839408826575
1,2,control,16:35:36.953,0.9532783278327832,9,-9.903131265005086
1,2,control,16:35:36.954,0.9545163516351636,9,1.6058152702874438
1,2,control,16:35:36.955,0.9557543754375436,9,-0.3853209157712101
1,2,control,16:35:36.956,0.956992399239924,9,-1.3765397517013156
1,2,control,16:35:36.958,0.9582304230423042,9,3.1321588359221977
1,2,control,16:35:36.959,0.9594684468446844,9,16.640774922460047
1,2,control,16:35:36.960,0.9607064706470648,9,-1.350691414801119
1,2,control,16:35:37.082,1.082032803280328,10,8.10530906531094
1,2,control,16:35:37.083,1.0832708270827085,10,0.6063443556259358
1,2,control,16:35:37.084,1.0845088508850884,10,5.607312981075872
1,2,control,16:35:37.085,1.0857468746874688,10,6.608215162627872
1,2,control,16:35:37.086,1.086984898489849,10,3.609051122174442
1,2,control,16:35:37.088,1.0882229222922293,10,2.609821082523972
1,2,control,16:35:37.089,1.0894609460946094,10,-2.889474732608562
1,2,control,16:35:37.090,1.0906989698969896,10,14.111163901388949
1,2,control,16:35:37.091,1.09193699369937,10,-6.888262789983585
1,2,control,16:35:37.093,1.09317501750175,10,14.112245419652218
1,2,control,16:35:37.094,1.0944130413041304,10,10.112688757543856
1,2,control,16:35:37.095,1.0956510651065106,10,-1.386932548201372
1,2,control,16:35:37.096,1.096889088908891,10,0.1133817313743676
1,2,control,16:35:37.098,1.098127112711271,10,1.113631826070133
1,2,control,16:35:37.099,1.0993651365136514,10,1.6138179665169758
1,2,control,16:35:37.100,1.1006031603160316,10,1.1139403841686502
1,2,control,16:35:37.101,1.1018411841184117,10,13.113999311292424
1,2,control,16:35:37.103,1.103079207920792,10,5.113994980959845
1,2,control,16:35:37.104,1.1043172317231722,10,6.113927627037569
1,2,control,16:35:37.105,1.1055552555255526,10,4.113797484178157
1,2,control,16:35:37.106,1.1067932793279327,10,7.113604787810949
1,2,control,16:35:37.108,1.108031303130313,10,10.613349774132873
1,2,control,16:35:37.109,1.1092693269326932,10,6.61303268009938
1,2,control,16:35:37.110,1.1105073507350736,10,6.612653743415315
1,2,control,16:35:37.111,1.1117453745374537,10,6.112213202525823
1,2,control,16:35:37.112,1.1129833983398338,10,15.11171129660729
1,2,control,16:35:37.114,1.1142214221422142,10,-3.388851734441687
1,2,control,16:35:37.115,1.1154594459445943,10,1.1105243499906337
1,2,control,16:35:37.116,1.1166974697469747,10,2.6098397912201534
1,2,control,16:35:37.117,1.1179354935493548,10,24.10909483125796
1,2,control,16:35:37.119,1.1191735173517352,10,12.108289712801287
1,2,control,16:35:37.120,1.1204115411541151,10,5.607424679224678
1,2,control,16:35:37.121,1.1216495649564957,10,1.10649997457093
1,2,control,16:35:37.122,1.1228875887588758,10,19.605515843542264
1,2,control,16:35:37.124,1.124125612561256,10,10.604472531491396
1,2,control,16:35:37.125,1.1253636363636363,10,11.603370284412684
1,2,control,16:35:37.126,1.1266016601660165,10,34.10220934893325
1,2,control,16:35:37.173,1.1736465646564656,11,5.517099051616057
1,2,control,16:35:37.174,1.174884588458846,11,0.513847412674366
1,2,control,16:35:37.176,1.176122612261226,11,13.51054737030956
1,2,control,16:35:37.177,1.1773606360636064,11,-9.992800810262231
1,2,control,16:35:37.178,1.1785986598659866,11,-0.4961968635439717
1,2,control,16:35:37.179,1.1798366836683667,11,-12.999640523765642
1,2,control,16:35:37.181,1.181074707470747,11,-0.5031315248920194
1,2,control,16:35:37.182,1.1823127312731272,11,28.49333039936944
1,2,control,16:35:37.183,1.1835507550755076,11,3.989745515560856
1,2,control,16:35:37.184,1.1847887788778877,11,-1.5138859095338617
1,2,control,16:35:37.186,1.186026802680268,11,-11.017563608896786
1,2,control,16:35:37.187,1.1872648264826482,11,-9.021287315283644
1,2,control,16:35:37.188,1.1885028502850286,11,8.47494323876846
1,2,control,16:35:37.189,1.1897408740874087,11,-0.0288716790666114
1,2,control,16:35:37.190,1.1909788978897888,11,0.4672681990883234
1,2,control,16:35:37.192,1.1922169216921692,11,-9.036636858693852
1,2,control,16:35:37.193,1.1934549454945491,11,-5.040586584152123
1,2,control,16:35:37.194,1.1946929692969297,11,-1.544580708844954
1,2,control,16:35:37.195,1.1959309930993098,11,-3.048618964157754
1,2,control,16:35:37.197,1.1971690169016902,11,-13.05270108131046
1,2,control,16:35:37.198,1.1984070407040703,11,-4.556826791364983
1,2,control,16:35:37.199,1.1996450645064507,11,-6.0609958252326805
1,2,control,16:35:37.200,1.2008830883088308,11,5.934792086318211
1,2,control,16:35:37.202,1.202121112111211,11,-6.5694627873448255
1,2,control,16:35:37.203,1.2033591359135911,11,10.926239823274033
1,2,control,16:35:37.204,1.2045971597159717,11,-4.078099812208428
1,2,control,16:35:37.205,1.2058351835183518,11,-10.582481424061749
1,2,control,16:35:37.207,1.207073207320732,11,14.91309525755088
1,2,control,16:35:37.208,1.2083112311231123,11,-2.591369497434684
1,2,control,16:35:37.209,1.2095492549254925,11,-6.595875418990701
1,2,control,16:35:37.210,1.2107872787278728,11,0.3995777629951291
1,2,control,16:35:37.212,1.212025302530253,11,10.394990318712551
1,2,control,16:35:37.213,1.2132633263326331,11,4.390362518421547
1,2,control,16:35:37.214,1.2145013501350137,11,-7.614305367554792
1,2,control,16:35:37.215,1.2157393739373936,11,-0.6190130688373756
1,2,control,16:35:37.216,1.216977397739774,11,-13.623760314998208
1,2,control,16:35:37.218,1.218215421542154,11,6.871453164432552
1,2,control,16:35:37.219,1.2194534453445345,11,-2.6333723600404326
1,2,control,16:35:37.220,1.2206914691469146,11,-9.138236617884672
1,2,control,16:35:37.221,1.221929492949295,11,0.3568606614531333
1,2,control,16:35:37.223,1.2231675167516751,11,-7.648080251459802
1,2,control,16:35:37.224,1.2244055405540553,11,5.846940913950682
1,2,control,16:35:37.225,1.2256435643564356,11,-1.658075571741172
1,2,control,16:35:37.226,1.2268815881588158,11,7.336870562032061
1,2,control,16:35:37.228,1.228119611961196,11,7.831779585824186
1,2,control,16:35:37.229,1.2293576357635765,11,2.326651770168546
1,2,control,16:35:37.230,1.2305956595659566,11,-1.6785126144287403
1,2,control,16:35:37.231,1.2318336833683368,11,2.316286702504442
1,2,control,16:35:37.233,1.2330717071707171,11,5.811049991399486
1,2,control,16:35:37.234,1.2343097309730973,11,-7.194222477359631
1,2,control,16:35:37.235,1.2355477547754774,11,3.3004695665569628
1,2,control,16:35:37.236,1.2367857785778578,11,-6.204873606581607
1,2,control,16:35:37.238,1.238023802380238,11,-2.21025172657356
1,2,control,16:35:37.239,1.2392618261826185,11,-13.715664523291087
1,2,control,16:35:37.255,1.2553561356135614,12,-11.789063729344557
1,2,control,16:35:37.256,1.2565941594159415,12,0.2050663063423243
1,2,control,16:35:37.257,1.2578321832183217,12,14.199165703951005
1,2,control,16:35:37.512,1.5128650865086508,13,9.697115274557945
1,2,control,16:35:37.514,1.514103110311031,13,4.1900026160393935
1,2,control,16:35:37.515,1.515341134113411,13,6.1829043336433
1,2,control,16:35:37.516,1.5165791579157917,13,4.67582056850685
1,2,control,16:35:37.517,1.5178171817181718,13,0.6687514609191254
1,2,control,16:35:37.519,1.519055205520552,13,-3.338302849679451
1,2,control,16:35:37.520,1.5202932293229323,13,14.65465777530234
1,2,control,16:35:37.521,1.5215312531253125,13,2.647633473606028
1,2,control,16:35:37.522,1.5227692769276928,13,3.640624382122951
1,2,control,16:35:37.524,1.524007300730073,13,14.633630636893765
1,2,control,16:35:37.525,1.525245324532453,13,18.12665237310801
1,2,control,16:35:37.526,1.5264833483348337,13,-5.380310274896296
1,2,control,16:35:37.527,1.5277213721372136,13,22.11274282636689
1,2,control,16:35:37.528,1.528959395939594,13,29.10581180953129
1,2,control,16:35:37.530,1.530197419741974,13,12.098896806377924
1,2,control,16:35:37.531,1.5314354435443545,13,19.59199794783476
1,2,control,16:35:37.532,1.5326734673467346,13,3.0851153639764
1,2,control,16:35:37.533,1.533911491149115,13,12.57824918402379
1,2,control,16:35:37.535,1.535149514951495,13,21.571399536343897
1,2,control,16:35:37.536,1.5363875387538752,13,29.5645665484495
1,2,control,16:35:37.537,1.5376255625562556,13,8.057750346998915
1,2,control,16:35:37.538,1.5388635863586355,13,0.5509510577957855
1,2,control,16:35:37.540,1.540101610161016,13,6.044168805788871
1,2,control,16:35:37.541,1.5413396339633962,13,18.037403715071896
1,2,control,16:35:37.542,1.5425776577657766,13,4.530655908883354
1,2,control,16:35:37.543,1.5438156815681567,13,2.523925509606407
1,2,control,16:35:37.545,1.545053705370537,13,-1.9827873612312672
1,2,control,16:35:37.583,1.5834324432443243,14,-4.681568869791008
1,2,control,16:35:37.584,1.584670467046705,14,-12.18766178190915
1,2,control,16:35:37.585,1.5859084908490848,14,-0.1937336347193792
1,2,control,16:35:37.587,1.5871465146514652,14,-10.69978433571204
1,2,control,16:35:37.588,1.5883845384538453,14,-3.205813793225005
1,2,control,16:35:37.589,1.5896225622562257,14,4.288178083556886
1,2,control,16:35:37.590,1.5908605860586058,14,-0.2178086153976295
1,2,control,16:35:37.592,1.592098609860986,14,-7.223773800965603
1,2,control,16:35:37.593,1.5933366336633663,14,-10.729717384869318
1,2,control,16:35:37.594,1.5945746574657464,14,-8.735639279675603
1,2,control,16:35:37.595,1.5958126812681268,14,-5.24153939879524
1,2,control,16:35:37.597,1.597050705070507,14,11.252582343517716
1,2,control,16:35:37.598,1.5982887288728873,14,-9.253273967833394
1,2,control,16:35:37.599,1.5995267526752674,14,-4.259108248787129
1,2,control,16:35:37.600,1.6007647764776478,14,-23.26492041612324
1,2,control,16:35:37.602,1.602002800280028,14,13.729289612538048
1,2,control,16:35:37.603,1.603240824082408,14,-6.776478081263214
1,2,control,16:35:37.604,1.6044788478847885,14,2.217776583174057
1,2,control,16:35:37.605,1.6057168716871686,14,-14.787946314287232
1,2,control,16:35:37.606,1.606954895489549,14,-0.793646694621593
1,2,control,16:35:37.608,1.608192919291929,14,-8.799324479640106
1,2,control,16:35:37.609,1.6094309430943097,14,-2.304979591989607
1,2,control,16:35:37.610,1.6106689668966896,14,3.689388044848137
1,2,control,16:35:37.611,1.61190699069907,14,10.683778506557305
1,2,control,16:35:37.613,1.61314501450145,14,-4.321808132011114
1,2,control,16:35:37.614,1.6143830383038302,14,14.172628203161572
1,2,control,16:35:37.615,1.6156210621062106,14,-8.33291241473733
1,2,control,16:35:37.616,1.6168590859085907,14,-14.838429913350978
1,2,control,16:35:37.618,1.618097109710971,14,-8.84392422115208
1,2,control,16:35:37.619,1.6193351335133512,14,9.1506047325581
1,2,control,16:35:37.620,1.6205731573157316,14,-18.354842982349325
1,2,control,16:35:37.621,1.6218111811181115,14,-3.860267296829868
1,2,control,16:35:37.623,1.623049204920492,14,-15.365668142664653
1,2,control,16:35:37.624,1.6242872287228722,14,3.128954547540573
1,2,control,16:35:37.625,1.6255252525252524,14,5.623600840356488
1,2,control,16:35:37.626,1.6267632763276327,14,12.618270801531231
1,2,control,16:35:37.628,1.6280013001300129,14,4.61296449599147
1,2,control,16:35:37.629,1.6292393239323932,14,1.1076819878434705
1,2,control,16:35:37.630,1.6304773477347734,14,-6.897576659625791
1,2,control,16:35:37.631,1.6317153715371535,14,1.597188616052442
1,2,control,16:35:37.632,1.632953395339534,14,1.091977876529846
1,2,control,16:35:37.634,1.6341914191419142,14,4.086791182642166
1,2,control,16:35:37.635,1.6354294429442944,14,2.5816285944103328
1,2,control,16:35:37.636,1.6366674667466743,14,22.076490171041662
1,2,control,16:35:37.637,1.6379054905490549,14,19.07137597093101
1,2,control,16:35:37.639,1.639143514351435,14,-6.933713948338017
1,2,control,16:35:37.640,1.6403815381538154,14,-6.438779529991884
1,2,control,16:35:37.641,1.6416195619561955,14,-0.943820718065858
1,2,control,16:35:37.642,1.642857585758576,14,-10.948837457402805
1,2,control,16:35:37.644,1.644095609560956,14,-7.953829693651947
1,2,control,16:35:37.645,1.6453336333633364,14,-5.958797373267558
1,2,control,16:35:37.646,1.6465716571657163,14,-2.9637404435077244
1,2,control,16:35:37.647,1.6478096809680969,14,4.5313411475669625
1,2,control,16:35:37.649,1.649047704770477,14,11.026447451094723
1,2,control,16:35:37.650,1.6502857285728572,14,4.5215785174139
1,2,control,16:35:37.651,1.6515237523752375,14,9.016734396064273
1,2,control,16:35:37.652,1.6527617761776177,14,15.511915135788463
1,2,control,16:35:37.653,1.653999799979998,14,9.007120784533221
1,2,control,16:35:37.655,1.6552378237823782,14,-5.497648610549142
1,2,control,16:35:37.656,1.6564758475847583,14,-3.0023930030993853
1,2,control,16:35:37.657,1.6577138713871389,14,-2.007112347549949
1,2,control,16:35:37.658,1.6589518951895188,14,12.488193400876476
1,2,control,16:35:37.660,1.6601899189918992,14,-3.0164757138316247
1,2,control,16:35:37.661,1.6614279427942793,14,0.4788803515268469
1,2,control,16:35:37.662,1.6626659665966597,14,10.974261639367056
1,2,control,16:35:37.663,1.6639039903990398,14,6.969668191319705
1,2,control,16:35:37.665,1.6651420142014202,14,1.4651000482325074
1,2,control,16:35:37.666,1.6663800380038003,14,37.460557250171696
1,2,control,16:35:37.870,1.8706539653965395,15,5.565570430962275
1,2,control,16:35:37.871,1.87189198919892,15,7.065244540580324
1,2,control,16:35:37.873,1.8731300130013,15,-4.435058751387302
1,2,control,16:35:37.874,1.8743680368036804,15,10.564660492810368
1,2,control,16:35:37.875,1.8756060606060605,15,6.064402210519731
1,2,control,16:35:37.876,1.8768440844084409,15,9.064166338685247
1,2,control,16:35:37.878,1.878082108210821,15,-0.4360471861479098
1,2,control,16:35:37.879,1.8793201320132007,15,0.0637615721687865
1,2,control,16:35:37.880,1.8805581558155813,15,-4.936407450610162
1,2,control,16:35:37.881,1.8817961796179616,15,-9.436554319121612
1,2,control,16:35:37.883,1.883034203420342,15,4.06332090160884
1,2,control,16:35:37.884,1.884272227222722,15,-4.936781853830482
1,2,control,16:35:37.885,1.8855102510251025,15,-10.436862651234684
1,2,control,16:35:37.886,1.8867482748274824,15,3.06307844322032
1,2,control,16:35:37.887,1.887986298629863,15,1.0630413629804636
1,2,control,16:35:37.889,1.8892243224322431,15,7.563026041116203
1,2,control,16:35:37.890,1.8904623462346235,15,6.063032410325107
1,2,control,16:35:37.891,1.891700370037004,15,7.063060402934568
1,2,control,16:35:37.892,1.892938393839384,15,-1.4368900490956094
1,2,control,16:35:38.024,2.024168916891689,16,-0.8250097373946588
1,2,control,16:35:38.025,2.025406940694069,16,-19.32310883392089
1,2,control,16:35:38.026,2.026644964496449,16,1.678804680858747
1,2,control,16:35:38.027,2.02788298829883,16,-16.319269285485362
1,2,control,16:35:38.029,2.02912101210121,16,-14.317330825467351
1,2,control,16:35:38.030,2.03035903590359,16,-6.315380031683475
1,2,control,16:35:38.031,2.0315970597059705,16,-11.813416996809671
1,2,control,16:35:38.032,2.032835083508351,16,1.1885581864007977
1,2,control,16:35:38.034,2.034073107310731,16,5.190545425119737
1,2,control,16:35:38.035,2.035311131113111,16,-3.807455373553573
1,2,control,16:35:38.036,2.0365491549154915,16,-9.805444302590018
1,2,control,16:35:38.037,2.037787178717872,16,5.696578544971743
1,2,control,16:35:38.039,2.039025202520252,16,-10.801386923972352
1,2,control,16:35:38.040,2.040263226322632,16,-2.299340802589427
1,2,control,16:35:38.041,2.0415012501250125,16,-4.297283184107272
1,2,control,16:35:38.042,2.042739273927393,16,8.704785838187995
1,2,control,16:35:38.043,2.0439772977297728,16,-11.793133829045727
1,2,control,16:35:38.045,2.045215321532153,16,-3.7910422792041487
1,2,control,16:35:38.046,2.046453345334533,16,-3.788939605734271
1,2,control,16:35:38.047,2.0476913691369134,16,-5.786825902132044
1,2,control,16:35:38.048,2.0489293929392938,16,2.215298738059964
1,2,control,16:35:38.050,2.050167416741674,16,8.217434221254905
1,2,control,16:35:38.069,2.0699757975797577,17,10.753000098036068
1,2,control,16:35:38.071,2.071213821382138,17,10.755305561745402
1,2,control,16:35:38.072,2.0724518451845184,17,33.25762017894249
1,2,control,16:35:38.073,2.0736898689868988,17,37.75994385563413
1,2,control,16:35:38.074,2.0749278927892787,17,13.262276497828276
1,2,control,16:35:38.076,2.076165916591659,17,22.26461801153618
1,2,control,16:35:38.077,2.0774039403940394,17,1.7669683027747
1,2,control,16:35:38.078,2.07864196419642,17,15.269327277568436
1,2,control,16:35:38.079,2.0798799879988,17,9.771694841951929
1,2,control,16:35:38.081,2.08111801180118,17,9.774070901971868
1,2,control,16:35:38.082,2.0823560356035604,17,19.776455363689287
1,2,control,16:35:38.083,2.0835940594059403,17,17.778848133181704
1,2,control,16:35:38.084,2.0848320832083207,17,7.781249116545332
1,2,control,16:35:38.086,2.086070107010701,17,16.283658219897212
1,2,control,16:35:38.087,2.0873081308130814,17,23.7860753493774
1,2,control,16:35:38.088,2.0885461546154613,17,50.28850041115111
1,2,control,16:35:38.114,2.1145446544654463,18,1.3410932671974791
1,2,control,16:35:38.115,2.1157826782678266,18,4.84366917700099
1,2,control,16:35:38.117,2.117020702070207,18,11.34625087270524
1,2,control,16:35:38.118,2.118258725872588,18,3.848838261709545
1,2,control,16:35:38.119,2.119496749674968,18,-9.148568748509804
1,2,control,16:35:38.120,2.120734773477348,18,-1.145970250397518
1,2,control,16:35:38.121,2.121972797279728,18,5.856633663682651
1,2,control,16:35:38.123,2.1232108210821083,18,-2.140757098550104
1,2,control,16:35:38.124,2.1244488448844883,18,2.861857370708329
1,2,control,16:35:38.125,2.1256868686868686,18,10.364476979348916
1,2,control,16:35:38.126,2.126924892489249,18,-3.1328983646485185
1,2,control,16:35:38.128,2.128162916291629,18,-17.130268753213393
1,2,control,16:35:38.129,2.1294009400940093,18,-5.127634278182391
1,2,control,16:35:38.130,2.1306389638963896,18,-13.624995031297535
1,2,control,16:35:38.131,2.13187698769877,18,0.8776488957957156
1,2,control,16:35:38.133,2.13311501150115,18,-6.119702588449556
1,2,control,16:35:38.134,2.1343530353035303,18,2.382950424520125
1,2,control,16:35:38.135,2.13559105910591,18,-16.61439215663942
1,2,control,16:35:38.136,2.1368290829082905,18,-15.611730423168126
1,2,control,16:35:38.138,2.138067106710671,18,-3.6090644661998255
1,2,control,16:35:38.139,2.139305130513052,18,9.393605623239672
1,2,control,16:35:38.140,2.140543154315432,18,0.3962797542344631
1,2,control,16:35:38.141,2.1417811781178115,18,12.39895783598039
1,2,control,16:35:38.143,2.143019201920192,18,-3.098360222213053
1,2,control,16:35:38.144,2.1442572257225723,18,-8.595674510920894
1,2,control,16:35:38.145,2.1454952495249526,18,-12.0929851206008
1,2,control,16:35:38.146,2.1467332733273325,18,-14.590292141591265
1,2,control,16:35:38.147,2.147971297129713,18,-4.087595664109742
1,2,control,16:35:38.149,2.1492093209320933,18,-3.58489577825084
1,2,control,16:35:38.150,2.150447344734473,18,2.9178074260155284
1,2,control,16:35:38.151,2.151685368536853,18,12.920513858845936
1,2,control,16:35:38.152,2.152923392339234,18,-11.576776569474715
1,2,control,16:35:38.154,2.1541614161416143,18,-9.074063948531451
1,2,control,16:35:38.155,2.155399439943994,18,2.428651632222639
1,2,control,16:35:38.156,2.1566374637463746,18,15.931370083468153
1,2,control,16:35:38.157,2.157875487548755,18,1.4340913160211528
1,2,control,16:35:38.159,2.159113511351135,18,0.4368152408349459
1,2,control,16:35:38.160,2.160351535153515,18,6.939541769001863
1,2,control,16:35:38.216,2.216062606260626,19,-4.936481332359037
1,2,control,16:35:38.217,2.217300630063006,19,12.066271603628316
1,2,control,16:35:38.218,2.2185386538653864,19,2.569023151933457
1,2,control,16:35:38.219,2.2197766776677668,19,4.071773232251317
1,2,control,16:35:38.221,2.221014701470147,19,-0.4254782355068442
1,2,control,16:35:38.222,2.222252725272527,19,8.077268668787902
1,2,control,16:35:38.223,2.2234907490749074,19,3.080013865483558
1,2,control,16:35:38.224,2.224728772877288,19,4.082757275148552
1,2,control,16:35:38.225,2.225966796679668,19,3.585498818573108
1,2,control,16:35:38.227,2.227204820482048,19,1.0882384167705863
1,2,control,16:35:38.228,2.2284428442844284,19,-6.909024009021152
1,2,control,16:35:38.229,2.2296808680868088,19,-9.906288537338456
1,2,control,16:35:38.230,2.2309188918891887,19,16.596444753509502
1,2,control,16:35:38.232,2.232156915691569,19,-4.400824214557986
1,2,control,16:35:38.233,2.2333949394939494,19,39.60190448060814
1,2,control,16:35:38.234,2.2346329632963298,19,4.104630761388044
1,2,control,16:35:38.235,2.2358709870987097,19,10.107354550394234
1,2,control,16:35:38.237,2.23710901090109,19,-1.3899242295270824
1,2,control,16:35:38.238,2.2383470347034704,19,9.112794344705245
1,2,control,16:35:38.239,2.2395850585058503,19,1.6155101964085643
1,2,control,16:35:38.240,2.2408230823082307,19,12.11822324913772
1,2,control,16:35:38.285,2.28539193919392,20,5.713404467198792
1,2,control,16:35:38.286,2.2866299629963,20,26.21596249666641
1,2,control,16:35:38.287,2.28786798679868,20,11.718515009878535
1,2,control,16:35:38.289,2.28910601060106,20,12.221061940550696
1,2,control,16:35:38.290,2.2903440344034403,20,2.223603222679756
1,2,control,16:35:38.291,2.2915820582058206,20,7.726138790544873
1,2,control,16:35:38.292,2.2928200820082005,20,23.228668578708408
1,2,control,16:35:38.294,2.294058105810581,20,-3.768807477983188
1,2,control,16:35:38.295,2.2952961296129613,20,4.233710555601576
1,2,control,16:35:38.296,2.2965341534153416,20,25.236222614880084
1,2,control,16:35:38.297,2.297772177217721,20,15.73872863555654
1,2,control,16:35:38.299,2.299010201020102,20,8.741228553622804
1,2,control,16:35:38.300,2.3002482248224823,20,4.743722305359313
1,2,control,16:35:38.301,2.3014862486248626,20,21.746209827335896
1,2,control,16:35:38.302,2.3027242724272425,20,18.748691056412667
1,2,control,16:35:38.303,2.303962296229623,20,33.25116592974086
1,2,control,16:35:38.305,2.305200320032004,20,4.253634384763636
1,2,control,16:35:38.306,2.306438343834383,20,16.756096359216983
1,2,control,16:35:38.325,2.325008700870087,21,-0.7077931265950355
1,2,control,16:35:38.326,2.326246724672467,21,-17.705443067156416
1,2,control,16:35:38.327,2.3274847484748475,21,-1.203100501214628
1,2,control,16:35:38.328,2.3287227722772275,21,4.299234514369083
1,2,control,16:35:38.329,2.329960796079608,21,-6.698438076959498
1,2,control,16:35:38.331,2.331198819881988,21,-3.1961183314469395
1,2,control,16:35:38.332,2.3324368436843685,21,4.306193694968542
1,2,control,16:35:38.333,2.3336748674867485,21,-2.691502053342312
1,2,control,16:35:38.334,2.334912891289129,21,-9.68920563169911
1,2,control,16:35:38.336,2.336150915091509,21,1.3130829048887662
1,2,control,16:35:38.337,2.337388938893889,21,6.3153635017228495
1,2,control,16:35:38.338,2.338626962696269,21,0.8176361044161453
1,2,control,16:35:38.339,2.33986498649865,21,-6.680099341106207
1,2,control,16:35:38.341,2.34110301030103,21,-6.677842888606378
1,2,control,16:35:38.485,2.485951795179518,22,13.518168878806229
1,2,control,16:35:38.487,2.487189818981898,22,14.0191831049112
1,2,control,16:35:38.488,2.4884278427842785,22,7.020185167267876
1,2,control,16:35:38.489,2.4896658665866584,22,32.521175051668656
1,2,control,16:35:38.490,2.490903890389039,22,9.522152744233727
1,2,control,16:35:38.492,2.492141914191419,22,12.023118231410784
1,2,control,16:35:38.493,2.493379937993799,22,8.024071499974681
1,2,control,16:35:38.494,2.4946179617961795,22,-6.474987462972884
1,2,control,16:35:38.495,2.49585598559856,22,8.02594132999625
1,2,control,16:35:38.497,2.49709400940094,22,1.0268578666363908
1,2,control,16:35:38.498,2.49833203320332,22,12.027762135027622
1,2,control,16:35:38.499,2.4995700570057005,22,10.528654123575436
1,2,control,16:35:38.500,2.500808080808081,22,15.529533821010377
1,2,control,16:35:38.502,2.502046104610461,22,7.530401216387652
1,2,control,16:35:38.503,2.503284128412841,22,-13.468743700913258
1,2,control,16:35:38.504,2.504522152215221,22,7.532099058811042
1,2,control,16:35:38.505,2.505760176017602,22,5.032929485587417
1,2,control,16:35:38.506,2.5069981998199817,22,15.533747569765843
1,2,control,16:35:38.508,2.508236223622362,22,17.034553302018985
1,2,control,16:35:38.509,2.5094742474247425,22,14.035346673341742
1,2,control,16:35:38.519,2.5193784378437845,23,12.04124767582801
1,2,control,16:35:38.520,2.5206164616461644,23,2.041929446508412
1,2,control,16:35:38.521,2.5218544854485447,23,-6.457401216163923
1,2,control,16:35:38.523,2.523092509250925,23,11.043255682321536
1,2,control,16:35:38.524,2.524330533053305,23,6.5439001367920895
1,2,control,16:35:38.525,2.5255685568556854,23,12.544532142391295
1,2,control,16:35:38.526,2.5268065806580657,23,6.045151694578479
1,2,control,16:35:38.528,2.528044604460446,23,10.545758789128207
1,2,control,16:35:38.529,2.529282628262826,23,10.546353422129798
1,2,control,16:35:38.530,2.5305206520652064,23,2.5469355899867594
1,2,control,16:35:38.531,2.5317586758675867,23,12.047505289416286
1,2,control,16:35:38.532,2.532996699669967,23,13.548062517448706
1,2,control,16:35:38.534,2.534234723472347,23,25.548607271426945
1,2,control,16:35:38.535,2.5354727472747274,23,11.049139549005986
1,2,control,16:35:38.536,2.536710771077108,23,0.5496593481522964
1,2,control,16:35:38.537,2.537948794879488,23,6.05016666714328
1,2,control,16:35:38.539,2.539186818681868,23,-0.4493384954333095
1,2,control,16:35:38.540,2.5404248424842484,23,15.551143859320092
1,2,control,16:35:38.541,2.5416628662866287,23,12.051613730610242
1,2,control,16:35:38.542,2.5429008900890087,23,23.552071117952543
1,2,control,16:35:38.544,2.544138913891389,23,17.052516021170412
1,2,control,16:35:38.545,2.5453769376937694,23,33.552948440394715
1,2,control,16:35:38.546,2.5466149614961493,23,14.053368376063148
1,2,control,16:35:38.547,2.5478529852985297,23,12.053775828919626
1,2,control,16:35:38.549,2.54909100910091,23,11.054170800013672
1,2,control,16:35:38.550,2.5503290329032904,23,29.554553290699808
1,2,control,16:35:38.551,2.5515670567056703,23,22.554923302636908
1,2,control,16:35:38.552,2.5528050805080507,23,12.555280837787564
1,2,control,16:35:38.554,2.554043104310431,23,21.05562589841748
1,2,control,16:35:38.555,2.5552811281128114,23,5.5559584870947845
1,2,control,16:35:38.556,2.556519151915192,23,13.55627860668941
1,2,control,16:35:38.557,2.557757175717572,23,12.55658626037242
1,2,control,16:35:38.558,2.558995199519952,23,8.05688145161536
1,2,control,16:35:38.560,2.560233223322332,23,8.057164184189574
1,2,control,16:35:38.561,2.5614712471247123,23,20.05743446216556
1,2,control,16:35:38.562,2.5627092709270927,23,12.057692289912254
1,2,control,16:35:38.563,2.563947294729473,23,8.557937672096372
1,2,control,16:35:38.610,2.610992199219922,24,17.058115679695284
1,2,control,16:35:38.612,2.6122302230223022,24,-8.442117582696298
1,2,control,16:35:38.613,2.613468246824682,24,-1.9423628683429257
1,2,control,16:35:38.614,2.6147062706270625,24,-14.94262016102558
1,2,control,16:35:38.615,2.615944294429443,24,-14.44288944426102
1,2,control,16:35:38.617,2.6171823182318232,24,11.05682929869726
1,2,control,16:35:38.618,2.618420342034203,24,-11.443463915141828
1,2,control,16:35:38.619,2.6196583658365835,24,-12.44376906850794
1,2,control,16:35:38.620,2.620896389638964,24,-10.444086143870166
1,2,control,16:35:38.622,2.622134413441344,24,-10.444415123437992
1,2,control,16:35:38.623,2.623372437243724,24,7.055244010837768
1,2,control,16:35:38.624,2.6246104610461045,24,-6.945108722735924
1,2,control,16:35:38.625,2.625848484848485,24,9.554526694404686
1,2,control,16:35:38.627,2.627086508650865,24,-16.945849718920776
1,2,control,16:35:38.628,2.628324532453245,24,-11.946237943637762
1,2,control,16:35:38.629,2.629562556255625,24,5.053362039582225
1,2,control,16:35:38.630,2.630800580058006,24,-11.947049749679287
1,2,control,16:35:38.632,2.632038603860386,24,-0.4474732915887358
1,2,control,16:35:38.633,2.633276627662766,24,-4.947908566061479
1,2,control,16:35:38.634,2.6345146514651465,24,-11.94835555276277
1,2,control,16:35:38.635,2.6357526752675264,24,3.551185768891287
1,2,control,16:35:38.636,2.636990699069907,24,-1.9492845802672605
1,2,control,16:35:38.638,2.638228722872287,24,-7.449766579159196
1,2,control,16:35:38.639,2.6394667466746675,24,-4.950260206459127
1,2,control,16:35:38.640,2.6407047704770474,24,-8.450765440596442
1,2,control,16:35:38.641,2.641942794279428,24,-0.9512822597563684
1,2,control,16:35:38.643,2.643180818081808,24,3.548189358119103
1,2,control,16:35:38.644,2.6444188418841885,24,10.547649435330143
1,2,control,16:35:38.645,2.6456568656865684,24,-10.452902005581883
1,2,control,16:35:38.646,2.646894889488949,24,25.046535058164565
1,2,control,16:35:38.648,2.648132913291329,24,-3.454039350409829
1,2,control,16:35:38.649,2.649370937093709,24,-3.954625208046238
1,2,control,16:35:38.650,2.650608960896089,24,-17.455222491248733
1,2,control,16:35:38.651,2.65184698469847,24,4.044168823714692
1,2,control,16:35:38.653,2.65308500850085,24,-13.956451239188894
1,2,control,16:35:38.654,2.65432303230323,24,2.542917344241559
1,2,control,16:35:38.655,2.6555610561056104,24,-3.957725401559898
1,2,control,16:35:38.656,2.656799079907991,24,-6.958379451927328
1,2,control,16:35:38.658,2.6580371037103707,24,3.540955218036117
1,2,control,16:35:38.659,2.659275127512751,24,-13.459721366542915
1,2,control,16:35:38.660,2.6605131513151314,24,-0.9604091803090072
1,2,control,16:35:38.661,2.661751175117512,24,3.5388918023209683
1,2,control,16:35:38.662,2.662989198919892,24,-1.96181839284322
1,2,control,16:35:38.664,2.664227222722272,24,-4.962539739766235
1,2,control,16:35:38.665,2.6654652465246524,24,-5.463272212188237
1,2,control,16:35:38.666,2.666703270327033,24,0.5359842163740467
1,2,control,16:35:38.667,2.6679412941294127,24,-0.9647704273737716
1,2,control,16:35:38.669,2.669179317931793,24,-1.4655361165048149
1,2,control,16:35:38.670,2.670417341734173,24,-0.9663128238720162
1,2,control,16:35:38.671,2.6716553655365534,24,-16.967100522109227
1,2,control,16:35:38.672,2.6728933893389337,24,9.03210081636768
1,2,control,16:35:38.674,2.674131413141314,24,4.031291219359758
1,2,control,16:35:38.743,2.743460746074607,25,10.46945111984089
1,2,control,16:35:38.744,2.744698769876988,25,4.468070651747389
1,2,control,16:35:38.745,2.745936793679368,25,-1.5333188075023756
1,2,control,16:35:38.747,2.747174817481748,25,-6.534717219366655
1,2,control,16:35:38.748,2.748412841284128,25,3.963875454841784
1,2,control,16:35:38.749,2.749650865086509,25,5.962459253954421
1,2,control,16:35:38.750,2.750888888888889,25,2.9610342169456985
1,2,control,16:35:38.752,2.752126912691269,25,3.959600382931775
1,2,control,16:35:38.753,2.753364936493649,25,23.4581577911692
1,2,control,16:35:38.754,2.7546029602960296,25,10.456706481053708
1,2,control,16:35:38.755,2.75584098409841,25,0.4552464921188743
1,2,control,16:35:38.757,2.75707900790079,25,-5.046222135965095
1,2,control,16:35:38.758,2.75831703170317,25,1.4523006366073048
1,2,control,16:35:38.759,2.7595550555055506,25,19.450814849775625
1,2,control,16:35:38.760,2.7607930793079305,25,-0.5506794563878472
1,2,control,16:35:38.762,2.762031103110311,25,12.947817758320674
1,2,control,16:35:38.763,2.763269126912691,25,11.446306534235134
1,2,control,16:35:38.764,2.764507150715072,25,1.944786911818376
1,2,control,16:35:38.765,2.7657451745174515,25,-3.056741068339136
1,2,control,16:35:38.766,2.766983198319832,25,-7.058277365520638
1,2,control,16:35:38.768,2.768221222122212,25,9.44017806111566
1,2,control,16:35:38.769,2.769459245924592,25,11.938625252535267
1,2,control,16:35:38.770,2.7706972697269725,25,7.437064249826143
1,2,control,16:35:38.771,2.771935293529353,25,-2.064504905802643
1,2,control,16:35:38.840,2.840026602660266,26,31.33788665063769
1,2,control,16:35:38.841,2.841264626462646,26,2.335929841707042
1,2,control,16:35:38.842,2.8425026502650264,26,3.3339673862584007
1,2,control,16:35:38.843,2.8437406740674067,26,-9.66800066973061
1,2,control,16:35:38.844,2.844978697869787,26,9.830025719760512
1,2,control,16:35:38.846,2.846216721672167,26,14.828046600793831
1,2,control,16:35:38.847,2.847454745474548,26,24.82606201947164
1,2,control,16:35:38.848,2.848692769276928,26,31.82407202193511
1,2,control,16:35:38.849,2.849930793079308,26,22.32207665436293
1,2,control,16:35:38.851,2.851168816881688,26,31.820075962970066
1,2,control,16:35:38.852,2.8524068406840684,26,28.318069994006265
1,2,control,16:35:38.853,2.8536448644864487,26,34.31605879375488
1,2,control,16:35:38.854,2.8548828882888286,26,13.814042408531408
1,2,control,16:35:38.856,2.856120912091209,26,11.312020884682248
1,2,control,16:35:38.857,2.8573589358935894,26,2.309994268583296
1,2,control,16:35:38.858,2.8585969596959693,26,28.30796260663865
1,2,control,16:35:38.859,2.8598349834983496,26,13.80592594527927
1,2,control,16:35:38.861,2.86107300730073,26,11.803884330961594
1,2,control,16:35:38.862,2.8623110311031104,26,74.80183781016629
1,2,control,16:35:39.028,3.028206220622062,27,17.502115240548164
1,2,control,16:35:39.029,3.0294442444244423,27,30.49982431306188
1,2,control,16:35:39.030,3.030682268226822,27,7.997534471897801
1,2,control,16:35:39.031,3.031920292029203,27,9.995245754843571
1,2,control,16:35:39.033,3.033158315831583,27,-4.507041800456939
1,2,control,16:35:39.034,3.034396339633964,27,20.990671843495328
1,2,control,16:35:39.035,3.035634363436344,27,17.488386724053633
1,2,control,16:35:39.036,3.0368723872387235,27,14.486102878424418
1,2,control,16:35:39.038,3.038110411041104,27,25.483820343666306
1,2,control,16:35:39.039,3.0393484348434843,27,5.981539156689067
1,2,control,16:35:39.040,3.0405864586458646,27,31.97925935425268
1,2,control,16:35:39.041,3.0418244824482445,27,2.476980972966281
1,2,control,16:35:39.043,3.043062506250625,27,29.474704049287222
1,2,control,16:35:39.044,3.0443005300530053,27,1.9724286195200664
1,2,control,16:35:39.045,3.0455385538553856,27,15.970154719815577
1,2,control,16:35:39.046,3.0467765776577656,27,16.467882386169784
1,2,control,16:35:39.048,3.048014601460146,27,15.465611654423014
1,2,control,16:35:39.049,3.0492526252625263,27,17.963342560258894
1,2,control,16:35:39.050,3.050490649064906,27,14.46107513920338
1,2,control,16:35:39.051,3.0517286728672866,27,35.458809426623844
1,2,control,16:35:39.052,3.052966696669667,27,27.95654545772808
1,2,control,16:35:39.054,3.054204720472048,27,23.95428326756336
1,2,control,16:35:39.055,3.055442744274427,27,17.45202289101551
1,2,control,16:35:39.056,3.056680768076808,27,16.449764362807926
1,2,control,16:35:39.057,3.057918791879188,27,5.447507717500677
1,2,control,16:35:39.059,3.059156815681568,27,28.44525298948956
1,2,control,16:35:39.074,3.074013101310131,28,-1.5816419057365323
1,2,control,16:35:39.075,3.075251125112511,28,4.416131344702592
1,2,control,16:35:39.076,3.076489148914892,28,-5.586093023781928
1,2,control,16:35:39.077,3.0777271727172715,28,-5.588314979367347
1,2,control,16:35:39.078,3.078965196519652,28,-1.590534490409496
1,2,control,16:35:39.080,3.080203220322032,28,3.4072484745563614
1,2,control,16:35:39.081,3.081441244124412,28,8.905033946814669
1,2,control,16:35:39.082,3.0826792679267925,28,6.902821957468717
1,2,control,16:35:39.083,3.083917291729173,28,15.400612537439862
1,2,control,16:35:39.085,3.085155315531553,28,-1.1015942825333838
1,2,control,16:35:39.086,3.086393339333933,28,2.896201528103873
1,2,control,16:35:39.087,3.087631363136313,28,9.893999999722055
1,2,control,16:35:39.088,3.088869386938694,28,18.89180116250631
1,2,control,16:35:39.090,3.090107410741074,28,32.38960504645568
1,2,control,16:35:39.091,3.091345434543454,28,-3.1125883186176893
1,2,control,16:35:39.092,3.0925834583458345,28,-2.1147789030893804
1,2,control,16:35:39.093,3.093821482148215,28,17.383033322476514
1,2,control,16:35:39.095,3.0950595059505948,28,16.38084838732661
1,2,control,16:35:39.096,3.096297529752975,28,-1.6213336794825963
1,2,control,16:35:39.097,3.0975355535553555,28,11.87648715091452
1,2,control,16:35:39.098,3.098773577357736,28,6.374310907191926
1,2,control,16:35:39.100,3.100011601160116,28,8.87213761783115
1,2,control,16:35:39.101,3.101249624962496,28,32.8699673111205
1,2,control,16:35:39.135,3.1359142914291427,29,-8.689481698543574
1,2,control,16:35:39.137,3.137152315231523,29,-11.19155409785003
1,2,control,16:35:39.138,3.1383903390339034,29,-1.193622759295856
1,2,control,16:35:39.139,3.139628362836284,29,-5.195687660934517
1,2,control,16:35:39.140,3.140866386638664,29,-8.697748781034463
1,2,control,16:35:39.142,3.142104410441044,29,-15.699806098079698
1,2,control,16:35:39.143,3.1433424342434244,29,-10.701859590770384
1,2,control,16:35:39.144,3.1445804580458043,29,-8.703909238023364
1,2,control,16:35:39.145,3.1458184818481847,29,-17.70595501897281
1,2,control,16:35:39.147,3.147056505650565,29,-17.707996912970714
1,2,control,16:35:39.148,3.148294529452945,29,-17.710034899587484
1,2,control,16:35:39.149,3.1495325532553253,29,4.787931041387495
1,2,control,16:35:39.150,3.1507705770577057,29,-3.714099070054651
1,2,control,16:35:39.152,3.152008600860086,29,-15.71612521414285
1,2,control,16:35:39.153,3.153246624662466,29,3.7818526286733913
1,2,control,16:35:39.154,3.1544846484648463,29,-7.220165522276552
1,2,control,16:35:39.155,3.1557226722672267,29,-8.222179647884936
1,2,control,16:35:39.156,3.156960696069607,29,-10.72418972926615
1,2,control,16:35:39.158,3.158198719871987,29,-12.72619574775726
1,2,control,16:35:39.159,3.159436743674368,29,6.271802315081516
1,2,control,16:35:39.160,3.160674767476748,29,-11.230195522533712
1,2,control,16:35:39.161,3.161912791279128,29,1.7678107573890358
1,2,control,16:35:39.163,3.163150815081508,29,-11.23417882738292
1,2,control,16:35:39.164,3.1643888388838883,29,-9.236164259307364
1,2,control,16:35:39.165,3.1656268626862687,29,-9.738145521067686
1,2,control,16:35:39.166,3.1668648864886486,29,-3.740122595573311
1,2,control,16:35:39.168,3.168102910291029,29,-10.242095465960212
1,2,control,16:35:39.169,3.1693409340934093,29,-14.2440641155913
1,2,control,16:35:39.170,3.1705789578957893,29,-6.246028528056939
1,2,control,16:35:39.171,3.1718169816981696,29,-6.747988687175344
1,2,control,16:35:39.223,3.22381398139814,30,2.6737052254421485
1,2,control,16:35:39.225,3.22505200520052,30,-3.828060027545419
1,2,control,16:35:39.226,3.2262900290029,30,12.67017945365756
1,2,control,16:35:39.227,3.2275280528052805,30,-8.331576325374122
1,2,control,16:35:39.228,3.2287660766076605,30,-7.3333273593068355
1,2,control,16:35:39.230,3.230004100410041,30,8.164926356951746
1,2,control,16:35:39.231,3.231242124212421,30,12.663184828252554
1,2,control,16:35:39.232,3.232480148014801,30,-11.838551940795044
1,2,control,16:35:39.233,3.233718171817181,30,1.6597160541767195
1,2,control,16:35:39.234,3.234956195619562,30,-8.342011182706166
1,2,control,16:35:39.236,3.236194219421942,30,-14.343733647559532
1,2,control,16:35:39.237,3.237432243224322,30,-5.845451336741142
1,2,control,16:35:39.238,3.2386702670267025,30,-8.34716424685076
1,2,control,16:35:39.239,3.239908290829083,30,-5.848872374730227
1,2,control,16:35:39.241,3.241146314631463,30,-6.850575717463556
1,2,control,16:35:39.242,3.242384338433843,30,0.6477257276230759
1,2,control,16:35:39.243,3.2436223622362235,30,-12.853968037038804
1,2,control,16:35:39.244,3.244860386038604,30,-14.35565700925995
1,2,control,16:35:39.246,3.246098409840984,30,-2.357341187093468
1,2,control,16:35:39.247,3.247336433643364,30,-12.35902056883483
1,2,control,16:35:39.248,3.2485744574457445,30,-11.3606951530219
1,2,control,16:35:39.249,3.249812481248125,30,1.637635061565028
1,2,control,16:35:39.251,3.2510505050505047,30,-10.36402992409674
1,2,control,16:35:39.252,3.252288528852885,30,1.134309890727664
1,2,control,16:35:39.253,3.253526552655265,30,-15.8673454934693
1,2,control,16:35:39.254,3.254764576457646,30,-2.3689960764375897
1,2,control,16:35:39.256,3.2560026002600257,30,-2.3706418581695274
1,2,control,16:35:39.257,3.257240624062406,30,0.1277171611001932
1,2,control,16:35:39.258,3.2584786478647865,30,-11.873919019105458
1,2,control,16:35:39.259,3.2597166716671664,30,-7.875550399505769
1,2,control,16:35:39.260,3.2609546954695467,30,-10.37717698106227
1,2,control,16:35:39.262,3.262192719271927,30,-3.878798764978676
1,2,control,16:35:39.263,3.2634307430743075,30,-15.880415752700811
1,2,control,16:35:39.264,3.2646687668766874,30,12.61797205408346
1,2,control,16:35:39.265,3.265906790679068,30,0.1163646534443145
1,2,control,16:35:39.267,3.267144814481448,30,-4.8852379567899575
1,2,control,16:35:39.268,3.2683828382838285,30,-0.3868357790328431
1,2,control,16:35:39.269,3.2696208620862084,30,-3.388428815939527
1,2,control,16:35:39.270,3.2708588858885888,30,-12.390017070406756
1,2,control,16:35:39.272,3.272096909690969,30,-16.39160054557275
1,2,control,16:35:39.273,3.273334933493349,30,2.106820755182952
1,2,control,16:35:39.274,3.2745729572957294,30,11.605246828239572
1,2,control,16:35:39.275,3.2758109810981098,30,2.1036776697352977
1,2,control,16:35:39.277,3.27704900490049,30,-3.897886724432645
1,2,control,16:35:39.278,3.27828702870287,30,-15.399446358607776
1,2,control,16:35:39.279,3.2795250525052504,30,-15.401001237374238
1,2,control,16:35:39.280,3.2807630763076308,30,-8.402551365556619
1,2,control,16:35:39.282,3.2820011001100107,30,-11.90409674821978
1,2,control,16:35:39.283,3.283239123912391,30,-0.4056373906686517
1,2,control,16:35:39.284,3.2844771477147714,30,-2.4071732984481
1,2,control,16:35:39.285,3.285715171517152,30,-10.908704477342646
1,2,control,16:35:39.286,3.286953195319532,30,-5.41023093337634
1,2,control,16:35:39.288,3.288191219121912,30,-5.41175267281249
1,2,control,16:35:39.289,3.2894292429242924,30,9.086730297846517
1,2,control,16:35:39.290,3.2906672667266728,30,-17.914782028140536
1,2,control,16:35:39.291,3.2919052905290527,30,-4.91628965775346
1,2,control,16:35:39.293,3.293143314331433,30,-8.917792598210411
1,2,control,16:35:39.294,3.2943813381338134,30,-19.91929085696767
1,2,control,16:35:39.295,3.2956193619361933,30,-5.420784441719363
1,2,control,16:35:39.296,3.2968573857385737,30,-9.42227336039717
1,2,control,16:35:39.298,3.298095409540954,30,0.0762423788298818
1,2,control,16:35:39.299,3.2993334333433344,30,11.574762767555782
1,2,control,16:35:39.300,3.3005714571457143,30,-7.426712202862248
1,2,control,16:35:39.301,3.3018094809480947,30,6.071817458696579
1,2,control,16:35:39.303,3.303047504750475,30,-4.42964825688307
1,2,control,16:35:39.304,3.304285528552855,30,0.5688906410476235
1,2,control,16:35:39.305,3.305523552355236,30,3.067434142901988
1,2,control,16:35:39.306,3.306761576157616,30,-12.434017761141815
1,2,control,16:35:39.307,3.307999599959996,30,2.064534918859493
1,2,control,16:35:39.309,3.309237623762376,30,-8.436907827385262
1,2,control,16:35:39.310,3.3104756475647563,30,1.0616539895985682
1,2,control,16:35:39.311,3.3117136713671367,30,-7.439779640948153
1,2,control,16:35:39.312,3.312951695169517,30,-15.941208730017998
1,2,control,16:35:39.314,3.314189718971897,30,0.057366711163425
1,2,control,16:35:39.315,3.3154277427742773,30,-4.944053328862168
1,2,control,16:35:39.316,3.3166657665766577,30,-13.945468861785365
1,2,control,16:35:39.317,3.3179037903790376,30,11.053120100471396
1,2,control,16:35:39.319,3.319141814181418,30,-4.4482864542458245
1,2,control,16:35:39.320,3.3203798379837983,30,-2.449688538322043
1,2,control,16:35:39.321,3.3216178617861787,30,8.04891383562709
1,2,control,16:35:39.322,3.3228558855885586,30,-0.4524793452442992
1,2,control,16:35:39.324,3.324093909390939,30,-10.953868094011868
1,2,control,16:35:39.325,3.32533193319332,30,-8.455252423980625
1,2,control,16:35:39.326,3.3265699569956992,30,-5.456632348684458
1,2,control,16:35:39.327,3.32780798079808,30,-5.958007881885685
1,2,control,16:35:39.476,3.4763708370837083,31,10.902813936529933
1,2,control,16:35:39.477,3.4776088608860887,31,14.901805234365291
1,2,control,16:35:39.478,3.4788468846884686,31,10.40079775012871
1,2,control,16:35:39.480,3.480084908490849,31,9.899791447989491
1,2,control,16:35:39.481,3.4813229322932293,31,6.398786292007166
1,2,control,16:35:39.482,3.482560956095609,31,12.89778224613294
1,2,control,16:35:39.483,3.4837989798979896,31,1.3967792742111556
1,2,control,16:35:39.485,3.48503700370037,31,41.39577733998077
1,2,control,16:35:39.486,3.4862750275027503,31,17.894776407076797
1,2,control,16:35:39.487,3.4875130513051302,31,2.3937764390318605
1,2,control,16:35:39.488,3.4887510751075106,31,6.392777399277598
1,2,control,16:35:39.489,3.489989098909891,31,30.891779251146232
1,2,control,16:35:39.491,3.491227122712272,31,5.890781957872036
1,2,control,16:35:39.492,3.4924651465146512,31,-5.610214517407144
1,2,control,16:35:39.493,3.493703170317032,31,20.88878978835166
1,2,control,16:35:39.494,3.494941194119412,31,30.387794838098024
1,2,control,16:35:39.496,3.496179217921792,31,14.886800594689705
1,2,control,16:35:39.497,3.497417241724172,31,10.885807020894164
1,2,control,16:35:39.538,3.53827202720272,32,-7.646853572593727
1,2,control,16:35:39.539,3.5395100510051005,32,18.8521529282595
1,2,control,16:35:39.540,3.5407480748074804,32,-0.1488412487343922
1,2,control,16:35:39.541,3.541986098609861,32,7.350163857033891
1,2,control,16:35:39.543,3.543224122412241,32,0.3491682061457695
1,2,control,16:35:39.544,3.544462146214621,32,11.848171759156592
1,2,control,16:35:39.545,3.545700170017001,32,0.8471744765974805
1,2,control,16:35:39.546,3.546938193819382,32,3.846176318977165
1,2,control,16:35:39.548,3.548176217621762,32,27.845177246783805
1,2,control,16:35:39.549,3.549414241424142,32,15.344177220486898
1,2,control,16:35:39.550,3.5506522652265224,32,4.3431762005390695
1,2,control,16:35:39.551,3.551890289028903,32,21.342174147378
1,2,control,16:35:39.553,3.553128312831283,32,11.341171021428238
1,2,control,16:35:39.554,3.554366336633663,32,5.34016678310315
1,2,control,16:35:39.555,3.5556043604360434,32,21.83916139280675
1,2,control,16:35:39.556,3.556842384238424,32,11.838154810935611
1,2,control,16:35:39.558,3.558080408040804,32,4.337146997880787
1,2,control,16:35:39.559,3.559318431843184,32,-5.6638620859703295
1,2,control,16:35:39.560,3.5605564556455644,32,18.33512751976796
1,2,control,16:35:39.561,3.561794479447945,32,30.834115775481543
1,2,control,16:35:39.563,3.5630325032503247,32,18.33310264155845
1,2,control,16:35:39.564,3.564270527052705,32,26.33208807839079
1,2,control,16:35:39.565,3.565508550855085,32,5.331072046376633
1,2,control,16:35:39.566,3.566746574657466,32,16.830054505922043
1,2,control,16:35:39.701,3.701691169116912,33,8.701656451880645
1,2,control,16:35:39.702,3.702929192919292,33,16.70024652324792
1,2,control,16:35:39.704,3.704167216721672,33,-2.3011687627833624
1,2,control,16:35:39.705,3.705405240524052,33,6.197410568825262
1,2,control,16:35:39.706,3.706643264326432,33,-8.804015506623799
1,2,control,16:35:39.707,3.707881288128813,33,11.194552986438296
1,2,control,16:35:39.709,3.709119311931193,33,4.193116023849349
1,2,control,16:35:39.710,3.710357335733573,33,7.191673581718625
1,2,control,16:35:39.711,3.7115953595359534,33,13.690225636429332
1,2,control,16:35:39.712,3.712833383338334,33,9.688772164641207
1,2,control,16:35:39.714,3.714071407140714,33,-0.3126868567070531
1,2,control,16:35:39.715,3.715309430943094,33,2.685848549604785
1,2,control,16:35:39.716,3.7165474547454735,33,14.184378361080988
1,2,control,16:35:39.717,3.717785478547855,33,14.682902555512378
1,2,control,16:35:39.719,3.7190235023502334,33,10.681421110978874
1,2,control,16:35:39.720,3.720261526152615,33,10.17993400585199
1,2,control,16:35:39.721,3.721499549954995,33,8.678441218797381
1,2,control,16:35:39.722,3.722737573757376,33,-1.3230572712226163
1,2,control,16:35:39.893,3.893584858485848,34,2.411858112185037
1,2,control,16:35:39.894,3.8948228822882287,34,-7.590460896378708
1,2,control,16:35:39.896,3.896060906090609,34,-5.592784443625028
1,2,control,16:35:39.897,3.897298929892989,34,1.4048875162910264
1,2,control,16:35:39.898,3.898536953695369,34,12.402555029854703
1,2,control,16:35:39.899,3.8997749774977497,34,-12.09978185580642
1,2,control,16:35:39.901,3.90101300130013,34,-9.602123092920472
1,2,control,16:35:39.902,3.90225102510251,34,18.895531366930733
1,2,control,16:35:39.903,3.9034890489048895,34,-7.106818427186354
1,2,control,16:35:39.904,3.904727072707271,34,0.8908275744449838
1,2,control,16:35:39.905,3.90596509650965,34,4.888469422193658
1,2,control,16:35:39.907,3.907203120312031,34,2.386107167082727
1,2,control,16:35:39.908,3.9084411441144113,34,-7.616259139208658
1,2,control,16:35:39.909,3.909679167916792,34,-11.11862944434334
1,2,control,16:35:39.910,3.910917191719172,34,-7.121003695324248
1,2,control,16:35:39.912,3.912155215521552,34,24.376618161507487
1,2,control,16:35:39.913,3.913393239323932,34,-9.125763819525543
1,2,control,16:35:39.914,3.914631263126312,34,-8.128149583435182
1,2,control,16:35:39.915,3.9158692869286926,34,-11.130539074565831
1,2,control,16:35:39.917,3.917107310731073,34,-4.132932236592616
1,2,control,16:35:39.918,3.918345334533453,34,6.864670987480473
1,2,control,16:35:39.919,3.919583358335833,34,3.862270655322384
1,2,control,16:35:39.920,3.9208213821382136,34,12.859866825276818
1,2,control,16:35:39.922,3.922059405940594,34,28.85745955636405
1,2,control,16:35:39.923,3.9232974297429744,34,-7.644951091717324
1,2,control,16:35:39.924,3.9245354535453534,34,-3.147365058588562
1,2,control,16:35:39.925,3.925773477347735,34,-6.149782283189083
1,2,control,16:35:39.927,3.927011501150115,34,-10.652202703774662
1,2,control,16:35:39.928,3.928249524952495,34,5.345373742084256
1,2,control,16:35:39.929,3.9294875487548753,34,2.842947117504309
1,2,control,16:35:39.930,3.930725572557256,34,5.340517486290906
1,2,control,16:35:39.931,3.931963596359636,34,1.8380849129399195
1,2,control,16:35:39.933,3.933201620162016,34,-3.6643505373606615
1,2,control,16:35:39.934,3.934439643964396,34,15.833211201270998
1,2,control,16:35:39.935,3.9356776677667766,34,14.33077019541212
1,2,control,16:35:39.936,3.936915691569157,34,-0.1716734876629502
1,2,control,16:35:39.938,3.938153715371537,34,6.325880220018817
1,2,control,16:35:39.939,3.939391739173917,34,11.323431387130752
1,2,control,16:35:39.988,3.988912691269127,35,-0.7757287907043775
1,2,control,16:35:39.990,3.990150715071507,35,4.721786181138995
1,2,control,16:35:39.991,3.991388738873887,35,3.21930214786326
1,2,control,16:35:39.992,3.992626762676268,35,2.2168192095347266
1,2,control,16:35:39.993,3.993864786478648,35,-1.2856625330265672
1,2,control,16:35:39.995,3.995102810281028,35,14.711857021753964
1,2,control,16:35:39.996,3.996340834083408,35,0.2093779762061842
1,2,control,16:35:39.997,3.997578857885789,35,-6.293099566584061
1,2,control,16:35:39.998,3.998816881688169,35,-5.295575502774206
1,2,control,16:35:40.000,4.000054905490549,35,-8.798049727764322
1,2,control,16:35:40.001,4.001292929292929,35,14.699477863803594
1,2,control,16:35:40.002,4.0025309530953095,35,4.197007378046209
1,2,control,16:35:40.003,4.00376897689769,35,11.194538921839474
1,2,control,16:35:40.005,4.00500700070007,35,8.192072602819223
1,2,control,16:35:40.076,4.076812381238124,36,11.556764756104052
1,2,control,16:35:40.078,4.078050405040504,36,7.054642542568438
1,2,control,16:35:40.079,4.079288428842884,36,25.55253032167724
1,2,control,16:35:40.080,4.080526452645264,36,10.550428247471151
1,2,control,16:35:40.081,4.081764476447645,36,11.548336474732912
1,2,control,16:35:40.083,4.083002500250025,36,26.046255158986035
1,2,control,16:35:40.084,4.084240524052405,36,13.54418445649344
1,2,control,16:35:40.085,4.085478547854786,36,9.042124524256124
1,2,control,16:35:40.086,4.086716571657165,36,0.5400755200116834
1,2,control,16:35:40.087,4.0879545954595455,36,-4.961962397767138
1,2,control,16:35:40.089,4.089192619261926,36,8.036010930126103
1,2,control,16:35:40.090,4.090430643064306,36,15.033995663630016
1,2,control,16:35:40.091,4.091668666866687,36,1.031991963413731
1,2,control,16:35:40.092,4.092906690669067,36,17.029999990875382
1,2,control,16:35:40.094,4.094144714471447,36,0.5280199081403936
1,2,control,16:35:40.095,4.095382738273827,36,7.026051878059832
1,2,control,16:35:40.096,4.096620762076207,36,22.524096064208635
1,2,control,16:35:40.097,4.097858785878588,36,-10.977847369116098
1,2,control,16:35:40.099,4.099096809680968,36,7.020221743103043
1,2,control,16:35:40.100,4.100334833483348,36,32.01830356660194
1,2,control,16:35:40.101,4.101572857285729,36,15.51639826783306
1,2,control,16:35:40.102,4.102810881088109,36,-5.98549398603646
1,2,control,16:35:40.104,4.1040489048904885,36,8.012626972873178
1,2,control,16:35:40.105,4.105286928692869,36,11.010761313152472
1,2,control,16:35:40.106,4.106524952495249,36,12.50890920410049
1,2,control,16:35:40.107,4.1077629762976295,36,-1.9929291842771093
1,2,control,16:35:40.109,4.10900100010001,36,-0.4947536812703319
1,2,control,16:35:40.110,4.11023902390239,36,6.003435884533026
1,2,control,16:35:40.111,4.111477047704771,36,15.50163968524516
1,2,control,16:35:40.112,4.112715071507151,36,-1.5001421063240556
1,2,control,16:35:40.113,4.1139530953095305,36,10.998090683330709
1,2,control,16:35:40.115,4.115191119111911,36,4.996338228407794
1,2,control,16:35:40.116,4.116429142914291,36,1.4946007037961877
1,2,control,16:35:40.117,4.117667166716672,36,8.492878285073111
1,2,control,16:35:40.118,4.118905190519052,36,3.4911711485014862
1,2,control,16:35:40.120,4.120143214321432,36,2.989479471027444
1,2,control,16:35:40.121,4.121381238123813,36,35.987803430277715
1,2,control,16:35:40.122,4.122619261926192,36,10.486143204557044
1,2,control,16:35:40.123,4.1238572857285725,36,9.984498972845486
1,2,control,16:35:40.125,4.125095309530953,36,8.482870914795733
1,2,control,16:35:40.126,4.126333333333333,36,-5.018740789269685
1,2,control,16:35:40.127,4.1275713571357135,36,21.97966404163882
1,2,control,16:35:40.128,4.128809380938094,36,11.478085589175066
1,2,control,16:35:40.130,4.130047404740474,36,19.97652403565413
1,2,control,16:35:40.131,4.131285428542854,36,34.4749795640495
1,2,control,16:35:40.132,4.132523452345234,36,2.473452357989977
1,2,control,16:35:40.133,4.133761476147615,36,7.971942601756744
1,2,control,16:35:40.134,4.134999499949995,36,22.47045048028016
1,2,control,16:35:40.136,4.136237523752375,36,5.468976179136739
1,2,control,16:35:40.137,4.137475547554756,36,-0.0324801154541134
1,2,control,16:35:40.138,4.138713571357136,36,0.4660817833666755
1,2,control,16:35:40.139,4.139951595159515,36,7.4646620630946146
1,2,control,16:35:40.141,4.141189618961896,36,13.463260911858235
1,2,control,16:35:40.142,4.142427642764276,36,18.461878518415773
1,2,control,16:35:40.143,4.1436656665666565,36,33.96051507215171
1,2,control,16:35:40.144,4.144903690369037,36,7.459170763073274
1,2,control,16:35:40.146,4.146141714171417,36,28.95784578180696
1,2,control,16:35:40.147,4.1473797379737976,36,22.456540319594858
1,2,control,16:35:40.148,4.148617761776177,36,34.45525456829112
1,2,control,16:35:40.149,4.149855785578557,36,3.953988720358176
1,2,control,16:35:40.151,4.151093809380938,36,18.95274296886304
1,2,control,16:35:40.152,4.152331833183318,36,11.451517507473554
1,2,control,16:35:40.153,4.1535698569856985,36,36.95031253045445
1,2,control,16:35:40.154,4.154807880788079,36,33.449128232663554
1,2,control,16:35:40.156,4.156045904590459,36,6.947964809547749
1,2,control,16:35:40.157,4.15728392839284,36,18.94682245713904
1,2,control,16:35:40.158,4.158521952195219,36,9.945701372050436
1,2,control,16:35:40.159,4.159759975997599,36,15.944601751471891
1,2,control,16:35:40.160,4.16099799979998,36,38.44352379316611
1,2,control,16:35:40.162,4.16223602360236,36,18.942467695464323
1,2,control,16:35:40.163,4.1634740474047405,36,8.441433657262024
1,2,control,16:35:40.164,4.164712071207121,36,12.94042187801464
1,2,control,16:35:40.165,4.165950095009501,36,16.939432557733134
1,2,control,16:35:40.167,4.167188118811881,36,8.438465896979572
1,2,control,16:35:40.168,4.168426142614261,36,25.9375220968626
1,2,control,16:35:40.169,4.169664166416641,36,15.936601359032906
1,2,control,16:35:40.170,4.170902190219022,36,3.43570388567867
1,2,control,16:35:40.172,4.172140214021402,36,-4.565170120479266
1,2,control,16:35:40.173,4.173378237823783,36,17.43397954380805
1,2,control,16:35:40.174,4.174616261626163,36,12.433153082312792
1,2,control,16:35:40.175,4.175854285428542,36,30.932350699325525
1,2,control,16:35:40.177,4.177092309230923,36,14.931572599650323
1,2,control,16:35:40.178,4.178330333033303,36,12.430818988599803
1,2,control,16:35:40.179,4.179568356835683,36,21.430090071990115
1,2,control,16:35:40.335,4.335559355935594,37,2.109781757758902
1,2,control,16:35:40.336,4.336797379737973,37,12.113960884308447
1,2,control,16:35:40.338,4.338035403540354,37,14.618192604097551
1,2,control,16:35:40.339,4.339273427342734,37,16.122477119632137
1,2,control,16:35:40.340,4.340511451145114,37,16.626814632621866
1,2,control,16:35:40.341,4.341749474947495,37,17.631205343963913
1,2,control,16:35:40.342,4.342987498749875,37,8.135649453726607
1,2,control,16:35:40.344,4.344225522552256,37,7.140147161133008
1,2,control,16:35:40.345,4.345463546354635,37,6.644698664544208
1,2,control,16:35:40.346,4.346701570157015,37,13.649304161442878
1,2,control,16:35:40.347,4.347939593959396,37,5.15396384841614
1,2,control,16:35:40.349,4.349177617761776,37,2.658677921138917
1,2,control,16:35:40.350,4.350415641564156,37,0.6634465743566764
1,2,control,16:35:40.351,4.351653665366537,37,44.16827000186839
1,2,control,16:35:40.352,4.352891689168917,37,1.1731483965091272
1,2,control,16:35:40.354,4.354129712971297,37,18.178081950132714
1,2,control,16:35:40.355,4.355367736773677,37,27.683070853594167
1,2,control,16:35:40.356,4.356605760576057,37,19.188115296732057
1,2,control,16:35:40.357,4.357843784378438,37,12.693215468350658
1,2,control,16:35:40.359,4.359081808180818,37,17.69837155620209
1,2,control,16:35:40.360,4.360319831983198,37,36.20358374696826
1,2,control,16:35:40.361,4.361557855785579,37,11.208852226242747
1,2,control,16:35:40.362,4.362795879587958,37,1.214177178512422
1,2,control,16:35:40.408,4.408602760276027,38,-10.047528565675693
1,2,control,16:35:40.409,4.409840784078408,38,-9.539933830997796
1,2,control,16:35:40.411,4.411078807880788,38,-8.532276501110431
1,2,control,16:35:40.412,4.412316831683168,38,3.975443547694262
1,2,control,16:35:40.413,4.413554855485549,38,-6.016773562848009
1,2,control,16:35:40.414,4.414792879287929,38,-1.0089277129978953
1,2,control,16:35:40.416,4.416030903090308,38,-1.0010187850365853
1,2,control,16:35:40.417,4.417268926892689,38,-9.493046663290308
1,2,control,16:35:40.418,4.418506950695069,38,-6.485011234154804
1,2,control,16:35:40.419,4.4197449744974495,38,-6.976912386120226
1,2,control,16:35:40.420,4.42098299829983,38,15.531249990204046
1,2,control,16:35:40.422,4.42222102210221,38,3.039476002064412
1,2,control,16:35:40.423,4.423459045904591,38,-1.4522342454622716
1,2,control,16:35:40.424,4.424697069706971,38,5.55611935050603
1,2,control,16:35:40.425,4.42593509350935,38,-9.435463109369088
1,2,control,16:35:40.427,4.427173117311731,38,6.073018473327984
1,2,control,16:35:40.428,4.428411141114111,38,-7.418435805259136
1,2,control,16:35:40.429,4.429649164916492,38,-5.909825851284722
1,2,control,16:35:40.430,4.430887188718872,38,1.5988484267729175
1,2,control,16:35:40.432,4.432125212521252,38,-0.3924128819150141
1,2,control,16:35:40.433,4.433363236323633,38,1.616390309445805
1,2,control,16:35:40.434,4.434601260126012,38,-5.874741914753848
1,2,control,16:35:40.435,4.435839283928392,38,8.134190527446435
1,2,control,16:35:40.729,4.729250925092509,39,3.2068942800649225
1,2,control,16:35:40.730,4.730488948894889,39,-1.7769659805130686
1,2,control,16:35:40.731,4.7317269726972695,39,-10.760901996227863
1,2,control,16:35:40.732,4.73296499649965,39,-4.244915548382828
1,2,control,16:35:40.734,4.73420302030203,39,8.270991565923751
1,2,control,16:35:40.735,4.735441044104411,39,-12.713182466296525
1,2,control,16:35:40.736,4.736679067906791,39,9.802560525982678
1,2,control,16:35:40.737,4.73791709170917,39,-2.181781302293146
1,2,control,16:35:40.739,4.739155115511551,39,-5.666209812355632
1,2,control,16:35:40.740,4.740393139313931,39,-0.6507268817102272
1,2,control,16:35:40.741,4.741631163116312,39,-3.1353344042326725
1,2,control,16:35:40.742,4.742869186918692,39,-13.620034290267403
1,2,control,16:35:40.744,4.744107210721072,39,-1.1048284667244133
1,2,control,16:35:40.745,4.745345234523453,39,-7.0897188771784485
1,2,control,16:35:40.746,4.746583258325832,39,-7.074707481967259
1,2,control,16:35:40.747,4.747821282128212,39,-11.05979625829108
1,2,control,16:35:40.749,4.749059305930593,39,1.455012799687708
1,2,control,16:35:40.750,4.750297329732973,39,-10.53028231925554
1,2,control,16:35:40.751,4.7515353535353535,39,-4.015683643508261
1,2,control,16:35:40.752,4.752773377337734,39,-13.001193218721788
1,2,control,16:35:40.754,4.754011401140114,39,-6.986813107912944
1,2,control,16:35:40.755,4.755249424942494,39,3.527454608434148
1,2,control,16:35:40.756,4.756487448744874,39,-5.45839216773436
1,2,control,16:35:40.757,4.757725472547254,39,-11.94435555214504
1,2,control,16:35:40.758,4.758963496349635,39,2.5695623216995074
1,2,control,16:35:40.760,4.760201520152015,39,-3.4166406975829986
1,2,control,16:35:40.761,4.761439543954396,39,-5.9029667793590335
1,2,control,16:35:40.762,4.762677567756776,39,2.6105818889163857
1,2,control,16:35:40.763,4.763915591559155,39,-5.375996898406193
1,2,control,16:35:40.765,4.765153615361536,39,-1.8627053652754952
1,2,control,16:35:40.766,4.766391639163916,39,-5.349545754046304
1,2,control,16:35:40.767,4.767629662966296,39,-6.336520325585802
1,2,control,16:35:40.768,4.768867686768677,39,1.6763686406193583
1,2,control,16:35:40.770,4.770105710571057,39,-5.810881153644687
1,2,control,16:35:40.771,4.7713437343734375,39,5.701727974572961
1,2,control,16:35:40.772,4.772581758175817,39,9.214193689279696
1,2,control,16:35:40.773,4.773819781978197,39,12.22651363542998
1,2,control,16:35:40.775,4.775057805780578,39,-11.26131456118386
1,2,control,16:35:40.776,4.776295829582958,39,4.250706705958251
1,2,control,16:35:40.777,4.777533853385338,39,-0.2374249760062809
1,2,control,16:35:40.778,4.778771877187719,39,-14.725712039433716
1,2,control,16:35:40.780,4.780009900990099,39,-11.71415693628554
1,2,control,16:35:40.781,4.78124792479248,39,-3.202762138240068
1,2,control,16:35:40.782,4.782485948594859,39,-7.691530136805376
1,2,control,16:35:40.783,4.783723972397239,39,12.319536556568195
1,2,control,16:35:40.784,4.78496199619962,39,5.330435410374264
1,2,control,16:35:40.786,4.786200020002,39,-1.1588361270633385
1,2,control,16:35:40.787,4.78743804380438,39,-9.648280627704906
1,2,control,16:35:40.788,4.788676067606761,39,12.362099316089804
1,2,control,16:35:40.789,4.789914091409141,39,-10.627698908553434
1,2,control,16:35:40.791,4.791152115211521,39,2.38232206486041
1,2,control,16:35:40.792,4.792390139013901,39,7.892159582079259
1,2,control,16:35:40.793,4.793628162816281,39,-4.098189032012883
1,2,control,16:35:40.794,4.794866186618662,39,6.91127352648622
1,2,control,16:35:40.796,4.796104210421042,39,-6.079455459620654
1,2,control,16:35:40.797,4.797342234223422,39,4.429621271251186
1,2,control,16:35:40.798,4.798580258025803,39,-12.561499040650697
1,2,control,16:35:40.799,4.799818281828182,39,-6.052819176535515
1,2,control,16:35:40.801,4.801056305630563,39,0.4556580608109399
1,2,control,16:35:40.802,4.802294329432943,39,-0.0360701530948261
1,2,control,16:35:40.803,4.803532353235323,39,-2.528006664554553
1,2,control,16:35:40.804,4.804770377037704,39,6.479845658189781
1,2,control,16:35:40.806,4.806008400840084,39,3.487483924833839
1,2,control,16:35:40.807,4.807246424642464,39,-9.505094777111786
1,2,control,16:35:40.808,4.808484448444844,39,-4.997893382445064
1,2,control,16:35:40.809,4.809722472247224,39,-3.990914848395704
1,2,control,16:35:40.810,4.810960496049605,39,-2.484162154750045
1,2,control,16:35:40.812,4.812198519851985,39,-0.9776383039757732
1,2,control,16:35:40.813,4.813436543654365,39,6.528653678652681
1,2,control,16:35:40.814,4.814674567456746,39,7.5347107449285105
1,2,control,16:35:40.815,4.815912591259126,39,15.540529823585402
1,2,control,16:35:40.817,4.8171506150615055,39,-9.453892179829175
1,2,control,16:35:40.818,4.818388638863886,39,14.051441616918916
1,2,control,16:35:40.869,4.869147614761476,40,-4.481931136456517
1,2,control,16:35:40.870,4.870385638563857,40,2.5100023741454933
1,2,control,16:35:40.871,4.871623662366236,40,-7.498466336822439
1,2,control,16:35:40.872,4.8728616861686165,40,-6.507341547920241
1,2,control,16:35:40.874,4.874099709970997,40,2.483372432637616
1,2,control,16:35:40.875,4.875337733773377,40,8.973671266826365
1,2,control,16:35:40.876,4.876575757575758,40,7.963550586655479
1,2,control,16:35:40.877,4.877813781378138,40,20.953005994012784
1,2,control,16:35:40.879,4.879051805180518,40,-2.557966939492708
1,2,control,16:35:40.880,4.880289828982898,40,-14.069372672688672
1,2,control,16:35:40.881,4.881527852785278,40,22.918784305002585
1,2,control,16:35:40.882,4.8827658765876585,40,5.906499473405418
1,2,control,16:35:40.884,4.884003900390039,40,20.89376828143097
1,2,control,16:35:40.885,4.885241924192419,40,-9.619413853083053
1,2,control,16:35:40.886,4.8864799479948,40,0.3669484564670355
1,2,control,16:35:40.887,4.88771797179718,40,18.352850565288847
1,2,control,16:35:40.888,4.888955995599559,40,4.838287797032621
1,2,control,16:35:40.890,4.89019401940194,40,4.823255443627161
1,2,control,16:35:40.891,4.89143204320432,40,10.807748765117218
1,2,control,16:35:40.958,4.958285328532853,41,21.12124853290664
1,2,control,16:35:40.959,4.959523352335234,41,5.071348633050505
1,2,control,16:35:40.960,4.960761376137613,41,24.52065271782108
1,2,control,16:35:40.961,4.961999399939994,41,13.469153936499694
1,2,control,16:35:40.963,4.963237423742374,41,-1.5831546042339184
1,2,control,16:35:40.964,4.964475447544754,41,2.8637201594901
1,2,control,16:35:40.965,4.965713471347135,41,11.30977124852442
1,2,control,16:35:40.966,4.966951495149515,41,20.2549916404944
1,2,control,16:35:40.968,4.968189518951895,41,25.1993742695891
1,2,control,16:35:40.969,4.969427542754275,41,-2.857087973650451
1,2,control,16:35:40.970,4.970665566556655,41,31.58559775745787
1,2,control,16:35:40.971,4.971903590359036,41,7.527424265524765
1,2,control,16:35:40.973,4.973141614161416,41,-2.5316156911245216
1,2,control,16:35:40.974,4.974379637963796,41,25.408470601336724
1,3,neuraminidase,17:26:22.658,10.658149314931492,0,-18.02122581243023
1,3,neuraminidase,17:26:22.659,10.659379337933792,0,1.0879455035090615
1,3,neuraminidase,17:26:22.660,10.660609360936093,0,23.69409450382109
1,3,neuraminidase,17:26:22.661,10.661839383938393,0,-39.202738339825856
1,3,neuraminidase,17:26:22.663,10.663069406940693,0,5.397487101049535
1,3,neuraminidase,17:26:22.664,10.664299429942991,0,-25.505189386394605
1,3,neuraminidase,17:26:22.665,10.665529452945291,0,-3.410728354464468
1,3,neuraminidase,17:26:22.666,10.666759475947591,0,-12.819090693078522
1,3,neuraminidase,17:26:22.667,10.667989498949892,0,-3.2302376279206726
1,3,neuraminidase,17:26:22.669,10.669219521952192,0,29.355869281399663
1,3,neuraminidase,17:26:22.670,10.670449544954494,0,-0.0607318568177532
1,3,neuraminidase,17:26:22.671,10.671679567956794,0,-10.480003264535071
1,3,neuraminidase,17:26:22.672,10.672909590959096,0,-17.90190749215421
1,3,neuraminidase,17:26:22.674,10.674139613961396,0,-5.326407416700221
1,3,neuraminidase,17:26:22.693,10.693819981998198,1,-9.44236678818244
1,3,neuraminidase,17:26:22.695,10.6950500050005,1,-18.905621560932417
1,3,neuraminidase,17:26:22.696,10.6962800280028,1,-0.3708576337786269
1,3,neuraminidase,17:26:22.697,10.6975100510051,1,2.161956247773361
1,3,neuraminidase,17:26:22.698,10.6987400740074,1,45.69285104669788
1,3,neuraminidase,17:26:22.699,10.6999700970097,1,-11.27814256385659
1,3,neuraminidase,17:26:22.701,10.701200120012,1,3.7490058011214273
1,3,neuraminidase,17:26:22.702,10.7024301430143,1,-8.725673759811045
1,3,neuraminidase,17:26:22.703,10.7036601660166,1,5.297848567125683
1,3,neuraminidase,17:26:22.704,10.7048901890189,1,-18.680397687394503
1,3,neuraminidase,17:26:22.706,10.7061202120212,1,17.839616725862072
1,3,neuraminidase,17:26:22.707,10.7073502350235,1,-6.142079223651194
1,3,neuraminidase,17:26:22.708,10.7085802580258,1,-23.12545684460669
1,3,neuraminidase,17:26:22.709,10.7098102810281,1,-16.11048772215402
1,3,neuraminidase,17:26:22.711,10.7110403040304,1,8.40285628372284
1,3,neuraminidase,17:26:22.712,10.712270327032702,1,-12.085396960156856
1,3,neuraminidase,17:26:22.713,10.713500350035002,1,-13.575219858539173
1,3,neuraminidase,17:26:22.759,10.759011201120112,2,-25.07356609076342
1,3,neuraminidase,17:26:22.760,10.760241224122412,2,-14.10511035061215
1,3,neuraminidase,17:26:22.761,10.761471247124712,2,-19.13734310074436
1,3,neuraminidase,17:26:22.762,10.762701270127012,2,10.829753665726995
1,3,neuraminidase,17:26:22.763,10.763931293129312,2,-25.703802253730544
1,3,neuraminidase,17:26:22.765,10.765161316131612,2,-12.737993269666717
1,3,neuraminidase,17:26:22.766,10.766391339133913,2,4.227198000748842
1,3,neuraminidase,17:26:22.767,10.767621362136213,2,-11.308211264881493
1,3,neuraminidase,17:26:22.768,10.768851385138513,2,-55.84420409279693
1,3,neuraminidase,17:26:22.770,10.770081408140811,2,-34.880763711696545
1,3,neuraminidase,17:26:22.771,10.771311431143111,2,-5.917873551363186
1,3,neuraminidase,17:26:22.772,10.772541454145411,2,-23.45551724129274
1,3,neuraminidase,17:26:22.773,10.773771477147712,2,-35.99367860932804
1,3,neuraminidase,17:26:22.775,10.775001500150012,2,-9.032341680298572
1,3,neuraminidase,17:26:22.776,10.776231523152314,2,-23.571490674665185
1,3,neuraminidase,17:26:22.777,10.777461546154614,2,-16.611110007169742
1,3,neuraminidase,17:26:22.778,10.778691569156914,2,-39.651184285490345
1,3,neuraminidase,17:26:22.779,10.779921592159214,2,-4.191698308901451
1,3,neuraminidase,17:26:22.781,10.781151615161516,2,-15.732637066939516
1,3,neuraminidase,17:26:22.782,10.782381638163816,2,-39.77398573807305
1,3,neuraminidase,17:26:22.783,10.783611661166116,2,-14.315729688378768
1,3,neuraminidase,17:26:22.784,10.784841684168416,2,-24.3578544702222
1,3,neuraminidase,17:26:22.786,10.786071707170716,2,-41.40034582094377
1,3,neuraminidase,17:26:22.913,10.91399409940994,3,-23.88757901040689
1,3,neuraminidase,17:26:22.915,10.91522412241224,3,2.5805582963248384
1,3,neuraminidase,17:26:22.916,10.91645414541454,3,-9.45096731850579
1,3,neuraminidase,17:26:22.917,10.91768416841684,3,-26.98215481858722
1,3,neuraminidase,17:26:22.918,10.91891419141914,3,-1.5130032389768502
1,3,neuraminidase,17:26:22.920,10.92014421442144,3,-17.04351168529395
1,3,neuraminidase,17:26:22.921,10.92137423742374,3,-17.073679332916257
1,3,neuraminidase,17:26:22.922,10.92260426042604,3,-23.103505426181314
1,3,neuraminidase,17:26:22.923,10.923834283428342,3,-1.1329892775917043
1,3,neuraminidase,17:26:22.925,10.925064306430642,3,-23.162130267024267
1,3,neuraminidase,17:26:22.926,10.926294329432942,3,-33.1909278409437
1,3,neuraminidase,17:26:22.927,10.927524352435242,3,-15.219381511620329
1,3,neuraminidase,17:26:22.928,10.928754375437542,3,-21.247490856351604
1,3,neuraminidase,17:26:22.929,10.929984398439842,3,8.224744483311852
1,3,neuraminidase,17:26:22.931,10.931214421442142,3,-54.30267519766366
1,3,neuraminidase,17:26:22.932,10.932444444444444,3,-20.82974966702908
1,3,neuraminidase,17:26:22.933,10.933674467446744,3,-11.356478754490382
1,3,neuraminidase,17:26:22.934,10.934904490449044,3,-28.3828623509512
1,3,neuraminidase,17:26:22.936,10.936134513451345,3,-16.408900407758836
1,3,neuraminidase,17:26:22.937,10.937364536453645,3,-21.43459293595473
1,3,neuraminidase,17:26:22.938,10.938594559455945,3,-11.459940005528663
1,3,neuraminidase,17:26:22.939,10.939824582458243,3,-18.48494174467729
1,3,neuraminidase,17:26:22.941,10.941054605460543,3,24.9904016609334
1,3,neuraminidase,17:26:22.942,10.942284628462843,3,-5.5339100310982445
1,3,neuraminidase,17:26:22.943,10.943514651465144,3,-16.05787711918009
1,3,neuraminidase,17:26:22.945,10.945974697469746,4,7.395221047192095
1,3,neuraminidase,17:26:22.947,10.947204720472046,4,32.372285431309166
1,3,neuraminidase,17:26:22.948,10.948434743474346,4,-16.15030731986684
1,3,neuraminidase,17:26:22.949,10.949664766476646,4,9.827442226028296
1,3,neuraminidase,17:26:22.950,10.950894789478946,4,-19.694466550353862
1,3,neuraminidase,17:26:22.952,10.952124812481246,4,-16.216034319372838
1,3,neuraminidase,17:26:22.953,10.953354835483546,4,-23.73726180170157
1,3,neuraminidase,17:26:22.954,10.954584858485848,4,-17.75814976763239
1,3,neuraminidase,17:26:22.955,10.955814881488148,4,-22.278699036387195
1,3,neuraminidase,17:26:22.957,10.957044904490449,4,-21.29891047543154
1,3,neuraminidase,17:26:22.958,10.958274927492749,4,-13.318784999792529
1,3,neuraminidase,17:26:22.959,10.959504950495049,4,-0.8383235713805561
1,3,neuraminidase,17:26:22.960,10.960734973497347,4,-4.857527198315097
1,3,neuraminidase,17:26:22.961,10.961964996499647,4,-25.37639693425433
1,3,neuraminidase,17:26:22.963,10.96319501950195,4,-18.89493387772844
1,3,neuraminidase,17:26:22.970,10.97057515751575,5,-15.499233902198696
1,3,neuraminidase,17:26:22.971,10.97180518051805,5,-0.0154756883282232
1,3,neuraminidase,17:26:22.973,10.97303520352035,5,-23.031395006916423
1,3,neuraminidase,17:26:22.974,10.97426522652265,5,-12.0469933309828
1,3,neuraminidase,17:26:22.975,10.97549524952495,5,-3.06227217196448
1,3,neuraminidase,17:26:22.976,10.976725272527252,5,-8.577233079091855
1,3,neuraminidase,17:26:22.977,10.977955295529553,5,-15.591877638767684
1,3,neuraminidase,17:26:22.979,10.979185318531853,5,-24.606207473950235
1,3,neuraminidase,17:26:22.980,10.980415341534153,5,-10.120224243539909
1,3,neuraminidase,17:26:22.981,10.981645364536451,5,-25.633929641769768
1,3,neuraminidase,17:26:22.982,10.982875387538751,5,13.8526746024002
1,3,neuraminidase,17:26:22.984,10.984105410541051,5,-22.160413274114745
1,3,neuraminidase,17:26:22.985,10.985335433543352,5,11.826804932074168
1,3,neuraminidase,17:26:22.986,10.986565456545652,5,-10.685672608576112
1,3,neuraminidase,17:26:22.987,10.987795479547954,5,-14.197847757949576
1,3,neuraminidase,17:26:22.989,10.989025502550254,5,11.290277590316236
1,3,neuraminidase,17:26:22.990,10.990255525552554,5,8.7787015114137
1,3,neuraminidase,17:26:22.991,10.991485548554854,5,-19.73257795005496
1,3,neuraminidase,17:26:22.992,10.992715571557154,5,-24.243562779501403
1,3,neuraminidase,17:26:23.002,11.002555755575557,6,-10.821082366124829
1,3,neuraminidase,17:26:23.003,11.003785778577855,6,-6.329509522633657
1,3,neuraminidase,17:26:23.005,11.005015801580155,6,0.1623365721722649
1,3,neuraminidase,17:26:23.006,11.006245824582455,6,-11.845546360277892
1,3,neuraminidase,17:26:23.007,11.007475847584756,6,-21.35316062193631
1,3,neuraminidase,17:26:23.008,11.008705870587058,6,-26.36050853760713
1,3,neuraminidase,17:26:23.009,11.009935893589358,6,-17.867592454420503
1,3,neuraminidase,17:26:23.011,11.011165916591658,6,-21.374414741310275
1,3,neuraminidase,17:26:23.012,11.012395939593958,6,0.6190222115048698
1,3,neuraminidase,17:26:23.013,11.013625962596258,6,8.612715993036758
1,3,neuraminidase,17:26:23.014,11.014855985598558,6,5.606664172039615
1,3,neuraminidase,17:26:23.016,11.016086008600858,6,-10.899135702481743
1,3,neuraminidase,17:26:23.017,11.017316031603158,6,-7.904686100766952
1,3,neuraminidase,17:26:23.018,11.01854605460546,6,21.090010488201287
1,3,neuraminidase,17:26:23.019,11.01977607760776,6,-20.415048442805016
1,3,neuraminidase,17:26:23.021,11.02100610061006,6,-1.4198654187645443
1,3,neuraminidase,17:26:23.022,11.02223612361236,6,-35.42444298191582
1,3,neuraminidase,17:26:23.023,11.02346614661466,6,8.071216308730413
1,3,neuraminidase,17:26:23.024,11.02469616961696,6,-24.932890122124704
1,3,neuraminidase,17:26:23.025,11.02592619261926,6,-20.936764865587502
1,3,neuraminidase,17:26:23.027,11.02715621562156,6,14.559589471905523
1,3,neuraminidase,17:26:23.028,11.02838623862386,6,-12.943829730938432
1,3,neuraminidase,17:26:23.029,11.02961626162616,6,2.552974890201952
1,3,neuraminidase,17:26:23.030,11.030846284628462,6,-4.949999314270812
1,3,neuraminidase,17:26:23.077,11.07758715871587,7,-3.926339458166538
1,3,neuraminidase,17:26:23.078,11.07881718171817,7,-39.92285384503612
1,3,neuraminidase,17:26:23.080,11.08004720472047,7,-28.91925950182776
1,3,neuraminidase,17:26:23.081,11.08127722772277,7,-12.915559287320946
1,3,neuraminidase,17:26:23.082,11.08250725072507,7,-10.411756057543144
1,3,neuraminidase,17:26:23.083,11.08373727372737,7,-4.407852665440146
1,3,neuraminidase,17:26:23.084,11.084967296729673,7,-43.903851960549616
1,3,neuraminidase,17:26:23.086,11.086197319731973,7,-40.39975678867758
1,3,neuraminidase,17:26:23.087,11.087427342734273,7,-30.395569991577787
1,3,neuraminidase,17:26:23.088,11.088657365736571,7,-6.391294406634202
1,3,neuraminidase,17:26:23.089,11.089887388738871,7,-26.88693286654639
1,3,neuraminidase,17:26:23.091,11.091117411741171,7,-31.882488199017928
1,3,neuraminidase,17:26:23.092,11.092347434743472,7,-11.377963226447662
1,3,neuraminidase,17:26:23.093,11.093577457745774,7,-33.373360765624
1,3,neuraminidase,17:26:23.094,11.094807480748074,7,-32.36868362742213
1,3,neuraminidase,17:26:23.096,11.096037503750374,7,-26.363934616504125
1,3,neuraminidase,17:26:23.097,11.097267526752674,7,-7.359116531021982
1,3,neuraminidase,17:26:23.098,11.098497549754974,7,-27.35423216232364
1,3,neuraminidase,17:26:23.099,11.099727572757274,7,-41.84928429466176
1,3,neuraminidase,17:26:23.100,11.100957595759574,7,-28.8442757049055
1,3,neuraminidase,17:26:23.102,11.102187618761874,7,-23.339209162255187
1,3,neuraminidase,17:26:23.103,11.103417641764176,7,-35.8340874279598
1,3,neuraminidase,17:26:23.104,11.104647664766476,7,-39.828913255037335
1,3,neuraminidase,17:26:23.105,11.105877687768777,7,-52.323689387998016
1,3,neuraminidase,17:26:23.107,11.107107710771077,7,-31.3184185625705
1,3,neuraminidase,17:26:23.108,11.108337733773377,7,-16.313103505430604
1,3,neuraminidase,17:26:23.109,11.109567756775675,7,-20.307746933933245
1,3,neuraminidase,17:26:23.128,11.12801810181018,8,-21.72423290723921
1,3,neuraminidase,17:26:23.129,11.12924812481248,8,-17.71857306406143
1,3,neuraminidase,17:26:23.130,11.13047814781478,8,-19.212916229057186
1,3,neuraminidase,17:26:23.131,11.13170817081708,8,-12.207264909108789
1,3,neuraminidase,17:26:23.132,11.13293819381938,8,7.298378402792835
1,3,neuraminidase,17:26:23.134,11.13416821682168,8,4.804011227761606
1,3,neuraminidase,17:26:23.135,11.13539823982398,8,-19.190368898772974
1,3,neuraminidase,17:26:23.136,11.136628262826282,8,-41.18476442685754
1,3,neuraminidase,17:26:23.137,11.137858285828582,8,-20.17917779180945
1,3,neuraminidase,17:26:23.139,11.139088308830882,8,-17.17361141401372
1,3,neuraminidase,17:26:23.140,11.140318331833182,8,-6.168067698722837
1,3,neuraminidase,17:26:23.141,11.141548354835482,8,9.337450964140956
1,3,neuraminidase,17:26:23.142,11.142778377837782,8,-19.65705779981913
1,3,neuraminidase,17:26:23.144,11.144008400840082,8,-5.151596349282031
1,3,neuraminidase,17:26:23.145,11.145238423842384,8,-29.14616702701884
1,3,neuraminidase,17:26:23.146,11.146468446844684,8,6.859227840294636
1,3,neuraminidase,17:26:23.147,11.147698469846985,8,-19.13541405773745
1,3,neuraminidase,17:26:23.148,11.148928492849285,8,-29.1300950150486
1,3,neuraminidase,17:26:23.150,11.150158515851585,8,10.875182691069696
1,3,neuraminidase,17:26:23.151,11.151388538853883,8,-11.619583199854844
1,3,neuraminidase,17:26:23.152,11.152618561856183,8,-23.114394931300662
1,3,neuraminidase,17:26:23.153,11.153848584858483,8,-15.609254729580158
1,3,neuraminidase,17:26:23.155,11.155078607860784,8,1.895835196329941
1,3,neuraminidase,17:26:23.156,11.156308630863084,8,-35.099127345044366
1,3,neuraminidase,17:26:23.157,11.157538653865386,8,-13.5941445275096
1,3,neuraminidase,17:26:23.158,11.158768676867686,8,-27.089218507042705
1,3,neuraminidase,17:26:23.159,11.159998699869986,8,11.415648578368687
1,3,neuraminidase,17:26:23.161,11.161228722872286,8,-15.079545391116554
1,3,neuraminidase,17:26:23.162,11.162458745874586,8,0.4251974829617353
1,3,neuraminidase,17:26:23.163,11.163688768876886,8,-2.570124882482631
1,3,neuraminidase,17:26:23.193,11.193209320932093,9,17.51748815328864
1,3,neuraminidase,17:26:23.194,11.194439343934391,9,-3.980085392856026
1,3,neuraminidase,17:26:23.195,11.195669366936691,9,-20.47777141938373
1,3,neuraminidase,17:26:23.196,11.196899389938991,9,-14.975571462253626
1,3,neuraminidase,17:26:23.198,11.198129412941292,9,-19.973487035663894
1,3,neuraminidase,17:26:23.199,11.199359435943594,9,-48.97151963196657
1,3,neuraminidase,17:26:23.200,11.200589458945894,9,-44.46967072158459
1,3,neuraminidase,17:26:23.201,11.201819481948194,9,-2.967941752930969
1,3,neuraminidase,17:26:23.203,11.203049504950494,9,-20.46633415233009
1,3,neuraminidase,17:26:23.204,11.204279527952794,9,-14.464849323941294
1,3,neuraminidase,17:26:23.205,11.205509550955094,9,14.036511350315564
1,3,neuraminidase,17:26:23.206,11.206739573957394,9,-21.9622534891678
1,3,neuraminidase,17:26:23.207,11.207969596959694,9,-51.46114517961792
1,3,neuraminidase,17:26:23.209,11.209199619961996,9,-11.460165035811713
1,3,neuraminidase,17:26:23.210,11.210429642964296,9,-8.959314350010587
1,3,neuraminidase,17:26:23.211,11.211659665966597,9,-7.958594391896767
1,3,neuraminidase,17:26:23.212,11.212889688968897,9,-17.958006408511594
1,3,neuraminidase,17:26:23.214,11.214119711971197,9,-18.45755162419603
1,3,neuraminidase,17:26:23.215,11.215349734973495,9,10.042768759466782
1,3,neuraminidase,17:26:23.216,11.216579757975795,9,-25.457046436293027
1,3,neuraminidase,17:26:23.217,11.217809780978095,9,5.543001632621255
1,3,neuraminidase,17:26:23.219,11.219039803980396,9,-6.957088166775819
1,3,neuraminidase,17:26:23.220,11.220269826982696,9,6.542683055497378
1,3,neuraminidase,17:26:23.298,11.298991299129913,10,11.706054334056816
1,3,neuraminidase,17:26:23.300,11.300221322132211,10,1.695529477931203
1,3,neuraminidase,17:26:23.301,11.301451345134511,10,26.684843968215542
1,3,neuraminidase,17:26:23.302,11.302681368136811,10,11.673998246736572
1,3,neuraminidase,17:26:23.303,11.303911391139112,10,7.662992777318124
1,3,neuraminidase,17:26:23.305,11.305141414141412,10,-6.848171954289569
1,3,neuraminidase,17:26:23.306,11.306371437143714,10,37.64050455951798
1,3,neuraminidase,17:26:23.307,11.307601460146014,10,-12.370977151874072
1,3,neuraminidase,17:26:23.308,11.308831483148314,10,-3.382616537374929
1,3,neuraminidase,17:26:23.310,11.310061506150614,10,30.60558697573553
1,3,neuraminidase,17:26:23.311,11.311291529152914,10,34.593633981728814
1,3,neuraminidase,17:26:23.312,11.312521552155214,10,-3.4184749036512443
1,3,neuraminidase,17:26:23.313,11.313751575157514,10,-15.4307390432691
1,3,neuraminidase,17:26:23.314,11.314981598159816,10,26.556842221320537
1,3,neuraminidase,17:26:23.316,11.316211621162116,10,-30.95573043021058
1,3,neuraminidase,17:26:23.317,11.317441644164417,10,-17.468456297048846
1,3,neuraminidase,17:26:23.318,11.318671667166717,10,-6.481334657324922
1,3,neuraminidase,17:26:23.319,11.319901690169017,10,-6.494364768200924
1,3,neuraminidase,17:26:23.321,11.321131713171315,10,-27.007545865959216
1,3,neuraminidase,17:26:23.322,11.322361736173615,10,9.979122833907653
1,3,neuraminidase,17:26:23.323,11.323591759175915,10,-17.03435786339429
1,3,neuraminidase,17:26:23.324,11.324821782178216,10,-9.047987132053152
1,3,neuraminidase,17:26:23.326,11.326051805180516,10,-14.561764125744972
1,3,neuraminidase,17:26:23.327,11.327281828182818,10,-12.075687977728904
1,3,neuraminidase,17:26:23.328,11.328511851185118,10,-28.58975780094376
1,3,neuraminidase,17:26:23.329,11.329741874187418,10,4.396027311894414
1,3,neuraminidase,17:26:23.330,11.330971897189718,10,-5.1183317118066896
1,3,neuraminidase,17:26:23.332,11.332201920192018,10,3.867166075384048
1,3,neuraminidase,17:26:23.333,11.333431943194318,10,16.352521640819887
1,3,neuraminidase,17:26:23.334,11.334661966196618,10,0.3377359716734105
1,3,neuraminidase,17:26:23.335,11.335891989198918,10,-38.17718992516743
1,3,neuraminidase,17:26:23.337,11.33712201220122,10,-12.192255023204268
1,3,neuraminidase,17:26:23.338,11.33835203520352,10,-15.207458276434837
1,3,neuraminidase,17:26:23.339,11.33958205820582,10,-13.222798619460406
1,3,neuraminidase,17:26:23.340,11.34081208120812,10,-0.238274967594549
1,3,neuraminidase,17:26:23.342,11.34204210421042,10,2.7461137830270275
1,3,neuraminidase,17:26:23.343,11.34327212721272,10,-20.26963124466465
1,3,neuraminidase,17:26:23.344,11.34450215021502,10,-26.78550890878409
1,3,neuraminidase,17:26:23.345,11.34573217321732,10,8.198481951395436
1,3,neuraminidase,17:26:23.346,11.34696219621962,10,-15.317657484672765
1,3,neuraminidase,17:26:23.348,11.348192219221922,10,1.1660739810755274
1,3,neuraminidase,17:26:23.349,11.349422242224222,10,9.649677565198717
1,3,neuraminidase,17:26:23.350,11.350652265226522,10,14.633154502631456
1,3,neuraminidase,17:26:23.351,11.351882288228822,10,-1.883493953434353
1,3,neuraminidase,17:26:23.353,11.353112311231122,10,-24.4002665316697
1,3,neuraminidase,17:26:23.354,11.354342334233422,10,12.082838057270322
1,3,neuraminidase,17:26:23.355,11.355572357235722,10,27.06582112062429
1,3,neuraminidase,17:26:23.356,11.356802380238022,10,-3.951316016599037
1,3,neuraminidase,17:26:23.358,11.358032403240324,10,-5.96857201174501
1,3,neuraminidase,17:26:23.359,11.359262426242624,10,-1.4859455046386645
1,3,neuraminidase,17:26:23.360,11.360492449244925,10,11.996564882288736
1,3,neuraminidase,17:26:23.420,11.420763576357636,11,-8.46966497847329
1,3,neuraminidase,17:26:23.421,11.421993599359936,11,-23.99085991065489
1,3,neuraminidase,17:26:23.423,11.423223622362237,11,2.987919091959867
1,3,neuraminidase,17:26:23.424,11.424453645364537,11,-21.03332588595957
1,3,neuraminidase,17:26:23.425,11.425683668366837,11,-7.554592750326478
1,3,neuraminidase,17:26:23.426,11.426913691369135,11,-16.575879397807086
1,3,neuraminidase,17:26:23.428,11.428143714371435,11,-0.5971837159913491
1,3,neuraminidase,17:26:23.429,11.429373737373735,11,-28.11850358356408
1,3,neuraminidase,17:26:23.430,11.430603760376036,11,-26.13983687047684
1,3,neuraminidase,17:26:23.431,11.431833783378336,11,-3.161181438120394
1,3,neuraminidase,17:26:23.433,11.433063806380638,11,-17.682535139497332
1,3,neuraminidase,17:26:23.434,11.434293829382938,11,-16.70389581939577
1,3,neuraminidase,17:26:23.435,11.435523852385238,11,-5.225261314563085
1,3,neuraminidase,17:26:23.436,11.436753875387538,11,-28.74662945388052
1,3,neuraminidase,17:26:23.437,11.437983898389838,11,13.732001941462087
1,3,neuraminidase,17:26:23.439,11.439213921392138,11,17.71063505779074
1,3,neuraminidase,17:26:23.440,11.440443944394438,11,-24.810727911228582
1,3,neuraminidase,17:26:23.441,11.441673967396738,11,-19.332084764766293
1,3,neuraminidase,17:26:23.442,11.44290399039904,11,4.146566704993987
1,3,neuraminidase,17:26:23.444,11.44413401340134,11,-16.874771287321835
1,3,neuraminidase,17:26:23.445,11.44536403640364,11,-20.89609652045617
1,3,neuraminidase,17:26:23.446,11.44659405940594,11,17.58259323330222
1,3,neuraminidase,17:26:23.447,11.44782408240824,11,-43.43869979206039
1,3,neuraminidase,17:26:23.449,11.44905410541054,11,-12.959973356461845
1,3,neuraminidase,17:26:23.450,11.45028412841284,11,-39.4812252139033
1,3,neuraminidase,17:26:23.451,11.45151415141514,11,-34.502453112649235
1,3,neuraminidase,17:26:23.452,11.45274417441744,11,-22.02365479540764
1,3,neuraminidase,17:26:23.460,11.460124312431242,12,-15.15018729332948
1,3,neuraminidase,17:26:23.461,11.461354335433542,12,-11.171141831267192
1,3,neuraminidase,17:26:23.462,11.462584358435842,12,-16.192051916594252
1,3,neuraminidase,17:26:23.463,11.463814381438144,12,-18.21291525017996
1,3,neuraminidase,17:26:23.465,11.465044404440444,12,16.26627047084115
1,3,neuraminidase,17:26:23.466,11.466274427442745,12,-4.254492447114785
1,3,neuraminidase,17:26:23.467,11.467504450445045,12,3.724798305734964
1,3,neuraminidase,17:26:23.468,11.468734473447345,12,-6.295854957644849
1,3,neuraminidase,17:26:23.469,11.469964496449643,12,5.68355007870764
1,3,neuraminidase,17:26:23.471,11.471194519451943,12,-9.83698426643346
1,3,neuraminidase,17:26:23.472,11.472424542454243,12,-21.857455671667186
1,3,neuraminidase,17:26:23.473,11.473654565456544,12,16.62213818684873
1,3,neuraminidase,17:26:23.474,11.474884588458846,12,-38.398200364788
1,3,neuraminidase,17:26:23.476,11.476114611461146,12,17.581531001590008
1,3,neuraminidase,17:26:23.477,11.477344634463446,12,-29.938665383966665
1,3,neuraminidase,17:26:23.478,11.478574657465746,12,16.541212810289437
1,3,neuraminidase,17:26:23.479,11.479804680468046,12,-3.9788320823840015
1,3,neuraminidase,17:26:23.481,11.481034703470346,12,-32.998797727405915
1,3,neuraminidase,17:26:23.482,11.482264726472646,12,4.481318210941211
1,3,neuraminidase,17:26:23.483,11.483494749474946,12,-13.038481930675983
1,3,neuraminidase,17:26:23.484,11.484724772477248,12,-25.55819581482892
1,3,neuraminidase,17:26:23.485,11.485954795479548,12,-12.077821103514694
1,3,neuraminidase,17:26:23.487,11.487184818481849,12,23.402644541656286
1,3,neuraminidase,17:26:23.488,11.488414841484149,12,-23.11679654072742
1,3,neuraminidase,17:26:23.489,11.489644864486449,12,-21.636142012066287
1,3,neuraminidase,17:26:23.490,11.490874887488747,12,55.34461046606215
1,3,neuraminidase,17:26:23.492,11.492104910491047,12,-3.174536768284796
1,3,neuraminidase,17:26:23.493,11.493334933493347,12,-5.69358137760328
1,3,neuraminidase,17:26:23.568,11.568366336633662,13,-23.070322468278302
1,3,neuraminidase,17:26:23.569,11.569596359635964,13,-15.078589753094008
1,3,neuraminidase,17:26:23.570,11.570826382638264,13,-26.08661647938176
1,3,neuraminidase,17:26:23.572,11.572056405640565,13,-21.59440073468444
1,3,neuraminidase,17:26:23.573,11.573286428642865,13,-12.601940619138986
1,3,neuraminidase,17:26:23.574,11.574516451645165,13,-31.10923424565223
1,3,neuraminidase,17:26:23.575,11.575746474647463,13,-26.616279740076223
1,3,neuraminidase,17:26:23.576,11.576976497649763,13,-16.123075241382963
1,3,neuraminidase,17:26:23.578,11.578206520652063,13,-40.629618901838754
1,3,neuraminidase,17:26:23.579,11.579436543654364,13,-14.635908887178031
1,3,neuraminidase,17:26:23.580,11.580666566656664,13,-29.14194337677658
1,3,neuraminidase,17:26:23.581,11.581896589658964,13,-36.14772056382435
1,3,neuraminidase,17:26:23.583,11.583126612661266,13,-33.15323865549769
1,3,neuraminidase,17:26:23.584,11.584356635663566,13,-33.158495873130946
1,3,neuraminidase,17:26:23.585,11.585586658665866,13,-9.163490452387691
1,3,neuraminidase,17:26:23.586,11.586816681668166,13,-44.16822064343121
1,3,neuraminidase,17:26:23.588,11.588046704670466,13,7.32731528890541
1,3,neuraminidase,17:26:23.589,11.589276727672766,13,-22.67688093505004
1,3,neuraminidase,17:26:23.590,11.590506750675068,13,-18.18080760997784
1,3,neuraminidase,17:26:23.591,11.591736773677368,13,-31.684463045734432
1,3,neuraminidase,17:26:23.592,11.592966796679669,13,19.31215443247976
1,3,neuraminidase,17:26:23.594,11.594196819681969,13,-52.19095351604653
1,3,neuraminidase,17:26:23.595,11.595426842684269,13,-24.19378524770191
1,3,neuraminidase,17:26:23.632,11.632327532753274,14,-7.642830775095817
1,3,neuraminidase,17:26:23.633,11.633557555755576,14,-36.63637758602373
1,3,neuraminidase,17:26:23.634,11.634787578757877,14,-20.12960482202638
1,3,neuraminidase,17:26:23.636,11.636017601760177,14,-46.62251144561013
1,3,neuraminidase,17:26:23.637,11.637247624762477,14,-24.115096440183905
1,3,neuraminidase,17:26:23.638,11.638477647764775,14,-4.6073588101983205
1,3,neuraminidase,17:26:23.639,11.639707670767075,14,-35.09929758128392
1,3,neuraminidase,17:26:23.640,11.640937693769375,14,-24.590911800388422
1,3,neuraminidase,17:26:23.642,11.642167716771676,14,-10.582200535912987
1,3,neuraminidase,17:26:23.643,11.643397739773976,14,-21.573162877847565
1,3,neuraminidase,17:26:23.644,11.644627762776276,14,-9.56379793790525
1,3,neuraminidase,17:26:23.645,11.645857785778576,14,-50.05410484965572
1,3,neuraminidase,17:26:23.647,11.647087808780876,14,-44.54408276865752
1,3,neuraminidase,17:26:23.648,11.648317831783178,14,-8.53373087258953
1,3,neuraminidase,17:26:23.649,11.649547854785478,14,-10.023048361381427
1,3,neuraminidase,17:26:23.650,11.650777877787778,14,-27.01203445734289
1,3,neuraminidase,17:26:23.652,11.652007900790078,14,-10.000688405292069
1,3,neuraminidase,17:26:23.653,11.653237923792378,14,-17.48900947268288
1,3,neuraminidase,17:26:23.654,11.65446794679468,14,-41.97699694973129
1,3,neuraminidase,17:26:23.655,11.65569796979698,14,-16.96465014954049
1,3,neuraminidase,17:26:23.656,11.65692799279928,14,-25.95196840822512
1,3,neuraminidase,17:26:23.658,11.65815801580158,14,-16.93895108503439
1,3,neuraminidase,17:26:23.659,11.65938803880388,14,-14.425597562473996
1,3,neuraminidase,17:26:23.660,11.66061806180618,14,-23.41190724642719
1,3,neuraminidase,17:26:23.661,11.66184808480848,14,-9.39787956627454
1,3,neuraminidase,17:26:23.663,11.66307810781078,14,2.6164860249872817
1,3,neuraminidase,17:26:23.664,11.66430813081308,14,-1.3688099493720642
1,3,neuraminidase,17:26:23.686,11.686448544854484,15,11.954186289534306
1,3,neuraminidase,17:26:23.687,11.687678567856784,15,-10.524612398142054
1,3,neuraminidase,17:26:23.688,11.688908590859084,15,-22.50306734106749
1,3,neuraminidase,17:26:23.690,11.690138613861384,15,-23.98117853949232
1,3,neuraminidase,17:26:23.691,11.691368636863686,15,-24.45894601968955
1,3,neuraminidase,17:26:23.692,11.692598659865986,15,-19.936369834044683
1,3,neuraminidase,17:26:23.693,11.693828682868286,15,-39.91345006114389
1,3,neuraminidase,17:26:23.695,11.695058705870586,15,-37.39018680586112
1,3,neuraminidase,17:26:23.696,11.696288728872888,15,-2.3665801994438453
1,3,neuraminidase,17:26:23.697,11.697518751875188,15,-30.84263039959717
1,3,neuraminidase,17:26:23.698,11.698748774877489,15,-32.818337590567
1,3,neuraminidase,17:26:23.699,11.699978797879789,15,-27.29370198322156
1,3,neuraminidase,17:26:23.701,11.701208820882089,15,-26.768723815131622
1,3,neuraminidase,17:26:23.702,11.702438843884387,15,-13.24340335064933
1,3,neuraminidase,17:26:23.703,11.703668866886687,15,-19.71774088098572
1,3,neuraminidase,17:26:23.704,11.704898889888987,15,-25.69173672428676
1,3,neuraminidase,17:26:23.706,11.706128912891288,15,-18.165391225707864
1,3,neuraminidase,17:26:23.707,11.707358935893588,15,1.3612952425126394
1,3,neuraminidase,17:26:23.708,11.708588958895888,15,-14.111677719018148
1,3,neuraminidase,17:26:23.709,11.709818981898188,15,-32.084310536917954
1,3,neuraminidase,17:26:23.711,11.711049004900488,15,-27.05660366509855
1,3,neuraminidase,17:26:23.712,11.712279027902788,15,-21.52855758483301
1,3,neuraminidase,17:26:23.713,11.71350905090509,15,-28.500172804821688
1,3,neuraminidase,17:26:23.714,11.71473907390739,15,-28.971449861257
1,3,neuraminidase,17:26:23.715,11.71596909690969,15,-36.44238931788624
1,3,neuraminidase,17:26:23.717,11.71719911991199,15,-41.91299176607332
1,3,neuraminidase,17:26:23.718,11.71842914291429,15,-23.38325782485866
1,3,neuraminidase,17:26:23.719,11.71965916591659,15,-19.35318814101801
1,3,neuraminidase,17:26:23.731,11.731959395939592,16,-20.53418768915121
1,3,neuraminidase,17:26:23.733,11.733189418941892,16,-2.5004755099375444
1,3,neuraminidase,17:26:23.734,11.734419441944194,16,-5.466437531982322
1,3,neuraminidase,17:26:23.735,11.735649464946494,16,-6.932074767248977
1,3,neuraminidase,17:26:23.736,11.736879487948794,16,-9.397388256093208
1,3,neuraminidase,17:26:23.738,11.738109510951094,16,-3.862379067298136
1,3,neuraminidase,17:26:23.739,11.739339533953396,16,0.1729517018926003
1,3,neuraminidase,17:26:23.740,11.740569556955696,16,10.20860292574288
1,3,neuraminidase,17:26:23.741,11.741799579957997,16,-4.255426550005652
1,3,neuraminidase,17:26:23.743,11.743029602960297,16,-0.2191379081620681
1,3,neuraminidase,17:26:23.744,11.744259625962597,16,-9.682532360112589
1,3,neuraminidase,17:26:23.745,11.745489648964895,16,14.854388854154138
1,3,neuraminidase,17:26:23.746,11.746719671967195,16,25.89162446602401
1,3,neuraminidase,17:26:23.747,11.747949694969495,16,-5.070826821764058
1,3,neuraminidase,17:26:23.749,11.749179717971796,16,-5.53296633513817
1,3,neuraminidase,17:26:23.750,11.750409740974096,16,12.005204571288544
1,3,neuraminidase,17:26:23.751,11.751639763976396,16,-9.456315485798385
1,3,neuraminidase,17:26:23.752,11.752869786978696,16,10.58247208157043
1,3,neuraminidase,17:26:23.754,11.754099809980996,16,9.121565832635383
1,3,neuraminidase,17:26:23.755,11.755329832983296,16,22.660964297896925
1,3,neuraminidase,17:26:23.808,11.808220822082207,17,-15.88217897901474
1,3,neuraminidase,17:26:23.809,11.809450845084507,17,3.168736977526578
1,3,neuraminidase,17:26:23.810,11.810680868086807,17,-28.280138047063616
1,3,neuraminidase,17:26:23.811,11.811910891089108,17,-6.2288068241091565
1,3,neuraminidase,17:26:23.813,11.813140914091408,17,-6.677272152053121
1,3,neuraminidase,17:26:23.814,11.814370937093708,17,-24.62553685637449
1,3,neuraminidase,17:26:23.815,11.815600960096008,17,-24.073603789502187
1,3,neuraminidase,17:26:23.816,11.816830983098308,17,15.478524169272546
1,3,neuraminidase,17:26:23.818,11.818061006100608,17,16.530844113886403
1,3,neuraminidase,17:26:23.819,11.819291029102908,17,-31.416646888403505
1,3,neuraminidase,17:26:23.820,11.820521052105208,17,-17.863951796925377
1,3,neuraminidase,17:26:23.821,11.82175107510751,17,21.688926402504293
1,3,neuraminidase,17:26:23.822,11.82298109810981,17,3.741984697679399
1,3,neuraminidase,17:26:23.824,11.82421112111211,17,-6.704779949893919
1,3,neuraminidase,17:26:23.825,11.82544114411441,17,-11.651370604894296
1,3,neuraminidase,17:26:23.826,11.82667116711671,17,-14.097790358079152
1,3,neuraminidase,17:26:23.827,11.827901190119013,17,22.95595767382352
1,3,neuraminidase,17:26:23.829,11.829131213121313,17,-5.99012965177478
1,3,neuraminidase,17:26:23.830,11.830361236123611,17,-32.436055503210284
1,3,neuraminidase,17:26:23.831,11.831591259125911,17,-10.881823074451844
1,3,neuraminidase,17:26:23.832,11.832821282128211,17,-24.827435584984016
1,3,neuraminidase,17:26:23.834,11.834051305130512,17,-23.27289627968728
1,3,neuraminidase,17:26:23.835,11.835281328132812,17,-4.718208428716224
1,3,neuraminidase,17:26:23.836,11.836511351135112,17,7.336624672624879
1,3,neuraminidase,17:26:23.837,11.837741374137412,17,-21.108400295991714
1,3,neuraminidase,17:26:23.838,11.838971397139712,17,-23.053286679788087
1,3,neuraminidase,17:26:23.840,11.840201420142012,17,-14.498037848749206
1,3,neuraminidase,17:26:23.841,11.841431443144312,17,16.557342802510377
1,3,neuraminidase,17:26:23.842,11.842661466146614,17,7.112851854882848
1,3,neuraminidase,17:26:23.843,11.843891489148914,17,-21.331514135094807
1,3,neuraminidase,17:26:23.845,11.845121512151216,17,16.72424136490062
1,3,neuraminidase,17:26:23.846,11.846351535153516,17,-7.219885136878773
1,3,neuraminidase,17:26:23.847,11.847581558155817,17,-26.1638971561062
1,3,neuraminidase,17:26:23.848,11.848811581158117,17,-8.107798232231914
1,3,neuraminidase,17:26:23.850,11.850041604160417,17,-23.05159192833304
1,3,neuraminidase,17:26:23.851,11.851271627162715,17,-28.49528183096044
1,3,neuraminidase,17:26:23.852,11.852501650165015,17,-32.43887154998346
1,3,neuraminidase,17:26:23.853,11.853731673167315,17,-22.38236471843183
1,3,neuraminidase,17:26:23.854,11.854961696169616,17,-17.325764992335706
1,3,neuraminidase,17:26:23.856,11.856191719171916,17,-15.269076050562774
1,3,neuraminidase,17:26:23.857,11.857421742174216,17,-12.212301594652756
1,3,neuraminidase,17:26:23.858,11.858651765176516,17,-4.655445348649991
1,3,neuraminidase,17:26:23.859,11.859881788178816,17,-11.59851105893307
1,3,neuraminidase,17:26:23.861,11.861111811181116,17,-29.54150249404185
1,3,neuraminidase,17:26:23.862,11.862341834183416,17,9.01557655549749
1,3,neuraminidase,17:26:23.909,11.909082708270828,18,-33.30270257542543
1,3,neuraminidase,17:26:23.910,11.910312731273129,18,0.2539564983359952
1,3,neuraminidase,17:26:23.911,11.911542754275429,18,-15.189481260358065
1,3,neuraminidase,17:26:23.912,11.912772777277729,18,-25.133020360276102
1,3,neuraminidase,17:26:23.914,11.914002800280027,18,-30.076665322420894
1,3,neuraminidase,17:26:23.915,11.915232823282327,18,-21.5204206797374
1,3,neuraminidase,17:26:23.916,11.916462846284627,18,-29.9642909768178
1,3,neuraminidase,17:26:23.917,11.917692869286928,18,-30.408280769604204
1,3,neuraminidase,17:26:23.918,11.918922892289228,18,3.647605374912104
1,3,neuraminidase,17:26:23.920,11.920152915291528,18,-34.2966371210056
1,3,neuraminidase,17:26:23.921,11.921382938293828,18,-24.241012845533376
1,3,neuraminidase,17:26:23.922,11.922612961296128,18,-9.685526396977068
1,3,neuraminidase,17:26:23.923,11.923842984298428,18,-45.1301823834597
1,3,neuraminidase,17:26:23.925,11.925073007300728,18,-16.074985422606574
1,3,neuraminidase,17:26:23.926,11.926303030303028,18,10.98005985877333
1,3,neuraminidase,17:26:23.927,11.927533053305329,18,-16.465051174991515
1,3,neuraminidase,17:26:23.928,11.928763076307629,18,-11.910323168110637
1,3,neuraminidase,17:26:23.929,11.92999309930993,18,-19.85576077300462
1,3,neuraminidase,17:26:23.931,11.93122312231223,18,-6.301368649974833
1,3,neuraminidase,17:26:23.932,11.93245314531453,18,-9.747151466869823
1,3,neuraminidase,17:26:23.933,11.933683168316833,18,-18.69311389874906
1,3,neuraminidase,17:26:23.934,11.934913191319133,18,-5.139260627543848
1,3,neuraminidase,17:26:24.022,12.022244824482447,19,-2.0793038184838366
1,3,neuraminidase,17:26:24.023,12.023474847484747,19,-16.050998879073404
1,3,neuraminidase,17:26:24.024,12.024704870487048,19,-11.523211596725886
1,3,neuraminidase,17:26:24.025,12.025934893489348,19,-30.49594599499716
1,3,neuraminidase,17:26:24.027,12.027164916491648,19,-21.96920606957515
1,3,neuraminidase,17:26:24.028,12.028394939493948,19,-19.94299578768421
1,3,neuraminidase,17:26:24.029,12.029624962496248,19,-21.91731908748569
1,3,neuraminidase,17:26:24.030,12.030854985498548,19,-16.392179877475257
1,3,neuraminidase,17:26:24.032,12.032085008500848,19,-17.86758203587597
1,3,neuraminidase,17:26:24.033,12.033315031503149,19,-11.843529410027829
1,3,neuraminidase,17:26:24.034,12.034545054505449,19,4.179974184226225
1,3,neuraminidase,17:26:24.035,12.035775077507749,19,-25.29707503684159
1,3,neuraminidase,17:26:24.037,12.037005100510047,19,-16.27468082422226
1,3,neuraminidase,17:26:24.038,12.03823512351235,19,-19.25284689554444
1,3,neuraminidase,17:26:24.039,12.039465146514653,19,-9.23157693444547
1,3,neuraminidase,17:26:24.040,12.040695169516953,19,-17.210874589938015
1,3,neuraminidase,17:26:24.041,12.041925192519251,19,27.809256524226583
1,3,neuraminidase,17:26:24.043,12.043155215521551,19,-10.17118716980103
1,3,neuraminidase,17:26:24.044,12.044385238523851,19,5.347790786676171
1,3,neuraminidase,17:26:24.045,12.045615261526152,19,-24.13381311045012
1,3,neuraminidase,17:26:24.046,12.046845284528452,19,-13.616002327441436
1,3,neuraminidase,17:26:24.048,12.048075307530752,19,-11.098780292056617
1,3,neuraminidase,17:26:24.049,12.049305330533052,19,-12.082150392892087
1,3,neuraminidase,17:26:24.075,12.075135813581356,20,-13.875255093826128
1,3,neuraminidase,17:26:24.076,12.076365836583657,20,30.12757836024876
1,3,neuraminidase,17:26:24.077,12.077595859585957,20,2.6297541249323046
1,3,neuraminidase,17:26:24.078,12.078825882588257,20,-22.36873004038364
1,3,neuraminidase,17:26:24.080,12.080055905590555,20,-14.867876319374446
1,3,neuraminidase,17:26:24.081,12.08128592859286,20,12.632313161980235
1,3,neuraminidase,17:26:24.082,12.08251595159516,20,-14.368163663836654
1,3,neuraminidase,17:26:24.083,12.08374597459746,20,-15.869308805108377
1,3,neuraminidase,17:26:24.084,12.08497599759976,20,14.628875789890586
1,3,neuraminidase,17:26:24.086,12.08620602060206,20,-12.37361176632612
1,3,neuraminidase,17:26:24.087,12.08743604360436,20,14.123226700326695
1,3,neuraminidase,17:26:24.088,12.08866606660666,20,-10.380610573706818
1,3,neuraminidase,17:26:24.089,12.08989608960896,20,-7.385125288831858
1,3,neuraminidase,17:26:24.091,12.09112611261126,20,7.609680918492884
1,3,neuraminidase,17:26:24.092,12.09235613561356,20,24.103806476555
1,3,neuraminidase,17:26:24.093,12.09358615861586,20,-12.402750120807411
1,3,neuraminidase,17:26:24.094,12.09481618161816,20,7.090009686602599
1,3,neuraminidase,17:26:24.096,12.09604620462046,20,-15.41791547384689
1,3,neuraminidase,17:26:24.097,12.09727622762276,20,11.57347309320008
1,3,neuraminidase,17:26:24.098,12.09850625062506,20,-15.935825848091838
1,3,neuraminidase,17:26:24.099,12.09973627362736,20,-22.445813463924225
1,3,neuraminidase,17:26:24.100,12.10096629662966,20,7.043509149964308
1,3,neuraminidase,17:26:24.102,12.10219631963196,20,-5.96785903086834
1,3,neuraminidase,17:26:24.103,12.103426342634265,20,34.020081041270004
1,3,neuraminidase,17:26:24.104,12.104656365636565,20,1.507328487047559
1,3,neuraminidase,17:26:24.105,12.105886388638863,20,2.493882500954939
1,3,neuraminidase,17:26:24.107,12.107116411641163,20,15.979742352155668
1,3,neuraminidase,17:26:24.155,12.155087308730872,21,-32.11175383745463
1,3,neuraminidase,17:26:24.156,12.156317331733172,21,-17.65329288474868
1,3,neuraminidase,17:26:24.157,12.157547354735472,21,-35.69548068140443
1,3,neuraminidase,17:26:24.158,12.158777377737772,21,-40.23831399633052
1,3,neuraminidase,17:26:24.160,12.160007400740072,21,-21.78178948304037
1,3,neuraminidase,17:26:24.161,12.161237423742373,21,-20.32590367860567
1,3,neuraminidase,17:26:24.162,12.162467446744673,21,-23.370653002605195
1,3,neuraminidase,17:26:24.163,12.163697469746973,21,-37.91603375606931
1,3,neuraminidase,17:26:24.164,12.164927492749271,21,-41.96204212041921
1,3,neuraminidase,17:26:24.166,12.166157515751571,21,-27.00867415640176
1,3,neuraminidase,17:26:24.167,12.167387538753871,21,-47.05592580301989
1,3,neuraminidase,17:26:24.168,12.168617561756175,21,-27.60379287645796
1,3,neuraminidase,17:26:24.169,12.169847584758475,21,-25.65227106900234
1,3,neuraminidase,17:26:24.171,12.171077607760775,21,-1.7013559479578078
1,3,neuraminidase,17:26:24.172,12.172307630763076,21,-23.751042954558727
1,3,neuraminidase,17:26:24.173,12.173537653765376,21,-14.301327402875572
1,3,neuraminidase,17:26:24.174,12.174767676767676,21,-6.8522044787169705
1,3,neuraminidase,17:26:24.175,12.175997699769976,21,7.096330761473439
1,3,neuraminidase,17:26:24.177,12.177227722772276,21,-18.955716608275736
1,3,neuraminidase,17:26:24.193,12.19321802180218,22,-29.68279683376469
1,3,neuraminidase,17:26:24.194,12.19444804480448,22,-35.24239222790506
1,3,neuraminidase,17:26:24.195,12.19567806780678,22,-33.802477697008584
1,3,neuraminidase,17:26:24.196,12.19690809080908,22,-19.36304592493326
1,3,neuraminidase,17:26:24.198,12.19813811381138,22,-36.92408944549854
1,3,neuraminidase,17:26:24.199,12.19936813681368,22,-26.985600641290603
1,4,neuraminidase,17:28:44.000,0.0,0,-14.137035224113376
1,4,neuraminidase,17:28:44.001,0.0012260226022602,0,-8.587139981205752
1,4,neuraminidase,17:28:44.002,0.0024520452045204,0,30.462343956511265
1,4,neuraminidase,17:28:44.003,0.0036780678067806,0,-18.988580374071475
1,4,neuraminidase,17:28:44.004,0.0049040904090409,0,-11.439909954224689
1,4,neuraminidase,17:28:44.006,0.0061301130113011,0,-14.891641783306028
1,4,neuraminidase,17:28:44.007,0.0073561356135613,0,-1.843772878685613
1,4,neuraminidase,17:28:44.008,0.0085821582158215,0,-9.296300275671854
1,4,neuraminidase,17:28:44.009,0.0098081808180818,0,-19.74922102743725
1,4,neuraminidase,17:28:44.011,0.011034203420342,0,-19.20253220494469
1,4,neuraminidase,17:28:44.012,0.0122602260226022,0,3.8437691031264194
1,4,neuraminidase,17:28:44.028,0.0281985198519852,1,0.9117151549272932
1,4,neuraminidase,17:28:44.029,0.0294245424542454,1,11.95288720226968
1,4,neuraminidase,17:28:44.030,0.0306505650565056,1,-11.506286671445949
1,4,neuraminidase,17:28:44.031,0.0318765876587658,1,6.034196171507304
1,4,neuraminidase,17:28:44.033,0.0331026102610261,1,1.0743383523643075
1,4,neuraminidase,17:28:44.034,0.0343286328632863,1,-31.385857524061592
1,4,neuraminidase,17:28:44.047,0.0478148814881488,2,-33.46959519686769
1,4,neuraminidase,17:28:44.049,0.049040904090409,2,-22.433650467408043
1,4,neuraminidase,17:28:44.050,0.0502669266926692,2,-29.898011395322243
1,4,neuraminidase,17:28:44.051,0.0514929492949294,2,3.637324401591002
1,4,neuraminidase,17:28:44.067,0.0674312431243124,3,-8.429852089135949
1,4,neuraminidase,17:28:44.068,0.0686572657265726,3,1.601479491687627
1,4,neuraminidase,17:28:44.069,0.0698832883288328,3,-24.86745827863706
1,4,neuraminidase,17:28:44.071,0.0711093109310931,3,-9.836663256103478
1,4,neuraminidase,17:28:44.072,0.0723353335333533,3,-22.306133311033463
1,4,neuraminidase,17:28:44.073,0.0735613561356135,3,-16.275866328012413
1,4,neuraminidase,17:28:44.079,0.0796914691469146,4,10.871597205530136
1,4,neuraminidase,17:28:44.080,0.0809174917491749,4,-10.599669950691492
1,4,neuraminidase,17:28:44.082,0.0821435143514351,4,-26.071185655043564
1,4,neuraminidase,17:28:44.083,0.0833695369536953,4,-9.042947903912308
1,4,neuraminidase,17:28:44.084,0.0845955595559556,4,-11.514954707373136
1,4,neuraminidase,17:28:44.088,0.0882736273627362,5,-10.932422750079256
1,4,neuraminidase,17:28:44.089,0.0894996499649965,5,-3.40538814424643
1,4,neuraminidase,17:28:44.090,0.0907256725672567,5,-4.378588346523003
1,4,neuraminidase,17:28:44.091,0.0919516951695169,5,0.647978552196605
1,4,neuraminidase,17:28:44.096,0.0968557855785578,6,-6.248045123377906
1,4,neuraminidase,17:28:44.098,0.098081808180818,6,13.277385455242054
1,4,neuraminidase,17:28:44.099,0.0993078307830783,6,15.302594313353836
1,4,neuraminidase,17:28:44.100,0.1005338533853385,6,-3.1724167314105074
1,4,neuraminidase,17:28:44.102,0.1029858985898589,7,4.876908676904492
1,4,neuraminidase,17:28:44.116,0.1164721472147214,8,3.1332324722358464
1,4,neuraminidase,17:28:44.117,0.1176981698169817,8,-8.344673433003678
1,4,neuraminidase,17:28:44.118,0.1189241924192419,8,-1.322773481828449
1,4,neuraminidase,17:28:44.120,0.1201502150215021,8,7.698933945393904
1,4,neuraminidase,17:28:44.121,0.1213762376237623,8,-7.279549543578682
1,4,neuraminidase,17:28:44.126,0.1262803280328032,9,-5.695360918627927
1,4,neuraminidase,17:28:44.127,0.1275063506350635,9,-17.174775283768682
1,4,neuraminidase,17:28:44.128,0.1287323732373237,9,-8.65437116468992
1,4,neuraminidase,17:28:44.129,0.1299583958395839,9,19.36585296485677
1,4,neuraminidase,17:28:44.131,0.1311844184418442,9,-12.11410138029619
1,4,neuraminidase,17:28:44.137,0.1373145314531453,10,12.48350200057432
1,4,neuraminidase,17:28:44.138,0.1385405540554055,10,30.00250798651628
1,4,neuraminidase,17:28:44.139,0.1397665766576657,10,-13.478654213330929
1,4,neuraminidase,17:28:44.140,0.140992599259926,10,-16.959983173440108
1,4,neuraminidase,17:28:44.142,0.1422186218621862,10,-21.94147747919681
1,4,neuraminidase,17:28:44.143,0.1434446444644464,10,-11.423135726844263
1,4,neuraminidase,17:28:44.144,0.1446706670667066,10,3.595043476571533
1,4,neuraminidase,17:28:44.147,0.1471227122712271,11,0.6309197547238057
1,4,neuraminidase,17:28:44.148,0.1483487348734873,11,-5.851380438153228
1,4,neuraminidase,17:28:44.149,0.1495747574757475,11,-4.333837715085252
1,4,neuraminidase,17:28:44.150,0.1508007800780078,11,6.683549263686416
1,4,neuraminidase,17:28:44.152,0.152026802680268,11,-12.799218172556024
1,4,neuraminidase,17:28:44.153,0.1532528252825282,11,-9.28213870495314
1,4,neuraminidase,17:28:44.154,0.1544788478847885,11,-6.7652110250145086
1,4,neuraminidase,17:28:44.165,0.1655130513051305,12,-13.119481513668404
1,4,neuraminidase,17:28:44.166,0.1667390739073907,12,-0.6040019865579751
1,4,neuraminidase,17:28:44.167,0.1679650965096509,12,-7.088660522892795
1,4,neuraminidase,17:28:44.169,0.1691911191119112,12,1.42654406551506
1,4,neuraminidase,17:28:44.170,0.1704171417141714,12,11.94161295716738
1,4,neuraminidase,17:28:44.171,0.1716431643164316,12,-11.54345267906875
1,4,neuraminidase,17:28:44.177,0.1777732773277328,13,-5.47075853621385
1,4,neuraminidase,17:28:44.178,0.178999299929993,13,13.0433926733225
1,4,neuraminidase,17:28:44.180,0.1802253225322532,13,-14.942582728445956
1,4,neuraminidase,17:28:44.181,0.1814513451345134,13,-17.92868364789753
1,4,neuraminidase,17:28:44.182,0.1826773677367736,13,4.5850909994104825
1,4,neuraminidase,17:28:44.183,0.1839033903390339,13,-9.401257711208288
1,4,neuraminidase,17:28:44.192,0.1924855485548555,14,-21.80906427536071
1,4,neuraminidase,17:28:44.193,0.1937115711571157,14,-5.296362217262043
1,4,neuraminidase,17:28:44.194,0.1949375937593759,14,-13.78377424192584
1,4,neuraminidase,17:28:44.196,0.1961636163616361,14,-4.77129936262088
1,4,neuraminidase,17:28:44.197,0.1973896389638963,14,-16.758936601206784
1,4,neuraminidase,17:28:44.201,0.201067706770677,15,23.77748862924008
1,4,neuraminidase,17:28:44.202,0.2022937293729373,15,-11.710587469643286
1,4,neuraminidase,17:28:44.203,0.2035197519751975,15,-9.19877092290183
1,4,neuraminidase,17:28:44.204,0.2047457745774577,15,-8.687060802936742
1,4,neuraminidase,17:28:44.205,0.2059717971797179,15,-25.175456190407047
1,4,neuraminidase,17:28:44.214,0.2145539553955395,16,-4.09710259877221
1,4,neuraminidase,17:28:44.215,0.2157799779977998,16,-12.58630992496603
1,4,neuraminidase,17:28:44.217,0.21700600060006,16,-11.575614848431314
1,4,neuraminidase,17:28:44.218,0.2182320232023202,16,-17.065016529847696
1,4,neuraminidase,17:28:44.224,0.2243621362136213,17,8.486552530078654
1,4,neuraminidase,17:28:44.225,0.2255881588158816,17,-5.503412504130111
1,4,neuraminidase,17:28:44.226,0.2268141814181418,17,18.506531364491195
1,4,neuraminidase,17:28:44.228,0.228040204020402,17,5.016384914526682
1,4,neuraminidase,17:28:44.229,0.2292662266226622,17,-4.4738510828308335
1,4,neuraminidase,17:28:44.239,0.2390744074407441,18,2.6011273710059584
1,4,neuraminidase,17:28:44.240,0.2403004300430043,18,4.110118952961514
1,4,neuraminidase,17:28:44.241,0.2415264526452645,18,-9.88097169743024
1,4,neuraminidase,17:28:44.242,0.2427524752475247,18,-7.872143887399829
1,4,neuraminidase,17:28:44.243,0.2439784978497849,18,-17.363396931049166
1,4,neuraminidase,17:28:44.245,0.2452045204520452,18,-15.854730149309106
1,4,neuraminidase,17:28:44.250,0.2501086108610861,19,-12.320851423724292
1,4,neuraminidase,17:28:44.251,0.2513346334633463,19,-5.812575565065032
1,4,neuraminidase,17:28:44.252,0.2525606560656065,19,-13.80437594765435
1,4,neuraminidase,17:28:44.253,0.2537866786678668,19,-3.296251939051203
1,4,neuraminidase,17:28:44.255,0.255012701270127,19,3.2117970866904244
1,4,neuraminidase,17:28:44.259,0.2599167916791679,20,-8.756744345068583
1,4,neuraminidase,17:28:44.261,0.2611428142814281,20,-4.249061068903458
1,4,neuraminidase,17:28:44.262,0.2623688368836884,20,-22.741449154029027
1,4,neuraminidase,17:28:44.263,0.2635948594859486,20,-21.733908018822103
1,4,neuraminidase,17:28:44.264,0.2648208820882088,20,-13.226437087829794
1,4,neuraminidase,17:28:44.270,0.27095099509951,21,10.809884217867465
1,4,neuraminidase,17:28:44.272,0.2721770177017701,21,-13.683054332435546
1,4,neuraminidase,17:28:44.273,0.2734030403040304,21,11.82394077178823
1,4,neuraminidase,17:28:44.274,0.2746290629062906,21,-11.169129941943735
1,4,neuraminidase,17:28:44.275,0.2758550855085508,21,-12.16226595192964
1,4,neuraminidase,17:28:44.277,0.2770811081108111,21,-2.155466742244627
1,4,neuraminidase,17:28:44.285,0.2856632663266327,22,-6.609643981382746
1,4,neuraminidase,17:28:44.286,0.2868892889288929,22,-11.10334512160685
1,4,neuraminidase,17:28:44.288,0.2881153115311531,22,2.902893347518813
1,4,neuraminidase,17:28:44.289,0.2893413341334133,22,-14.090928113751945
1,4,neuraminidase,17:28:44.290,0.2905673567356736,22,-17.584809050525593
1,4,neuraminidase,17:28:44.291,0.2917933793379338,22,-10.578749013231828
1,4,neuraminidase,17:28:44.297,0.2979234923492349,23,12.450681151225524
1,4,neuraminidase,17:28:44.299,0.2991495149514951,23,-9.543603819564112
1,4,neuraminidase,17:28:44.300,0.3003755375537554,23,-12.537944815259522
1,4,neuraminidase,17:28:44.301,0.3016015601560156,23,-2.032341427558208
1,4,neuraminidase,17:28:44.302,0.3028275827582758,23,-14.0267932531534
1,4,neuraminidase,17:28:44.304,0.304053605360536,23,-12.02129989369844
1,4,neuraminidase,17:28:44.305,0.3052796279627963,23,1.4841390442289253
1,4,neuraminidase,17:28:44.311,0.3114097409740974,24,-20.98946915952918
1,4,neuraminidase,17:28:44.312,0.3126357635763576,24,4.515651239777753
1,4,neuraminidase,17:28:44.313,0.3138617861786179,24,-7.479280163412142
1,4,neuraminidase,17:28:44.315,0.3150878087808781,24,-15.4742630138076
1,4,neuraminidase,17:28:44.316,0.3163138313831383,24,12.030703039272352
1,4,neuraminidase,17:28:44.317,0.3175398539853986,24,-0.4643816580672961
1,4,neuraminidase,17:28:44.318,0.3187658765876587,24,-16.959516764263455
1,4,neuraminidase,17:28:44.319,0.319991899189919,24,0.5452980577390889
1,4,neuraminidase,17:28:44.331,0.331026102610261,25,-5.913568349241089
1,4,neuraminidase,17:28:44.332,0.3322521252125213,25,-8.409236674909877
1,4,neuraminidase,17:28:44.333,0.3334781478147814,25,-9.404951652702948
1,4,neuraminidase,17:28:44.334,0.3347041704170417,25,6.09928700294401
1,4,neuraminidase,17:28:44.335,0.3359301930193019,25,-24.396520426482525
1,4,neuraminidase,17:28:44.337,0.3371562156215621,25,-16.892373663541747
1,4,neuraminidase,17:28:44.338,0.3383822382238224,25,-6.388272434806467
1,4,neuraminidase,17:28:44.346,0.346964396439644,26,-2.8608166517007305
1,4,neuraminidase,17:28:44.348,0.3481904190419042,26,-2.357070324389454
1,4,neuraminidase,17:28:44.349,0.3494164416441644,26,-21.85336724582656
1,4,neuraminidase,17:28:44.350,0.3506424642464246,26,-5.8497071809863
1,4,neuraminidase,17:28:44.351,0.3518684868486849,26,8.15391010148771
1,4,neuraminidase,17:28:44.365,0.3653547354735473,27,1.1909391584046034
1,4,neuraminidase,17:28:44.366,0.3665807580758076,27,-6.805940196093019
1,4,neuraminidase,17:28:44.367,0.3678067806780678,27,-11.302859645520542
1,4,neuraminidase,17:28:44.369,0.369032803280328,27,-0.2998190067443289
1,4,neuraminidase,17:28:44.370,0.3702588258825883,27,1.2031819001447983
1,4,neuraminidase,17:28:44.371,0.3714848484848485,27,-12.793856748139774
1,4,neuraminidase,17:28:44.372,0.3727108710871087,27,-11.290934778051865
1,4,neuraminidase,17:28:44.377,0.3776149614961496,28,-6.7796373523156745
1,4,neuraminidase,17:28:44.378,0.3788409840984099,28,-8.276909796041707
1,4,neuraminidase,17:28:44.380,0.38006700670067,28,-5.774220645045844
1,4,neuraminidase,17:28:44.381,0.3812930293029303,28,-5.271569747162971
1,4,neuraminidase,17:28:44.382,0.3825190519051905,28,0.2310430468289013
1,4,neuraminidase,17:28:44.383,0.3837450745074507,28,3.7336178832361497
1,4,neuraminidase,17:28:44.384,0.384971097109711,28,-5.263845094523106
1,4,neuraminidase,17:28:44.386,0.3861971197119712,28,-0.761345745891802
1,4,neuraminidase,17:28:44.387,0.3874231423142314,28,0.2411160668531948
1,4,neuraminidase,17:28:44.388,0.3886491649164916,28,-2.7564595213719087
1,4,neuraminidase,17:28:44.389,0.3898751875187519,28,13.245927621569066
1,4,neuraminidase,17:28:44.391,0.3911012101210121,28,-2.7517223749410107
1,4,neuraminidase,17:28:44.392,0.3923272327232723,28,11.250590615754106
1,4,neuraminidase,17:28:44.397,0.3972313231323132,29,4.759474889760398
1,4,neuraminidase,17:28:44.398,0.3984573457345735,29,2.261604622742297
1,4,neuraminidase,17:28:44.399,0.3996833683368337,29,-7.736301952915767
1,4,neuraminidase,17:28:44.400,0.4009093909390939,29,-13.234244728908024
1,4,neuraminidase,17:28:44.402,0.4021354135413541,29,-13.732223599446428
1,4,neuraminidase,17:28:44.403,0.4033614361436143,29,-15.23023846123516
1,4,neuraminidase,17:28:44.410,0.4107175717571757,30,-9.719077971273933
1,4,neuraminidase,17:28:44.411,0.4119435943594359,30,-9.717342083552666
1,4,neuraminidase,17:28:44.413,0.4131696169616962,30,-2.215641447400472
1,4,neuraminidase,17:28:44.414,0.4143956395639564,30,-13.713975980818615
1,4,neuraminidase,17:28:44.415,0.4156216621662166,30,-12.212345604051038
1,4,neuraminidase,17:28:44.421,0.4217517751775178,31,-8.704717429894615
1,4,neuraminidase,17:28:44.422,0.422977797779778,31,-11.20329603967292
1,4,neuraminidase,17:28:44.424,0.4242038203820382,31,-14.701909241738278
1,4,neuraminidase,17:28:44.425,0.4254298429842984,31,0.2994430265902679
1,4,neuraminidase,17:28:44.426,0.4266558655865586,31,8.800760825965867
1,4,neuraminidase,17:28:44.427,0.4278818881888189,31,-3.1979557849628577
1,4,neuraminidase,17:28:44.434,0.43401200120012,32,-2.6920530788725188
1,4,neuraminidase,17:28:44.435,0.4352380238023802,32,-3.190975029350625
1,4,neuraminidase,17:28:44.436,0.4364640464046405,32,5.310068966215056
1,4,neuraminidase,17:28:44.437,0.4376900690069007,32,16.811078951262687
1,4,neuraminidase,17:28:44.438,0.4389160916091609,32,4.312054967430569
1,4,neuraminidase,17:28:44.440,0.4401421142114212,32,-2.187002945420488
1,4,neuraminidase,17:28:44.443,0.4438201820182018,33,4.315620114319955
1,4,neuraminidase,17:28:44.445,0.445046204620462,33,-6.6835731507797504
1,4,neuraminidase,17:28:44.446,0.4462722272227223,33,-2.182800171488793
1,4,neuraminidase,17:28:44.447,0.4474982498249825,33,-6.682060918151819
1,4,neuraminidase,17:28:44.448,0.4487242724272427,33,-11.181355362738657
1,4,neuraminidase,17:28:44.449,0.4499502950295029,33,4.31931652117693
1,4,neuraminidase,17:28:44.454,0.4548543854385439,34,-0.6783321845635442
1,4,neuraminidase,17:28:44.456,0.4560804080408041,34,-1.1778283163999532
1,4,neuraminidase,17:28:44.457,0.4573064306430643,34,-10.67735799367793
1,4,neuraminidase,17:28:44.458,0.4585324532453245,34,-15.176921200610508
1,4,neuraminidase,17:28:44.459,0.4597584758475848,34,-21.67651792284785
1,4,neuraminidase,17:28:44.460,0.460984498449845,34,-1.676148147456928
1,4,neuraminidase,17:28:44.469,0.4695666566656666,35,1.3255030120294578
1,4,neuraminidase,17:28:44.470,0.4707926792679268,35,-10.674394929343023
1,4,neuraminidase,17:28:44.472,0.472018701870187,35,3.825673682862245
1,4,neuraminidase,17:28:44.473,0.4732447244724472,35,-9.674291151492795
1,4,neuraminidase,17:28:44.474,0.4744707470747075,35,-3.174289433745884
1,4,neuraminidase,17:28:44.475,0.4756967696769677,35,9.325678833584576
1,4,neuraminidase,17:28:44.489,0.4891830183018302,36,-2.1768797987619166
1,4,neuraminidase,17:28:44.490,0.4904090409040904,36,3.3226864630264714
1,4,neuraminidase,17:28:44.491,0.4916350635063506,36,-7.677780857269454
1,4,neuraminidase,17:28:44.492,0.4928610861086109,36,-20.17828177674778
1,4,neuraminidase,17:28:44.494,0.4940871087108711,36,-2.6788163134129093
1,4,neuraminidase,17:28:44.495,0.4953131313131313,36,8.320615513842029
1,4,neuraminidase,17:28:44.496,0.4965391539153915,36,6.820013685252462
1,4,neuraminidase,17:28:44.508,0.5087993799379938,37,-5.187860609050404
1,4,neuraminidase,17:28:44.510,0.5100254025402541,37,-12.688834188512118
1,4,neuraminidase,17:28:44.511,0.5112514251425143,37,76.31015827722878
1,4,neuraminidase,17:28:44.512,0.5124774477447746,37,-12.190883241383858
1,4,neuraminidase,17:28:44.518,0.5186075607560756,38,29.30339832198355
1,4,neuraminidase,17:28:44.519,0.5198335833583358,38,-7.19784775807274
1,4,neuraminidase,17:28:44.521,0.5210596059605961,38,-11.69912804636722
1,4,neuraminidase,17:28:44.522,0.5222856285628563,38,-11.700442577123326
1,4,neuraminidase,17:28:44.523,0.5235116511651166,38,-19.20179138507831
1,4,neuraminidase,17:28:44.524,0.5247376737673768,38,-17.70317450546814
1,4,neuraminidase,17:28:44.525,0.525963696369637,38,-6.204591974012388
1,4,neuraminidase,17:28:44.536,0.536997899789979,39,-7.218900971900354
1,4,neuraminidase,17:28:44.538,0.5382239223922393,39,-12.220663982391798
1,4,neuraminidase,17:28:44.539,0.5394499449944995,39,-18.72246176166233
1,4,neuraminidase,17:28:44.540,0.5406759675967597,39,-16.724294350095278
1,4,neuraminidase,17:28:44.541,0.54190199019902,39,-8.726161788370504
1,4,neuraminidase,17:28:44.552,0.552936193619362,40,-7.24454381714375
1,4,neuraminidase,17:28:44.554,0.5541622162216222,40,10.253237953254072
1,4,neuraminidase,17:28:44.555,0.5553882388238824,40,-5.249015589369392
1,4,neuraminidase,17:28:44.556,0.5566142614261427,40,5.248695511794651
1,4,neuraminidase,17:28:44.557,0.5578402840284029,40,-8.753628786569834
1,4,neuraminidase,17:28:44.559,0.559066306630663,40,-14.255988527891091
1,4,neuraminidase,17:28:44.560,0.5602923292329233,40,-5.758383755697139
1,4,neuraminidase,17:28:44.561,0.5615183518351835,40,-5.260814513603293
1,4,neuraminidase,17:28:44.562,0.5627443744374437,40,-8.76328084529996
1,4,neuraminidase,17:28:44.563,0.563970397039704,40,13.7342172054597
1,4,neuraminidase,17:28:44.565,0.5651964196419642,40,2.7316795948718067
1,4,neuraminidase,17:28:44.575,0.575004600460046,41,-22.7899103620625
1,4,neuraminidase,17:28:44.576,0.5762306230623062,41,-20.292770898416062
1,4,neuraminidase,17:28:44.577,0.5774566456645664,41,11.204332465665502
1,4,neuraminidase,17:28:44.578,0.5786826682668267,41,-17.798600313402773
1,4,neuraminidase,17:28:44.579,0.5799086908690869,41,-3.3015692791176576
1,4,neuraminidase,17:28:44.581,0.5811347134713472,41,-19.804574474876706
1,4,neuraminidase,17:28:44.582,0.5823607360736074,41,-16.307615943967264
1,4,neuraminidase,17:28:44.586,0.5860388038803881,42,-0.8169584222218589
1,4,neuraminidase,17:28:44.587,0.5872648264826483,42,-1.820145414930764
1,4,neuraminidase,17:28:44.588,0.5884908490849086,42,8.676631104621336
1,4,neuraminidase,17:28:44.589,0.5897168716871687,42,-6.826628905967027
1,4,neuraminidase,17:28:44.590,0.5909428942894289,42,-10.329925488912991
1,4,neuraminidase,17:28:44.594,0.5946209620962096,43,-12.34003509108723
1,4,neuraminidase,17:28:44.595,0.5958469846984699,43,-26.343478381590145
1,4,neuraminidase,17:28:44.597,0.5970730073007301,43,-18.346958452414626
1,4,neuraminidase,17:28:44.598,0.5982990299029903,43,5.149524655540944
1,4,neuraminidase,17:28:44.599,0.5995250525052506,43,-15.85402909836732
1,4,neuraminidase,17:28:44.606,0.6068811881188119,44,-5.876127962529452
1,4,neuraminidase,17:28:44.608,0.6081072107210721,44,0.1200591358752376
1,4,neuraminidase,17:28:44.609,0.6093332333233323,44,-13.883790942428774
1,4,neuraminidase,17:28:44.610,0.6105592559255926,44,-19.88767823536888
1,4,neuraminidase,17:28:44.611,0.6117852785278528,44,-10.391602780524778
1,4,neuraminidase,17:28:44.613,0.613011301130113,44,-1.3955646151195396
1,4,neuraminidase,17:28:44.617,0.617915391539154,45,2.088214420624197
1,4,neuraminidase,17:28:44.619,0.6191414141414142,45,-0.9159344064170796
1,4,neuraminidase,17:28:44.620,0.6203674367436743,45,-7.420120738258916
1,4,neuraminidase,17:28:44.621,0.6215934593459346,45,22.575655390614173
1,4,neuraminidase,17:28:44.622,0.6228194819481948,45,-7.428606053857422
1,4,neuraminidase,17:28:44.624,0.624045504550455,45,2.567094894699707
1,4,neuraminidase,17:28:44.625,0.6252715271527153,45,-1.4372417968997837
1,4,neuraminidase,17:28:44.632,0.6326276627662767,46,2.535945809429024
1,4,neuraminidase,17:28:44.633,0.6338536853685369,46,-4.468655253731299
1,4,neuraminidase,17:28:44.635,0.6350797079707972,46,3.026705794298792
1,4,neuraminidase,17:28:44.636,0.6363057305730573,46,2.522028924656709
1,4,neuraminidase,17:28:44.637,0.6375317531753175,46,-7.482685891001992
1,4,neuraminidase,17:28:44.638,0.6387577757775778,46,17.01256131950349
1,4,neuraminidase,17:28:44.639,0.639983798379838,46,-9.492229471113449
1,4,neuraminidase,17:28:44.646,0.6461139113911392,47,-10.016754357897582
1,4,neuraminidase,17:28:44.647,0.6473399339933994,47,3.478226302442067
1,4,neuraminidase,17:28:44.648,0.6485659565956596,47,7.473168786153039
1,4,neuraminidase,17:28:44.649,0.6497919791979199,47,-5.531926929540731
1,4,neuraminidase,17:28:44.651,0.65101800180018,47,-3.5370608668212498
1,4,neuraminidase,17:28:44.658,0.6583741374137414,48,-7.068668309560493
1,4,neuraminidase,17:28:44.659,0.6596001600160016,48,-6.57407036780846
1,4,neuraminidase,17:28:44.660,0.6608261826182619,48,-20.579510802954104
1,4,neuraminidase,17:28:44.662,0.6620522052205221,48,-4.08498963155094
1,4,neuraminidase,17:28:44.663,0.6632782278227823,48,-7.59050686949702
1,4,neuraminidase,17:28:44.664,0.6645042504250426,48,-5.09606253202918
1,4,neuraminidase,17:28:44.673,0.6730864086408641,49,-6.136029196607751
1,4,neuraminidase,17:28:44.674,0.6743124312431243,49,-6.14189272316392
1,4,neuraminidase,17:28:44.675,0.6755384538453846,49,-0.6477947807674553
1,4,neuraminidase,17:28:44.676,0.6767644764476448,49,1.846264622258289
1,4,neuraminidase,17:28:44.677,0.677990499049905,49,-14.159714521690006
1,4,neuraminidase,17:28:44.689,0.689024702470247,50,-3.715262322992558
1,4,neuraminidase,17:28:44.690,0.6902507250725073,50,-1.2216271930322051
1,4,neuraminidase,17:28:44.691,0.6914767476747675,50,-3.7280306448020752
1,4,neuraminidase,17:28:44.692,0.6927027702770278,50,-8.234472676900268
1,4,neuraminidase,17:28:44.693,0.693928792879288,50,-13.240953287146027
1,4,neuraminidase,17:28:44.704,0.70496299629963,51,-12.301014045483257
1,4,neuraminidase,17:28:44.706,0.7061890189018902,51,7.192119856925515
1,4,neuraminidase,17:28:44.707,0.7074150415041505,51,8.185215257701728
1,4,neuraminidase,17:28:44.708,0.7086410641064107,51,4.678272168672379
1,4,neuraminidase,17:28:44.709,0.7098670867086709,51,4.171290602491396
1,4,neuraminidase,17:28:44.711,0.7110931093109312,51,-2.835729427357208
1,4,neuraminidase,17:28:44.715,0.715997199719972,52,3.635806115485096
1,4,neuraminidase,17:28:44.717,0.7172232223222322,52,-16.871406001166008
1,4,neuraminidase,17:28:44.718,0.7184492449244925,52,-2.3786564829730708
1,4,neuraminidase,17:28:44.719,0.7196752675267527,52,-1.885945310555116
1,4,neuraminidase,17:28:44.724,0.7245793579357936,53,-8.41548366106879
1,4,neuraminidase,17:28:44.725,0.7258053805380539,53,-18.92296389682916
1,4,neuraminidase,17:28:44.727,0.7270314031403141,53,-14.93048234405289
1,4,neuraminidase,17:28:44.728,0.7282574257425742,53,-4.938038977326528
1,4,neuraminidase,17:28:44.729,0.7294834483448345,53,-13.945633770364978
1,4,neuraminidase,17:28:44.730,0.7307094709470947,53,-6.453266696009166
1,4,neuraminidase,17:28:44.731,0.7319354935493549,53,-5.460937726223889
1,4,neuraminidase,17:28:44.733,0.7331615161516152,53,-22.96864683209553
1,4,neuraminidase,17:28:44.734,0.7343875387538754,53,-24.476393983830008
1,4,neuraminidase,17:28:44.735,0.7356135613561356,53,-13.984179150750704
1,4,neuraminidase,17:28:44.736,0.7368395839583959,53,12.00799769870352
1,4,neuraminidase,17:28:44.745,0.7454217421742174,54,-11.547825058853944
1,4,neuraminidase,17:28:44.746,0.7466477647764777,54,-0.0559508354370166
1,4,neuraminidase,17:28:44.747,0.7478737873787379,54,-24.56411427148774
1,4,neuraminidase,17:28:44.749,0.7490998099809981,54,-7.572315326501737
1,4,neuraminidase,17:28:44.750,0.7503258325832584,54,-18.580553959071807
1,4,neuraminidase,17:28:44.751,0.7515518551855186,54,-0.0888301268865348
1,4,neuraminidase,17:28:44.757,0.7576819681968198,55,-19.63077245028045
1,4,neuraminidase,17:28:44.758,0.7589079907990799,55,-10.139272890234224
1,4,neuraminidase,17:28:44.760,0.7601340134013401,55,-10.14781054383468
1,4,neuraminidase,17:28:44.761,0.7613600360036004,55,0.343614638504647
1,4,neuraminidase,17:28:44.762,0.7625860586058606,55,-6.164997292715967
1,4,neuraminidase,17:28:44.768,0.7687161716171618,56,-0.208611820649665
1,4,neuraminidase,17:28:44.769,0.769942194219422,56,-2.717445321459764
1,4,neuraminidase,17:28:44.771,0.7711682168216822,56,-6.22631555668211
1,4,neuraminidase,17:28:44.772,0.7723942394239425,56,-7.235222468481936
1,4,neuraminidase,17:28:44.773,0.7736202620262026,56,-6.744165998105416
1,4,neuraminidase,17:28:44.774,0.7748462846284628,56,-11.253146085879294
1,4,neuraminidase,17:28:44.776,0.7760723072307231,56,8.737837328789382
1,4,neuraminidase,17:28:44.777,0.7772983298329833,56,-19.27121569258649
1,4,neuraminidase,17:28:44.782,0.7822024202420242,57,8.69220912392909
1,4,neuraminidase,17:28:44.783,0.7834284428442845,57,-8.817025122768214
1,4,neuraminidase,17:28:44.784,0.7846544654465447,57,-7.826295417107175
1,4,neuraminidase,17:28:44.785,0.785880488048805,57,-18.33560169113295
1,4,neuraminidase,17:28:44.787,0.7871065106510652,57,-5.3449438759706425
1,4,neuraminidase,17:28:44.788,0.7883325332533254,57,-15.854321901825571
1,4,neuraminidase,17:28:44.789,0.7895585558555855,57,-18.86373569798345
1,4,neuraminidase,17:28:44.790,0.7907845784578458,57,-6.3731851928107375
1,4,neuraminidase,17:28:44.801,0.8018187818781879,58,3.540175187659557
1,4,neuraminidase,17:28:44.803,0.8030448044804481,58,3.530372847910442
1,4,neuraminidase,17:28:44.804,0.8042708270827083,58,17.52053565799868
1,4,neuraminidase,17:28:44.805,0.8054968496849685,58,-16.48933629945175
1,4,neuraminidase,17:28:44.806,0.8067228722872287,58,-8.499242940905717
1,4,neuraminidase,17:28:44.807,0.807948894889489,58,16.990815818082012
1,4,neuraminidase,17:28:44.822,0.8226611661166117,59,-8.631145863911442
1,4,neuraminidase,17:28:44.823,0.8238871887188719,59,-23.641528802555623
1,4,neuraminidase,17:28:44.825,0.8251132113211321,59,-13.65194506359704
1,4,neuraminidase,17:28:44.826,0.8263392339233924,59,-21.662394549082123
1,4,neuraminidase,17:28:44.827,0.8275652565256526,59,-18.1728771601682
1,4,neuraminidase,17:28:44.828,0.8287912791279128,59,4.8166072028746925
1,4,neuraminidase,17:28:44.831,0.8312433243324333,60,-12.20452274530605
1,4,neuraminidase,17:28:44.832,0.8324693469346935,60,-3.215136852648513
1,4,neuraminidase,17:28:44.833,0.8336953695369538,60,2.274216421896739
1,4,neuraminidase,17:28:44.834,0.8349213921392139,60,-16.73646281753001
1,4,neuraminidase,17:28:44.836,0.8361474147414741,60,-23.74717446591204
1,4,neuraminidase,17:28:44.843,0.8435035503550355,61,-13.812118953394432
1,4,neuraminidase,17:28:44.844,0.8447295729572958,61,-2.823054450792611
1,4,neuraminidase,17:28:44.845,0.845955595559556,61,-6.33402148570255
1,4,neuraminidase,17:28:44.847,0.8471816181618163,61,-5.345019945312103
1,4,neuraminidase,17:28:44.848,0.8484076407640765,61,-16.356049715953944
1,4,neuraminidase,17:28:44.849,0.8496336633663367,61,-20.86711068310798
1,4,neuraminidase,17:28:44.850,0.8508596859685968,61,2.121797268596339
1,4,neuraminidase,17:28:44.861,0.861893889388939,62,-3.9794103635064175
1,4,neuraminidase,17:28:44.863,0.8631199119911992,62,17.009193307482718
1,4,neuraminidase,17:28:44.864,0.8643459345934594,62,-5.5022327781819484
1,4,neuraminidase,17:28:44.865,0.8655719571957196,62,-13.01368849512336
1,4,neuraminidase,17:28:44.866,0.8667979797979798,62,0.4748262828517369
1,4,neuraminidase,17:28:44.875,0.8753801380138014,63,-17.606385643357626
1,4,neuraminidase,17:28:44.876,0.8766061606160617,63,-5.61810226610757
1,4,neuraminidase,17:28:44.877,0.8778321832183219,63,-20.629847221956027
1,4,neuraminidase,17:28:44.879,0.8790582058205821,63,-23.641620376710904
1,4,neuraminidase,17:28:44.880,0.8802842284228424,63,-16.65342159539736
1,4,neuraminidase,17:28:44.881,0.8815102510251025,63,-8.665250742260966
1,4,neuraminidase,17:28:44.882,0.8827362736273627,63,-11.677107680771002
1,4,neuraminidase,17:28:44.891,0.8913184318431844,64,-4.260872786378059
1,4,neuraminidase,17:28:44.892,0.8925444544454446,64,6.72705294909855
1,4,neuraminidase,17:28:44.893,0.8937704770477048,64,-22.28504784391606
1,4,neuraminidase,17:28:44.894,0.8949964996499651,64,-23.297175021314715
1,4,neuraminidase,17:28:44.896,0.8962225222522252,64,-26.309328438251868
1,4,neuraminidase,17:28:44.897,0.8974485448544854,64,-8.821507949147318
1,4,neuraminidase,17:28:44.898,0.8986745674567457,64,-18.333713407689743
1,4,neuraminidase,17:28:44.902,0.9023526352635264,65,-25.37048399519783
1,4,neuraminidase,17:28:44.903,0.9035786578657866,65,-11.88279176672377
1,4,neuraminidase,17:28:44.904,0.9048046804680469,65,-28.39512474350437
1,4,neuraminidase,17:28:44.906,0.9060307030703072,65,-28.407482774920368
1,4,neuraminidase,17:28:44.921,0.92196899689969,66,-4.070347358025131
1,4,neuraminidase,17:28:44.923,0.9231950195019504,66,-3.0830399518684573
1,4,neuraminidase,17:28:44.924,0.9244210421042104,66,-21.09575525871645
1,4,neuraminidase,17:28:44.925,0.9256470647064708,66,-7.1084931171549925
1,4,neuraminidase,17:28:44.926,0.9268730873087307,66,-5.621253365130357
1,4,neuraminidase,17:28:44.928,0.9280991099109912,66,-0.1340358399536114
1,4,neuraminidase,17:28:44.929,0.9293251325132512,66,-5.646840378304802
1,4,neuraminidase,17:28:44.935,0.9354552455245524,67,-9.711188263162484
1,4,neuraminidase,17:28:44.936,0.9366812681268128,67,-2.224121718177102
1,4,neuraminidase,17:28:44.937,0.937907290729073,67,9.762923923820496
1,4,neuraminidase,17:28:44.939,0.9391333133313332,67,-7.2500511689597
1,4,neuraminidase,17:28:44.940,0.9403593359335934,67,20.73695317228352
1,4,neuraminidase,17:28:44.941,0.9415853585358536,67,3.723937116938117
1,4,neuraminidase,17:28:44.942,0.9428113811381138,67,11.210900834974154
1,4,neuraminidase,17:28:44.944,0.944037403740374,67,13.197844496939323
1,4,neuraminidase,17:28:44.950,0.9501675167516752,68,10.132267974723092
1,4,neuraminidase,17:28:44.951,0.9513935393539354,68,-12.880905086470634
1,4,neuraminidase,17:28:44.952,0.9526195619561956,68,-11.894096994116495
1,4,neuraminidase,17:28:44.953,0.953845584558456,68,11.09269242678721
1,4,neuraminidase,17:28:44.955,0.9550716071607162,68,-5.420536648222182
1,4,neuraminidase,17:28:44.956,0.9562976297629764,68,2.566215956923486
1,4,neuraminidase,17:28:44.957,0.9575236523652364,68,-4.947049581181517
1,4,neuraminidase,17:28:44.958,0.9587496749674967,68,-5.960333085421638
1,4,neuraminidase,17:28:44.969,0.9697838783878387,69,-16.580663623785725
1,4,neuraminidase,17:28:44.971,0.9710099009900992,69,-24.59411693680279
1,4,neuraminidase,17:28:44.972,0.9722359235923592,69,-25.60758623466799
1,4,neuraminidase,17:28:44.973,0.9734619461946196,69,-6.121071334390663
1,4,neuraminidase,17:28:44.974,0.9746879687968796,69,-19.63457205252276
1,4,neuraminidase,17:28:44.988,0.9881742174217422,70,-3.78405785815626
1,4,neuraminidase,17:28:44.989,0.9894002400240024,70,-8.29773152866133
1,4,neuraminidase,17:28:44.990,0.9906262626262626,70,-18.81141839343354
1,4,neuraminidase,17:28:44.991,0.9918522852285228,70,-2.825118263155332
1,4,neuraminidase,17:28:44.993,0.9930783078307832,70,-11.338830948128546
1,4,neuraminidase,17:28:44.997,0.997982398239824,71,-5.393806033545445
1,4,neuraminidase,17:28:44.999,0.9992084208420844,71,0.0924200636501098
1,4,neuraminidase,17:28:45.000,1.0004344434443444,71,-8.921365508518278
1,4,neuraminidase,17:28:45.001,1.0016604660466046,71,-8.935162557835369
1,4,neuraminidase,17:28:45.002,1.0028864886488649,71,-2.948970891747507
1,4,neuraminidase,17:28:45.004,1.004112511251125,71,1.5372096826321382
1,4,neuraminidase,17:28:45.009,1.009016601660166,72,-2.0181750678328285
1,4,neuraminidase,17:28:45.010,1.0102426242624265,72,-7.032047047404518
1,4,neuraminidase,17:28:45.011,1.0114686468646863,72,-17.545928954665882
1,4,neuraminidase,17:28:45.012,1.0126946694669468,72,-3.5598205945475456
1,4,neuraminidase,17:28:45.013,1.013920692069207,72,-4.073721771689748
1,4,neuraminidase,17:28:45.015,1.0151467146714672,72,-15.087632290447829
1,4,neuraminidase,17:28:45.016,1.0163727372737277,72,-8.601551954897587
1,4,neuraminidase,17:28:45.017,1.0175987598759877,72,-25.615480568840667
1,4,neuraminidase,17:28:45.024,1.024954895489549,73,1.8007708284240636
1,4,neuraminidase,17:28:45.026,1.0261809180918091,73,9.286785083470306
1,4,neuraminidase,17:28:45.027,1.0274069406940691,73,-13.727208032172172
1,4,neuraminidase,17:28:45.031,1.03108500850085,74,-16.269229617927536
1,4,neuraminidase,17:28:45.032,1.0323110311031105,74,-5.283250229943889
1,4,neuraminidase,17:28:45.033,1.0335370537053703,74,-11.297277218401035
1,4,neuraminidase,17:28:45.034,1.0347630763076308,74,-12.81131038383414
1,4,neuraminidase,17:28:45.040,1.040893189318932,75,4.118438128781364
1,4,neuraminidase,17:28:45.042,1.0421192119211922,75,22.60437210063627
1,4,neuraminidase,17:28:45.043,1.0433452345234524,75,-10.909698703155456
1,4,neuraminidase,17:28:45.044,1.0445712571257126,75,3.0762259182550054
1,4,neuraminidase,17:28:45.045,1.0457972797279729,75,-7.937853834135282
1,4,neuraminidase,17:28:45.047,1.047023302330233,75,20.54806224081337
1,4,neuraminidase,17:28:45.048,1.0482493249324931,75,3.033974344377768
1,4,neuraminidase,17:28:45.053,1.0531534153415345,76,-6.022412925180447
1,4,neuraminidase,17:28:45.054,1.0543794379437943,76,1.4634823450277423
1,4,neuraminidase,17:28:45.055,1.0556054605460548,76,-11.550625145917266
1,4,neuraminidase,17:28:45.056,1.0568314831483148,76,-17.564735195933594
1,4,neuraminidase,17:28:45.058,1.058057505750575,76,3.92115239715352
1,4,neuraminidase,17:28:45.059,1.0592835283528352,76,-7.092962164393867
1,4,neuraminidase,17:28:45.062,1.062961596159616,77,9.364683246971424
1,4,neuraminidase,17:28:45.064,1.0641876187618762,77,-13.14943790894037
1,4,neuraminidase,17:28:45.065,1.0654136413641364,77,8.336439792939927
1,4,neuraminidase,17:28:45.066,1.0666396639663966,77,6.822316555282086
1,4,neuraminidase,17:28:45.067,1.0678656865686569,77,-7.191807419195484
1,4,neuraminidase,17:28:45.069,1.0690917091709171,77,-4.205931927731356
1,4,neuraminidase,17:28:45.077,1.0776738673867388,78,-10.304801402664893
1,4,neuraminidase,17:28:45.078,1.078899889988999,78,-8.818922880912012
1,4,neuraminidase,17:28:45.080,1.0801259125912592,78,-6.833043067338508
1,4,neuraminidase,17:28:45.081,1.0813519351935197,78,-18.847161759056064
1,4,neuraminidase,17:28:45.082,1.0825779577957797,78,-34.36127875319406
1,4,neuraminidase,17:28:45.083,1.08380398039804,78,-8.875393846904942
1,4,neuraminidase,17:28:45.085,1.0850300030003002,78,-9.389506837369764
1,4,neuraminidase,17:28:45.091,1.0911601160116011,79,-4.960033145034515
1,4,neuraminidase,17:28:45.092,1.0923861386138614,79,-8.474129259118612
1,4,neuraminidase,17:28:45.093,1.0936121612161216,79,0.5117781485144235
1,4,neuraminidase,17:28:45.094,1.0948381838183818,79,-10.002310719742525
1,4,neuraminidase,17:28:45.096,1.096064206420642,79,-18.01639566157432
1,4,neuraminidase,17:28:45.097,1.0972902290229023,79,-8.530476474749108
1,4,neuraminidase,17:28:45.109,1.1095504550455046,80,13.828986890279424
1,4,neuraminidase,17:28:45.110,1.1107764776477649,80,2.814964810405826
1,4,neuraminidase,17:28:45.112,1.1120025002500251,80,-1.199050722490682
1,4,neuraminidase,17:28:45.113,1.1132285228522854,80,-24.213059507751822
1,4,neuraminidase,17:28:45.114,1.1144545454545456,80,-12.227061344877882
1,4,neuraminidase,17:28:45.115,1.1156805680568058,80,2.758943966467001
1,4,neuraminidase,17:28:45.126,1.1267147714771475,81,-5.366653582748143
1,4,neuraminidase,17:28:45.127,1.127940794079408,81,-11.880565808053234
1,4,neuraminidase,17:28:45.129,1.1291668166816682,81,0.1055313064819785
1,4,neuraminidase,17:28:45.130,1.1303928392839284,81,-15.90836204118375
1,4,neuraminidase,17:28:45.131,1.1316188618861889,81,-17.922245653323643
1,4,neuraminidase,17:28:45.134,1.1340709070907091,82,-15.449982881309523
1,4,neuraminidase,17:28:45.135,1.1352969296929694,82,-22.96383610290812
1,4,neuraminidase,17:28:45.136,1.1365229522952296,82,-14.977678800496308
1,4,neuraminidase,17:28:45.137,1.1377489748974898,82,-17.99151077758421
1,4,neuraminidase,17:28:45.138,1.13897499749975,82,-28.50533183794461
1,4,neuraminidase,17:28:45.140,1.1402010201020103,82,4.480858214381911
1,4,neuraminidase,17:28:45.141,1.1414270427042703,82,-19.53294042491804
1,4,neuraminidase,17:28:45.142,1.1426530653065308,82,-8.046727560435727
1,4,neuraminidase,17:28:45.143,1.143879087908791,82,-16.560502997045333
1,4,neuraminidase,17:28:45.145,1.1451051105110512,82,-9.074266539908947
1,4,neuraminidase,17:28:45.150,1.150009200920092,83,-11.629197887501933
1,4,neuraminidase,17:28:45.151,1.1512352235223522,83,-5.142899049493167
1,4,neuraminidase,17:28:45.152,1.1524612461246124,83,-30.15658715503613
1,4,neuraminidase,17:28:45.153,1.1536872687268729,83,-19.670262011447463
1,4,neuraminidase,17:28:45.154,1.154913291329133,83,-16.683923426371265
1,4,neuraminidase,17:28:45.156,1.1561393139313931,83,-25.197571207783994
1,4,neuraminidase,17:28:45.159,1.1598173817381738,84,1.2615691641926643
1,4,neuraminidase,17:28:45.161,1.161043404340434,84,-17.752022169756785
1,4,neuraminidase,17:28:45.162,1.1622694269426943,84,-15.765598915231903
1,4,neuraminidase,17:28:45.163,1.1634954495449543,84,-27.779160882304552
1,4,neuraminidase,17:28:45.164,1.1647214721472148,84,-24.292707881412497
1,4,neuraminidase,17:28:45.165,1.165947494749475,84,7.693760276635757
1,4,neuraminidase,17:28:45.167,1.1671735173517352,84,-14.319756219343644
1,4,neuraminidase,17:28:45.168,1.1683995399539957,84,-33.33325718091464
1,4,neuraminidase,17:28:45.169,1.1696255625562555,84,-12.846742420025947
1,4,neuraminidase,17:28:45.173,1.1733036303630364,85,-24.38710192795729
1,4,neuraminidase,17:28:45.174,1.1745296529652969,85,-14.400522404574048
1,4,neuraminidase,17:28:45.175,1.175755675567557,85,-8.913926224407902
1,4,neuraminidase,17:28:45.176,1.1769816981698171,85,-9.42731320181302
1,4,neuraminidase,17:28:45.178,1.1782077207720774,85,10.059316848439536
1,4,neuraminidase,17:28:45.183,1.183111811181118,86,-22.49398898423753
1,4,neuraminidase,17:28:45.184,1.1843378337833783,86,-11.007271032167909
1,4,neuraminidase,17:28:45.185,1.1855638563856383,86,-15.020534950072571
1,4,neuraminidase,17:28:45.186,1.1867898789878988,86,-16.53378055576583
1,4,neuraminidase,17:28:45.194,1.1941460146014602,87,-16.112859488627677
1,4,neuraminidase,17:28:45.195,1.1953720372037204,87,-23.62597184618241
1,4,neuraminidase,17:28:45.196,1.1965980598059809,87,-4.639064450685922
1,4,neuraminidase,17:28:45.197,1.197824082408241,87,-21.652137124177727
1,4,neuraminidase,17:28:45.199,1.1990501050105011,87,-17.66518968918784
1,4,neuraminidase,17:28:45.205,1.2051802180218023,88,0.2698552895846831
1,4,neuraminidase,17:28:45.206,1.2064062406240623,88,-31.2430729256494
1,4,neuraminidase,17:28:45.207,1.2076322632263228,88,-6.255979804188726
1,4,neuraminidase,17:28:45.208,1.208858285828583,88,-9.768865172633484
1,4,neuraminidase,17:28:45.210,1.210084308430843,88,-8.781728858110512
1,4,neuraminidase,17:28:45.214,1.214988398839884,89,8.167036668472164
1,4,neuraminidase,17:28:45.216,1.2162144214421442,89,-28.84571602777221
1,4,neuraminidase,17:28:45.217,1.2174404440444044,89,19.64155398491461
1,4,neuraminidase,17:28:45.218,1.218666466646665,89,3.628846875611927
1,4,neuraminidase,17:28:45.219,1.219892489248925,89,-20.38383718715798
1,4,neuraminidase,17:28:45.221,1.2211185118511851,89,-19.89649803543344
1,4,neuraminidase,17:28:45.222,1.2223445344534454,89,-1.9091355018171183
1,4,neuraminidase,17:28:45.234,1.2346047604760475,90,-7.534187744784148
1,4,neuraminidase,17:28:45.235,1.235830783078308,90,-4.046557127070358
1,4,neuraminidase,17:28:45.237,1.2370568056805682,90,1.9410988360055512
1,4,neuraminidase,17:28:45.238,1.2382828282828284,90,-18.571219695812275
1,4,neuraminidase,17:28:45.239,1.2395088508850889,90,4.916487436608193
1,4,neuraminidase,17:28:45.240,1.240734873487349,90,-4.595779608216262
1,4,neuraminidase,17:28:45.248,1.24809100910091,91,14.331169199324265
1,4,neuraminidase,17:28:45.249,1.2493170317031703,91,4.31908729992044
1,4,neuraminidase,17:28:45.250,1.2505430543054306,91,-13.69296753111442
1,4,neuraminidase,17:28:45.251,1.2517690769076908,91,-15.704995140938678
1,4,neuraminidase,17:28:45.252,1.252995099509951,91,-18.71699537735596
1,4,neuraminidase,17:28:45.254,1.2542211221122113,91,6.771031911182007
1,4,neuraminidase,17:28:45.255,1.2554471447144715,91,11.259086875572637
1,4,neuraminidase,17:28:45.268,1.268933393339334,92,-19.870439412799755
1,4,neuraminidase,17:28:45.270,1.2701594159415943,92,-23.38204080874345
1,4,neuraminidase,17:28:45.271,1.2713854385438543,92,-9.393612627599936
1,4,neuraminidase,17:28:45.272,1.2726114611461146,92,-10.405154727856427
1,4,neuraminidase,17:28:45.273,1.2738374837483748,92,2.58333303131154
1,4,neuraminidase,17:28:45.275,1.275063506350635,92,7.071850790037871
1,4,neuraminidase,17:28:45.276,1.2762895289528953,92,-20.939601312236206
1,4,neuraminidase,17:28:45.277,1.2775155515551555,92,-10.951023136764292
1,4,neuraminidase,17:28:45.281,1.2811936193619362,93,1.5148944331255336
1,4,neuraminidase,17:28:45.282,1.2824196419641964,93,-7.996404906923246
1,4,neuraminidase,17:28:45.283,1.283645664566457,93,-4.507673285988034
1,4,neuraminidase,17:28:45.284,1.284871687168717,93,13.981089430466156
1,4,neuraminidase,17:28:45.286,1.2860977097709771,93,-17.030116623734244
1,4,neuraminidase,17:28:45.297,1.2971319131913193,94,-1.6295440626596047
1,4,neuraminidase,17:28:45.298,1.2983579357935795,94,-12.14043062008966
1,4,neuraminidase,17:28:45.299,1.2995839583958395,94,-24.651284523340664
1,4,neuraminidase,17:28:45.300,1.3008099809981,94,-25.162105647219008
1,4,neuraminidase,17:28:45.302,1.30203600360036,94,-4.172893867260044
1,4,neuraminidase,17:28:45.308,1.3081661166116612,95,-14.226337104824935
1,4,neuraminidase,17:28:45.309,1.3093921392139214,95,-19.23692532905952
1,4,neuraminidase,17:28:45.310,1.3106181618161816,95,-14.747479798715672
1,4,neuraminidase,17:28:45.311,1.311844184418442,95,-14.258000395202302
1,4,neuraminidase,17:28:45.324,1.3241044104410442,96,1.1386822250163249
1,4,neuraminidase,17:28:45.325,1.3253304330433044,96,5.128541848546945
1,4,neuraminidase,17:28:45.326,1.326556455645565,96,-20.88156328950265
1,4,neuraminidase,17:28:45.327,1.327782478247825,96,5.608366919799266
1,4,neuraminidase,17:28:45.332,1.3326865686568656,97,-1.931556616978369
1,4,neuraminidase,17:28:45.333,1.333912591259126,97,-7.941448063081097
1,4,neuraminidase,17:28:45.335,1.335138613861386,97,-16.451303523927564
1,4,neuraminidase,17:28:45.336,1.3363646364636463,97,15.538877104184024
1,4,neuraminidase,17:28:45.340,1.340042704270427,98,6.009636548073644
1,4,neuraminidase,17:28:45.341,1.3412687268726873,98,-28.000037445912355
1,4,neuraminidase,17:28:45.342,1.3424947494749475,98,1.4903251563590345
1,4,neuraminidase,17:28:45.343,1.3437207720772075,98,-7.519275545893024
1,4,neuraminidase,17:28:45.344,1.344946794679468,98,6.9711605458043095
1,4,neuraminidase,17:28:45.346,1.3461728172817282,98,-13.538366470822012
1,4,neuraminidase,17:28:45.349,1.349850885088509,99,-5.566725204552981
1,4,neuraminidase,17:28:45.351,1.3510769076907692,99,-10.07610369210694
1,4,neuraminidase,17:28:45.352,1.3523029302930294,99,-20.08544481052205
1,4,neuraminidase,17:28:45.353,1.3535289528952896,99,-13.094748466536188
1,4,neuraminidase,17:28:45.354,1.35475497549755,99,-11.104014567629193
1,4,neuraminidase,17:28:45.357,1.3572070207020703,100,-13.12243373867578
1,4,neuraminidase,17:28:45.358,1.3584330433043306,100,-22.13158662729116
1,4,neuraminidase,17:28:45.359,1.3596590659065908,100,-11.140701598307174
1,4,neuraminidase,17:28:45.360,1.360885088508851,100,-2.649778562900366
1,4,neuraminidase,17:28:45.371,1.371919291929193,101,-9.729746662941352
1,4,neuraminidase,17:28:45.373,1.3731453145314532,101,-17.238438839438913
1,4,neuraminidase,17:28:45.374,1.3743713371337134,101,-8.247092080790082
1,4,neuraminidase,17:28:45.375,1.3755973597359736,101,5.744293693076145
1,4,neuraminidase,17:28:45.376,1.376823382338234,101,-7.264281438488879
1,4,neuraminidase,17:28:45.382,1.382953495349535,102,-9.80656795063247
1,4,neuraminidase,17:28:45.384,1.3841795179517953,102,-14.814906888476685
1,4,neuraminidase,17:28:45.385,1.3854055405540555,102,-12.323206196287272
1,4,neuraminidase,17:28:45.386,1.3866315631563155,102,-18.8314658004018
1,4,neuraminidase,17:28:45.387,1.387857585758576,102,-10.839685627859597
1,4,neuraminidase,17:28:45.389,1.3890836083608362,102,22.15213439360056
1,4,neuraminidase,17:28:45.395,1.3952137213721372,103,-0.8881652848517376
1,4,neuraminidase,17:28:45.396,1.3964397439743974,103,-5.396104691267951
1,4,neuraminidase,17:28:45.397,1.3976657665766576,103,10.09599623768024
1,4,neuraminidase,17:28:45.398,1.398891789178918,103,-16.91186243125287
1,4,neuraminidase,17:28:45.400,1.400117811781178,103,-11.919680631989335
1,4,neuraminidase,17:28:45.407,1.4074739473947395,104,-15.965736388399108
1,4,neuraminidase,17:28:45.408,1.4086999699969998,104,-5.973269517773147
1,4,neuraminidase,17:28:45.409,1.40992599259926,104,5.519238325680973
1,4,neuraminidase,17:28:45.411,1.4111520152015202,104,-11.48821279790974
1,4,neuraminidase,17:28:45.412,1.4123780378037805,104,-25.49562282906315
1,4,neuraminidase,17:28:45.413,1.4136040604060407,104,-2.0029917089386373
1,4,neuraminidase,17:28:45.424,1.4246382638263826,105,-5.06745042445759
1,4,neuraminidase,17:28:45.425,1.4258642864286428,105,2.425595306176064
1,4,neuraminidase,17:28:45.427,1.427090309030903,105,-15.081317205942652
1,4,neuraminidase,17:28:45.428,1.4283163316331633,105,-9.588187909376018
1,4,neuraminidase,17:28:45.429,1.4295423542354235,105,-6.095016753276696
1,4,neuraminidase,17:28:45.430,1.4307683768376838,105,-13.101803687383438
1,4,neuraminidase,17:28:45.431,1.431994399439944,105,-14.108548662016531
1,4,neuraminidase,17:28:45.433,1.4332204220422042,105,-10.11525162807338
1,4,neuraminidase,17:28:45.434,1.4344464446444645,105,-20.12191253702389
1,4,neuraminidase,17:28:45.435,1.4356724672467247,105,-10.628531340905807
1,4,neuraminidase,17:28:45.436,1.436898489848985,105,-10.135107992320073
1,4,neuraminidase,17:28:45.441,1.441802580258026,106,-14.160992144759916
1,4,neuraminidase,17:28:45.443,1.443028602860286,106,14.832642657778068
1,4,neuraminidase,17:28:45.444,1.4442546254625463,106,-29.17368011437587
1,4,neuraminidase,17:28:45.445,1.4454806480648066,106,-0.6799604176271998
1,4,neuraminidase,17:28:45.446,1.4467066706670668,106,-15.6861982089045
1,4,neuraminidase,17:28:45.456,1.4565148514851485,107,-21.23456510781662
1,4,neuraminidase,17:28:45.457,1.4577408740874087,107,-14.740418436729556
1,4,neuraminidase,17:28:45.458,1.458966896689669,107,-12.746228850517896
1,4,neuraminidase,17:28:45.466,1.4663230323032304,108,23.21981196319736
1,4,neuraminidase,17:28:45.467,1.4675490549054906,108,-11.785697014590625
1,4,neuraminidase,17:28:45.468,1.4687750775077508,108,11.708837211837988
1,4,neuraminidase,17:28:45.470,1.470001100110011,108,-15.79658532329357
1,4,neuraminidase,17:28:45.471,1.4712271227122713,108,-9.801964586165411
1,4,neuraminidase,17:28:45.479,1.479809280928093,109,-20.838405043694223
1,4,neuraminidase,17:28:45.481,1.4810353035303532,109,-5.343436957123544
1,4,neuraminidase,17:28:45.482,1.4822613261326134,109,-17.34842531093139
1,4,neuraminidase,17:28:45.483,1.4834873487348736,109,-15.85337007494924
1,4,neuraminidase,17:28:45.494,1.4945215521552155,110,-10.895906587706436
1,4,neuraminidase,17:28:45.495,1.4957475747574758,110,2.599586137685307
1,4,neuraminidase,17:28:45.496,1.496973597359736,110,-16.904877235047564
1,4,neuraminidase,17:28:45.498,1.4981996199619962,110,-19.40929667912455
1,4,neuraminidase,17:28:45.505,1.5055557555755577,111,-19.43488936996632
1,4,neuraminidase,17:28:45.506,1.506781778177818,111,5.060999418189226
1,4,neuraminidase,17:28:45.508,1.508007800780078,111,-7.943067658300862
1,4,neuraminidase,17:28:45.509,1.5092338233823384,111,-24.44709057441128
1,4,neuraminidase,17:28:45.510,1.5104598459845986,111,-14.451069305267282
1,4,neuraminidase,17:28:45.511,1.5116858685868588,111,-17.45500382613551
1,4,neuraminidase,17:28:45.516,1.5165899589958995,112,-9.970299319491374
1,4,neuraminidase,17:28:45.517,1.5178159815981598,112,-27.97401242371633
1,4,neuraminidase,17:28:45.519,1.51904200420042,112,-4.477681171998384
1,4,neuraminidase,17:28:45.520,1.5202680268026805,112,-8.981305540330126
1,4,neuraminidase,17:28:45.521,1.5214940494049405,112,-18.484885504769167
1,4,neuraminidase,17:28:45.522,1.5227200720072007,112,-15.48842104142831
1,4,neuraminidase,17:28:45.530,1.530076207620762,113,-7.008699944734005
1,4,neuraminidase,17:28:45.531,1.5313022302230224,113,-17.01192382060495
1,4,neuraminidase,17:28:45.532,1.5325282528252826,113,0.9848969216327674
1,4,neuraminidase,17:28:45.533,1.5337542754275428,113,-10.518237694170466
1,4,neuraminidase,17:28:45.534,1.534980298029803,113,0.9786723558842424
1,4,neuraminidase,17:28:45.536,1.5362063206320633,113,1.4756270957550868
1,4,neuraminidase,17:28:45.543,1.5435624562456247,114,-13.041704626984512
1,4,neuraminidase,17:28:45.544,1.544788478847885,114,0.9555636197215592
1,4,neuraminidase,17:28:45.546,1.5460145014501452,114,-17.047123248629276
1,4,neuraminidase,17:28:45.547,1.5472405240524052,114,-1.5497652070441177
1,4,neuraminidase,17:28:45.548,1.5484665466546654,114,-15.052362230357872
1,4,neuraminidase,17:28:45.549,1.5496925692569257,114,-7.5549142932215005
1,4,neuraminidase,17:28:45.550,1.550918591859186,114,-1.0574213700901538
1,4,neuraminidase,17:28:45.554,1.5545966596659666,115,6.935327573910612
1,4,neuraminidase,17:28:45.555,1.5558226822682268,115,-0.0669992991939238
1,4,neuraminidase,17:28:45.557,1.557048704870487,115,-10.569281055221325
1,4,neuraminidase,17:28:45.558,1.558274727472747,115,-4.071517667198194
1,4,neuraminidase,17:28:45.559,1.5595007500750075,115,-20.073709107869988
1,4,neuraminidase,17:28:45.560,1.5607267726772678,115,-16.07585534968834
1,4,neuraminidase,17:28:45.570,1.5705349534953497,116,-33.59139471268621
1,4,neuraminidase,17:28:45.571,1.57176097609761,116,8.906867129644965
1,4,neuraminidase,17:28:45.572,1.57298699869987,116,-12.594825534706716
1,4,neuraminidase,17:28:45.574,1.5742130213021304,116,-26.09647267410793
1,4,neuraminidase,17:28:45.575,1.5754390439043906,116,-11.09807425647405
1,4,neuraminidase,17:28:45.576,1.5766650665066508,116,-3.0996302492554264
1,4,neuraminidase,17:28:45.577,1.5778910891089108,116,-22.60114061942352
1,4,neuraminidase,17:28:45.584,1.584021202120212,117,2.8919930602129256
1,4,neuraminidase,17:28:45.585,1.5852472247224725,117,-19.10924285209724
1,4,neuraminidase,17:28:45.586,1.5864732473247325,117,-27.61043289600707
1,4,neuraminidase,17:28:45.587,1.5876992699269927,117,-27.611577034148937
1,4,neuraminidase,17:28:45.588,1.588925292529253,117,-11.6126752285479
1,4,neuraminidase,17:28:45.590,1.5901513151315132,117,-10.113727440606992
1,4,neuraminidase,17:28:45.591,1.5913773377337734,117,-10.114733631092337
1,4,neuraminidase,17:28:45.602,1.6024115411541155,118,-12.121711566424764
1,4,neuraminidase,17:28:45.603,1.6036375637563758,118,-9.1222552324017
1,4,neuraminidase,17:28:45.604,1.604863586358636,118,-22.6227523988614
1,4,neuraminidase,17:28:45.606,1.6060896089608965,118,-21.623203017736017
1,4,neuraminidase,17:28:45.607,1.6073156315631565,118,29.376392959880675
1,4,neuraminidase,17:28:45.614,1.6146717671767177,119,-0.1250497996269501
1,4,neuraminidase,17:28:45.615,1.615897789778978,119,-8.12512620335579
1,4,neuraminidase,17:28:45.617,1.617123812381238,119,-6.625155587202272
1,4,neuraminidase,17:28:45.618,1.6183498349834984,119,-24.12513789397569
1,4,neuraminidase,17:28:45.619,1.6195758575857586,119,-5.125073065480905
1,4,neuraminidase,17:28:45.620,1.6208018801880189,119,-14.624961042501184
1,4,neuraminidase,17:28:45.622,1.622027902790279,119,-20.624801764780955
1,4,neuraminidase,17:28:45.623,1.623253925392539,119,-22.624595171008423
1,4,neuraminidase,17:28:45.625,1.6257059705970598,120,-14.62403978467357
1,4,neuraminidase,17:28:45.626,1.62693199319932,120,-17.12369086404918
1,4,neuraminidase,17:28:45.628,1.6281580158015805,120,-28.623294371212893
1,4,neuraminidase,17:28:45.629,1.6293840384038405,120,-25.122850239308235
1,4,neuraminidase,17:28:45.634,1.6342881288128814,121,-8.620595942811633
1,4,neuraminidase,17:28:45.635,1.6355141514151417,121,-6.619912571399368
1,4,neuraminidase,17:28:45.636,1.636740174017402,121,10.38081886526615
1,4,neuraminidase,17:28:45.637,1.637966196619662,121,-18.1184015574391
1,4,neuraminidase,17:28:45.639,1.6391922192219222,121,0.3824262371517619
1,4,neuraminidase,17:28:45.641,1.6416442644264426,122,-19.61577320854346
1,4,neuraminidase,17:28:45.642,1.6428702870287029,122,-5.614800288871848
1,4,neuraminidase,17:28:45.644,1.644096309630963,122,-25.613778831950697
1,4,neuraminidase,17:28:45.645,1.645322332233223,122,-8.612708754375035
1,4,neuraminidase,17:28:45.653,1.653904490449045,123,-23.10384952703568
1,4,neuraminidase,17:28:45.655,1.6551305130513052,123,-21.102387308942298
1,4,neuraminidase,17:28:45.656,1.6563565356535654,123,-20.10087565397432
1,4,neuraminidase,17:28:45.657,1.6575825582558257,123,-22.09931446379133
1,4,neuraminidase,17:28:45.658,1.658808580858086,123,3.4022963615506114
1,4,neuraminidase,17:28:45.669,1.6698427842784278,124,-22.080955317178223
1,4,neuraminidase,17:28:45.671,1.671068806880688,124,-18.078842275779408
1,4,neuraminidase,17:28:45.672,1.6722948294829485,124,-14.576678388077127
1,4,neuraminidase,17:28:45.673,1.6735208520852085,124,-12.074463533259234
1,4,neuraminidase,17:28:45.674,1.6747468746874687,124,-28.57219758863593
1,4,neuraminidase,17:28:45.675,1.675972897289729,124,-21.56988042961796
1,4,neuraminidase,17:28:45.683,1.6833290329032904,125,2.4451052486678577
1,4,neuraminidase,17:28:45.684,1.6845550555055506,125,-20.552215438857782
1,4,neuraminidase,17:28:45.685,1.6857810781078109,125,-16.049483844236292
1,4,neuraminidase,17:28:45.687,1.687007100710071,125,-20.04669982478224
1,4,neuraminidase,17:28:45.688,1.688233123312331,125,-17.54386323568636
1,4,neuraminidase,17:28:45.696,1.696815281528153,126,0.9774774586520892
1,4,neuraminidase,17:28:45.698,1.6980413041304132,126,-28.519259919459387
1,4,neuraminidase,17:28:45.699,1.6992673267326734,126,-11.01594332523088
1,4,neuraminidase,17:28:45.700,1.7004933493349337,126,-23.01257259132817
1,4,neuraminidase,17:28:45.701,1.7017193719371937,126,-18.00914754803344
1,4,neuraminidase,17:28:45.713,1.713979597959796,127,-11.47187100739501
1,4,neuraminidase,17:28:45.715,1.7152056205620565,127,1.0321633468263798
1,4,neuraminidase,17:28:45.716,1.7164316431643163,127,-1.963745758073628
1,4,neuraminidase,17:28:45.717,1.7176576657665767,127,-17.95959811913916
1,4,neuraminidase,17:28:45.718,1.718883688368837,127,-19.95539353068027
1,4,neuraminidase,17:28:45.720,1.7201097109710972,127,-9.951131784247153
1,4,neuraminidase,17:28:45.729,1.729917891789179,128,4.085045819753248
1,4,neuraminidase,17:28:45.731,1.731143914391439,128,16.589831836553003
1,4,neuraminidase,17:28:45.732,1.7323699369936991,128,-25.905322746597903
1,4,neuraminidase,17:28:45.733,1.7335959595959596,128,-31.40041768914766
1,4,neuraminidase,17:28:45.734,1.7348219821982198,128,-24.39545274746459
1,4,neuraminidase,17:28:45.736,1.73604800480048,128,-23.89042767480969
1,4,neuraminidase,17:28:45.737,1.7372740274027405,128,-19.38534222130908
1,4,neuraminidase,17:28:45.738,1.7385000500050003,128,-15.88019613392632
1,4,neuraminidase,17:28:45.742,1.7421781178117812,129,-10.864391490098072
1,4,neuraminidase,17:28:45.743,1.7434041404140417,129,-1.8590002725960488
1,4,neuraminidase,17:28:45.744,1.7446301630163017,129,-4.353547107614375
1,4,neuraminidase,17:28:45.745,1.745856185618562,129,-27.84803172255341
1,4,neuraminidase,17:28:45.747,1.7470822082208222,129,-13.842453841453818
1,4,neuraminidase,17:28:45.754,1.7544383438343836,130,-22.307658253762327
1,4,neuraminidase,17:28:45.755,1.7556643664366438,130,-8.30163488527424
1,4,neuraminidase,17:28:45.756,1.756890389038904,130,-22.79554668866245
1,4,neuraminidase,17:28:45.758,1.7581164116411645,130,-7.789393356427141
1,4,neuraminidase,17:28:45.759,1.7593424342434243,130,-15.283174577416872
1,4,neuraminidase,17:28:45.772,1.7728286828682869,131,-13.710355786270668
1,4,neuraminidase,17:28:45.774,1.774054705470547,131,-7.203326005819349
1,4,neuraminidase,17:28:45.775,1.7752807280728071,131,-1.1962263875675916
1,4,neuraminidase,17:28:45.776,1.7765067506750676,131,-13.189056566048336
1,4,neuraminidase,17:28:45.777,1.7777327732773278,131,-22.681816171681746
1,4,neuraminidase,17:28:45.778,1.778958795879588,131,-21.67450483074346
1,4,neuraminidase,17:28:45.780,1.7801848184818485,131,-20.667122165332643
1,4,neuraminidase,17:28:45.781,1.7814108410841083,131,-27.15966779334005
1,4,neuraminidase,17:28:45.782,1.7826368636863688,131,-0.6521413284158655
1,4,neuraminidase,17:28:45.788,1.78876697669767,132,-18.113413786659848
1,4,neuraminidase,17:28:45.789,1.7899929992999302,132,-19.10544640924546
1,4,neuraminidase,17:28:45.791,1.7912190219021904,132,-29.59740411298792
1,4,neuraminidase,17:28:45.792,1.7924450445044504,132,-20.58928647644042
1,4,neuraminidase,17:28:45.793,1.7936710671067106,132,-15.081093073620536
1,4,neuraminidase,17:28:45.804,1.8047052705270528,133,4.996129609483688
1,4,neuraminidase,17:28:45.805,1.805931293129313,133,-1.99489487403838
1,4,neuraminidase,17:28:45.807,1.8071573157315728,133,-17.48583859647816
1,4,neuraminidase,17:28:45.808,1.8083833383338328,133,-30.47670107478129
1,4,neuraminidase,17:28:45.809,1.8096093609360937,133,-2.967481820913079
1,4,neuraminidase,17:28:45.810,1.810835383538354,133,-5.958180341823322
1,4,neuraminidase,17:28:45.814,1.8145134513451344,134,-0.4297775467485394
1,4,neuraminidase,17:28:45.815,1.8157394739473949,134,3.5798578652767645
1,4,neuraminidase,17:28:45.816,1.8169654965496551,134,-16.410421955753733
1,4,neuraminidase,17:28:45.818,1.818191519151916,134,-4.900616485951503
1,4,neuraminidase,17:28:45.819,1.819417541754176,134,-19.39072519616282
1,4,neuraminidase,17:28:45.820,1.820643564356436,134,-0.880747551932572
1,4,neuraminidase,17:28:45.826,1.8267736773677368,135,-5.329544932541381
1,4,neuraminidase,17:28:45.827,1.827999699969997,135,-14.319037636630595
1,4,neuraminidase,17:28:45.829,1.8292257225722568,135,-7.808440093583897
1,4,neuraminidase,17:28:45.830,1.8304517451745173,135,-12.797751725215434
1,4,neuraminidase,17:28:45.831,1.8316777677767777,135,-13.786971947706007
1,4,neuraminidase,17:28:45.843,1.84393799379938,136,-11.67401412620083
1,4,neuraminidase,17:28:45.845,1.8451640164016403,136,-5.162188667069458
1,4,neuraminidase,17:28:45.846,1.8463900390039003,136,-11.650264339757456
1,4,neuraminidase,17:28:45.847,1.8476160616061608,136,5.861759516255745
1,4,neuraminidase,17:28:45.848,1.848842084208421,136,-31.626116432337483
1,4,neuraminidase,17:28:45.856,1.8561982198219824,137,12.948770101759038
1,4,neuraminidase,17:28:45.857,1.8574242424242424,137,-2.5383852849389683
1,4,neuraminidase,17:28:45.858,1.8586502650265029,137,-18.02543491575338
1,4,neuraminidase,17:28:45.859,1.859876287628763,137,-14.012378066652062
1,4,neuraminidase,17:28:45.861,1.8611023102310231,137,-18.99921400702988
1,4,neuraminidase,17:28:45.862,1.862328332833284,137,-10.48594199966776
1,4,neuraminidase,17:28:45.863,1.863554355435544,137,4.027438699308348
1,4,neuraminidase,17:28:45.869,1.8696844684468448,138,16.595999075041462
1,4,neuraminidase,17:28:45.870,1.870910491049105,138,-11.889952077056336
1,4,neuraminidase,17:28:45.872,1.8721365136513648,138,8.624210859395731
1,4,neuraminidase,17:28:45.873,1.8733625362536253,138,-12.861511316993584
1,4,neuraminidase,17:28:45.881,1.8819446944694471,139,-3.7582811409274655
1,4,neuraminidase,17:28:45.883,1.8831707170717071,139,20.75694538252684
1,4,neuraminidase,17:28:45.884,1.884396739673968,139,-9.22770569786516
1,4,neuraminidase,17:28:45.885,1.885622762276228,139,-16.71223351125721
1,4,neuraminidase,17:28:45.886,1.886848784878488,139,-11.696637179340868
1,4,neuraminidase,17:28:45.888,1.888074807480748,139,-14.680915816301592
1,4,neuraminidase,17:28:45.889,1.8893008300830083,139,2.834931471225346
1,4,neuraminidase,17:28:45.895,1.8954309430943093,140,-15.583911421959556
1,4,neuraminidase,17:28:45.896,1.8966569656965693,140,-12.067289398444371
1,4,neuraminidase,17:28:45.897,1.89788298829883,140,-17.050534981748953
1,4,neuraminidase,17:28:45.899,1.8991090109010904,140,-16.033647216502345
1,4,neuraminidase,17:28:45.900,1.9003350335033504,140,-1.5166251393800252
1,4,neuraminidase,17:28:45.901,1.9015610561056109,140,-24.99946777905833
1,4,neuraminidase,17:28:45.902,1.902787078707871,140,-15.48217415616881
1,4,neuraminidase,17:28:45.905,1.905239123912392,141,-5.447174164712791
1,4,neuraminidase,17:28:45.906,1.906465146514652,141,0.5705342032283482
1,4,neuraminidase,17:28:45.907,1.907691169116912,141,-16.41161716742093
1,4,neuraminidase,17:28:45.908,1.908917191719172,141,0.1063727436229413
1,4,neuraminidase,17:28:45.917,1.9174993499349933,142,-12.763654528361071
1,4,neuraminidase,17:28:45.918,1.9187253725372533,142,-2.244496625039389
1,4,neuraminidase,17:28:45.919,1.919951395139514,142,-2.225187877329489
1,4,neuraminidase,17:28:45.921,1.9211774177417744,142,-11.705727179603286
1,4,neuraminidase,17:28:45.922,1.9224034403440344,142,-3.1861134174359904
1,4,neuraminidase,17:28:45.926,1.9260815081508151,143,10.873657532923986
1,4,neuraminidase,17:28:45.927,1.927307530753076,143,35.393894874728346
1,4,neuraminidase,17:28:45.928,1.928533553355336,143,-19.585709013258125
1,4,neuraminidase,17:28:45.929,1.929759575957596,143,-32.56515296281182
1,4,neuraminidase,17:28:45.930,1.930985598559856,143,10.45556420342865
1,4,neuraminidase,17:28:45.937,1.9371157115711573,144,-20.438391374932536
1,4,neuraminidase,17:28:45.938,1.9383417341734173,144,-9.416682271385042
1,4,neuraminidase,17:28:45.939,1.9395677567756773,144,-2.89480355049119
1,4,neuraminidase,17:28:45.940,1.940793779377938,144,-13.872753959997794
1,4,neuraminidase,17:28:45.942,1.9420198019801984,144,-9.850532238064249
1,4,neuraminidase,17:28:45.945,1.945697869786979,145,10.217178479663175
1,4,neuraminidase,17:28:45.946,1.946923892389239,145,-6.259898460706708
1,4,neuraminidase,17:28:45.948,1.9481499149914991,145,29.763203185160947
1,4,neuraminidase,17:28:45.949,1.94937593759376,145,9.28648473770295
1,4,neuraminidase,17:28:45.959,1.9591841184118413,146,6.479375556947844
1,4,neuraminidase,17:28:45.960,1.9604101410141013,146,4.00433734749231
1,4,neuraminidase,17:28:45.961,1.9616361636163613,146,-8.470507195282408
1,4,neuraminidase,17:28:45.962,1.962862186218622,146,6.554843361344481
1,4,neuraminidase,17:28:45.964,1.9640882088208824,146,-16.919609539381156
1,4,neuraminidase,17:28:45.968,1.9689922992299231,147,25.68457352049101
1,4,neuraminidase,17:28:45.970,1.970218321832184,147,-7.288874646171635
1,4,neuraminidase,17:28:45.971,1.971444344434444,147,-27.762117386672813
1,4,neuraminidase,17:28:45.972,1.972670367036704,147,-4.235153182581556
1,4,neuraminidase,17:28:45.973,1.973896389638964,147,-19.70798050450857
1,4,neuraminidase,17:28:45.977,1.9775744574457448,148,-6.125196166977716
1,4,neuraminidase,17:28:45.978,1.9788004800480048,148,6.902825922005974
1,4,neuraminidase,17:28:45.980,1.980026502650265,148,13.931064298219368
1,4,neuraminidase,17:28:45.981,1.9812525252525253,148,-0.0404794420400094
1,4,neuraminidase,17:28:45.982,1.9824785478547853,148,-9.511803691128748
1,4,neuraminidase,17:28:45.983,1.9837045704570453,148,0.5170931699985601
1,4,neuraminidase,17:28:45.988,1.988608660866087,149,-9.86507550020508
1,4,neuraminidase,17:28:45.989,1.989834683468347,149,5.664951600693584
1,4,neuraminidase,17:28:45.991,1.9910607060706071,149,0.1952097686794189
1,4,neuraminidase,17:28:45.992,1.992286728672868,149,2.2257007041938976
2,1,control,14:07:49.888,5.88869696969697,0,30.613020739073946
2,1,control,14:07:49.889,5.88989898989899,0,43.561379626027886
2,1,control,14:07:49.891,5.891101010101011,0,32.01296406334189
2,1,control,14:07:49.892,5.89230303030303,0,58.46770295168949
2,1,control,14:07:49.893,5.893505050505051,0,26.42552634664929
2,1,control,14:07:49.894,5.894707070707071,0,22.38636544285864
2,1,control,14:07:49.895,5.895909090909091,0,19.35015255835114
2,1,control,14:07:49.897,5.897111111111111,0,14.816821119081313
2,1,control,14:07:49.898,5.898313131313132,0,17.286305643627912
2,1,control,14:07:49.899,5.899515151515152,0,36.75854172808004
2,1,control,14:07:49.900,5.900717171717172,0,-7.766533968898926
2,1,control,14:07:49.901,5.901919191919192,0,44.21101625916923
2,1,control,14:07:49.903,5.903121212121213,0,33.69113115199347
2,1,control,14:07:49.904,5.904323232323232,0,17.1737504681031
2,1,control,14:07:49.905,5.905525252525253,0,14.658814970608802
2,1,control,14:07:49.906,5.906727272727273,0,18.146266413134043
2,1,control,14:07:49.907,5.9079292929292935,0,37.63604752591364
2,1,control,14:07:49.909,5.909131313131313,0,13.1281020020607
2,1,control,14:07:49.910,5.910333333333333,0,24.622374483997724
2,1,control,14:07:49.911,5.911535353535354,0,13.618810550050869
2,1,control,14:07:49.912,5.912737373737373,0,14.11735670120597
2,1,control,14:07:49.913,5.913939393939394,0,38.11796034802578
2,1,control,14:07:49.915,5.915141414141414,0,33.12056979772389
2,1,control,14:07:49.916,5.9163434343434345,0,36.62513424139755
2,1,control,14:07:49.917,5.917545454545454,0,50.131603741414175
2,1,control,14:07:49.918,5.918747474747475,0,18.13992921895312
2,1,control,14:07:49.919,5.919949494949495,0,38.15006244169851
2,1,control,14:07:49.921,5.921151515151515,0,21.661956011683344
2,1,control,14:07:49.922,5.922353535353535,0,24.67556335328284
2,1,control,14:07:49.923,5.923555555555556,0,16.690838701354934
2,1,control,14:07:49.924,5.924757575757576,0,18.20773708952825
2,1,control,14:07:49.964,5.964424242424243,1,-4.576068269775341
2,1,control,14:07:49.965,5.965626262626262,1,14.974256813143484
2,1,control,14:07:49.966,5.966828282828283,1,44.025053298091976
2,1,control,14:07:49.968,5.968030303030303,1,13.576298290770096
2,1,control,14:07:49.969,5.9692323232323234,1,3.127969352352053
2,1,control,14:07:49.970,5.970434343434343,1,29.680044492326694
2,1,control,14:07:49.971,5.971636363636364,1,10.732502161435583
2,1,control,14:07:49.972,5.972838383838384,1,3.785321244704676
2,1,control,14:07:49.974,5.974040404040404,1,31.838481054572185
2,1,control,14:07:49.975,5.975242424242424,1,18.891961324107456
2,1,control,14:07:49.976,5.976444444444445,1,10.945742200323965
2,1,control,14:07:49.977,5.977646464646464,1,28.99980423758136
2,1,control,14:07:49.978,5.978848484848485,1,45.0541283910794
2,1,control,14:07:49.980,5.980050505050505,1,25.608696010439232
2,1,control,14:07:49.981,5.9812525252525255,1,39.66348883337401
2,1,control,14:07:49.982,5.982454545454545,1,30.718488979445496
2,1,control,14:07:49.983,5.983656565656566,1,15.273678943907044
2,1,control,14:07:49.984,5.984858585858586,1,12.829041591632269
2,1,control,14:07:49.986,5.986060606060606,1,14.384560151126005
2,1,control,14:07:49.987,5.987262626262626,1,32.94021820862065
2,1,control,14:07:50.011,6.01130303030303,2,51.060327526553735
2,1,control,14:07:50.012,6.012505050505051,2,19.61569845075502
2,1,control,14:07:50.013,6.013707070707071,2,23.67092731361093
2,1,control,14:07:50.014,6.014909090909091,2,28.72600447668696
2,1,control,14:07:50.016,6.016111111111111,2,13.28092054012398
2,1,control,14:07:50.017,6.017313131313132,2,43.83566633852156
2,1,control,14:07:50.018,6.018515151515151,2,26.89023293688198
2,1,control,14:07:50.019,6.019717171717172,2,18.444611626614574
2,1,control,14:07:50.020,6.020919191919192,2,20.99879392159938
2,1,control,14:07:50.022,6.022121212121212,2,10.552771554309423
2,1,control,14:07:50.023,6.023323232323232,2,26.10653647199097
2,1,control,14:07:50.024,6.024525252525253,2,-1.3399191670988415
2,1,control,14:07:50.025,6.025727272727273,2,4.213397002601859
2,1,control,14:07:50.026,6.026929292929293,2,5.266477550309553
2,1,control,14:07:50.028,6.028131313131313,2,9.319315245300125
2,1,control,14:07:50.029,6.029333333333334,2,25.871903053368506
2,1,control,14:07:50.030,6.030535353535353,2,7.92423413334123
2,1,control,14:07:50.031,6.031737373737374,2,38.47630183364303
2,1,control,14:07:50.032,6.032939393939394,2,0.0280996889146933
2,1,control,14:07:50.034,6.034141414141415,2,29.07962141668389
2,1,control,14:07:50.035,6.035343434343434,2,36.63086091408578
2,1,control,14:07:50.036,6.036545454545455,2,13.681812254635004
2,1,control,14:07:50.037,6.037747474747475,2,30.732469685046603
2,1,control,14:07:50.038,6.038949494949495,2,5.282827622107064
2,1,control,14:07:50.040,6.040151515151515,2,2.3328806495925605
2,1,control,14:07:50.041,6.041353535353536,2,29.882623515236062
2,1,control,14:07:50.042,6.042555555555556,2,8.932051127741346
2,1,control,14:07:50.043,6.043757575757576,2,18.4811585538434
2,1,control,14:07:50.044,6.044959595959596,2,12.52994101541507
2,1,control,14:07:50.046,6.0461616161616165,2,9.078393886619049
2,1,control,14:07:50.047,6.047363636363636,2,20.626512691104573
2,1,control,14:07:50.048,6.048565656565657,2,5.674293099248622
2,1,control,14:07:50.049,6.049767676767677,2,20.22173092544009
2,1,control,14:07:50.050,6.050969696969697,2,15.768822125408017
2,1,control,14:07:50.052,6.052171717171717,2,16.81556279359122
2,1,control,14:07:50.053,6.053373737373738,2,34.36194916055062
2,1,control,14:07:50.054,6.0545757575757575,2,0.90797759042254
2,1,control,14:07:50.055,6.055777777777778,2,21.95364457841297
2,1,control,14:07:50.056,6.056979797979798,2,28.99894674833181
2,1,control,14:07:50.058,6.058181818181819,2,25.54388085016725
2,1,control,14:07:50.059,6.059383838383838,2,35.5884437576988
2,1,control,14:07:50.060,6.060585858585859,2,18.63263246614964
2,1,control,14:07:50.061,6.061787878787879,2,43.17644408987609
2,1,control,14:07:50.062,6.062989898989899,2,18.71987586009584
2,1,control,14:07:50.064,6.064191919191919,2,41.26292512265215
2,1,control,14:07:50.065,6.06539393939394,2,26.80558933581551
2,1,control,14:07:50.066,6.06659595959596,2,17.847866068120673
2,1,control,14:07:50.067,6.06779797979798,2,24.38975299623975
2,1,control,14:07:50.069,6.069,2,29.93124790288995
2,1,control,14:07:50.070,6.070202020202021,2,50.47234867477642
2,1,control,14:07:50.071,6.07140404040404,2,10.513053300568458
2,1,control,14:07:50.136,6.136313131313131,3,-8.900557864092619
2,1,control,14:07:50.137,6.137515151515152,3,-17.8824650191754
2,1,control,14:07:50.138,6.138717171717172,3,0.1352325003180183
2,1,control,14:07:50.139,6.139919191919192,3,-4.847463947783524
2,1,control,14:07:50.141,6.141121212121212,3,5.169447023263636
2,1,control,14:07:50.142,6.142323232323233,3,21.18596682841921
2,1,control,14:07:50.143,6.143525252525253,3,17.202096910173722
2,1,control,14:07:50.144,6.144727272727273,3,0.7178387378761784
2,1,control,14:07:50.145,6.145929292929293,3,10.733193807074564
2,1,control,14:07:50.147,6.147131313131314,3,-8.751836361130778
2,1,control,14:07:50.148,6.148333333333333,3,-8.737250220721762
2,1,control,14:07:50.149,6.149535353535354,3,-4.723046201384612
2,1,control,14:07:50.150,6.150737373737374,3,9.790777290879724
2,1,control,14:07:50.151,6.1519393939393945,3,-3.695778126842725
2,1,control,14:07:50.153,6.153141414141414,3,-0.1827108149661924
2,1,control,14:07:50.154,6.154343434343435,3,-13.670019111980544
2,1,control,14:07:50.155,6.155545454545455,3,-12.157701335016014
2,1,control,14:07:50.156,6.156747474747474,3,10.854244219603416
2,1,control,14:07:50.157,6.157949494949495,3,9.365819275816976
2,1,control,14:07:50.159,6.159151515151515,3,-11.122974422705113
2,1,control,14:07:50.160,6.160353535353536,3,-4.612135113083703
2,1,control,14:07:50.161,6.161555555555555,3,10.398338986257528
2,1,control,14:07:50.162,6.162757575757576,3,25.40844967509004
2,1,control,14:07:50.163,6.163959595959596,3,-5.081801229111598
2,1,control,14:07:50.165,6.165161616161616,3,-6.072411891652294
2,1,control,14:07:50.166,6.166363636363636,3,-10.563380461089622
2,1,control,14:07:50.167,6.167565656565657,3,-1.054705069697583
2,1,control,14:07:50.168,6.1687676767676765,3,-16.04638383392166
2,1,control,14:07:50.169,6.169969696969697,3,-11.538414854824644
2,1,control,14:07:50.171,6.171171717171717,3,2.96920378147599
2,1,control,14:07:50.172,6.1723737373737375,3,-2.523525996620592
2,1,control,14:07:50.173,6.173575757575757,3,-5.016602246618973
2,1,control,14:07:50.174,6.174777777777778,3,-13.010023012339602
2,1,control,14:07:50.175,6.175979797979798,3,3.9962136756770974
2,1,control,14:07:50.177,6.177181818181818,3,-4.997890200225449
2,1,control,14:07:50.178,6.178383838383838,3,-8.992332645208492
2,1,control,14:07:50.179,6.179585858585859,3,12.012888347681267
2,1,control,14:07:50.180,6.180787878787879,3,-7.982225202861841
2,1,control,14:07:50.181,6.181989898989899,3,-9.477671266768551
2,1,control,14:07:50.183,6.183191919191919,3,-3.473447802953729
2,1,control,14:07:50.184,6.18439393939394,3,-4.469552759668332
2,1,control,14:07:50.185,6.185595959595959,3,-7.465984074844641
2,1,control,14:07:50.270,6.270939393939394,4,18.58859322615922
2,1,control,14:07:50.272,6.272141414141414,4,18.57443088653762
2,1,control,14:07:50.273,6.273343434343435,4,17.060103782524003
2,1,control,14:07:50.274,6.274545454545454,4,25.54561411283157
2,1,control,14:07:50.275,6.275747474747475,4,13.530964072460058
2,1,control,14:07:50.276,6.276949494949495,4,30.0161558525944
2,1,control,14:07:50.278,6.278151515151516,4,20.501191640504537
2,1,control,14:07:50.279,6.279353535353535,4,7.98607361944611
2,1,control,14:07:50.280,6.280555555555556,4,13.97080396856223
2,1,control,14:07:50.281,6.281757575757576,4,0.4553848627860262
2,1,control,14:07:50.282,6.282959595959596,4,14.43981847274425
2,1,control,14:07:50.284,6.284161616161616,4,4.424106964661597
2,1,control,14:07:50.285,6.285363636363637,4,29.408252500266087
2,1,control,14:07:50.286,6.2865656565656565,4,16.392257236695052
2,1,control,14:07:50.287,6.287767676767677,4,15.876123326402087
2,1,control,14:07:50.288,6.288969696969697,4,10.85985291706482
2,1,control,14:07:50.290,6.2901717171717175,4,17.343448151493163
2,1,control,14:07:50.291,6.291373737373737,4,35.8269111675388
2,1,control,14:07:50.292,6.292575757575758,4,31.31024409800483
2,1,control,14:07:50.293,6.293777777777778,4,35.293449070556655
2,1,control,14:07:50.294,6.294979797979798,4,-1.7234717923668867
2,1,control,14:07:50.296,6.296181818181818,4,2.75948362635863
2,1,control,14:07:50.297,6.297383838383839,4,11.7423174384557
2,1,control,14:07:50.298,6.2985858585858585,4,-0.7749682498415922
2,1,control,14:07:50.299,6.299787878787879,4,9.207628662126057
2,1,control,14:07:50.300,6.300989898989899,4,45.190110269357945
2,1,control,14:07:50.302,6.30219191919192,4,12.172478661108316
2,1,control,14:07:50.303,6.303393939393939,4,24.15473592080212
2,1,control,14:07:50.304,6.30459595959596,4,24.636884125951205
2,1,control,14:07:50.305,6.30579797979798,4,2.118925348071201
2,1,control,14:07:50.307,6.307,4,7.600861652598795
2,1,control,14:07:50.308,6.30820202020202,4,8.08269509880968
2,1,control,14:07:50.309,6.309404040404041,4,13.064427739736844
2,1,control,14:07:50.310,6.3106060606060606,4,49.54606162208959
2,1,control,14:07:50.311,6.311808080808081,4,32.02759878617283
2,1,control,14:07:50.313,6.313010101010101,4,41.00904126580704
2,1,control,14:07:50.358,6.358686868686869,5,17.75306633945317
2,1,control,14:07:50.359,6.359888888888889,5,39.23232483747228
2,1,control,14:07:50.361,6.361090909090909,5,10.711563820494618
2,1,control,14:07:50.362,6.36229292929293,5,4.190784992777026
2,1,control,14:07:50.363,6.3634949494949495,5,12.669990049106636
2,1,control,14:07:50.364,6.36469696969697,5,6.649180674738524
2,1,control,14:07:50.365,6.36589898989899,5,21.128358545333903
2,1,control,14:07:50.367,6.367101010101011,5,23.10752532689886
2,1,control,14:07:50.368,6.36830303030303,5,-2.4133173242765764
2,1,control,14:07:50.369,6.369505050505051,5,14.565832238321164
2,1,control,14:07:50.370,6.370707070707071,5,9.54497565136927
2,1,control,14:07:50.371,6.371909090909091,5,26.02411454164905
2,1,control,14:07:50.373,6.373111111111111,5,-2.9967494740130576
2,1,control,14:07:50.374,6.374313131313132,5,8.482385211196032
2,1,control,14:07:50.375,6.375515151515152,5,15.461520194018028
2,1,control,14:07:50.376,6.376717171717172,5,36.44065706106575
2,1,control,14:07:50.377,6.377919191919192,5,37.41979738876611
2,1,control,14:07:50.379,6.379121212121213,5,10.89894274330362
2,1,control,14:07:50.380,6.380323232323232,5,8.878094680564459
2,1,control,14:07:50.381,6.381525252525253,5,21.35725474608085
2,1,control,14:07:50.382,6.382727272727273,5,-4.663575525023596
2,1,control,14:07:50.383,6.3839292929292935,5,6.315605391911404
2,1,control,14:07:50.385,6.385131313131313,5,2.294799011029241
2,1,control,14:07:50.386,6.386333333333334,5,14.274006835902888
2,1,control,14:07:50.387,6.387535353535354,5,0.7532303594823659
2,1,control,14:07:50.388,6.388737373737374,5,13.732471064042317
2,1,control,14:07:50.389,6.389939393939394,5,8.211730421130653
2,1,control,14:07:50.391,6.391141414141415,5,7.191009891517268
2,1,control,14:07:50.392,6.392343434343434,5,17.17031092514383
2,1,control,14:07:50.498,6.498121212121212,6,0.0726784125950104
2,1,control,14:07:50.499,6.499323232323232,6,-5.941714806604466
2,1,control,14:07:50.500,6.500525252525253,6,-6.456004560986656
2,1,control,14:07:50.501,6.501727272727273,6,0.0298094992114954
2,1,control,14:07:50.502,6.502929292929293,6,-6.984272288351299
2,1,control,14:07:50.504,6.504131313131313,6,5.001750401908858
2,1,control,14:07:50.505,6.505333333333334,6,5.487877883531631
2,1,control,14:07:50.506,6.506535353535353,6,-12.525889541956069
2,1,control,14:07:50.507,6.507737373737374,6,-17.03955158500751
2,1,control,14:07:50.508,6.508939393939394,6,-3.553107968022651
2,1,control,14:07:50.510,6.510141414141415,6,0.4334415746863911
2,1,control,14:07:50.511,6.511343434343434,6,8.920097296930813
2,1,control,14:07:50.512,6.512545454545455,6,-0.593140559318357
2,1,control,14:07:50.513,6.513747474747475,6,3.393728236107215
2,1,control,14:07:50.514,6.514949494949495,6,3.8807039016115823
2,1,control,14:07:50.516,6.516151515151515,6,2.3677866438740125
2,1,control,14:07:50.517,6.517353535353536,6,-19.14502334211064
2,1,control,14:07:50.518,6.518555555555555,6,7.842274127009524
2,1,control,14:07:50.519,6.519757575757576,6,10.329679222985682
2,1,control,14:07:50.520,6.520959595959596,6,-3.1828078939881905
2,1,control,14:07:50.522,6.5221616161616165,6,3.3048129247687967
2,1,control,14:07:50.523,6.523363636363636,6,-8.707458183530107
2,1,control,14:07:50.524,6.524565656565657,6,-10.71962109309326
2,1,control,14:07:50.525,6.525767676767677,6,2.76832431049678
2,1,control,14:07:50.526,6.526969696969697,6,2.7563781303311714
2,1,control,14:07:50.528,6.528171717171717,6,-11.255459541775942
2,1,control,14:07:50.529,6.529373737373738,6,20.73281137476247
2,1,control,14:07:50.530,6.5305757575757575,6,-5.278809050642586
2,1,control,14:07:50.531,6.531777777777778,6,-8.29032075970435
2,1,control,14:07:50.532,6.532979797979798,6,1.1982762947926917
2,1,control,14:07:50.534,6.5341818181818185,6,-14.31301785095355
2,1,control,14:07:50.535,6.535383838383838,6,-1.3242031717079854
2,1,control,14:07:50.536,6.536585858585859,6,-1.835279653142777
2,1,control,14:07:50.537,6.537787878787879,6,-1.8462472917807773
2,1,control,14:07:50.538,6.538989898989899,6,-14.357106094938104
2,1,control,14:07:50.540,6.540191919191919,6,-8.867856080665788
2,1,control,14:07:50.541,6.54139393939394,6,-8.378497277690535
2,1,control,14:07:50.542,6.54259595959596,6,-2.8890297253545683
2,1,control,14:07:50.543,6.54379797979798,6,11.600546526445363
2,1,control,14:07:50.545,6.545,6,9.090231417319927
2,1,control,14:07:50.546,6.546202020202021,6,-8.919975123550024
2,1,control,14:07:50.547,6.54740404040404,6,-11.430073177349811
2,1,control,14:07:50.548,6.548606060606061,6,-1.440062835566387
2,1,control,14:07:50.549,6.549808080808081,6,-22.449944199922943
2,1,control,14:07:50.551,6.551010101010101,6,3.0402826176872395
2,1,control,14:07:50.552,6.552212121212121,6,-8.969382504732025
2,1,control,14:07:50.553,6.553414141414142,6,-9.478939699212011
2,1,control,14:07:50.554,6.554616161616162,6,-8.488389107750265
2,1,control,14:07:50.555,6.555818181818182,6,-12.497730882241108
2,1,control,14:07:50.557,6.557020202020202,6,-7.0069651844051535
2,1,control,14:07:50.558,6.558222222222223,6,-2.5160921857182217
2,1,control,14:07:50.559,6.559424242424242,6,2.974887932660778
2,1,control,14:07:50.560,6.560626262626263,6,3.465974979962532
2,1,control,14:07:50.561,6.561828282828283,6,7.957168755881021
2,1,control,14:07:50.563,6.563030303030303,6,-1.0515309493522054
2,1,control,14:07:50.564,6.564232323232323,6,13.439875645107172
2,1,control,14:07:50.565,6.565434343434344,6,-17.06861168920787
2,1,control,14:07:50.566,6.566636363636364,6,-7.576993189999023
2,1,control,14:07:50.619,6.619525252525253,7,3.6538815229857695
2,1,control,14:07:50.620,6.620727272727273,7,11.64988299381909
2,1,control,14:07:50.621,6.621929292929293,7,11.645970849107115
2,1,control,14:07:50.623,6.623131313131314,7,8.642144515490173
2,1,control,14:07:50.624,6.624333333333333,7,23.63840341476429
2,1,control,14:07:50.625,6.625535353535354,7,-5.365253036016817
2,1,control,14:07:50.626,6.626737373737374,7,10.631174575560545
2,1,control,14:07:50.627,6.6279393939393945,7,10.627685657372552
2,1,control,14:07:50.629,6.629141414141414,7,37.62427961286064
2,1,control,14:07:50.630,6.630343434343435,7,50.620955841134375
2,1,control,14:07:50.631,6.631545454545455,7,7.117713737074638
2,1,control,14:07:50.632,6.632747474747475,7,3.614552691436913
2,1,control,14:07:50.633,6.633949494949495,7,7.111472090954777
2,1,control,14:07:50.635,6.635151515151516,7,7.108471318443584
2,1,control,14:07:50.636,6.636353535353536,7,7.105549752904203
2,1,control,14:07:50.637,6.637555555555556,7,1.6027067696269768
2,1,control,14:07:50.638,6.638757575757576,7,45.59994174029576
2,1,control,14:07:50.685,6.685636363636363,8,-5.954091397394286
2,1,control,14:07:50.686,6.686838383838384,8,-8.954282019010051
2,1,control,14:07:50.688,6.688040404040404,8,5.045577732563302
2,1,control,14:07:50.689,6.689242424242424,8,-9.95451282874933
2,1,control,14:07:50.690,6.690444444444444,8,7.54544561178303
2,1,control,14:07:50.691,6.691646464646465,8,1.045452369794532
2,1,control,14:07:50.692,6.692848484848485,8,-5.954493238080822
2,1,control,14:07:50.694,6.694050505050505,8,-3.454391894112973
2,1,control,14:07:50.695,6.695252525252525,8,-7.454244279380063
2,1,control,14:07:50.696,6.696454545454546,8,1.0459489263268722
2,1,control,14:07:50.697,6.697656565656565,8,-11.453812955401304
2,1,control,14:07:50.698,6.698858585858586,8,-3.953530601497505
2,1,control,14:07:50.700,6.700060606060606,8,-7.953204687324629
2,1,control,14:07:50.701,6.7012626262626265,8,-25.45283588658225
2,1,control,14:07:50.702,6.702464646464646,8,-11.952424871213845
2,1,control,14:07:50.703,6.703666666666667,8,-14.451972311314575
2,1,control,14:07:50.704,6.704868686868687,8,-7.9514788750396335
2,1,control,14:07:50.706,6.706070707070707,8,-16.450945228513056
2,1,control,14:07:50.707,6.707272727272727,8,6.549627964262747
2,1,control,14:07:50.708,6.708474747474748,8,-4.9497599585029874
2,1,control,14:07:50.709,6.709676767676768,8,-7.449109656300045
2,1,control,14:07:50.710,6.710878787878788,8,13.551578213771563
2,1,control,14:07:50.712,6.712080808080808,8,-20.947697002910267
2,1,control,14:07:50.713,6.7132828282828285,8,-1.4469359584022286
2,1,control,14:07:50.714,6.714484848484848,8,-19.946139302108683
2,1,control,14:07:50.715,6.715686868686869,8,-15.445307680695445
2,1,control,14:07:50.716,6.716888888888889,8,10.555558261995792
2,1,control,14:07:50.718,6.718090909090909,8,-11.44354211496762
2,1,control,14:07:50.719,6.719292929292929,8,-21.442609449525087
2,1,control,14:07:50.720,6.72049494949495,8,-8.441644376539202
2,1,control,14:07:50.721,6.7216969696969695,8,-9.440647527712912
2,1,control,14:07:50.722,6.72289898989899,8,-3.939619531507411
2,1,control,14:07:50.724,6.72410101010101,8,8.561438986939272
2,1,control,14:07:50.725,6.725303030303031,8,-17.937472594107042
2,1,control,14:07:50.726,6.72650505050505,8,-8.936354892896745
2,1,control,14:07:50.727,6.727707070707071,8,-21.935208524117293
2,1,control,14:07:50.728,6.728909090909091,8,-19.434034098814728
2,1,control,14:07:50.730,6.730111111111111,8,-7.43283222431608
2,1,control,14:07:50.731,6.731313131313131,8,-4.931603504152456
2,1,control,14:07:50.732,6.732515151515152,8,-10.430348537982988
2,1,control,14:07:50.733,6.733717171717172,8,-2.929067921519497
2,1,control,14:07:50.734,6.734919191919192,8,-9.927762246452096
2,1,control,14:07:50.736,6.736121212121212,8,-11.42643210037545
2,1,control,14:07:50.737,6.737323232323233,8,-19.425078066716
2,1,control,14:07:50.738,6.738525252525252,8,-3.4237007246599163
2,1,control,14:07:50.739,6.739727272727273,8,-15.422300649082018
2,1,control,14:07:50.740,6.740929292929293,8,-9.920878410475382
2,1,control,14:07:50.742,6.742131313131313,8,-2.919434574881976
2,1,control,14:07:50.743,6.743333333333333,8,-12.917969703824063
2,1,control,14:07:50.744,6.744535353535354,8,-11.416484354236507
2,1,control,14:07:50.745,6.745737373737374,8,-10.914979078399988
2,1,control,14:07:50.746,6.746939393939394,8,3.5865455761249194
2,1,control,14:07:50.748,6.748141414141414,8,-4.911910933437262
2,1,control,14:07:50.749,6.749343434343435,8,-13.410349145012823
2,1,control,14:07:50.750,6.750545454545454,8,3.0912304083843054
2,1,control,14:07:50.751,6.751747474747475,8,-15.907172801285192
2,1,control,14:07:50.752,6.752949494949495,8,-5.905559297024752
2,1,control,14:07:50.754,6.754151515151516,8,-21.90392959674152
2,1,control,14:07:50.755,6.755353535353535,8,8.597715786813055
2,1,control,14:07:50.756,6.756555555555556,8,-0.9006236538983714
2,1,control,14:07:50.819,6.819060606060607,9,-11.803986494745203
2,1,control,14:07:50.820,6.820262626262626,9,4.697906085824613
2,1,control,14:07:50.821,6.821464646464647,9,-1.8002046083336225
2,1,control,14:07:50.822,6.822666666666667,9,9.201681261491425
2,1,control,14:07:50.823,6.823868686868687,9,-2.796436459201203
2,1,control,14:07:50.825,6.825070707070707,9,5.205442081871006
2,1,control,14:07:50.826,6.826272727272728,9,1.2073167437686578
2,1,control,14:07:50.827,6.827474747474748,9,-3.790812607676024
2,1,control,14:07:50.828,6.828676767676768,9,28.211053900133063
2,1,control,14:07:50.829,6.829878787878788,9,9.212916146547109
2,1,control,14:07:50.831,6.8310808080808085,9,3.714774017662357
2,1,control,14:07:50.832,6.832282828282828,9,-2.783372593691034
2,1,control,14:07:50.833,6.833484848484849,9,12.718476212038702
2,1,control,14:07:50.834,6.834686868686869,9,0.7203203411114742
2,1,control,14:07:50.835,6.835888888888889,9,18.72215970648073
2,1,control,14:07:50.837,6.837090909090909,9,-2.7760057722223124
2,1,control,14:07:50.838,6.83829292929293,9,-2.7741761687055515
2,1,control,14:07:50.839,6.8394949494949495,9,-0.7723515500340739
2,1,control,14:07:50.840,6.84069696969697,9,11.22946802335067
2,1,control,14:07:50.841,6.84189898989899,9,2.731282497610529
2,1,control,14:07:50.843,6.843101010101011,9,13.233091825489185
2,1,control,14:07:50.844,6.84430303030303,9,9.734895966289564
2,1,control,14:07:50.845,6.845505050505051,9,6.236694885850106
2,1,control,14:07:50.846,6.846707070707071,9,7.738488556519876
2,1,control,14:07:50.847,6.847909090909091,9,22.74027695713263
2,1,control,14:07:50.849,6.849111111111111,9,11.742060072979683
2,1,control,14:07:50.850,6.850313131313132,9,-6.256162104218284
2,1,control,14:07:50.851,6.851515151515152,9,30.24561042365942
2,1,control,14:07:50.852,6.852717171717172,9,1.7473776611030658
2,1,control,14:07:50.853,6.853919191919192,9,1.749139618940987
2,1,control,14:07:50.855,6.855121212121213,9,19.250896314306885
2,1,control,14:07:50.856,6.856323232323232,9,8.252647770606139
2,1,control,14:07:50.857,6.857525252525253,9,1.754394017480955
2,1,control,14:07:50.899,6.89959595959596,10,17.812897289349763
2,1,control,14:07:50.900,6.90079797979798,10,35.314524794123535
2,1,control,14:07:50.902,6.902,10,33.816152156873834
2,1,control,14:07:50.903,6.90320202020202,10,11.317779608239375
2,1,control,14:07:50.904,6.9044040404040405,10,13.819407382951283
2,1,control,14:07:50.905,6.90560606060606,10,8.321035719760076
2,1,control,14:07:50.906,6.906808080808081,10,19.32266486136184
2,1,control,14:07:50.908,6.908010101010101,10,13.324295054323583
2,1,control,14:07:50.909,6.909212121212121,10,16.325926549007946
2,1,control,14:07:50.910,6.910414141414141,10,52.327559599497015
2,1,control,14:07:50.911,6.911616161616162,10,50.32919446351554
2,1,control,14:07:50.912,6.9128181818181815,10,27.83083140235334
2,1,control,14:07:50.914,6.914020202020202,10,30.832470680787
2,1,control,14:07:50.915,6.915222222222222,10,30.334112567000908
2,1,control,14:07:50.916,6.916424242424243,10,9.835757332507583
2,1,control,14:07:50.917,6.917626262626262,10,44.337405252067285
2,1,control,14:07:50.918,6.918828282828283,10,19.339056603606984
2,1,control,14:07:50.920,6.920030303030303,10,11.840711668138702
2,1,control,14:07:50.921,6.921232323232323,10,6.342370729677143
2,1,control,14:07:50.922,6.922434343434343,10,4.844034075156742
2,1,control,14:07:50.923,6.923636363636364,10,16.345701994348083
2,1,control,14:07:50.924,6.924838383838384,10,22.347374779773663
2,1,control,14:07:50.926,6.926040404040404,10,35.84905272662314
2,1,control,14:07:50.927,6.927242424242424,10,-4.649263867332081
2,1,control,14:07:50.928,6.928444444444445,10,6.852425298175184
2,1,control,14:07:50.929,6.929646464646464,10,45.854120525821415
2,1,control,14:07:50.930,6.930848484848485,10,22.855822120605296
2,1,control,14:07:50.932,6.932050505050505,10,22.35753038976012
2,1,control,14:07:50.933,6.933252525252525,10,40.85924564266568
2,1,control,14:07:50.934,6.934454545454545,10,35.36096819075962
2,1,control,14:07:50.935,6.935656565656566,10,35.86269834744831
2,1,control,14:07:50.936,6.936858585858586,10,50.36443642801724
2,1,control,14:07:50.975,6.975323232323232,11,31.426189139498103
2,1,control,14:07:50.976,6.976525252525253,11,21.92837243062843
2,1,control,14:07:50.977,6.977727272727273,11,-5.069425181421934
2,1,control,14:07:50.978,6.978929292929293,11,52.43279662521385
2,1,control,14:07:50.980,6.980131313131313,11,16.435038170851925
2,1,control,14:07:50.981,6.981333333333334,11,24.43729977416036
2,1,control,14:07:50.982,6.982535353535353,11,20.939581752061663
2,1,control,14:07:50.983,6.983737373737374,11,32.94188441963553
2,1,control,14:07:50.984,6.984939393939394,11,47.9442080900216
2,1,control,14:07:50.986,6.986141414141414,11,16.94655307432236
2,1,control,14:07:50.987,6.987343434343434,11,15.448919681506226
2,1,control,14:07:50.988,6.988545454545455,11,13.951308218310729
2,1,control,14:07:50.989,6.989747474747475,11,25.953718989145884
2,1,control,14:07:50.990,6.990949494949495,11,11.456152295997768
2,1,control,14:07:50.992,6.992151515151515,11,10.458608438332275
2,1,control,14:07:50.993,6.993353535353536,11,23.46108771299908
2,1,control,14:07:50.994,6.994555555555555,11,18.963590414135886
2,1,control,14:07:50.995,6.995757575757576,11,34.46611683307286
2,1,control,14:07:50.996,6.996959595959596,11,15.468667258237382
2,1,control,14:07:50.998,6.9981616161616165,11,17.971241975059044
2,1,control,14:07:50.999,6.999363636363636,11,38.973841265874974
2,1,control,14:07:51.000,7.000565656565657,11,-0.0235345901645374
2,1,control,14:07:51.001,7.001767676767677,11,13.979114682809907
2,1,control,14:07:51.002,7.002969696969697,11,15.981789357293124
2,1,control,14:07:51.004,7.004171717171717,11,15.984489702312018
2,1,control,14:07:51.005,7.005373737373738,11,24.987215983332632
2,1,control,14:07:51.006,7.0065757575757575,11,14.98996846216756
2,1,control,14:07:51.007,7.007777777777778,11,31.492747396883843
2,1,control,14:07:51.008,7.008979797979798,11,12.495553041711212
2,1,control,14:07:51.010,7.0101818181818185,11,24.99838564695085
2,1,control,14:07:51.011,7.011383838383838,11,9.501245458884512
2,1,control,14:07:51.012,7.012585858585859,11,-2.9958672803157214
2,1,control,14:07:51.013,7.013787878787879,11,32.0070476673226
2,1,control,14:07:51.014,7.014989898989899,11,17.009990535483055
2,1,control,14:07:51.016,7.016191919191919,11,18.01296155347147
2,1,control,14:07:51.017,7.01739393939394,11,22.51596094612767
2,1,control,14:07:51.018,7.01859595959596,11,4.018988933737738
2,1,control,14:07:51.019,7.01979797979798,11,4.022045731946911
2,1,control,14:07:51.021,7.021,11,13.02513155167297
2,1,control,14:07:51.076,7.076292929292929,12,23.70092723122506
2,1,control,14:07:51.077,7.07749494949495,12,16.20550964684405
2,1,control,14:07:51.078,7.07869696969697,12,-5.789875860280752
2,1,control,14:07:51.079,7.07989898989899,12,19.71477059955103
2,1,control,14:07:51.081,7.08110101010101,12,25.71944890807444
2,1,control,14:07:51.082,7.082303030303031,12,9.224158939022644
2,1,control,14:07:51.083,7.0835050505050505,12,14.728900558091697
2,1,control,14:07:51.084,7.084707070707071,12,-1.266326377093378
2,1,control,14:07:51.085,7.085909090909091,12,-1.7615220170110604
2,1,control,14:07:51.087,7.087111111111112,12,3.2433134797254226
2,1,control,14:07:51.088,7.088313131313131,12,17.248179946338382
2,1,control,14:07:51.089,7.089515151515152,12,12.753077207857253
2,1,control,14:07:51.090,7.090717171717172,12,11.758005081091577
2,1,control,14:07:51.091,7.091919191919192,12,4.262963374605455
2,1,control,14:07:51.093,7.093121212121212,12,8.76795188869341
2,1,control,14:07:51.094,7.094323232323233,12,4.772970415357612
2,1,control,14:07:51.095,7.095525252525253,12,6.7780187382866615
2,1,control,14:07:51.096,7.096727272727273,12,16.283096632835722
2,1,control,14:07:51.097,7.097929292929293,12,-0.7117961339918182
2,1,control,14:07:51.099,7.099131313131314,12,12.793340196438798
2,1,control,14:07:51.100,7.100333333333333,12,3.798505374378223
2,1,control,14:07:51.101,7.101535353535354,12,-10.196300858320804
2,1,control,14:07:51.102,7.102737373737374,12,-15.191078768215943
2,1,control,14:07:51.103,7.103939393939394,12,27.314171369713904
2,1,control,14:07:51.105,7.105141414141414,12,-5.180550727940812
2,1,control,14:07:51.106,7.106343434343435,12,7.324754646971918
2,1,control,14:07:51.107,7.107545454545455,12,5.830087194159297
2,1,control,14:07:51.108,7.108747474747475,12,-3.664553395120969
2,1,control,14:07:51.109,7.109949494949495,12,2.34083256193604
2,1,control,14:07:51.111,7.111151515151516,12,-9.153755260319066
2,1,control,14:07:51.112,7.112353535353535,12,4.851682804009819
2,1,control,14:07:51.113,7.113555555555556,12,7.8571464123659
2,1,control,14:07:51.114,7.114757575757576,12,0.8626352137425357
2,1,control,14:07:51.115,7.1159595959595965,12,-4.131851151312084
2,1,control,14:07:51.117,7.117161616161616,12,18.373686949311384
2,1,control,14:07:51.118,7.118363636363637,12,5.379249139291282
2,1,control,14:07:51.119,7.119565656565657,12,55.38483503388452
2,1,control,14:07:51.120,7.120767676767677,12,17.39044423993765
2,1,control,14:07:51.121,7.121969696969697,12,20.39607635589964
2,1,control,14:07:51.123,7.123171717171718,12,10.401730971836251
2,1,control,14:07:51.124,7.1243737373737375,12,-0.5925923305538987
2,1,control,14:07:51.125,7.125575757575758,12,-6.586893977921733
2,1,control,14:07:51.126,7.126777777777778,12,-2.5811744052483334
2,1,control,14:07:51.127,7.127979797979799,12,-2.575434055824026
2,1,control,14:07:51.129,7.129181818181818,12,16.430326618774302
2,1,control,14:07:51.130,7.130383838383839,12,41.93610715870747
2,1,control,14:07:51.131,7.131585858585859,12,-6.058092904100043
2,1,control,14:07:51.132,7.132787878787879,12,1.4477259540675789
2,1,control,14:07:51.133,7.133989898989899,12,13.953563248746754
2,1,control,14:07:51.135,7.13519191919192,12,17.459418487325564
2,1,control,14:07:51.136,7.13639393939394,12,10.465291169076352
2,1,control,14:07:51.137,7.13759595959596,12,-4.028819214809815
2,1,control,14:07:51.138,7.13879797979798,12,6.477086818812808
2,1,control,14:07:51.140,7.14,12,1.9830087450825216
2,1,control,14:07:51.141,7.14120202020202,12,12.988946031169526
2,1,control,14:07:51.142,7.14240404040404,12,-3.5051018636828672
2,1,control,14:07:51.143,7.143606060606061,12,2.000864511884608
2,1,control,14:07:51.144,7.1448080808080805,12,1.0068446013917267
2,1,control,14:07:51.146,7.146010101010101,12,0.0128378405650337
2,1,control,14:07:51.147,7.147212121212121,12,4.018843657385808
2,1,control,14:07:51.148,7.1484141414141416,12,8.024861472139776
2,1,control,14:07:51.149,7.149616161616161,12,24.03089069746845
2,1,control,14:07:51.150,7.150818181818182,12,16.536930738422285
2,1,control,14:07:51.152,7.152020202020202,12,-9.457019007484575
2,1,control,14:07:51.153,7.153222222222222,12,30.049040849782287
2,1,control,14:07:51.154,7.154424242424242,12,17.555109692835735
2,1,control,14:07:51.155,7.155626262626263,12,2.06118689692709
2,1,control,14:07:51.156,7.1568282828282825,12,-0.9327281699922878
2,1,control,14:07:51.158,7.158030303030303,12,2.5733638527924256
2,1,control,14:07:51.159,7.159232323232323,12,-3.920537681175453
2,1,control,14:07:51.160,7.160434343434344,12,31.585566574542696
2,1,control,14:07:51.161,7.161636363636363,12,13.09167595934926
2,1,control,14:07:51.162,7.162838383838384,12,30.097789805680605
2,1,control,14:07:51.164,7.164040404040404,12,5.603907439078938
2,1,control,14:07:51.165,7.165242424242424,12,24.110028178265928
2,1,control,14:07:51.166,7.166444444444444,12,15.116151335217983
2,1,control,14:07:51.222,7.222939393939394,13,5.39264808916321
2,1,control,14:07:51.224,7.224141414141414,13,5.39796909225462
2,1,control,14:07:51.225,7.225343434343435,13,-0.0967474503512804
2,1,control,14:07:51.226,7.226545454545454,13,43.90849756790548
2,1,control,14:07:51.227,7.227747474747475,13,7.9137032527790225
2,1,control,14:07:51.228,7.228949494949495,13,8.918868709370471
2,1,control,14:07:51.230,7.230151515151515,13,8.923993042281907
2,1,control,14:07:51.231,7.231353535353535,13,13.92907535577151
2,1,control,14:07:51.232,7.232555555555556,13,2.934114753909768
2,1,control,14:07:51.233,7.233757575757576,13,12.43911034073676
2,1,control,14:07:51.234,7.234959595959596,13,6.944061220420544
2,1,control,14:07:51.236,7.236161616161616,13,10.94896649741657
2,1,control,14:07:51.237,7.237363636363637,13,2.453825276628109
2,1,control,14:07:51.238,7.238565656565656,13,19.95863666356769
2,1,control,14:07:51.239,7.239767676767677,13,10.46339976451958
2,1,control,14:07:51.240,7.240969696969697,13,21.96811368670309
2,1,control,14:07:51.242,7.242171717171717,13,9.972777538437017
2,1,control,14:07:51.243,7.243373737373737,13,-8.522609570695217
2,1,control,14:07:51.244,7.244575757575758,13,13.481951470320697
2,1,control,14:07:51.245,7.245777777777778,13,4.486459774096907
2,1,control,14:07:51.246,7.246979797979798,13,-4.009085544988672
2,1,control,14:07:51.248,7.248181818181818,13,8.99531462937631
2,1,control,14:07:51.249,7.249383838383839,13,44.49965941560819
2,1,control,14:07:51.250,7.250585858585858,13,8.003947934397587
2,1,control,14:07:51.251,7.251787878787879,13,9.508179308880436
2,1,control,14:07:51.257,7.25779797979798,14,21.52844851933255
2,1,control,14:07:51.259,7.259,14,40.53231877250287
2,1,control,14:07:51.260,7.26020202020202,14,4.036125826304456
2,1,control,14:07:51.261,7.261404040404041,14,38.53986882967693
2,1,control,14:07:51.262,7.2626060606060605,14,3.0435469355747813
2,1,control,14:07:51.263,7.263808080808081,14,6.54715930114466
2,1,control,14:07:51.265,7.265010101010101,14,-0.9492949120968815
2,1,control,14:07:51.266,7.266212121212122,14,16.054183461914768
2,1,control,14:07:51.267,7.267414141414141,14,16.057593593970907
2,1,control,14:07:51.268,7.268616161616162,14,35.5609346597685
2,1,control,14:07:51.269,7.269818181818182,14,21.064205840089528
2,1,control,14:07:51.271,7.271020202020202,14,46.06740632098072
2,1,control,14:07:51.272,7.272222222222222,14,38.57053529393347
2,1,control,14:07:51.273,7.273424242424243,14,24.07359195606421
2,1,control,14:07:51.274,7.2746262626262626,14,20.576575510294845
2,1,control,14:07:51.275,7.275828282828283,14,25.079485165533555
2,1,control,14:07:51.277,7.277030303030303,14,22.58232013685565
2,1,control,14:07:51.278,7.278232323232324,14,24.085079645684715
2,1,control,14:07:51.279,7.279434343434343,14,6.587762919973741
2,1,control,14:07:51.280,7.280636363636364,14,14.090369194386511
2,1,control,14:07:51.281,7.281838383838384,14,47.59289771047887
2,1,control,14:07:51.283,7.283040404040404,14,42.59534771688019
2,1,control,14:07:51.284,7.284242424242424,14,39.59771846947472
2,1,control,14:07:51.285,7.285444444444445,14,42.10000923158295
2,1,control,14:07:51.286,7.286646464646465,14,33.10221927414291
2,1,control,14:07:51.287,7.287848484848485,14,29.604347875891392
2,1,control,14:07:51.325,7.325111111111111,15,19.6264246346418
2,1,control,14:07:51.326,7.326313131313132,15,-4.874377657069623
2,1,control,14:07:51.327,7.327515151515151,15,-15.875279650883208
2,1,control,14:07:51.328,7.328717171717172,15,-2.376281698064872
2,1,control,14:07:51.329,7.329919191919192,15,1.122615863927507
2,1,control,14:07:51.331,7.331121212121213,15,-2.87858728840196
2,1,control,14:07:51.332,7.332323232323232,15,-13.37989146443465
2,1,control,14:07:51.333,7.333525252525253,15,-16.88129695928646
2,1,control,14:07:51.334,7.334727272727273,15,-5.3828040536582975
2,1,control,14:07:51.335,7.335929292929293,15,-15.38441301368826
2,1,control,14:07:51.337,7.337131313131313,15,-9.386124090805351
2,1,control,14:07:51.338,7.338333333333334,15,-6.887937521584924
2,1,control,14:07:51.339,7.339535353535354,15,-5.389853527605794
2,1,control,14:07:51.340,7.340737373737374,15,8.108127684690835
2,1,control,14:07:51.341,7.341939393939394,15,2.60600592414076
2,1,control,14:07:51.343,7.343141414141415,15,-2.396218985005774
2,1,control,14:07:51.344,7.344343434343434,15,-3.398547202948436
2,1,control,14:07:51.345,7.345545454545455,15,-4.900978874203098
2,1,control,14:07:51.346,7.346747474747475,15,-12.903514127470103
2,1,control,14:07:51.347,7.347949494949495,15,-9.406153075504513
2,1,control,14:07:51.349,7.349151515151515,15,-7.908895814988405
2,1,control,14:07:51.350,7.350353535353536,15,11.088257573594769
2,1,control,14:07:51.351,7.351555555555556,15,-7.914692973916345
2,1,control,14:07:51.352,7.352757575757576,15,-15.41774750523966
2,1,control,14:07:51.353,7.353959595959596,15,-10.920906051530524
2,1,control,14:07:51.355,7.355161616161617,15,16.075831372735166
2,1,control,14:07:51.356,7.356363636363636,15,-7.927535230124491
2,1,control,14:07:51.357,7.357565656565657,15,8.568994159114851
2,1,control,14:07:51.358,7.358767676767677,15,-14.434580423306327
2,1,control,14:07:51.359,7.3599696969696975,15,0.5617410759759949
2,1,control,14:07:51.361,7.361171717171717,15,-3.4420412724455787
2,1,control,14:07:51.362,7.362373737373738,15,-1.9459273806474613
2,1,control,14:07:51.363,7.363575757575758,15,5.550082856724906
2,1,control,14:07:51.375,7.37559595959596,16,18.00452006499473
2,1,control,14:07:51.376,7.37679797979798,16,22.4994021343804
2,1,control,14:07:51.378,7.378,16,22.494183205922937
2,1,control,14:07:51.379,7.379202020202021,16,21.98886361943728
2,1,control,14:07:51.380,7.38040404040404,16,23.983443733277305
2,1,control,14:07:51.381,7.381606060606061,16,31.97792392439249
2,1,control,14:07:51.382,7.382808080808081,16,24.972304588381377
2,1,control,14:07:51.384,7.384010101010102,16,25.46658613954176
2,1,control,14:07:51.385,7.385212121212121,16,31.960769010917588
2,1,control,14:07:51.386,7.386414141414141,16,30.954853654342514
2,1,control,14:07:51.387,7.387616161616162,16,10.448840540480049
2,1,control,14:07:51.388,7.388818181818181,16,21.94273015886036
2,1,control,14:07:51.390,7.390020202020202,16,30.93652301791345
2,1,control,14:07:51.391,7.391222222222222,16,29.930219644999084
2,1,control,14:07:51.392,7.392424242424243,16,29.423820586432896
2,1,control,14:07:51.393,7.393626262626262,16,18.91732640750909
2,1,control,14:07:51.394,7.394828282828283,16,39.91073769251948
2,1,control,14:07:51.396,7.396030303030303,16,27.9040550447688
2,1,control,14:07:51.397,7.397232323232323,16,29.897279086586423
2,1,control,14:07:51.420,7.420070707070707,17,1.2517736373801114
2,1,control,14:07:51.421,7.421272727272727,17,2.243291396617309
2,1,control,14:07:51.422,7.422474747474747,17,4.234733288277191
2,1,control,14:07:51.423,7.423676767676768,17,17.2261003482015
2,1,control,14:07:51.424,7.424878787878788,17,10.717393630415678
2,1,control,14:07:51.426,7.426080808080808,17,0.2086142070405259
2,1,control,14:07:51.427,7.427282828282828,17,-1.3002368318007456
2,1,control,14:07:51.428,7.428484848484849,17,4.690841621919901
2,1,control,14:07:51.429,7.429686868686868,17,15.681850694033116
2,1,control,14:07:51.430,7.430888888888889,17,-4.827208471934767
2,1,control,14:07:51.432,7.432090909090909,17,6.163665285126669
2,1,control,14:07:51.433,7.4332929292929295,17,0.6544731437955207
2,1,control,14:07:51.434,7.434494949494949,17,9.64521629999647
2,1,control,14:07:51.435,7.43569696969697,17,30.1358959668748
2,1,control,14:07:51.436,7.43689898989899,17,1.1265133746656986
2,1,control,14:07:51.438,7.43810101010101,17,15.617069770558558
2,1,control,14:07:51.439,7.43930303030303,17,-5.892433581443406
2,1,control,14:07:51.440,7.440505050505051,17,18.59800459933134
2,1,control,14:07:51.441,7.4417070707070705,17,-7.411614389927557
2,1,control,14:07:51.442,7.442909090909091,17,20.07871076433229
2,1,control,14:07:51.444,7.444111111111111,17,-2.4310186081341527
2,1,control,14:07:51.445,7.4453131313131315,17,-1.4408011615346226
2,1,control,14:07:51.446,7.446515151515151,17,10.549364465790212
2,1,control,14:07:51.447,7.447717171717172,17,-0.4605203488086076
2,1,control,14:07:51.448,7.448919191919192,17,-3.4704542124685887
2,1,control,14:07:51.516,7.516232323232323,18,8.94373171239382
2,1,control,14:07:51.517,7.517434343434344,18,2.933689822095765
2,1,control,14:07:51.518,7.518636363636364,18,8.423697316939666
2,1,control,14:07:51.519,7.519838383838384,18,-5.586244002095377
2,1,control,14:07:51.521,7.521040404040404,18,21.40386766113302
2,1,control,14:07:51.522,7.522242424242425,18,5.394034097438819
2,1,control,14:07:51.523,7.523444444444444,18,1.8842570918116264
2,1,control,14:07:51.524,7.524646464646465,18,4.374538422916309
2,1,control,14:07:51.525,7.525848484848485,18,4.364879862588424
2,1,control,14:07:51.527,7.527050505050505,18,7.355283175325447
2,1,control,14:07:51.528,7.528252525252525,18,5.84575011777379
2,1,control,14:07:51.529,7.529454545454546,18,24.83628243821185
2,1,control,14:07:51.530,7.530656565656566,18,1.826881876028935
2,1,control,14:07:51.531,7.531858585858586,18,-5.182449838799698
2,1,control,14:07:51.533,7.533060606060606,18,10.30828901375834
2,1,control,14:07:51.534,7.534262626262627,18,1.2991001432597713
2,1,control,14:07:51.535,7.535464646464646,18,13.789985248249424
2,1,control,14:07:51.536,7.536666666666667,18,-0.719053984280059
2,1,control,14:07:51.537,7.537868686868687,18,8.771984120568348
2,1,control,14:07:51.539,7.5390707070707075,18,5.263101225048629
2,1,control,14:07:51.540,7.540272727272727,18,2.754298978221307
2,1,control,14:07:51.541,7.541474747474748,18,13.745579015399322
2,1,control,14:07:51.542,7.542676767676768,18,4.736942957590912
2,1,control,14:07:51.543,7.543878787878788,18,10.728392410939136
2,1,control,14:07:51.545,7.545080808080808,18,-1.7800710338416297
2,1,control,14:07:51.546,7.546282828282829,18,2.2115541979678284
2,1,control,14:07:51.547,7.547484848484848,18,16.203269664522104
2,1,control,14:07:51.548,7.548686868686869,18,-2.3049230931610296
2,1,control,14:07:51.549,7.549888888888889,18,6.686977448224411
2,1,control,14:07:51.551,7.551090909090909,18,13.178972793695069
2,1,control,14:07:51.552,7.552292929292929,18,21.17106442939816
2,1,control,14:07:51.553,7.55349494949495,18,1.6632538220289843
2,1,control,14:07:51.554,7.55469696969697,18,7.6555424182461635
2,1,control,14:07:51.555,7.55589898989899,18,-6.352068355915399
2,1,control,14:07:51.557,7.55710101010101,18,3.140422904366474
2,1,control,14:07:51.558,7.558303030303031,18,-3.8669824178898367
2,1,control,14:07:51.559,7.55950505050505,18,2.625717037937364
2,1,control,14:07:51.560,7.560707070707071,18,-3.3814773905215034
2,1,control,14:07:51.561,7.561909090909091,18,-2.38856438922354
2,1,control,14:07:51.563,7.563111111111112,18,9.104457331688913
2,1,control,14:07:51.564,7.564313131313131,18,19.59758903728921
2,1,control,14:07:51.565,7.565515151515152,18,13.590831967266062
2,1,control,14:07:51.566,7.566717171717172,18,10.58418733532224
2,1,control,14:07:51.567,7.567919191919192,18,25.077656328572026
2,1,control,14:07:51.569,7.569121212121212,18,4.571240106938227
2,1,control,14:07:51.570,7.570323232323233,18,-15.935060197451882
2,1,control,14:07:51.571,7.571525252525251,18,11.558756519129162
2,1,control,14:07:51.572,7.572727272727273,18,4.052691331404084
2,1,control,14:07:51.573,7.573929292929293,18,27.046745284485887
2,1,control,14:07:51.575,7.575131313131314,18,5.040919393272631
2,1,control,14:07:51.576,7.576333333333333,18,2.5352146418423374
2,1,control,14:07:51.577,7.577535353535354,18,23.529631982848123
2,1,control,14:07:51.578,7.578737373737374,18,5.0241723369136935
2,1,control,14:07:51.579,7.579939393939394,18,4.518836592029281
2,1,control,14:07:51.581,7.581141414141414,18,3.5136256029484585
2,1,control,14:07:51.735,7.735,19,7.1406954591080805
2,1,control,14:07:51.736,7.73620202020202,19,38.64119513706112
2,1,control,14:07:51.737,7.737404040404041,19,9.641513139104845
2,1,control,14:07:51.738,7.7386060606060605,19,10.641644452187222
2,1,control,14:07:51.739,7.739808080808081,19,18.64158407355185
2,1,control,14:07:51.741,7.741010101010101,19,8.641327013386018
2,1,control,14:07:51.742,7.7422121212121215,19,30.64086829753448
2,1,control,14:07:51.743,7.743414141414141,19,-3.8597970297209088
2,1,control,14:07:51.744,7.744616161616162,19,10.639326097185034
2,1,control,14:07:51.745,7.745818181818182,19,10.638232768015309
2,1,control,14:07:51.747,7.747020202020202,19,14.136918099713569
2,1,control,14:07:51.748,7.748222222222222,19,15.63537723945715
2,1,control,14:07:51.749,7.749424242424243,19,9.133605367780431
2,1,control,14:07:51.750,7.7506262626262625,19,-7.36840229822949
2,1,control,14:07:51.751,7.751828282828283,19,16.12934949833467
2,1,control,14:07:51.753,7.753030303030303,19,7.626856057542554
2,1,control,14:07:51.754,7.754232323232324,19,2.12411272604232
2,1,control,14:07:51.755,7.755434343434343,19,42.62111490055311
2,1,control,14:07:51.756,7.756636363636364,19,7.117858031433848
2,1,control,14:07:51.757,7.757838383838384,19,17.61433762633019
2,1,control,14:07:51.759,7.759040404040404,19,2.6105492539001816
2,1,control,14:07:51.760,7.760242424242424,19,-4.3935114523801815
2,1,control,14:07:51.761,7.761444444444445,19,9.10215120967004
2,1,control,14:07:51.762,7.762646464646465,19,15.597533014904933
2,1,control,14:07:51.763,7.763848484848485,19,9.59262981490425
2,1,control,14:07:51.765,7.765050505050505,19,11.087437542109328
2,1,control,14:07:51.766,7.766252525252526,19,9.08195221404464
2,1,control,14:07:51.767,7.767454545454545,19,2.0761699376263607
2,1,control,14:07:51.768,7.768656565656566,19,13.570086913557482
2,1,control,14:07:51.769,7.769858585858586,19,-4.436300559186684
2,1,control,14:07:51.771,7.7710606060606064,19,17.057003921215355
2,1,control,14:07:51.772,7.772262626262626,19,1.049996864097075
2,1,control,14:07:51.773,7.773464646464647,19,9.042674891061942
2,1,control,14:07:51.774,7.774666666666667,19,25.53503474083509
2,1,control,14:07:51.775,7.775868686868687,19,9.027073274209071
2,1,control,14:07:51.777,7.777070707070707,19,6.518787479085937
2,1,control,14:07:51.778,7.778272727272728,19,-1.989825524383648
2,1,control,14:07:51.779,7.779474747474747,19,8.001231521436956
2,1,control,14:07:51.780,7.780676767676768,19,17.99195601700731
2,1,control,14:07:51.781,7.781878787878788,19,20.982345511047527
2,1,control,14:07:51.783,7.783080808080808,19,-3.527602293921575
2,1,control,14:07:51.784,7.784282828282828,19,7.462110464064395
2,1,control,14:07:51.785,7.785484848484849,19,-3.048518187838667
2,1,control,14:07:51.786,7.786686868686869,19,6.940509948570323
2,1,control,14:07:51.787,7.787888888888889,19,8.42919324849867
2,1,control,14:07:51.789,7.789090909090909,19,20.917530270229378
2,1,control,14:07:51.790,7.79029292929293,19,10.905519761300312
2,1,control,14:07:51.791,7.791494949494949,19,15.893160664795424
2,1,control,14:07:51.792,7.79269696969697,19,-1.1195478742527314
2,1,control,14:07:51.793,7.79389898989899,19,20.36739349765436
2,1,control,14:07:51.795,7.79510101010101,19,5.353984349113929
2,1,control,14:07:51.796,7.79630303030303,19,28.84022447057049
2,1,control,14:07:51.797,7.797505050505051,19,13.326113881183671
2,1,control,14:07:51.798,7.798707070707071,19,16.811652835814698
2,1,control,14:07:51.799,7.799909090909091,19,18.296841832134
2,1,control,14:07:51.801,7.801111111111111,19,31.781681617851618
2,1,control,14:07:51.802,7.802313131313132,19,1.7661731980710158
2,1,control,14:07:51.803,7.803515151515151,19,15.250317842768368
2,1,control,14:07:51.804,7.804717171717172,19,19.23411709439821
2,1,control,14:07:51.805,7.805919191919192,19,-2.2824272243715384
2,1,control,14:07:51.807,7.807121212121213,19,1.70068699720359
2,1,control,14:07:51.863,7.863616161616162,20,6.648480987476788
2,1,control,14:07:51.864,7.864818181818182,20,10.125672912377908
2,1,control,14:07:51.866,7.866020202020202,20,-1.396816757938339
2,1,control,14:07:51.867,7.867222222222223,20,-1.418958133118501
2,1,control,14:07:51.868,7.868424242424242,20,1.05927957780424
2,1,control,14:07:51.869,7.869626262626263,20,-11.962071916570808
2,1,control,14:07:51.870,7.870828282828283,20,4.017020027236804
2,1,control,14:07:51.872,7.872030303030304,20,7.496589005068735
2,1,control,14:07:51.873,7.873232323232323,20,15.476669582843918
2,1,control,14:07:51.874,7.874434343434344,20,10.457297314508438
2,1,control,14:07:51.875,7.875636363636364,20,8.438508760225993
2,1,control,14:07:51.876,7.876838383838384,20,-2.579658495190891
2,1,control,14:07:51.878,7.878040404040404,20,19.40283417639353
2,1,control,14:07:51.879,7.879242424242424,20,3.38602646535913
2,1,control,14:07:51.880,7.880444444444445,20,10.869959143499004
2,1,control,14:07:51.881,7.881646464646464,20,5.354674083439818
2,1,control,14:07:51.882,7.882848484848485,20,-4.159785721685353
2,1,control,14:07:51.884,7.884050505050505,20,37.82662386169218
2,1,control,14:07:51.885,7.885252525252525,20,-2.6860518722355664
2,1,control,14:07:51.886,7.886454545454545,20,-0.697766448204419
2,1,control,14:07:51.887,7.887656565656566,20,0.7915278108323136
2,1,control,14:07:51.888,7.888858585858586,20,17.781879804682987
2,1,control,14:07:51.890,7.890060606060606,20,0.7733396771629302
2,1,control,14:07:51.891,7.891262626262626,20,24.76595883761201
2,1,control,14:07:51.892,7.892464646464647,20,-12.240210017313965
2,1,control,14:07:51.893,7.893666666666666,20,-0.2451128815764462
2,1,control,14:07:51.894,7.894868686868687,20,-12.248694417407576
2,1,control,14:07:51.896,7.896070707070707,20,-0.250897932681255
2,1,control,14:07:51.897,7.897272727272727,20,-6.251665358001588
2,1,control,14:07:51.898,7.898474747474747,20,-7.750937223502888
2,1,control,14:07:51.899,7.899676767676768,20,-16.248652635359335
2,1,control,14:07:51.900,7.900878787878788,20,-9.244749252004986
2,1,control,14:07:51.902,7.902080808080808,20,-8.239163260054347
2,1,control,14:07:51.903,7.903282828282828,20,8.268170650072328
2,1,control,14:07:51.904,7.904484848484849,20,0.7773193088261792
2,1,control,14:07:51.905,7.905686868686868,20,-16.71164890749128
2,1,control,14:07:51.906,7.906888888888889,20,-2.6986640514394864
2,2,control,14:11:01.004,0.0049040904090409,0,-4.101268623262236
2,2,control,14:11:01.006,0.0061301130113011,0,-5.079990538710028
2,2,control,14:11:01.007,0.0073561356135613,0,-11.058747098616273
2,2,control,14:11:01.008,0.0085821582158215,0,4.962461722818233
2,2,control,14:11:01.009,0.0098081808180818,0,-1.5163640486073149
2,2,control,14:11:01.011,0.011034203420342,0,-0.995224387093721
2,2,control,14:11:01.012,0.0122602260226022,0,-6.4741192668417895
2,2,control,14:11:01.013,0.0134862486248624,0,-11.953048662052304
2,2,control,14:11:01.014,0.0147122712271227,0,-6.432012546926082
2,2,control,14:11:01.015,0.0159382938293829,0,19.08898910433609
2,2,control,14:11:01.017,0.0171643164316431,0,-11.890043682466596
2,2,control,14:11:01.018,0.0183903390339033,0,-19.36911088153495
2,2,control,14:11:01.019,0.0196163616361636,0,-21.84821246706976
2,2,control,14:11:01.020,0.0208423842384238,0,9.67265158672818
2,2,control,14:11:01.022,0.022068406840684,0,-3.3065186943419462
2,2,control,14:11:01.023,0.0232944294429442,0,-2.2857232844809303
2,2,control,14:11:01.024,0.0245204520452045,0,-13.764962157889585
2,2,control,14:11:01.025,0.0257464746474647,0,-8.744235288768692
2,2,control,14:11:01.026,0.0269724972497249,0,15.276457348680935
2,2,control,14:11:01.028,0.0281985198519852,0,14.7971157802585
2,2,control,14:11:01.029,0.0294245424542454,0,-15.182259968236783
2,2,control,14:11:01.030,0.0306505650565056,0,-6.161669871005756
2,2,control,14:11:01.031,0.0318765876587658,0,-5.641113902249181
2,2,control,14:11:01.033,0.0331026102610261,0,-1.6205920361678636
2,2,control,14:11:01.034,0.0343286328632863,0,-18.100104246962623
2,2,control,14:11:01.035,0.0355546554655465,0,19.92034949116576
2,2,control,14:11:01.039,0.0392327232723272,1,33.48150665708169
2,2,control,14:11:01.040,0.0404587458745874,1,21.501824448894595
2,2,control,14:11:01.041,0.0416847684768476,1,23.522108318626643
2,2,control,14:11:01.042,0.0429107910791079,1,21.54235829207701
2,2,control,14:11:01.044,0.0441368136813681,1,21.062574395044905
2,2,control,14:11:01.045,0.0453628362836283,1,42.58275665332954
2,2,control,14:11:01.046,0.0465888588858885,1,22.102905092730097
2,2,control,14:11:01.047,0.0478148814881488,1,31.623019739045787
2,2,control,14:11:01.049,0.049040904090409,1,18.6431006180758
2,2,control,14:11:01.050,0.0502669266926692,1,43.663147755619335
2,2,control,14:11:01.051,0.0514929492949294,1,33.18316117747561
2,2,control,14:11:01.052,0.0527189718971897,1,67.7031409094438
2,2,control,14:11:01.053,0.0539449944994499,1,25.723086977323128
2,2,control,14:11:01.055,0.0551710171017101,1,28.742999406912773
2,2,control,14:11:01.056,0.0563970397039704,1,42.76287822401194
2,2,control,14:11:01.057,0.0576230623062306,1,18.78272345441984
2,2,control,14:11:01.128,0.1287323732373237,2,10.877162837909289
2,2,control,14:11:01.129,0.1299583958395839,2,4.395072118114911
2,2,control,14:11:01.131,0.1311844184418442,2,7.912949359581219
2,2,control,14:11:01.132,0.1324104410441044,2,3.4307945881074176
2,2,control,14:11:01.133,0.1336364636463646,2,31.44860782949271
2,2,control,14:11:01.134,0.1348624862486248,2,12.966389109536294
2,2,control,14:11:01.136,0.136088508850885,2,7.984138454037357
2,2,control,14:11:01.137,0.1373145314531453,2,14.501855888795111
2,2,control,14:11:01.138,0.1385405540554055,2,5.019541439608751
2,2,control,14:11:01.139,0.1397665766576657,2,8.037195132277482
2,2,control,14:11:01.140,0.140992599259926,2,19.5548169926005
2,2,control,14:11:01.142,0.1422186218621862,2,25.572407046377
2,2,control,14:11:01.143,0.1434446444644464,2,35.08996531940618
2,2,control,14:11:01.144,0.1446706670667066,2,14.607491837487252
2,2,control,14:11:01.145,0.1458966896689669,2,21.624986626419407
2,2,control,14:11:01.147,0.1471227122712271,2,20.64244971200184
2,2,control,14:11:01.148,0.1483487348734873,2,17.159881120033766
2,2,control,14:11:01.149,0.1495747574757475,2,20.677280876314363
2,2,control,14:11:01.150,0.1508007800780078,2,-8.805350993357152
2,2,control,14:11:01.152,0.152026802680268,2,7.21198553681841
2,2,control,14:11:01.153,0.1532528252825282,2,0.2292904926402599
2,2,control,14:11:01.154,0.1544788478847885,2,16.746563899907578
2,2,control,14:11:01.155,0.1557048704870487,2,13.263805784419588
2,2,control,14:11:01.156,0.1569308930893089,2,4.281016171975466
2,2,control,14:11:01.158,0.1581569156915691,2,0.7981950883744275
2,2,control,14:11:01.163,0.16306100610061,3,2.866596558385048
2,2,control,14:11:01.164,0.1642870287028703,3,-0.1163814940126144
2,2,control,14:11:01.165,0.1655130513051305,3,-3.0993908627719904
2,2,control,14:11:01.166,0.1667390739073907,3,-4.5824315220938985
2,2,control,14:11:01.167,0.1679650965096509,3,0.9344965538208712
2,2,control,14:11:01.169,0.1691911191119112,3,0.4513933907715071
2,2,control,14:11:01.170,0.1704171417141714,3,12.46825901455722
2,2,control,14:11:01.171,0.1716431643164316,3,-4.014906549022797
2,2,control,14:11:01.172,0.1728691869186918,3,6.001896725830662
2,2,control,14:11:01.174,0.1740952095209521,3,14.51866886491679
2,2,control,14:11:01.175,0.1753212321232123,3,14.535409894034784
2,2,control,14:11:01.176,0.1765472547254725,3,-0.447880161016144
2,2,control,14:11:01.177,0.1777732773277328,3,3.068798725563198
2,2,control,14:11:01.178,0.178999299929993,3,-0.4145534204279997
2,2,control,14:11:01.180,0.1802253225322532,3,11.60206342680948
2,2,control,14:11:01.181,0.1814513451345134,3,-3.3813507069251827
2,2,control,14:11:01.182,0.1826773677367736,3,-12.864795795832777
2,2,control,14:11:01.183,0.1839033903390339,3,6.151728185885901
2,2,control,14:11:01.185,0.1851294129412941,3,11.668221264030043
2,2,control,14:11:01.186,0.1863554355435543,3,5.684683464398852
2,2,control,14:11:01.187,0.1875814581458146,3,17.201114812791523
2,2,control,14:11:01.188,0.1888074807480748,3,12.717515335007263
2,2,control,14:11:01.190,0.190033503350335,3,-0.26611494315474
2,2,control,14:11:01.191,0.1912595259525952,3,30.250224004104723
2,2,control,14:11:01.192,0.1924855485548555,3,10.766532202584848
2,2,control,14:11:01.193,0.1937115711571157,3,5.282809678084838
2,2,control,14:11:01.194,0.1949375937593759,3,21.29905645640389
2,2,control,14:11:01.196,0.1961636163616361,3,5.315272563341196
2,2,control,14:11:01.197,0.1973896389638963,3,7.331458024695969
2,2,control,14:11:01.198,0.1986156615661566,3,-0.6523871337325957
2,2,control,14:11:01.215,0.2157799779977998,4,11.070580018568409
2,2,control,14:11:01.217,0.21700600060006,4,2.5862786592936686
2,2,control,14:11:01.218,0.2182320232023202,4,17.601947093022787
2,2,control,14:11:01.219,0.2194580458045804,4,14.61758534555495
2,2,control,14:11:01.220,0.2206840684068406,4,27.13319344268936
2,2,control,14:11:01.221,0.2219100910091009,4,0.6487714102252227
2,2,control,14:11:01.223,0.2231361136113611,4,4.164319273961738
2,2,control,14:11:01.224,0.2243621362136213,4,16.179837059698094
2,2,control,14:11:01.225,0.2255881588158816,4,10.695324793233503
2,2,control,14:11:01.226,0.2268141814181418,4,-1.2892174996328407
2,2,control,14:11:01.228,0.228040204020402,4,39.22621020689826
2,2,control,14:11:01.229,0.2292662266226622,4,13.741607938626004
2,2,control,14:11:01.230,0.2304922492249225,4,-2.7430242786504024
2,2,control,14:11:01.231,0.2317182718271827,4,10.772313580868236
2,2,control,14:11:01.232,0.2329442944294429,4,3.287621542981114
2,2,control,14:11:01.234,0.2341703170317031,4,14.302899633487442
2,2,control,14:11:01.235,0.2353963396339634,4,12.318147878186409
2,2,control,14:11:01.236,0.2366223622362236,4,-10.166633697122784
2,2,control,14:11:01.237,0.2378483848384838,4,18.84855493335907
2,2,control,14:11:01.239,0.2390744074407441,4,10.363713795431169
2,2,control,14:11:01.240,0.2403004300430043,4,36.8788429148927
2,2,control,14:11:01.241,0.2415264526452645,4,6.89394231754288
2,2,control,14:11:01.242,0.2427524752475247,4,10.909012029180891
2,2,control,14:11:01.243,0.2439784978497849,4,40.42405207560595
2,2,control,14:11:01.245,0.2452045204520452,4,26.93906248261725
2,2,control,14:11:01.246,0.2464305430543054,4,18.454043276013977
2,2,control,14:11:01.247,0.2476565656565656,4,1.4689944815953453
2,2,control,14:11:01.248,0.2488825882588259,4,16.983916125160547
2,2,control,14:11:01.250,0.2501086108610861,4,15.998808232508791
2,2,control,14:11:01.251,0.2513346334633463,4,27.01367082943927
2,2,control,14:11:01.252,0.2525606560656065,4,4.028503941751183
2,2,control,14:11:01.253,0.2537866786678668,4,14.543307595243732
2,2,control,14:11:01.269,0.2697249724972497,5,14.233086076720385
2,2,control,14:11:01.270,0.27095099509951,5,20.74748001565776
2,2,control,14:11:01.272,0.2721770177017701,5,-0.2381551172362392
2,2,control,14:11:01.273,0.2734030403040304,5,0.2761807038375892
2,2,control,14:11:01.274,0.2746290629062906,5,0.7904875046784454
2,2,control,14:11:01.275,0.2758550855085508,5,25.304765311085525
2,2,control,14:11:01.277,0.2770811081108111,5,6.819014148858031
2,2,control,14:11:01.278,0.2783071307130713,5,-2.1667659562048414
2,2,control,14:11:01.279,0.2795331533153315,5,0.347425021696111
2,2,control,14:11:01.280,0.2807591759175917,5,15.361587108360084
2,2,control,14:11:01.281,0.281985198519852,5,18.87572032958628
2,2,control,14:11:01.283,0.2832112211221122,5,42.3898247111739
2,2,control,14:11:01.284,0.2844372437243724,5,-2.596099721077863
2,2,control,14:11:01.285,0.2856632663266327,5,9.41794705863019
2,2,control,14:11:01.286,0.2868892889288929,5,13.43196507609727
2,2,control,14:11:01.288,0.2881153115311531,5,6.945954357122567
2,2,control,14:11:01.289,0.2893413341334133,5,19.95991492750528
2,2,control,14:11:01.290,0.2905673567356736,5,26.473846813044617
2,2,control,14:11:01.291,0.2917933793379338,5,16.98775003953977
2,2,control,14:11:01.293,0.293019401940194,5,-9.49837536721006
2,2,control,14:11:01.294,0.2942454245424543,5,2.015470618594321
2,2,control,14:11:01.295,0.2954714471447144,5,8.52928802275212
2,2,control,14:11:01.296,0.2966974697469747,5,25.54307687106254
2,2,control,14:11:01.297,0.2979234923492349,5,6.056837189324767
2,2,control,14:11:01.318,0.3187658765876587,6,-0.7135774981653853
2,2,control,14:11:01.319,0.319991899189919,6,-14.200326309107387
2,2,control,14:11:01.321,0.3212179217921792,6,-17.18710315991278
2,2,control,14:11:01.322,0.3224439443944394,6,-0.6739080247823708
2,2,control,14:11:01.323,0.3236699669966997,6,0.8392591220830425
2,2,control,14:11:01.324,0.3248959895989599,6,-16.647601693517345
2,2,control,14:11:01.326,0.3261220122012201,6,-7.13449044578433
2,2,control,14:11:01.327,0.3273480348034803,6,19.37859289108129
2,2,control,14:11:01.328,0.3285740574057406,6,-8.60835165712129
2,2,control,14:11:01.329,0.3298000800080008,6,-9.595324064592871
2,2,control,14:11:01.331,0.331026102610261,6,-15.082324305534256
2,2,control,14:11:01.332,0.3322521252125213,6,-10.06935235414624
2,2,control,14:11:01.333,0.3334781478147814,6,-13.556408184629625
2,2,control,14:11:01.334,0.3347041704170417,6,-17.04349177118521
2,2,control,14:11:01.335,0.3359301930193019,6,6.469396911986202
2,2,control,14:11:01.337,0.3371562156215621,6,6.982257890683812
2,2,control,14:11:01.338,0.3383822382238224,6,3.995091190706823
2,2,control,14:11:01.339,0.3396082608260826,6,-3.992103162145576
2,2,control,14:11:01.340,0.3408342834283428,6,-15.97932514207418
2,2,control,14:11:01.342,0.342060306030603,6,5.033425276720209
2,2,control,14:11:01.343,0.3432863286328633,6,17.54614812003679
2,2,control,14:11:01.344,0.3445123512351235,6,-12.441156586325228
2,2,control,14:11:01.345,0.3457383738373837,6,-16.428488816566656
2,2,control,14:11:01.346,0.346964396439644,6,-16.91584854488829
2,2,control,14:11:01.348,0.3481904190419042,6,-7.903235745490939
2,2,control,14:11:01.349,0.3494164416441644,6,-5.890650392575388
2,2,control,14:11:01.350,0.3506424642464246,6,0.121907539657549
2,2,control,14:11:01.351,0.3518684868486849,6,-3.3655619229929243
2,2,control,14:11:01.353,0.3530945094509451,6,-17.353058754727606
2,2,control,14:11:01.354,0.3543205320532053,6,-9.3405829297473
2,2,control,14:11:01.355,0.3555465546554656,6,-5.328134422252802
2,2,control,14:11:01.356,0.3567725772577257,6,-1.8157132064449184
2,2,control,14:11:01.357,0.357998599859986,6,-1.3033192565244462
2,2,control,14:11:01.359,0.3592246224622462,6,-12.29095254669219
2,2,control,14:11:01.360,0.3604506450645064,6,3.221386948851056
2,2,control,14:11:01.361,0.3616766676667667,6,-4.26630074409551
2,2,control,14:11:01.362,0.3629026902690269,6,15.745984400267304
2,2,control,14:11:01.364,0.3641287128712871,6,7.758242407738706
2,2,control,14:11:01.365,0.3653547354735473,6,24.27047330411789
2,2,control,14:11:01.366,0.3665807580758076,6,8.28267711520406
2,2,control,14:11:01.367,0.3678067806780678,6,-4.705146133203591
2,2,control,14:11:01.369,0.369032803280328,6,-13.692996415305856
2,2,control,14:11:01.370,0.3702588258825883,6,6.81912629469646
2,2,control,14:11:01.371,0.3714848484848485,6,14.331222022602551
2,2,control,14:11:01.397,0.3972313231323132,7,16.579045134786284
2,2,control,14:11:01.398,0.3984573457345735,7,21.590553783773032
2,2,control,14:11:01.399,0.3996833683368337,7,11.102036044045144
2,2,control,14:11:01.400,0.4009093909390939,7,9.613491941401826
2,2,control,14:11:01.402,0.4021354135413541,7,1.1249215016422769
2,2,control,14:11:01.403,0.4033614361436143,7,19.13632475056569
2,2,control,14:11:01.404,0.4045874587458746,7,-4.352298286028727
2,2,control,14:11:01.405,0.4058134813481348,7,15.159052417658224
2,2,control,14:11:01.407,0.407039503950395,7,26.17037688742573
2,2,control,14:11:01.408,0.4082655265526553,7,15.681675149073016
2,2,control,14:11:01.409,0.4094915491549155,7,31.19294722839925
2,2,control,14:11:01.410,0.4107175717571757,7,24.20419315120366
2,2,control,14:11:01.411,0.4119435943594359,7,12.215412943285427
2,2,control,14:11:01.413,0.4131696169616962,7,7.2266066304437615
2,2,control,14:11:01.414,0.4143956395639564,7,18.737774238477847
2,2,control,14:11:01.415,0.4156216621662166,7,25.748915793186903
2,2,control,14:11:01.416,0.4168476847684769,7,27.26003132037012
2,2,control,14:11:01.418,0.418073707370737,7,40.27112084582669
2,2,control,14:11:01.419,0.4192997299729973,7,17.282184395355827
2,2,control,14:11:01.420,0.4205257525752575,7,23.79322199475672
2,2,control,14:11:01.421,0.4217517751775178,7,24.30423366982857
2,2,control,14:11:01.422,0.422977797779778,7,0.815219446370584
2,2,control,14:11:01.424,0.4242038203820382,7,19.326179350181945
2,2,control,14:11:01.425,0.4254298429842984,7,-1.6628865929381291
2,2,control,14:11:01.426,0.4266558655865586,7,-0.6519783571904441
2,2,control,14:11:01.427,0.4278818881888189,7,16.35890408322419
2,2,control,14:11:01.429,0.4291079107910791,7,11.86976075410498
2,2,control,14:11:01.430,0.4303339333933393,7,33.380591681251126
2,2,control,14:11:01.457,0.4573064306430643,8,14.612411131180714
2,2,control,14:11:01.458,0.4585324532453245,8,17.12265707300906
2,2,control,14:11:01.459,0.4597584758475848,8,33.13287789028355
2,2,control,14:11:01.460,0.460984498449845,8,4.143073608803377
2,2,control,14:11:01.462,0.4622105210521052,8,9.153244254367747
2,2,control,14:11:01.463,0.4634365436543654,8,25.663389852775857
2,2,control,14:11:01.464,0.4646625662566256,8,16.673510429826905
2,2,control,14:11:01.465,0.4658885888588859,8,7.683606011320094
2,2,control,14:11:01.467,0.4671146114611461,8,44.69367662305461
2,2,control,14:11:01.468,0.4683406340634063,8,25.20372229082968
2,2,control,14:11:01.469,0.4695666566656666,8,20.71374304044448
2,2,control,14:11:01.470,0.4707926792679268,8,49.22373889769821
2,2,control,14:11:01.472,0.472018701870187,8,23.23370988839008
2,2,control,14:11:01.473,0.4732447244724472,8,8.743656038319287
2,2,control,14:11:01.474,0.4744707470747075,8,42.25357737328503
2,2,control,14:11:01.475,0.4756967696769677,8,33.2634739190865
2,2,control,14:11:01.476,0.4769227922792279,8,42.773345701522906
2,2,control,14:11:01.478,0.4781488148814882,8,19.283192746393453
2,2,control,14:11:01.479,0.4793748374837484,8,43.29301507949732
2,2,control,14:11:01.480,0.4806008600860086,8,22.802812726633725
2,2,control,14:11:01.481,0.4818268826882688,8,21.312585713601862
2,2,control,14:11:01.483,0.4830529052905291,8,52.82233406620093
2,2,control,14:11:01.484,0.4842789278927893,8,28.832057810230125
2,2,control,14:11:01.485,0.4855049504950495,8,13.34175697148865
2,2,control,14:11:01.486,0.4867309730973097,8,21.851431575775702
2,2,control,14:11:01.487,0.4879569956995699,8,56.36108164889049
2,2,control,14:11:01.489,0.4891830183018302,8,38.8707072166322
2,2,control,14:11:01.490,0.4904090409040904,8,28.38030830480004
2,2,control,14:11:01.491,0.4916350635063506,8,50.8898849391932
2,2,control,14:11:01.492,0.4928610861086109,8,32.3994371456109
2,2,control,14:11:01.494,0.4940871087108711,8,25.90896494985231
2,2,control,14:11:01.495,0.4953131313131313,8,38.91846837771666
2,2,control,14:11:01.511,0.5112514251425143,9,30.03980642827503
2,2,control,14:11:01.512,0.5124774477447746,9,11.048971295776262
2,2,control,14:11:01.513,0.5137034703470347,9,24.55811217388841
2,2,control,14:11:01.514,0.5149294929492949,9,29.567229088410684
2,2,control,14:11:01.516,0.5161555155515551,9,19.076322065142264
2,2,control,14:11:01.517,0.5173815381538154,9,6.58539112988236
2,2,control,14:11:01.518,0.5186075607560756,9,25.094436308430176
2,2,control,14:11:01.519,0.5198335833583358,9,38.6034576265849
2,2,control,14:11:01.521,0.5210596059605961,9,14.11245511014574
2,2,control,14:11:01.522,0.5222856285628563,9,18.12142878491189
2,2,control,14:11:01.523,0.5235116511651166,9,29.13037867668256
2,2,control,14:11:01.524,0.5247376737673768,9,12.139304811256936
2,2,control,14:11:01.525,0.525963696369637,9,12.648207214434224
2,2,control,14:11:01.527,0.5271897189718973,9,14.65708591201362
2,2,control,14:11:01.528,0.5284157415741574,9,18.66594092979433
2,2,control,14:11:01.529,0.5296417641764176,9,17.67477229357555
2,2,control,14:11:01.530,0.5308677867786779,9,1.6835800291564738
2,2,control,14:11:01.532,0.5320938093809381,9,16.69236416233631
2,2,control,14:11:01.533,0.5333198319831983,9,18.20112471891425
2,2,control,14:11:01.534,0.5345458545854586,9,8.709861724689503
2,2,control,14:11:01.535,0.5357718771877188,9,-8.281424794538736
2,2,control,14:11:01.536,0.536997899789979,9,15.22726518702872
2,2,control,14:11:01.538,0.5382239223922393,9,1.2359316951910913
2,2,control,14:11:01.539,0.5394499449944995,9,8.244574755747564
2,2,control,14:11:01.540,0.5406759675967597,9,3.253194394497342
2,2,control,14:11:01.541,0.54190199019902,9,34.76179063723963
2,2,control,14:11:01.566,0.5664224422442244,10,-10.071157938721768
2,2,control,14:11:01.567,0.5676484648464847,10,-1.5630470525218385
2,2,control,14:11:01.568,0.5688744874487449,10,-9.054958994747013
2,2,control,14:11:01.570,0.5701005100510051,10,-5.54689373959809
2,2,control,14:11:01.571,0.5713265326532654,10,0.9611487387241198
2,2,control,14:11:01.572,0.5725525552555256,10,-16.530831533981186
2,2,control,14:11:01.573,0.5737785778577859,10,-5.522834531914796
2,2,control,14:11:01.575,0.575004600460046,10,2.485139770722484
2,2,control,14:11:01.576,0.5762306230623062,10,-1.506908600270151
2,2,control,14:11:01.577,0.5774566456645664,10,-4.498979619093504
2,2,control,14:11:01.578,0.5786826682668267,10,0.508926740051642
2,2,control,14:11:01.579,0.5799086908690869,10,11.516810502964468
2,2,control,14:11:01.581,0.5811347134713472,10,-7.975328304555823
2,2,control,14:11:01.582,0.5823607360736074,10,4.532510343289978
2,2,control,14:11:01.583,0.5835867586758676,10,8.54032647230106
2,2,control,14:11:01.584,0.5848127812781279,10,-1.9518798917233724
2,2,control,14:11:01.586,0.5860388038803881,10,-0.9441087229841189
2,2,control,14:11:01.587,0.5872648264826483,10,-3.4363599956819826
2,2,control,14:11:01.588,0.5884908490849086,10,-7.928633684017768
2,2,control,14:11:01.589,0.5897168716871687,10,2.079070237807734
2,2,control,14:11:01.590,0.5909428942894289,10,-7.913248204406287
2,2,control,14:11:01.592,0.5921689168916892,10,8.094411015139379
2,2,control,14:11:01.593,0.5933949394939494,10,-12.39795207775608
2,2,control,14:11:01.594,0.5946209620962096,10,8.109662542706545
2,2,control,14:11:01.595,0.5958469846984699,10,11.617254902326444
2,2,control,14:11:01.597,0.5970730073007301,10,28.624825026902823
2,2,control,14:11:01.598,0.5982990299029903,10,12.132372942234888
2,2,control,14:11:01.599,0.5995250525052506,10,-1.3601013258781762
2,2,control,14:11:01.600,0.6007510751075108,10,-7.852597751637163
2,2,control,14:11:01.601,0.601977097709771,10,9.654883690757131
2,2,control,14:11:01.603,0.6032031203120313,10,-5.837656972896106
2,2,control,14:11:01.604,0.6044291429142915,10,-8.330219716797664
2,2,control,14:11:01.605,0.6056551655165516,10,1.1771954848516586
2,2,control,14:11:01.606,0.6068811881188119,10,8.684588657851052
2,2,control,14:11:01.608,0.6081072107210721,10,31.19195982799971
2,2,control,14:11:01.609,0.6093332333233323,10,27.19930902109685
2,2,control,14:11:01.610,0.6105592559255926,10,28.706636262941664
2,2,control,14:11:01.611,0.6117852785278528,10,12.213941579333351
2,2,control,14:11:01.613,0.613011301130113,10,21.7212249960711
2,2,control,14:11:01.614,0.6142373237323733,10,31.72848653895413
2,2,control,14:11:01.615,0.6154633463346335,10,29.735726233781627
2,2,control,14:11:01.616,0.6166893689368937,10,35.242944106352795
2,2,control,14:11:01.617,0.617915391539154,10,42.25014018246683
2,2,control,14:11:01.619,0.6191414141414142,10,32.75731448792293
2,2,control,14:11:01.620,0.6203674367436743,10,47.26446704852031
2,2,control,14:11:01.621,0.6215934593459346,10,33.271597890058146
2,2,control,14:11:01.622,0.6228194819481948,10,36.27870703833566
2,2,control,14:11:01.624,0.624045504550455,10,13.285794519152034
2,2,control,14:11:01.626,0.6264975497549755,11,12.799904581598176
2,2,control,14:11:01.627,0.6277235723572357,11,24.306927214826352
2,2,control,14:11:01.662,0.6620522052205221,12,-9.50509987583036
2,2,control,14:11:01.663,0.6632782278227823,12,-15.99869213179295
2,2,control,14:11:01.664,0.6645042504250426,12,-9.992305203843088
2,2,control,14:11:01.665,0.6657302730273028,12,15.014060933818412
2,2,control,14:11:01.666,0.6669562956295629,12,5.020406306990772
2,2,control,14:11:01.668,0.6681823182318232,12,-0.4732690585268315
2,2,control,14:11:01.669,0.6694083408340834,12,9.03303486306482
2,2,control,14:11:01.670,0.6706343634363436,12,13.039318097564909
2,2,control,14:11:01.671,0.6718603860386039,12,-3.454419329227356
2,2,control,14:11:01.673,0.6730864086408641,12,-0.4481773915127718
2,2,control,14:11:01.674,0.6743124312431243,12,-12.94195606349215
2,2,control,14:11:01.675,0.6755384538453846,12,2.5642446806337205
2,2,control,14:11:01.676,0.6767644764476448,12,5.570424866664034
2,2,control,14:11:01.677,0.677990499049905,12,-7.923415479602013
2,2,control,14:11:01.679,0.6792165216521653,12,4.082723667634781
2,2,control,14:11:01.680,0.6804425442544255,12,16.588842334173613
2,2,control,14:11:01.681,0.6816685668566856,12,0.0949405458136922
2,2,control,14:11:01.682,0.6828945894589459,12,-9.398981671645792
2,2,control,14:11:01.684,0.6841206120612061,12,3.107075707594362
2,2,control,14:11:01.685,0.6853466346634663,12,-2.8868872906666425
2,2,control,14:11:01.686,0.6865726572657266,12,-11.88087064062961
2,2,control,14:11:01.687,0.6877986798679868,12,-4.374874316495344
2,2,control,14:11:01.689,0.689024702470247,12,8.631101707535365
2,2,control,14:11:01.690,0.6902507250725073,12,7.637057457261704
2,2,control,14:11:01.691,0.6914767476747675,12,-4.3570070415171145
2,2,control,14:11:01.692,0.6927027702770278,12,-20.851091763001897
2,2,control,14:11:01.693,0.693928792879288,12,0.6548033186065538
2,2,control,14:11:01.695,0.6951548154815482,12,1.6606782291074325
2,2,control,14:11:01.727,0.7270314031403141,13,21.806430361552216
2,2,control,14:11:01.728,0.7282574257425742,13,22.31177040424621
2,2,control,14:11:01.729,0.7294834483448345,13,12.317090998210231
2,2,control,14:11:01.730,0.7307094709470947,13,21.322392169243464
2,2,control,14:11:01.731,0.7319354935493549,13,20.327673943145115
2,2,control,14:11:01.733,0.7331615161516152,13,29.332936345714387
2,2,control,14:11:01.734,0.7343875387538754,13,6.838179402750477
2,2,control,14:11:01.735,0.7356135613561356,13,38.34340314005258
2,2,control,14:11:01.736,0.7368395839583959,13,9.848607583419891
2,2,control,14:11:01.738,0.7380656065606561,13,25.35379275865163
2,2,control,14:11:01.739,0.7392916291629164,13,13.358958691546974
2,2,control,14:11:01.740,0.7405176517651766,13,27.364105407905136
2,2,control,14:11:01.741,0.7417436743674368,13,-13.630767066474696
2,2,control,14:11:01.742,0.742969696969697,13,8.874341294206694
2,2,control,14:11:01.744,0.7441957195719572,13,43.87943051574849
2,2,control,14:11:01.745,0.7454217421742174,13,19.884500623949897
2,2,control,14:11:01.746,0.7466477647764777,13,0.8895516446101226
2,2,control,14:11:01.747,0.7478737873787379,13,5.394583603528353
2,2,control,14:11:01.749,0.7490998099809981,13,15.899596526503792
2,2,control,14:11:01.750,0.7503258325832584,13,15.904590439335642
2,2,control,14:11:01.751,0.7515518551855186,13,19.9095653678231
2,2,control,14:11:01.752,0.7527778777877788,13,30.914521337765365
2,2,control,14:11:01.754,0.7540039003900391,13,20.91945837496164
2,2,control,14:11:01.755,0.7552299229922993,13,15.92437650521112
2,2,control,14:11:01.756,0.7564559455945595,13,0.9292757543130036
2,2,control,14:11:01.757,0.7576819681968198,13,14.9341561480665
2,2,control,14:11:01.758,0.7589079907990799,13,25.9390177122708
2,2,control,14:11:01.760,0.7601340134013401,13,32.4438604727251
2,2,control,14:11:01.817,0.8177570757075708,14,4.650734908533252
2,2,control,14:11:01.818,0.8189830983098311,14,-0.8452945711536728
2,2,control,14:11:01.820,0.8202091209120912,14,18.15865840957018
2,2,control,14:11:01.821,0.8214351435143514,14,10.162593876504012
2,2,control,14:11:01.822,0.8226611661166117,14,2.16651185544702
2,2,control,14:11:01.823,0.8238871887188719,14,15.6704123721984
2,2,control,14:11:01.825,0.8251132113211321,14,7.17429545255736
2,2,control,14:11:01.826,0.8263392339233924,14,1.6781611223230897
2,2,control,14:11:01.827,0.8275652565256526,14,14.6820094072948
2,2,control,14:11:01.828,0.8287912791279128,14,-2.3141596667283224
2,2,control,14:11:01.830,0.8300173017301731,14,7.689653926052934
2,2,control,14:11:01.831,0.8312433243324333,14,17.693450211437757
2,2,control,14:11:01.832,0.8324693469346935,14,12.697229215225356
2,2,control,14:11:01.833,0.8336953695369538,14,-0.7990090367850726
2,2,control,14:11:01.834,0.8349213921392139,14,26.204735481205667
2,2,control,14:11:01.836,0.8361474147414741,14,3.208462794996777
2,2,control,14:11:01.837,0.8373734373437344,14,-1.787827069612547
2,2,control,14:11:01.838,0.8385994599459946,14,-8.784134086823094
2,2,control,14:11:01.839,0.8398254825482548,14,30.219541769164323
2,2,control,14:11:01.841,0.8410515051505151,14,-2.2767994758510923
2,2,control,14:11:01.842,0.8422775277527753,14,6.226842203929863
2,2,control,14:11:01.843,0.8435035503550355,14,1.2304668343063767
2,2,control,14:11:01.844,0.8447295729572958,14,24.234074441077667
2,2,control,14:11:01.866,0.8667979797979798,15,29.296129737553223
2,2,control,14:11:01.868,0.86802400240024,15,13.299418797672963
2,2,control,14:11:01.869,0.8692500250025003,15,-2.6973086498285426
2,2,control,14:11:01.870,0.8704760476047605,15,0.8059474208479074
2,2,control,14:11:01.871,0.8717020702070207,15,5.309187035501509
2,2,control,14:11:01.872,0.872928092809281,15,-4.187589780068535
2,2,control,14:11:01.874,0.8741541154115412,15,20.31561699993697
2,2,control,14:11:01.875,0.8753801380138014,15,2.818807401317244
2,2,control,14:11:01.876,0.8766061606160617,15,23.32198144987146
2,2,control,14:11:01.877,0.8778321832183219,15,33.825139171398824
2,2,control,14:11:01.879,0.8790582058205821,15,-0.6717194083014633
2,2,control,14:11:01.880,0.8802842284228424,15,-0.1685942634301938
2,2,control,14:11:01.881,0.8815102510251025,15,7.834514631811821
2,2,control,14:11:01.882,0.8827362736273627,15,11.837607303223784
2,2,control,14:11:01.883,0.883962296229623,15,19.34068377660489
2,2,control,14:11:01.885,0.8851883188318832,15,-4.156255922245634
2,2,control,14:11:01.886,0.8864143414341434,15,9.846788232471376
2,2,control,14:11:01.887,0.8876403640364037,15,-1.1501837334448697
2,2,control,14:11:01.888,0.8888663866386639,15,5.352828205804833
2,2,control,14:11:01.890,0.8900924092409241,15,-3.1441759239803204
2,2,control,14:11:01.891,0.8913184318431844,15,9.358803902998872
2,2,control,14:11:01.892,0.8925444544454446,15,5.861767712541614
2,2,control,14:11:01.893,0.8937704770477048,15,11.364715530447093
2,2,control,14:11:01.894,0.8949964996499651,15,8.86764738251452
2,2,control,14:11:01.896,0.8962225222522252,15,8.37056329454309
2,2,control,14:11:01.897,0.8974485448544854,15,9.873463292331998
2,2,control,14:11:01.898,0.8986745674567457,15,19.876347401680448
2,2,control,14:11:01.899,0.8999005900590059,15,5.3792156483876425
2,2,control,14:11:01.901,0.901126612661266,15,26.382068058252777
2,2,control,14:11:01.902,0.9023526352635264,15,0.3849046570750545
2,2,control,14:11:01.903,0.9035786578657866,15,17.88772547065367
2,2,control,14:11:01.926,0.9268730873087307,16,-5.561643954712878
2,2,control,14:11:01.928,0.9280991099109912,16,-10.559133428175592
2,2,control,14:11:01.929,0.9293251325132512,16,-10.556638145098772
2,2,control,14:11:01.930,0.9305511551155116,16,14.445841920316768
2,2,control,14:11:01.931,0.9317771777177718,16,-19.05169320612976
2,2,control,14:11:01.933,0.933003200320032,16,-1.0492434986391643
2,2,control,14:11:01.934,0.9342292229222924,16,-2.0468089314122366
2,2,control,14:11:01.935,0.9354552455245524,16,-12.04438947864979
2,2,control,14:11:01.936,0.9366812681268128,16,-0.5419851145526167
2,2,control,14:11:01.937,0.937907290729073,16,19.46040418667848
2,2,control,14:11:01.939,0.9391333133313332,16,25.4627784508427
2,2,control,14:11:01.940,0.9403593359335934,16,-3.534862296260762
2,2,control,14:11:01.941,0.9415853585358536,16,-2.0325180288326976
2,2,control,14:11:01.942,0.9428113811381138,16,-9.530188721073904
2,2,control,14:11:01.944,0.944037403740374,16,14.472125652814803
2,2,control,14:11:01.945,0.9452634263426344,16,6.974425118632631
2,2,control,14:11:01.946,0.9464894489448944,16,-9.52329029782122
2,2,control,14:11:01.947,0.9477154715471549,16,5.978979429252448
2,2,control,14:11:01.948,0.948941494149415,16,-12.518765674347163
2,2,control,14:11:01.950,0.9501675167516752,16,-4.5165255828208615
2,2,control,14:11:01.951,0.9513935393539354,16,2.9856997296305607
2,2,control,14:11:01.952,0.9526195619561956,16,1.9879102888063045
2,2,control,14:11:01.953,0.953845584558456,16,6.490106120505558
2,2,control,14:11:01.955,0.9550716071607162,16,10.492287250527532
2,2,control,14:11:01.956,0.9562976297629764,16,0.4944537046714217
2,2,control,14:11:01.957,0.9575236523652364,16,9.99660550873643
2,2,control,14:11:01.958,0.9587496749674967,16,-0.0012573114782554
2,2,control,14:11:01.959,0.959975697569757,16,7.000865269826583
2,2,control,14:11:01.961,0.9612017201720172,16,-3.997026721549872
2,2,control,14:11:01.979,0.9795920592059206,17,3.532862229504552
2,2,control,14:11:01.980,0.9808180818081808,17,7.034740583918634
2,2,control,14:11:01.982,0.9820441044104412,17,-4.963395195762175
2,2,control,14:11:01.983,0.9832701270127012,17,0.0384549162613154
2,2,control,14:11:01.984,0.9844961496149616,17,28.04029094578832
2,2,control,14:11:01.985,0.9857221722172218,17,7.04211291861801
2,2,control,14:11:01.986,0.986948194819482,17,1.043920860549612
2,2,control,14:11:01.988,0.9881742174217422,17,28.54571479738231
2,2,control,14:11:01.989,0.9894002400240024,17,27.04749475491532
2,2,control,14:11:01.990,0.9906262626262626,17,21.04926075894781
2,2,control,14:11:01.991,0.9918522852285228,17,42.55101283527901
2,2,control,14:11:01.993,0.9930783078307832,17,27.05275100970811
2,2,control,14:11:01.994,0.9943043304330432,17,33.554475308034306
2,2,control,14:11:01.995,0.9955303530353036,17,34.056185756056806
2,2,control,14:11:02.001,1.0016604660466046,18,13.064531144585729
2,2,control,14:11:02.002,1.0028864886488649,18,21.5661590325692
2,2,control,14:11:02.004,1.004112511251125,18,9.567773250843366
2,2,control,14:11:02.005,1.0053385338533851,18,28.56937382520742
2,2,control,14:11:02.006,1.0065645564556456,18,25.57096078146057
2,2,control,14:11:02.007,1.0077905790579058,18,27.572534145402017
2,2,control,14:11:02.009,1.009016601660166,18,29.57409394283095
2,2,control,14:11:02.010,1.0102426242624265,18,25.575640199546577
2,2,control,14:11:02.011,1.0114686468646863,18,14.577172941348088
2,2,control,14:11:02.012,1.0126946694669468,18,12.078692194034694
2,2,control,14:11:02.013,1.013920692069207,18,18.58019798340559
2,2,control,14:11:02.015,1.0151467146714672,18,6.081690335259978
2,2,control,14:11:02.016,1.0163727372737277,18,15.083169275397047
2,2,control,14:11:02.017,1.0175987598759877,18,9.084634829616007
2,2,control,14:11:02.018,1.018824782478248,18,51.08608702371606
2,2,control,14:11:02.020,1.0200508050805082,18,19.58752588349639
2,2,control,14:11:02.021,1.0212768276827684,18,20.08895143475621
2,2,control,14:11:02.022,1.0225028502850286,18,23.59036370329472
2,2,control,14:11:02.023,1.0237288728872889,18,14.591762714911113
2,2,control,14:11:02.024,1.024954895489549,18,22.593148495404584
2,2,control,14:11:02.026,1.0261809180918091,18,16.594521070574345
2,2,control,14:11:02.027,1.0274069406940691,18,22.09588046621959
2,2,control,14:11:02.028,1.0286329632963296,18,8.597226708139516
2,2,control,14:11:02.029,1.0298589858985898,18,8.598559822133325
2,2,control,14:11:02.031,1.03108500850085,18,21.09987983400021
2,2,control,14:11:02.032,1.0323110311031105,18,16.10118676953938
2,2,control,14:11:02.033,1.0335370537053703,18,30.102480654550035
2,2,control,14:11:02.059,1.0592835283528352,19,22.126683258067928
2,2,control,14:11:02.060,1.0605095509550957,19,22.62769655864861
2,2,control,14:11:02.061,1.0617355735573557,19,28.12869740208236
2,2,control,14:11:02.062,1.062961596159616,19,37.129685814168376
2,2,control,14:11:02.064,1.0641876187618762,19,29.630661820705853
2,2,control,14:11:02.065,1.0654136413641364,19,19.13162544749401
2,2,control,14:11:02.066,1.0666396639663966,19,49.63257672033202
2,2,control,14:11:02.067,1.0678656865686569,19,31.133515665019104
2,2,control,14:11:02.069,1.0690917091709171,19,58.63444230735445
2,2,control,14:11:02.070,1.0703177317731771,19,66.13535667313725
2,2,control,14:11:02.071,1.0715437543754376,19,43.13625878816673
2,2,control,14:11:02.072,1.0727697769776978,19,19.137148678242056
2,2,control,14:11:02.073,1.073995799579958,19,10.638026369162452
2,2,control,14:11:02.075,1.0752218221822183,19,26.13889188672712
2,2,control,14:11:02.076,1.0764478447844783,19,29.13974525673523
2,2,control,14:11:02.077,1.0776738673867388,19,37.14058650498601
2,2,control,14:11:02.078,1.078899889988999,19,22.64141565727865
2,2,control,14:11:02.080,1.0801259125912592,19,29.64223273941235
2,2,control,14:11:02.081,1.0813519351935197,19,36.14303777718631
2,2,control,14:11:02.113,1.1132285228522854,20,-3.340174292782578
2,2,control,14:11:02.114,1.1144545454545456,20,7.66031529937576
2,2,control,14:11:02.115,1.1156805680568058,20,9.160793569551934
2,2,control,14:11:02.116,1.116906590659066,20,-4.338739456454839
2,2,control,14:11:02.118,1.118132613261326,20,-3.8382837528453777
2,2,control,14:11:02.119,1.1193586358635863,20,-6.337839293820473
2,2,control,14:11:02.120,1.1205846584658463,20,-2.337406053580928
2,2,control,14:11:02.121,1.1218106810681068,20,10.66301599367246
2,2,control,14:11:02.123,1.123036703670367,20,-5.336573126261115
2,2,control,14:11:02.124,1.1242627262726272,20,14.163826612417544
2,2,control,14:11:02.125,1.1254887488748877,20,17.664215235507655
2,2,control,14:11:02.126,1.1267147714771475,20,-4.835407231191603
2,2,control,14:11:02.127,1.127940794079408,20,-13.335040761881023
2,2,control,14:11:02.129,1.1291668166816682,20,6.66531466923859
2,2,control,14:11:02.130,1.1303928392839284,20,-11.834340912033554
2,2,control,14:11:02.131,1.1316188618861889,20,-3.834007479898269
2,2,control,14:11:02.132,1.1328448844884489,20,-12.333685008556344
2,2,control,14:11:02.134,1.1340709070907091,20,0.1666265277914149
2,2,control,14:11:02.135,1.1352969296929694,20,-12.333072845055788
2,2,control,14:11:02.136,1.1365229522952296,20,15.16721689870124
2,2,control,14:11:02.137,1.1377489748974898,20,8.6674957848617
2,2,control,14:11:02.138,1.13897499749975,20,-6.33223616077521
2,2,control,14:11:02.148,1.1487831783178315,21,4.169521425328249
2,2,control,14:11:02.150,1.150009200920092,21,3.669693154479013
2,2,control,14:11:02.151,1.1512352235223522,21,12.669854309824402
2,2,control,14:11:02.152,1.1524612461246124,21,32.67000491716362
2,2,control,14:11:02.153,1.1536872687268729,21,16.670145002295854
2,2,control,14:11:02.154,1.154913291329133,21,8.170274591020323
2,2,control,14:11:02.156,1.1561393139313931,21,30.670393709136214
2,2,control,14:11:02.157,1.1573653365336534,21,31.17050238244273
2,2,control,14:11:02.158,1.1585913591359136,21,-0.3293993632609258
2,2,control,14:11:02.159,1.1598173817381738,21,6.170688497824436
2,2,control,14:11:02.161,1.161043404340434,21,0.1707659914980226
2,2,control,14:11:02.162,1.1622694269426943,21,25.17083314355903
2,2,control,14:11:02.163,1.1634954495449543,21,8.67088997980666
2,2,control,14:11:02.164,1.1647214721472148,21,11.670936526040109
2,2,control,14:11:02.165,1.165947494749475,21,31.17097280805858
2,2,control,14:11:02.167,1.1671735173517352,21,12.170998851661269
2,2,control,14:11:02.168,1.1683995399539957,21,15.171014682647382
2,2,control,14:11:02.169,1.1696255625562555,21,17.671020326816105
2,2,control,14:11:02.170,1.170851585158516,21,23.67101580996665
2,2,control,14:11:02.172,1.1720776077607762,21,0.1710011578982175
2,2,control,14:11:02.173,1.1733036303630364,21,24.67097639641
2,2,control,14:11:02.174,1.1745296529652969,21,22.1709415513012
2,2,control,14:11:02.175,1.175755675567557,21,4.670896648371006
2,2,control,14:11:02.176,1.1769816981698171,21,31.17084171341864
2,2,control,14:11:02.178,1.1782077207720774,21,8.17077677224328
2,2,control,14:11:02.179,1.1794337433743374,21,17.670701850644136
2,2,control,14:11:02.180,1.1806597659765976,21,21.67061697442041
2,2,control,14:11:02.181,1.1818857885788578,21,61.170522169371296
2,2,control,14:11:02.189,1.1892419241924193,22,8.16974627849865
2,2,control,14:11:02.190,1.1904679467946797,22,-11.83041730595059
2,2,control,14:11:02.191,1.1916939693969395,22,-2.830590612831621
2,2,control,14:11:02.192,1.1929199919992,22,0.6692263836547596
2,2,control,14:11:02.194,1.1941460146014602,22,-9.33096629069226
2,2,control,14:11:02.195,1.1953720372037204,22,-7.831168610073462
2,2,control,14:11:02.196,1.1965980598059809,22,12.668619451310336
2,2,control,14:11:02.197,1.197824082408241,22,-1.3316020807416606
2,2,control,14:11:02.199,1.1990501050105011,22,5.168166819569748
2,2,control,14:11:02.200,1.2002761276127614,22,3.667926178043764
2,2,control,14:11:02.201,1.2015021502150216,22,-8.332323979520417
2,2,control,14:11:02.202,1.2027281728172818,22,-7.832583627323594
2,2,control,14:11:02.203,1.203954195419542,22,-2.332852739566569
2,2,control,14:11:02.205,1.2051802180218023,22,-3.33313129045014
2,2,control,14:11:02.206,1.2064062406240623,22,-9.333419254175112
2,2,control,14:11:02.207,1.2076322632263228,22,-13.333716604942277
2,2,control,14:11:02.208,1.208858285828583,22,-3.834023316952447
2,2,control,14:11:02.210,1.210084308430843,22,-7.334339364406411
2,2,control,14:11:02.211,1.2113103310331033,22,-7.334664721504978
2,2,control,14:11:02.212,1.2125363536353635,22,3.165000637551053
2,2,control,14:11:02.213,1.2137623762376235,22,-0.8353432614391139
2,2,control,14:11:02.214,1.214988398839884,22,3.66430360732371
2,2,control,14:11:02.216,1.2162144214421442,22,12.16394126963874
2,2,control,14:11:02.217,1.2174404440444044,22,1.163569751305161
2,2,control,14:11:02.218,1.218666466646665,22,10.16318907812218
2,2,control,14:11:02.219,1.219892489248925,22,-17.837200724111
2,2,control,14:11:02.221,1.2211185118511851,22,-0.3375996295951893
2,2,control,14:11:02.222,1.2223445344534454,22,-4.838007612531186
2,2,control,14:11:02.223,1.2235705570557056,22,-3.838424647119787
2,2,control,14:11:02.224,1.2247965796579658,22,14.16114929243821
2,2,control,14:11:02.226,1.226022602260226,22,14.160714231941997
2,2,control,14:11:02.251,1.2517690769076908,23,2.1495446393819293
2,2,control,14:11:02.252,1.252995099509951,23,8.148918104890626
2,2,control,14:11:02.254,1.2542211221122113,23,39.648283163726695
2,2,control,14:11:02.255,1.2554471447144715,23,-0.8523601583106455
2,2,control,14:11:02.256,1.2566731673167315,23,11.646988164577785
2,2,control,14:11:02.257,1.257899189918992,23,-1.3536718418088045
2,2,control,14:11:02.259,1.2591252125212522,23,0.1456598483287834
2,2,control,14:11:02.260,1.2603512351235124,23,8.64498326078975
2,2,control,14:11:02.261,1.261577257725773,23,8.644298421373293
2,2,control,14:11:02.262,1.262803280328033,23,12.143605355878613
2,2,control,14:11:02.264,1.2640293029302931,23,20.14290409010492
2,2,control,14:11:02.265,1.2652553255325534,23,1.1421946498513833
2,2,control,14:11:02.266,1.2664813481348136,23,24.641477060917232
2,2,control,14:11:02.267,1.2677073707370738,23,17.14075134910165
2,2,control,14:11:02.268,1.268933393339334,23,13.140017540203845
2,2,control,14:11:02.270,1.2701594159415943,23,9.63927566002301
2,2,control,14:11:02.271,1.2713854385438543,23,9.638525734358346
2,2,control,14:11:02.272,1.2726114611461146,23,6.137767789009061
2,2,control,14:11:02.273,1.2738374837483748,23,29.637001849774343
2,2,control,14:11:02.275,1.275063506350635,23,-4.863772057546605
2,2,control,14:11:02.276,1.2762895289528953,23,30.63544609284542
2,2,control,14:11:02.277,1.2775155515551555,23,-13.865343673250386
2,2,control,14:11:02.278,1.2787415741574155,23,18.63385866996517
2,2,control,14:11:02.279,1.279967596759676,23,3.133053148291303
2,2,control,14:11:02.281,1.2811936193619362,23,-15.867760212472795
2,2,control,14:11:02.282,1.2824196419641964,23,14.131418613472071
2,2,control,14:11:02.283,1.283645664566457,23,25.130589651925103
2,2,control,14:11:02.284,1.284871687168717,23,-0.3702470713144947
2,2,control,14:11:02.286,1.2860977097709771,23,12.12890846955247
2,2,control,14:11:02.287,1.2873237323732374,23,31.6280563003252
2,2,control,14:11:02.288,1.2885497549754976,23,23.6271964468029
2,2,control,14:11:02.289,1.289775777577758,23,7.126328934784752
2,2,control,14:11:02.291,1.291001800180018,23,9.125453790069976
2,2,control,14:11:02.292,1.2922278227822783,23,4.124571038457766
2,2,control,14:11:02.293,1.2934538453845386,23,43.12368070574731
2,2,control,14:11:02.294,1.2946798679867988,23,16.12278281773782
2,2,control,14:11:02.295,1.295905890589059,23,13.121877400228492
2,2,control,14:11:02.297,1.2971319131913193,23,-5.379035520981475
2,2,control,14:11:02.298,1.2983579357935795,23,20.62004407990712
2,2,control,14:11:02.299,1.2995839583958395,23,6.119116228693471
2,2,control,14:11:02.300,1.3008099809981,23,4.118180951176782
2,2,control,14:11:02.302,1.30203600360036,23,24.617238273156254
2,2,control,14:11:02.313,1.313070207020702,24,3.608425405166528
2,2,control,14:11:02.314,1.3142962296229623,24,24.10741014106356
2,2,control,14:11:02.315,1.3155222522252226,24,10.106387760247928
2,2,control,14:11:02.316,1.3167482748274828,24,11.605358288518858
2,2,control,14:11:02.317,1.317974297429743,24,44.104321751675535
2,2,control,14:11:02.319,1.3192003200320033,24,4.103278175517168
2,2,control,14:11:02.320,1.3204263426342635,24,-1.897772414157053
2,2,control,14:11:02.321,1.3216523652365235,24,23.10117000845208
2,2,control,14:11:02.322,1.322878387838784,24,32.60010546914376
2,2,control,14:11:02.324,1.3241044104410442,24,5.0990339937171925
2,2,control,14:11:02.325,1.3253304330433044,24,60.59795560797156
2,2,control,14:11:02.326,1.326556455645565,24,10.096870337706092
2,2,control,14:11:02.327,1.327782478247825,24,9.095778208719963
2,2,control,14:11:02.329,1.3290085008500852,24,29.594679246812376
2,2,control,14:11:02.330,1.3302345234523454,24,43.09357347778254
2,2,control,14:11:02.331,1.3314605460546056,24,20.59246092742965
2,2,control,14:11:02.332,1.3326865686568656,24,34.0913416215529
2,2,control,14:11:02.333,1.333912591259126,24,12.590215585951498
2,2,control,14:11:02.335,1.335138613861386,24,17.08908284642464
2,2,control,14:11:02.336,1.3363646364636463,24,16.587943428771524
2,2,control,14:11:02.337,1.3375906590659066,24,23.586797358791344
2,2,control,14:11:02.338,1.3388166816681668,24,8.585644662283315
2,2,control,14:11:02.340,1.340042704270427,24,27.584485365046625
2,2,control,14:11:02.341,1.3412687268726873,24,9.08331949288047
2,2,control,14:11:02.342,1.3424947494749475,24,20.08214707158406
2,2,control,14:11:02.343,1.3437207720772075,24,29.58096812695659
2,2,control,14:11:02.344,1.344946794679468,24,10.57978268479726
2,2,control,14:11:02.375,1.3755973597359736,25,6.048110395617528
2,2,control,14:11:02.376,1.376823382338234,25,-6.953234926851181
2,2,control,14:11:02.378,1.378049404940494,25,2.5454139497266297
2,2,control,14:11:02.379,1.3792754275427543,25,13.544057051150162
2,2,control,14:11:02.380,1.3805014501450146,25,-6.457305596781374
2,2,control,14:11:02.381,1.3817274727472748,25,-4.958673968268798
2,2,control,14:11:02.382,1.382953495349535,25,5.039951962487109
2,2,control,14:11:02.384,1.3841795179517953,25,-10.961427778714471
2,2,control,14:11:02.385,1.3854055405540555,25,-3.9628131660743264
2,2,control,14:11:02.386,1.3866315631563155,25,-1.964204173793263
2,2,control,14:11:02.387,1.387857585758576,25,-14.46560077607208
2,2,control,14:11:02.389,1.3890836083608362,25,2.032997052888426
2,2,control,14:11:02.390,1.3903096309630965,25,7.03158933888745
2,2,control,14:11:02.391,1.3915356535653567,25,25.030176107724188
2,2,control,14:11:02.392,1.392761676167617,25,1.5287573851978422
2,2,control,14:11:02.393,1.393987698769877,25,-8.972666802892384
2,2,control,14:11:02.395,1.3952137213721372,25,4.025903569252705
2,2,control,14:11:02.396,1.3964397439743974,25,-1.4755314725676882
2,2,control,14:11:02.397,1.3976657665766576,25,-5.476971902554368
2,2,control,14:11:02.398,1.398891789178918,25,-12.478417694908131
2,2,control,14:11:02.400,1.400117811781178,25,-14.979868823829785
2,2,control,14:11:02.401,1.4013438343834383,25,14.01867473647988
2,2,control,14:11:02.402,1.4025698569856986,25,0.5172130118200542
2,2,control,14:11:02.403,1.4037958795879588,25,7.515746027989941
2,2,control,14:11:02.405,1.405021902190219,25,13.514273810788744
2,2,control,14:11:02.406,1.4062479247924793,25,13.012796386015651
2,2,control,14:11:02.407,1.4074739473947395,25,10.511313779469871
2,2,control,14:11:02.408,1.4086999699969998,25,-11.490173983049395
2,2,control,14:11:02.409,1.40992599259926,25,3.508333124257049
2,2,control,14:11:02.411,1.4111520152015202,25,2.5068351271883955
2,2,control,14:11:02.412,1.4123780378037805,25,30.505332051543853
2,2,control,14:11:02.607,1.6073156315631565,26,29.719355104228526
2,2,control,14:11:02.608,1.6085416541654165,26,6.717371750130155
2,2,control,14:11:02.609,1.6097676767676767,26,0.2153874711270091
2,2,control,14:11:02.610,1.610993699369937,26,27.71340229301828
2,2,control,14:11:02.612,1.6122197219721972,26,5.71141624160316
2,2,control,14:11:02.613,1.6134457445744574,26,-3.2905706573191367
2,2,control,14:11:02.614,1.6146717671767177,26,10.70744162205058
2,2,control,14:11:02.615,1.615897789778978,26,-9.794546894488484
2,2,control,14:11:02.617,1.617123812381238,26,5.203463818862865
2,2,control,14:11:02.618,1.6183498349834984,26,1.2014737879038293
2,2,control,14:11:02.619,1.6195758575857586,26,21.699483038433605
2,2,control,14:11:02.620,1.6208018801880189,26,3.697491596251396
2,2,control,14:11:02.622,1.622027902790279,26,8.695499487156404
2,2,control,14:11:02.623,1.623253925392539,26,2.1935067369478247
2,2,control,14:11:02.624,1.6244799479947996,26,5.691513371424854
2,2,control,14:11:02.625,1.6257059705970598,26,20.18951941638669
2,2,control,14:11:02.626,1.62693199319932,26,1.1875248976325494
2,2,control,14:11:02.628,1.6281580158015805,26,10.185529840961614
2,2,control,14:11:02.629,1.6293840384038405,26,14.183534272173084
2,2,control,14:11:02.630,1.6306100610061007,26,9.68153821706617
2,2,control,14:11:02.631,1.631836083608361,26,22.67954170144006
2,2,control,14:11:02.633,1.6330621062106212,26,-2.8224552489060457
2,2,control,14:11:02.634,1.6342881288128814,26,2.6755473918270667
2,2,control,14:11:02.635,1.6355141514151417,26,4.673549649438577
2,2,control,14:11:02.636,1.636740174017402,26,17.171551549727695
2,2,control,14:11:02.637,1.637966196619662,26,3.669553118493624
2,2,control,14:11:02.639,1.6391922192219222,26,22.66755438153556
2,2,control,14:11:02.640,1.6404182418241824,26,18.16555536465269
2,2,control,14:11:02.641,1.6416442644264426,26,-4.336443906355768
2,2,control,14:11:02.642,1.6428702870287029,26,15.161556594309374
2,2,control,14:11:02.644,1.644096309630963,26,18.159556892447327
2,2,control,14:11:02.645,1.645322332233223,26,1.6575570138572715
2,2,control,14:11:02.646,1.6465483548354836,26,-0.8444430156615752
2,2,control,14:11:02.647,1.6477743774377438,26,1.6535568296899823
2,2,control,14:11:02.649,1.649000400040004,26,-2.3484434242888668
2,2,control,14:11:02.667,1.6673907390739076,27,10.62155838983618
2,2,control,14:11:02.668,1.6686167616761678,27,10.619560055262076
2,2,control,14:11:02.669,1.6698427842784278,27,6.617562059943957
2,2,control,14:11:02.671,1.671068806880688,27,15.115564429681037
2,2,control,14:11:02.672,1.6722948294829485,27,16.613567190272498
2,2,control,14:11:02.673,1.6735208520852085,27,32.61157036751756
2,2,control,14:11:02.674,1.6747468746874687,27,23.1095739872154
2,2,control,14:11:02.675,1.675972897289729,27,11.107578075165236
2,2,control,14:11:02.677,1.6771989198919892,27,15.10558265716626
2,2,control,14:11:02.678,1.6784249424942494,27,13.603587759017664
2,2,control,14:11:02.679,1.6796509650965097,27,26.10159340651866
2,2,control,14:11:02.680,1.68087698769877,27,40.09959962546844
2,2,control,14:11:02.682,1.6821030103010302,27,9.597606441666215
2,2,control,14:11:02.683,1.6833290329032904,27,15.595613880911166
2,2,control,14:11:02.684,1.6845550555055506,27,14.093621969002506
2,2,control,14:11:02.685,1.6857810781078109,27,27.59163073173943
2,2,control,14:11:02.687,1.687007100710071,27,27.08964019492113
2,2,control,14:11:02.688,1.688233123312331,27,17.587650384346823
2,2,control,14:11:02.689,1.6894591459145916,27,21.085661325815693
2,2,control,14:11:02.690,1.6906851685168518,27,13.58367304512695
2,2,control,14:11:02.691,1.691911191119112,27,8.081685568079784
2,2,control,14:11:02.693,1.6931372137213725,27,13.579698920473405
2,2,control,14:11:02.694,1.6943632363236325,27,39.577713128107
2,2,control,14:11:02.695,1.6955892589258927,27,20.575728216779773
2,2,control,14:11:02.718,1.718883688368837,28,7.538216611941934
2,2,control,14:11:02.720,1.7201097109710972,28,-0.9637452607698124
2,2,control,14:11:02.721,1.7213357335733577,28,21.034294289340806
2,2,control,14:11:02.722,1.7225617561756177,28,9.032335288073
2,2,control,14:11:02.723,1.723787778777878,28,15.030377761225957
2,2,control,14:11:02.725,1.7250138013801382,28,9.52842173459888
2,2,control,14:11:02.726,1.7262398239823984,28,10.02646723399097
2,2,control,14:11:02.727,1.7274658465846586,28,13.52451428520142
2,2,control,14:11:02.728,1.7286918691869189,28,22.022562914029443
2,2,control,14:11:02.729,1.729917891789179,28,9.520613146274222
2,2,control,14:11:02.731,1.731143914391439,28,-2.981334992265033
2,2,control,14:11:02.732,1.7323699369936991,28,6.51671852421088
2,2,control,14:11:02.733,1.7335959595959596,28,2.5147737215011503
2,2,control,14:11:02.734,1.7348219821982198,28,30.512830625404987
2,2,control,14:11:02.736,1.73604800480048,28,6.01088926172158
2,2,control,14:11:02.737,1.7372740274027405,28,3.508949656250138
2,2,control,14:11:02.738,1.7385000500050003,28,20.00701183478985
2,2,control,14:11:02.739,1.7397260726072608,28,17.505075823139926
2,2,control,14:11:02.740,1.740952095209521,28,10.503141647099568
2,2,control,14:11:02.764,1.7642465246524652,29,16.466775381084126
2,2,control,14:11:02.765,1.7654725472547257,29,7.46488333506683
2,2,control,14:11:02.766,1.7666985698569857,29,12.462993666442271
2,2,control,14:11:02.767,1.767924592459246,29,13.461106401009673
2,2,control,14:11:02.769,1.7691506150615062,29,-3.0407784354317897
2,2,control,14:11:02.770,1.7703766376637664,29,15.457339182917096
2,2,control,14:11:02.771,1.7716026602660266,29,-15.044540718144468
2,2,control,14:11:02.772,1.7728286828682869,29,8.953581887182708
2,2,control,14:11:02.774,1.774054705470547,29,24.451707024697832
2,2,control,14:11:02.775,1.7752807280728071,29,-2.0501652797999057
2,2,control,14:11:02.776,1.7765067506750676,29,13.947964999488704
2,2,control,14:11:02.777,1.7777327732773278,29,15.44609788836285
2,2,control,14:11:02.778,1.778958795879588,29,9.944233412621742
2,2,control,14:11:02.780,1.7801848184818485,29,24.94237159806457
2,2,control,14:11:02.781,1.7814108410841083,29,16.440512470490553
2,2,control,14:11:02.782,1.7826368636863688,29,7.938656055698864
2,2,control,14:11:02.783,1.783862886288629,29,3.436802379488718
2,2,control,14:11:02.785,1.7850889088908892,29,-0.0650485323406897
2,2,control,14:11:02.786,1.7863149314931497,29,19.933103346009844
2,2,control,14:11:02.787,1.7875409540954097,29,19.431258040339515
2,2,control,14:11:02.788,1.78876697669767,29,11.929415576447518
2,2,control,14:11:02.789,1.7899929992999302,29,1.927575980133064
2,2,control,14:11:02.791,1.7912190219021904,29,5.4257392771953405
2,2,control,14:11:02.792,1.7924450445044504,29,8.423905493433558
2,2,control,14:11:02.793,1.7936710671067106,29,9.922074654646911
2,2,control,14:11:02.794,1.7948970897089709,29,9.420246786634593
2,2,control,14:11:02.796,1.7961231123112311,29,3.4184219151958146
2,2,control,14:11:02.818,1.818191519151916,30,21.886116054459457
2,2,control,14:11:02.819,1.819417541754176,30,12.88435301976572
2,2,control,14:11:02.820,1.820643564356436,30,11.8825934976295
2,2,control,14:11:02.824,1.8243216321632163,31,31.37733626455799
2,2,control,14:11:02.825,1.8255476547654763,31,26.87559105064385
2,2,control,14:11:02.826,1.8267736773677368,31,29.873849478283248
2,2,control,14:11:02.827,1.827999699969997,31,30.872111573275355
2,2,control,14:11:02.829,1.8292257225722568,31,21.370377361419383
2,2,control,14:11:02.830,1.8304517451745173,31,40.86864686851453
2,2,control,14:11:02.831,1.8316777677767777,31,24.36692012036
2,2,control,14:11:02.832,1.832903790379038,31,35.86519714275498
2,2,control,14:11:02.834,1.8341298129812984,31,33.36347796149868
2,2,control,14:11:02.835,1.8353558355835584,31,11.861762602390291
2,2,control,14:11:02.836,1.8365818581858184,31,15.360051091229025
2,2,control,14:11:02.837,1.8378078807880789,31,21.858343453814072
2,2,control,14:11:02.839,1.8390339033903391,31,32.35663971594463
2,2,control,14:11:02.840,1.8402599259926,31,46.35493990341991
2,2,control,14:11:02.841,1.84148594859486,31,47.35324404203909
2,2,control,14:11:02.842,1.84271197119712,31,29.3515521576014
2,2,control,14:11:02.843,1.84393799379938,31,8.849864275906015
2,2,control,14:11:02.845,1.8451640164016403,31,26.848180422752137
2,2,control,14:11:02.846,1.8463900390039003,31,24.84650062393897
2,2,control,14:11:02.847,1.8476160616061608,31,62.344824905265725
2,2,control,14:11:02.848,1.848842084208421,31,28.843153292531586
2,2,control,14:11:02.850,1.8500681068106808,31,56.34148581153575
2,2,control,14:11:02.881,1.8819446944694471,32,-0.2003339360318818
2,2,control,14:11:02.883,1.8831707170717071,32,11.798119892004031
2,2,control,14:11:02.884,1.884396739673968,32,43.296578574155845
2,2,control,14:11:02.885,1.885622762276228,32,17.79504213622274
2,2,control,14:11:02.886,1.886848784878488,32,18.79351060400394
2,2,control,14:11:02.888,1.888074807480748,32,12.291984003298625
2,2,control,14:11:02.889,1.8893008300830083,32,11.290462359906002
2,2,control,14:11:02.890,1.8905268526852683,32,14.788945699625272
2,2,control,14:11:02.891,1.8917528752875288,32,30.28743404825564
2,2,control,14:11:02.892,1.892978897889789,32,16.285927431596285
2,2,control,14:11:02.894,1.8942049204920488,32,-7.215574124553576
2,2,control,14:11:02.895,1.8954309430943093,32,21.78292940560525
2,2,control,14:11:02.896,1.8966569656965693,32,13.781438047871973
2,2,control,14:11:02.897,1.89788298829883,32,3.2799518280457747
2,2,control,14:11:02.899,1.8991090109010904,32,22.278470771925868
2,2,control,14:11:02.900,1.9003350335033504,32,23.276994905311447
2,2,control,14:11:02.901,1.9015610561056109,32,32.27552425400172
2,2,control,14:11:02.902,1.902787078707871,32,22.274058843795864
2,2,control,14:11:02.904,1.9040131013101311,32,6.2725987004930985
2,2,control,14:11:02.905,1.905239123912392,32,14.271143849892624
2,2,control,14:11:02.906,1.906465146514652,32,7.769694317793629
2,2,control,14:11:02.907,1.907691169116912,32,12.768250129995316
2,2,control,14:11:02.908,1.908917191719172,32,31.766811312296888
2,2,control,14:11:02.910,1.9101432143214323,32,25.76537789049754
2,2,control,14:11:02.911,1.9113692369236923,32,21.763949890396475
2,2,control,14:11:02.912,1.9125952595259528,32,18.26252733779289
2,2,control,14:11:02.913,1.9138212821282128,32,25.261110258485985
2,2,control,14:11:02.915,1.915047304730473,32,31.25969867827496
2,2,control,14:11:02.916,1.9162733273327333,32,22.75829262295902
2,2,control,14:11:02.917,1.9174993499349933,32,24.256892118337355
2,2,control,14:11:02.918,1.9187253725372533,32,41.75549719020916
2,2,control,14:11:02.919,1.919951395139514,32,39.75410786437366
2,2,control,14:11:02.921,1.9211774177417744,32,23.252724166630024
2,2,control,14:11:02.935,1.935889688968897,33,18.736568175781464
2,2,control,14:11:02.937,1.9371157115711573,33,31.235259990959385
2,2,control,14:11:02.938,1.9383417341734173,33,25.73395779541798
2,2,control,14:11:02.939,1.9395677567756773,33,38.23266161495644
2,2,control,14:11:02.940,1.940793779377938,33,26.73137147537397
2,2,control,14:11:02.942,1.9420198019801984,33,26.730087402469763
2,2,control,14:11:02.943,1.9432458245824584,33,32.72880942204303
2,2,control,14:11:02.944,1.9444718471847184,33,16.22753755989296
2,2,control,14:11:02.945,1.945697869786979,33,20.72627184181875
2,2,control,14:11:02.946,1.946923892389239,33,32.72501229361961
2,2,control,14:11:02.948,1.9481499149914991,33,21.723758941094744
2,2,control,14:11:02.949,1.94937593759376,33,37.722511810043336
2,2,control,14:11:02.950,1.95060196019602,33,23.721270926264587
2,2,control,14:11:02.951,1.95182798279828,33,-9.779963684442292
2,2,control,14:11:02.953,1.95305400540054,33,34.21880800372189
2,2,control,14:11:02.954,1.9542800280028003,33,33.71758601655633
2,2,control,14:11:02.955,1.9555060506050608,33,32.71637037986024
2,2,control,14:11:02.981,1.9812525252525253,34,5.192354658070101
2,2,control,14:11:02.982,1.9824785478547853,34,-18.80871474110038
2,2,control,14:11:02.983,1.9837045704570453,34,-11.309777196419809
2,2,control,14:11:02.984,1.984930593059306,34,-6.810832682088993
2,2,control,14:11:02.986,1.9861566156615664,34,-7.81188117230873
2,2,control,14:11:02.987,1.9873826382638264,34,-3.812922641279819
2,2,control,14:11:02.988,1.988608660866087,34,-16.813957063203055
2,2,control,14:11:02.989,1.989834683468347,34,-9.814984412279252
2,2,control,14:11:02.991,1.9910607060706071,34,-7.816004662709197
2,2,control,14:11:02.992,1.992286728672868,34,1.682982211306296
2,2,control,14:11:02.993,1.993512751275128,34,-6.318023764433562
2,2,control,14:11:02.994,1.994738773877388,34,-14.319022564129584
2,2,control,14:11:02.995,1.995964796479648,34,-11.320014161982556
2,2,control,14:11:02.997,1.9971908190819083,34,-7.320998532193286
2,2,control,14:11:02.998,1.9984168416841688,34,-5.821975648962571
2,2,control,14:11:02.999,1.9996428642864288,34,-1.822945486491221
2,2,control,14:11:03.000,2.000868886888689,34,-12.32390801898002
2,2,control,14:11:03.002,2.0020949094909493,34,-5.324863220629787
2,2,control,14:11:03.003,2.0033209320932093,34,-18.82581106564131
2,2,control,14:11:03.004,2.0045469546954697,34,-12.826751528215397
2,2,control,14:11:03.005,2.0057729772977297,34,-5.827684582552848
2,2,control,14:11:03.006,2.00699899989999,34,-0.3286102028544562
2,2,control,14:11:03.008,2.00822502250225,34,0.1704716366789753
2,2,control,14:11:03.009,2.0094510451045107,34,-1.330439038153358
2,2,control,14:11:03.010,2.0106770677067707,34,-7.831342201552253
2,2,control,14:11:03.011,2.011903090309031,34,-3.832237827718515
2,2,control,14:11:03.013,2.013129112911291,34,-2.8331258908529406
2,2,control,14:11:03.024,2.024163316331633,35,13.159226134237734
2,2,control,14:11:03.025,2.025389338933893,35,42.15841512037763
2,2,control,14:11:03.026,2.026615361536153,35,24.15761195334056
2,2,control,14:11:03.027,2.027841384138414,35,27.15681665892572
2,2,control,14:11:03.029,2.029067406740674,35,39.6560292629323
2,2,control,14:11:03.030,2.0302934293429344,35,4.1552497911595125
2,2,control,14:11:03.031,2.0315194519451945,35,23.15447826940656
2,2,control,14:11:03.032,2.032745474547455,35,51.15371472347262
2,2,control,14:11:03.033,2.033971497149715,35,38.15295917915691
2,2,control,14:11:03.035,2.0351975197519754,35,24.15221166225863
2,2,control,14:11:03.036,2.0364235423542354,35,15.651472198576968
2,2,control,14:11:03.037,2.037649564956496,35,21.65074081391113
2,2,control,14:11:03.038,2.038875587558756,35,28.150017534060325
2,2,control,14:11:03.040,2.0401016101610163,35,18.64930238482374
2,2,control,14:11:03.041,2.0413276327632763,35,20.14859539200058
2,2,control,14:11:03.042,2.042553655365537,35,3.647896581390036
2,2,control,14:11:03.043,2.043779677967797,35,14.64720597879132
2,2,control,14:11:03.045,2.0450057005700573,35,24.64652361000362
2,2,control,14:11:03.046,2.0462317231723173,35,28.64584950082613
2,2,control,14:11:03.047,2.0474577457745777,35,30.64518367705808
2,2,control,14:11:03.048,2.0486837683768377,35,46.14452616449864
2,2,control,14:11:03.049,2.049909790979098,35,25.14387698894702
2,2,control,14:11:03.051,2.051135813581358,35,22.14323617620242
2,2,control,14:11:03.086,2.086690469046905,36,14.128406395063372
2,2,control,14:11:03.087,2.087916491649165,36,10.128028463157058
2,2,control,14:11:03.089,2.0891425142514253,36,15.12765969383294
2,2,control,14:11:03.090,2.0903685368536853,36,-8.372699887109775
2,2,control,14:11:03.091,2.0915945594559457,36,7.626949746128112
2,2,control,14:11:03.092,2.0928205820582058,36,13.126608619345802
2,2,control,14:11:03.094,2.094046604660466,36,11.626276758342485
2,2,control,14:11:03.095,2.0952726272627262,36,21.62595418891736
2,2,control,14:11:03.096,2.0964986498649867,36,5.625640936869644
2,2,control,14:11:03.097,2.0977246724672467,36,5.625337027998519
2,2,control,14:11:03.098,2.098950695069507,36,0.6250424881031975
2,2,control,14:11:03.100,2.100176717671767,36,27.12475734298286
2,2,control,14:11:03.101,2.101402740274028,36,6.124481618436725
2,2,control,14:11:03.102,2.102628762876288,36,0.6242153402639872
2,2,control,14:11:03.103,2.103854785478548,36,21.62395853426384
2,2,control,14:11:03.105,2.105080808080808,36,-0.3762887737645144
2,2,control,14:11:03.106,2.106306830683069,36,12.623473441978128
2,2,control,14:11:03.107,2.107532853285329,36,12.123245207290964
2,2,control,14:11:03.108,2.108758875887589,36,14.12302654797319
2,2,control,14:11:03.109,2.109984898489849,36,19.122817489824
2,2,control,14:11:03.111,2.111210921092109,36,7.122618058642608
2,2,control,14:11:03.112,2.112436943694369,36,-4.377571719771794
2,2,control,14:11:03.113,2.113662966296629,36,6.622248180379998
2,2,control,14:11:03.114,2.11488898889889,36,12.122077784897172
2,2,control,14:11:03.116,2.11611501150115,36,11.62191711957894
2,2,control,14:11:03.117,2.1173410341034105,36,36.12176621022449
2,2,control,14:11:03.118,2.1185670567056705,36,20.62162508263303
2,2,control,14:11:03.119,2.119793079307931,36,2.6214937626037624
2,2,control,14:11:03.121,2.121019101910191,36,19.62137227593588
2,2,control,14:11:03.122,2.1222451245124514,36,6.621260648428574
2,2,control,14:11:03.123,2.1234711471147114,36,8.12115890588106
2,2,control,14:11:03.124,2.124697169716972,36,26.121067074092537
2,2,control,14:11:03.125,2.125923192319232,36,2.120985178862192
2,2,control,14:11:03.127,2.1271492149214923,36,21.62091324598923
2,2,control,14:11:03.141,2.141861486148615,37,2.120836506298211
2,2,control,14:11:03.143,2.143087508750875,37,0.1208964317983927
2,2,control,14:11:03.144,2.144313531353135,37,4.120966680844738
2,2,control,14:11:03.145,2.145539553955396,37,-4.878952720763529
2,2,control,14:11:03.146,2.146765576557656,37,-6.8788617472272335
2,2,control,14:11:03.147,2.147991599159916,37,-14.378760372747152
2,2,control,14:11:03.149,2.149217621762176,37,4.621351428475897
2,2,control,14:11:03.150,2.1504436443644366,37,-6.378526317758883
2,2,control,14:11:03.151,2.1516696669666966,37,-7.87839358565229
2,2,control,14:11:03.152,2.152895689568957,37,-2.8782503494051213
2,2,control,14:11:03.154,2.154121712171217,37,9.62190341678182
2,2,control,14:11:03.155,2.155347734773477,37,8.622067738707727
2,2,control,14:11:03.156,2.156573757375737,37,1.1222426421718057
2,2,control,14:11:03.157,2.157799779977998,37,-5.877571847026744
2,2,control,14:11:03.159,2.159025802580258,37,-11.377375703088724
2,2,control,14:11:03.160,2.1602518251825185,37,-14.87716890021494
2,2,control,14:11:03.161,2.1614778477847785,37,12.123048587393818
2,2,control,14:11:03.162,2.162703870387039,37,9.623276785536738
2,2,control,14:11:03.163,2.163929892989299,37,32.12351572001303
2,2,control,14:11:03.165,2.1651559155915594,37,-0.376234583378114
2,2,control,14:11:03.166,2.1663819381938194,37,3.624025901162504
2,2,control,14:11:03.167,2.16760796079608,37,12.124297199434096
2,2,control,14:11:03.168,2.16883398339834,37,-5.3754206627641565
2,2,control,14:11:03.181,2.1810942094209422,38,33.1280025652363
2,2,control,14:11:03.182,2.1823202320232022,38,27.128405640617032
2,2,control,14:11:03.183,2.1835462546254627,38,8.628819865118317
2,2,control,14:11:03.184,2.1847722772277227,38,32.62924526453936
2,2,control,14:11:03.185,2.185998299829983,38,19.129681864679355
2,2,control,14:11:03.187,2.187224322432243,38,12.630129691337515
2,2,control,14:11:03.188,2.188450345034504,38,9.630588770313024
2,2,control,14:11:03.189,2.189676367636764,38,31.63105912740509
2,2,control,14:11:03.190,2.190902390239024,38,22.63154078841292
2,2,control,14:11:03.192,2.192128412841284,38,21.63203377913569
2,2,control,14:11:03.193,2.1933544354435446,38,29.63253812537262
2,2,control,14:11:03.194,2.1945804580458046,38,25.6330538529229
2,2,control,14:11:03.195,2.195806480648065,38,54.13358098758574
2,2,control,14:11:03.197,2.197032503250325,38,52.634119555160325
2,2,control,14:11:03.266,2.266915791579158,39,-10.315444783787612
2,2,control,14:11:03.268,2.2681418141814182,39,-17.814198964901166
2,2,control,14:11:03.269,2.2693678367836783,39,-8.8129401909502
2,2,control,14:11:03.270,2.2705938593859387,39,25.68833156386448
2,2,control,14:11:03.271,2.2718198819881987,39,-1.8103836746579127
2,2,control,14:11:03.273,2.273045904590459,39,2.1909141192818
2,2,control,14:11:03.274,2.274271927192719,39,-14.307775028517163
2,2,control,14:11:03.275,2.27549794979498,39,5.193548907744386
2,2,control,14:11:03.276,2.27672397239724,39,-7.805114046134349
2,2,control,14:11:03.277,2.2779499949995,39,-1.303763864354167
2,2,control,14:11:03.279,2.27917601760176,39,-4.302400521115871
2,2,control,14:11:03.280,2.2804020402040206,39,-4.3010239906202585
2,2,control,14:11:03.281,2.2816280628062806,39,-15.799634247068134
2,2,control,14:11:03.282,2.282854085408541,39,-17.798231264660295
2,2,control,14:11:03.284,2.284080108010801,39,-0.2968150175975452
2,2,control,14:11:03.285,2.285306130613061,39,-9.795385480080682
2,2,control,14:11:03.286,2.2865321532153216,39,-13.79394262631051
2,2,control,14:11:03.287,2.287758175817582,39,7.707513569512173
2,2,control,14:11:03.288,2.288984198419842,39,-10.791016866813436
2,2,control,14:11:03.290,2.2902102210221025,39,0.7104660905118649
2,2,control,14:11:03.291,2.2914362436243625,39,2.211962467287279
2,2,control,14:11:03.292,2.292662266226623,39,16.713472289312
2,2,control,14:11:03.293,2.293888288828883,39,9.714995582385228
2,2,control,14:11:03.295,2.2951143114311434,39,-13.783467627693838
2,2,control,14:11:03.296,2.2963403340334034,39,-1.2819173151259946
2,2,control,14:11:03.297,2.2975663566356634,39,-17.280353454112046
2,2,control,14:11:03.298,2.298792379237924,39,-12.278776018852795
2,2,control,14:11:03.300,2.300018401840184,39,0.2228150164509656
2,2,control,14:11:03.324,2.3245388538853886,40,11.757531462639378
2,2,control,14:11:03.325,2.325764876487649,40,2.7594140584928155
2,2,control,14:11:03.326,2.326990899089909,40,-1.7386891780268527
2,2,control,14:11:03.328,2.328216921692169,40,6.2632217788795685
2,2,control,14:11:03.329,2.3294429442944296,40,-7.234853044988718
2,2,control,14:11:03.330,2.3306689668966896,40,2.767086376167491
2,2,control,14:11:03.331,2.33189498949895,40,7.76904006814739
2,2,control,14:11:03.333,2.33312101210121,40,5.271008056750176
2,2,control,14:11:03.334,2.3343470347034705,40,-0.2270096322249486
2,2,control,14:11:03.335,2.3355730573057305,40,18.77498702702122
2,2,control,14:11:03.336,2.336799079907991,40,-15.223001939712129
2,2,control,14:11:03.338,2.338025102510251,40,-7.220976506625782
2,2,control,14:11:03.339,2.3392511251125114,40,4.2810633520794426
2,2,control,14:11:03.340,2.3404771477147714,40,-2.2168823377972373
2,2,control,14:11:03.341,2.341703170317032,40,-4.214813550456633
2,2,control,14:11:03.342,2.342929192919292,40,-6.212730260099548
2,2,control,14:11:03.344,2.3441552155215524,40,-3.710632440926773
2,2,control,14:11:03.345,2.3453812381238124,40,-1.7085200671391192
2,2,control,14:11:03.346,2.346607260726073,40,-0.206393112937377
2,2,control,14:11:03.347,2.347833283328333,40,-2.7042515525223507
2,2,control,14:11:03.349,2.3490593059305933,40,3.2979046399051555
2,2,control,14:11:03.350,2.3502853285328533,40,6.800075490144344
2,2,control,14:11:03.351,2.351511351135114,40,23.30226102399442
2,2,control,14:11:03.352,2.352737373737374,40,-2.695538732745426
2,2,control,14:11:03.353,2.3539633963396343,40,0.806676245724006
2,2,control,14:11:03.355,2.3551894189418943,40,0.8089059852019176
2,2,control,14:11:03.356,2.3564154415441547,40,5.811150511487512
2,2,control,14:11:03.357,2.3576414641464147,40,28.313409850379983
2,2,control,14:11:03.358,2.3588674867486747,40,16.315684027678536
2,2,control,14:11:03.360,2.360093509350935,40,6.317973069182365
2,2,control,14:11:03.361,2.361319531953195,40,6.320277000690666
2,2,control,14:11:03.383,2.3833879387938794,41,-0.6356766303068468
2,2,control,14:11:03.384,2.38461396139614,41,-5.633084886865582
2,2,control,14:11:03.385,2.3858399839984,41,11.869522262564152
2,2,control,14:11:03.387,2.3870660066006604,41,1.372144843781555
2,2,control,14:11:03.388,2.3882920292029204,41,3.37478288258582
2,2,control,14:11:03.389,2.3895180518051804,41,5.877436404776148
2,2,control,14:11:03.390,2.390744074407441,41,-13.119894563848264
2,2,control,14:11:03.391,2.391970097009701,41,-4.617209997488203
2,2,control,14:11:03.393,2.3931961196119613,41,11.885490129655516
2,2,control,14:11:03.394,2.3944221422142213,41,-15.111794156617904
2,2,control,14:11:03.395,2.395648164816482,41,-14.60906283050926
2,2,control,14:11:03.396,2.396874187418742,41,12.893684133780646
2,2,control,14:11:03.398,2.3981002100210023,41,-4.603553237948994
2,2,control,14:11:03.399,2.3993262326232623,41,-5.100774919898967
2,2,control,14:11:03.400,2.4005522552255227,41,1.9020191137299207
2,2,control,14:11:03.401,2.4017782778277827,41,6.904828888736866
2,2,control,14:11:03.403,2.403004300430043,41,2.9076544309210632
2,2,control,14:11:03.404,2.404230323032303,41,-11.589504233918277
2,2,control,14:11:03.405,2.405456345634564,41,6.913352920018042
2,2,control,14:11:03.406,2.406682368236824,41,14.416225918529214
2,2,control,14:11:03.407,2.407908390839084,41,1.4191147874144434
2,2,control,14:11:03.409,2.409134413441344,41,11.422019552472925
2,2,control,14:11:03.410,2.4103604360436046,41,-11.075059760496131
2,2,control,14:11:03.411,2.4115864586458646,41,-0.0721231256935368
2,2,control,14:11:03.412,2.412812481248125,41,8.430829482679911
2,2,control,14:11:03.414,2.414038503850385,41,20.43379809042341
2,2,control,14:11:03.415,2.4152645264526456,41,-6.563217276663835
2,2,control,14:11:03.416,2.4164905490549056,41,17.439783407217377
2,2,control,14:11:03.417,2.417716571657166,41,4.942800167866231
2,2,control,14:11:03.418,2.418942594259426,41,15.44583303108194
2,2,control,14:11:03.420,2.420168616861686,41,-7.051117977336304
2,2,control,14:11:03.421,2.4213946394639465,41,5.451947168410712
2,2,control,14:11:03.422,2.4226206620662065,41,-0.5449715058778324
2,2,control,14:11:03.423,2.423846684668467,41,23.95812602559728
2,2,control,14:11:03.425,2.425072707270727,41,-9.038760211364767
2,2,control,14:11:03.426,2.4262987298729874,41,17.46436980903524
2,2,control,14:11:03.427,2.4275247524752475,41,17.967516112596492
2,2,control,14:11:03.428,2.428750775077508,41,19.47067872511819
2,2,control,14:11:03.429,2.429976797679768,41,19.47385767239953
2,2,control,14:11:03.482,2.482695769576958,42,9.126371178762618
2,2,control,14:11:03.483,2.483921792179218,42,31.13029439667584
2,2,control,14:11:03.485,2.4851478147814783,42,53.63423511031268
2,2,control,14:11:03.486,2.4863738373837383,42,16.638193345472345
2,2,control,14:11:03.487,2.4875998599859988,42,21.642169127954027
2,2,control,14:11:03.488,2.4888258825882588,42,21.646162483556928
2,2,control,14:11:03.490,2.490051905190519,42,39.650173438080245
2,2,control,14:11:03.491,2.4912779277927792,42,23.154202017323183
2,2,control,14:11:03.492,2.49250395039504,42,34.65824824708494
2,2,control,14:11:03.493,2.4937299729973,42,24.66231215316472
2,2,control,14:11:03.494,2.49495599559956,42,34.666393761361704
2,2,control,14:11:03.496,2.49618201820182,42,8.170493097475102
2,2,control,14:11:03.497,2.4974080408040806,42,25.174610187304125
2,2,control,14:11:03.498,2.4986340634063406,42,9.678745056647962
2,2,control,14:11:03.499,2.499860086008601,42,17.682897731305815
2,2,control,14:11:03.501,2.501086108610861,42,60.68706823707688
2,2,control,14:11:03.502,2.5023121312131216,42,37.19125659976036
2,2,control,14:11:03.503,2.5035381538153816,42,62.19546284515545
2,2,control,14:11:03.504,2.504764176417642,42,29.19968699906135
2,2,control,14:11:03.505,2.505990199019902,42,30.20392908727726
2,2,control,14:11:03.507,2.5072162216221625,42,13.208189135602382
2,2,control,14:11:03.508,2.5084422442244225,42,25.21246716983592
2,2,control,14:11:03.509,2.509668266826683,42,63.21676321577706
2,2,control,14:11:03.510,2.510894289428943,42,44.721077299225016
2,2,control,14:11:03.512,2.512120312031203,42,18.22540944597897
2,2,control,14:11:03.513,2.5133463346334635,42,26.72975968183816
2,2,control,14:11:03.514,2.5145723572357235,42,47.23412803260173
2,2,control,14:11:03.515,2.515798379837984,42,25.73851452406892
2,2,control,14:11:03.517,2.517024402440244,42,18.24291918203891
2,2,control,14:11:03.518,2.5182504250425044,42,35.247342032310904
2,2,control,14:11:03.519,2.5194764476447644,42,51.25178310068411
2,2,control,14:11:03.520,2.520702470247025,42,44.25624241295772
2,2,control,14:11:03.521,2.521928492849285,42,17.26071999493093
2,2,control,14:11:03.523,2.5231545154515453,42,29.265215872402948
2,2,control,14:11:03.524,2.5243805380538054,42,33.769730071172965
2,2,control,14:11:03.548,2.54890099009901,43,21.363901249921177
2,2,control,14:11:03.550,2.55012701270127,43,25.86880615556433
2,2,control,14:11:03.551,2.5513530353035305,43,38.873729950087885
2,2,control,14:11:03.552,2.5525790579057905,43,6.37867265929102
2,2,control,14:11:03.553,2.553805080508051,43,15.383634308972953
2,2,control,14:11:03.555,2.555031103110311,43,11.888614924932869
2,2,control,14:11:03.556,2.5562571257125715,43,17.893614532969977
2,2,control,14:11:03.557,2.5574831483148315,43,-7.60136684111653
2,2,control,14:11:03.558,2.558709170917092,43,11.403670828472556
2,2,control,14:11:03.559,2.559935193519352,43,19.908727567536424
2,2,control,14:11:03.561,2.5611612161216124,43,1.9138034018742829
2,2,control,14:11:03.562,2.5623872387238724,43,22.41889835728532
2,2,control,14:11:03.563,2.563613261326133,43,21.42401245956875
2,2,control,14:11:03.564,2.564839283928393,43,17.429145734523765
2,2,control,14:11:03.566,2.5660653065306533,43,6.43429820794956
2,2,control,14:11:03.567,2.5672913291329134,43,17.43946990564534
2,2,control,14:11:03.568,2.568517351735174,43,12.444660853410303
2,2,control,14:11:03.569,2.569743374337434,43,16.949871077043653
2,2,control,14:11:03.570,2.5709693969396943,43,21.95510060234458
2,2,control,14:11:03.572,2.5721954195419543,43,18.460349455112294
2,2,control,14:11:03.573,2.5734214421442143,43,26.965617661145977
2,2,control,14:11:03.574,2.5746474647464748,43,20.47090524624485
2,2,control,14:11:03.575,2.575873487348735,43,23.4762122362081
2,2,control,14:11:03.577,2.5770995099509952,43,2.981538656834928
2,2,control,14:11:03.578,2.578325532553256,43,21.98688453392454
2,2,control,14:11:03.613,2.613880188018802,44,-0.8495055017665862
2,2,control,14:11:03.615,2.6151062106210623,44,2.6564360658341286
2,2,control,14:11:03.616,2.6163322332233223,44,-12.337602110327204
2,2,control,14:11:03.617,2.6175582558255828,44,4.168379995548634
2,2,control,14:11:03.618,2.618784278427843,44,8.174382409260822
2,2,control,14:11:03.620,2.6200103010301032,44,-9.81959484339142
2,2,control,14:11:03.621,2.621236323632364,44,-9.313551736608916
2,2,control,14:11:03.622,2.622462346234624,44,-5.807488244592442
2,2,control,14:11:03.623,2.623688368836884,44,4.198595658457187
2,2,control,14:11:03.624,2.624914391439144,44,15.704699998339173
2,2,control,14:11:03.626,2.626140414041404,44,-0.7891751991472873
2,2,control,14:11:03.627,2.6273664366436646,44,2.216970091797016
2,2,control,14:11:03.628,2.6285924592459247,44,5.723135896971272
2,2,control,14:11:03.629,2.629818481848185,44,-4.770677757825318
2,2,control,14:11:03.631,2.631044504450445,44,6.235529153206443
2,2,control,14:11:03.632,2.6322705270527056,44,-19.75824334413424
2,2,control,14:11:03.633,2.6334965496549656,44,12.748004775951834
2,2,control,14:11:03.634,2.6347225722572256,44,21.754273539263863
2,2,control,14:11:03.635,2.635948594859486,44,-2.23943702839896
2,2,control,14:11:03.637,2.637174617461746,44,-0.7331269012374264
2,2,control,14:11:03.638,2.6384006400640065,44,-10.226796053452349
2,2,control,14:11:03.639,2.6396266626662666,44,1.7795555407554886
2,2,control,14:11:03.640,2.640852685268527,44,8.785927907185268
2,2,control,14:11:03.642,2.642078707870787,44,5.292321071636202
2,2,control,14:11:03.643,2.6433047304730475,44,18.29873505990749
2,2,control,14:11:03.644,2.6445307530753075,44,2.305169897798315
2,2,control,14:11:03.645,2.645756775677568,44,-11.688374388892107
2,2,control,14:11:03.646,2.646982798279828,44,15.81810222563542
2,2,control,14:11:03.648,2.6482088208820884,44,4.324599767180096
2,2,control,14:11:03.649,2.6494348434843484,44,12.831118261541114
2,2,control,14:11:03.650,2.650660866086609,44,8.337657734517677
2,2,control,14:11:03.651,2.651886888688869,44,4.344218211908988
2,2,control,14:11:03.653,2.6531129112911294,44,-1.6492002804857575
2,2,control,14:11:03.654,2.6543389338933894,44,23.857402283132643
2,2,control,14:11:03.655,2.65556495649565,44,13.864025928563386
2,2,control,14:11:03.656,2.65679097909791,44,-8.629329318394333
2,2,control,14:11:03.658,2.6580170017001703,44,2.877336568058702
2,2,control,14:11:03.659,2.6592430243024303,44,-3.1159763862783336
2,2,control,14:11:03.660,2.6604690469046908,44,9.890731844393784
2,2,control,14:11:03.661,2.661695069506951,44,-11.602538714125764
2,2,control,14:11:03.662,2.6629210921092112,44,-14.095788036037774
2,2,control,14:11:03.664,2.664147114711472,44,5.410983904456955
2,2,control,14:11:03.665,2.665373137313732,44,5.417777133157628
2,2,control,14:11:03.686,2.6862155215521555,45,14.036544116001991
2,2,control,14:11:03.687,2.6874415441544155,45,16.04372494407267
2,2,control,14:11:03.688,2.688667566756676,45,13.050927550534084
2,2,control,14:11:03.689,2.689893589358936,45,10.058151961185416
2,2,control,14:11:03.691,2.6911196119611964,45,46.565398201825886
2,2,control,14:11:03.692,2.6923456345634564,45,20.57266629825468
2,2,control,14:11:03.693,2.693571657165717,45,15.079956276270993
2,2,control,14:11:03.694,2.694797679767977,45,15.587268161674032
2,2,control,14:11:03.696,2.696023702370237,45,27.094601980263
2,2,control,14:11:03.697,2.6972497249724974,45,3.6019577578370985
2,2,control,14:11:03.698,2.6984757475747574,45,1.6093355201955148
2,2,control,14:11:03.699,2.699701770177018,45,29.61673529313745
2,2,control,14:11:03.700,2.700927792779278,45,-0.3758428975378791
2,2,control,14:11:03.702,2.7021538153815383,45,-0.868399026031291
2,2,control,14:11:03.703,2.7033798379837983,45,9.639066933456412
2,2,control,14:11:03.704,2.704605860586059,45,19.646555006724448
2,2,control,14:11:03.705,2.705831883188319,45,9.654065219571995
2,2,control,14:11:03.707,2.70705790579058,45,14.161597597798265
2,2,control,14:11:03.708,2.70828392839284,45,11.169152167202457
2,2,control,14:11:03.709,2.7095099509951,45,15.176728953583767
2,2,control,14:11:03.710,2.71073597359736,45,8.684327982741394
2,2,control,14:11:03.711,2.71196199619962,45,19.19194928047454
2,2,control,14:11:03.713,2.71318801880188,45,26.1995928725824
2,2,control,14:11:03.714,2.7144140414041407,45,8.20725878486418
2,2,control,14:11:03.715,2.7156400640064007,45,8.214947043119075
2,2,control,14:11:03.716,2.716866086608661,45,20.222657673146287
2,2,control,14:11:03.718,2.718092109210921,45,-8.26960929925498
2,2,control,14:11:03.719,2.7193181318131816,45,9.23814615171446
2,2,control,14:11:03.720,2.7205441544154416,45,1.2459240518538124
2,2,control,14:11:03.721,2.721770177017702,45,24.25372442696229
2,2,control,14:11:03.722,2.722996199619962,45,4.26154730283907
2,2,control,14:11:03.724,2.7242222222222225,45,9.269392705283366
2,2,control,14:11:03.725,2.7254482448244826,45,46.77726066009437
2,2,control,14:11:03.726,2.7266742674267426,45,18.28515119307129
2,2,control,14:11:03.727,2.727900290029003,45,12.293064330013316
2,2,control,14:11:03.729,2.729126312631263,45,9.801000096719656
2,2,control,14:11:03.730,2.7303523352335235,45,31.3089585189895
2,2,control,14:11:03.731,2.7315783578357835,45,10.816939622622058
2,2,control,14:11:03.732,2.732804380438044,45,33.32494343341653
2,2,control,14:11:03.734,2.734030403040304,45,18.83296997717209
2,2,control,14:11:03.735,2.7352564256425644,45,4.841019279687984
2,2,control,14:11:03.736,2.7364824482448245,45,3.849091366763368
2,2,control,14:11:03.737,2.737708470847085,45,6.357186264197466
2,2,control,14:11:03.738,2.738934493449345,45,32.36530399778946
2,2,control,14:11:03.740,2.7401605160516054,45,22.37344459333857
2,2,control,14:11:03.741,2.7413865386538654,45,4.381608076643978
2,2,control,14:11:03.742,2.742612561256126,45,33.38979447350489
2,2,control,14:11:03.743,2.743838583858386,45,26.398003809720507
2,2,control,14:11:03.745,2.7450646064606463,45,14.906236111090031
2,2,control,14:11:03.746,2.7462906290629063,45,19.41449140341265
2,2,control,14:11:03.747,2.747516651665167,45,43.42276971248758
2,2,control,14:11:03.748,2.748742674267427,45,42.431071064114
2,2,control,14:11:03.749,2.749968696869688,45,19.43939548409113
2,2,control,14:11:03.751,2.751194719471948,45,4.447742998218153
2,2,control,14:11:03.752,2.752420742074208,45,4.956113632294283
2,2,control,14:11:03.753,2.753646764676468,45,8.464507412118706
2,2,control,14:11:03.754,2.754872787278728,45,51.47292436349064
2,2,control,14:11:03.756,2.756098809880988,45,8.481364512209254
2,2,control,14:11:03.757,2.757324832483248,45,21.48982788407377
2,2,control,14:11:03.758,2.7585508550855087,45,25.49831450488339
2,2,control,14:11:03.759,2.7597768776877687,45,6.006824400437296
2,2,control,14:11:03.774,2.7744891489148915,46,-2.389232031952055
2,2,control,14:11:03.775,2.775715171517152,46,3.6195827830048586
2,2,control,14:11:03.776,2.776941194119412,46,0.628421233894862
2,2,control,14:11:03.778,2.7781672167216724,46,31.13728334651715
2,2,control,14:11:03.779,2.7793932393239325,46,6.646169146670928
2,2,control,14:11:03.780,2.780619261926193,46,21.65507866015539
2,2,control,14:11:03.781,2.781845284528453,46,0.6640119127697375
2,2,control,14:11:03.783,2.7830713071307134,46,23.67296893031317
2,2,control,14:11:03.784,2.7842973297329734,46,-9.31805026141511
2,2,control,14:11:03.785,2.785523352335234,46,3.190954363384101
2,2,control,14:11:03.786,2.786749374937494,46,10.69998283050998
2,2,control,14:11:03.787,2.787975397539754,46,5.209035165761755
2,2,control,14:11:03.789,2.7892014201420143,46,-6.78188860506139
2,2,control,14:11:03.790,2.7904274427442743,46,14.727211543839744
2,2,control,14:11:03.791,2.791653465346535,46,-8.263664361735636
2,2,control,14:11:03.792,2.792879487948795,46,-1.7545162959883314
2,2,control,14:11:03.794,2.794105510551056,46,-1.245344233119155
2,2,control,14:11:03.795,2.795331533153316,46,9.26385185267111
2,2,control,14:11:03.796,2.796557555755576,46,-5.226928012818348
2,2,control,14:11:03.797,2.797783578357836,46,9.782316196211667
2,2,control,14:11:03.799,2.799009600960096,46,7.291584505560365
2,2,control,14:11:03.800,2.800235623562356,46,-3.699123058973065
2,2,control,14:11:03.801,2.8014616461646167,46,9.310193528410592
2,2,control,14:11:03.802,2.8026876687668767,46,-2.1804657064894784
2,2,control,14:11:03.803,2.803913691369137,46,-1.6711007378740703
2,2,control,14:11:03.805,2.805139713971397,46,5.338288460056006
2,2,control,14:11:03.806,2.8063657365736576,46,7.347701913099968
2,2,control,14:11:03.807,2.8075917591759176,46,4.8571396470569965
2,2,control,14:11:03.808,2.808817781778178,46,11.866601687726302
2,2,control,14:11:03.810,2.810043804380438,46,4.87608806090708
2,2,control,14:11:03.811,2.8112698269826986,46,-4.114401207601468
2,2,control,14:11:03.812,2.8124958495849586,46,4.895133907999856
2,2,control,14:11:03.813,2.813721872187219,46,-5.595306566489747
2,2,control,14:11:03.814,2.814947894789479,46,-3.58572260527108
2,2,control,14:11:03.816,2.8161739173917395,46,7.423885817455059
2,2,control,14:11:03.817,2.8173999399939995,46,8.933518727487858
2,2,control,14:11:03.835,2.835790279027903,47,5.580968398235996
2,2,control,14:11:03.837,2.837016301630164,47,8.09099661386665
2,2,control,14:11:03.838,2.838242324232424,47,16.101049755390363
2,2,control,14:11:03.839,2.839468346834684,47,20.611127848606337
2,2,control,14:11:03.840,2.840694369436944,47,5.621230919313767
2,2,control,14:11:03.841,2.841920392039204,47,4.631358993311856
2,2,control,14:11:03.843,2.843146414641464,47,25.141512096399808
2,2,control,14:11:03.844,2.8443724372437247,47,8.651690254376817
2,2,control,14:11:03.845,2.8455984598459847,47,5.161893493042079
2,2,control,14:11:03.846,2.846824482448245,47,15.672121838194805
2,2,control,14:11:03.848,2.848050505050505,47,7.682375315634175
2,2,control,14:11:03.849,2.849276527652765,47,24.192653951159407
2,2,control,14:11:03.850,2.8505025502550256,47,29.202957770569697
2,2,control,14:11:03.851,2.8517285728572856,47,27.21328679966424
2,2,control,14:11:03.852,2.852954595459546,47,13.223641064242235
2,2,control,14:11:03.854,2.854180618061806,47,0.7340205901028867
2,2,control,14:11:03.855,2.8554066406640666,47,18.24442540304539
2,2,control,14:11:03.856,2.8566326632663266,47,23.754855528868944
2,2,control,14:11:03.857,2.857858685868587,47,8.76531099337275
2,2,control,14:11:03.859,2.859084708470847,47,4.7757918223560125
2,2,control,14:11:03.860,2.8603107310731075,47,11.786298041617918
2,2,control,14:11:03.861,2.8615367536753675,47,33.29682967695767
2,2,control,14:11:03.862,2.862762776277628,47,31.307386754174487
2,2,control,14:11:03.863,2.863988798879888,47,5.317969299067542
2,2,control,14:11:03.865,2.8652148214821485,47,27.328577337436045
2,2,control,14:11:03.866,2.8664408440844085,47,-7.160789104920802
2,2,control,14:11:03.867,2.867666866686669,47,30.3498699977962
2,2,control,14:11:03.868,2.868892889288929,47,19.360554671386247
2,2,control,14:11:03.870,2.8701189118911894,47,21.87126494164854
2,2,control,14:11:03.871,2.8713449344934494,47,12.882000834382277
2,2,control,14:11:03.872,2.87257095709571,47,-6.10723762461334
2,2,control,14:11:03.873,2.87379697969797,47,25.40354959046089
2,2,control,14:11:03.892,2.892187318731873,48,-10.93154375158874
2,2,control,14:11:03.893,2.8934133413341336,48,29.07965775729412
2,2,control,14:11:03.894,2.8946393639363937,48,8.590885378833221
2,2,control,14:11:03.895,2.895865386538654,48,-2.897860861172248
2,2,control,14:11:03.898,2.8983174317431746,49,-10.875274822620083
2,2,control,14:11:03.899,2.8995434543454346,49,23.136057507535952
2,2,control,14:11:03.900,2.900769476947695,49,-2.852583920655782
2,2,control,14:11:03.901,2.901995499549955,49,4.658800918603909
2,2,control,14:11:03.903,2.9032215221522155,49,13.67021205111424
2,2,control,14:11:03.904,2.9044475447544755,49,-12.818350497325603
2,2,control,14:11:03.905,2.905673567356736,49,13.193113299083585
2,2,control,14:11:03.906,2.906899589958996,49,4.704603466141002
2,2,control,14:11:03.908,2.9081256125612565,49,1.7161200296458503
2,2,control,14:11:03.909,2.9093516351635165,49,-12.27233698460268
2,2,control,14:11:03.910,2.9105776577657765,49,3.739232449194617
2,2,control,14:11:03.911,2.911803680368037,49,-3.749171643163052
2,2,control,14:11:03.913,2.913029702970297,49,6.262450764123507
2,2,control,14:11:03.914,2.9142557255725574,49,15.27409969685349
2,2,control,14:11:03.915,2.915481748174817,49,1.2857751808260929
2,2,control,14:11:03.916,2.916707770777078,49,11.297477241840523
2,2,control,14:11:03.917,2.917933793379338,49,5.809205905695983
2,2,control,14:11:03.919,2.9191598159815983,49,-0.1790388018083319
2,2,control,14:11:03.920,2.9203858385838584,49,-0.66725685487323
2,2,control,14:11:03.921,2.921611861186119,49,4.344551772300498
2,2,control,14:11:03.922,2.922837883788379,49,-10.143612894487958
2,2,control,14:11:03.924,2.92406390639064,49,-7.631750829439383
2,2,control,14:11:03.925,2.9252899289929,49,4.380137993245405
2,2,control,14:11:03.926,2.92651595159516,49,5.892053599365617
2,2,control,14:11:03.927,2.92774197419742,49,-7.096003985279552
2,2,control,14:11:03.928,2.92896799679968,49,3.415965265109101
2,2,control,14:11:03.930,2.93019401940194,49,-10.572038623669236
2,2,control,14:11:03.931,2.9314200420042007,49,4.439984374184661
2,2,control,14:11:03.932,2.9326460646064607,49,13.45203428446996
2,2,control,14:11:03.933,2.933872087208721,49,23.464111132985884
2,2,control,14:11:03.948,2.9485843584358435,50,6.611143888073691
2,2,control,14:11:03.949,2.949810381038104,50,20.62357328131479
2,2,control,14:11:03.951,2.951036403640364,50,5.13602997397529
2,2,control,14:11:03.952,2.9522624262426245,50,16.148513991854408
2,2,control,14:11:03.953,2.9534884488448845,50,24.16102536075133
2,2,control,14:11:03.954,2.954714471447145,50,6.673564106465264
2,2,control,14:11:03.955,2.955940494049405,50,13.686130254795394
2,2,control,14:11:03.957,2.9571665166516654,50,14.69872383154094
2,2,control,14:11:03.958,2.958392539253925,50,18.71134486250109
2,2,control,14:11:03.959,2.959618561856186,50,13.723993373475048
2,2,control,14:11:03.960,2.960844584458446,50,8.236669390262001
2,2,control,14:11:03.962,2.9620706070607064,50,20.749372938661168
2,2,control,14:11:03.963,2.9632966296629664,50,20.762104044471727
2,2,control,14:11:03.964,2.964522652265227,50,8.774862733492903
2,2,control,14:11:03.965,2.965748674867487,50,42.78764903152388
2,2,control,14:11:03.966,2.966974697469748,50,13.800462964363852
2,2,control,14:11:03.968,2.968200720072008,50,-10.186695442187975
2,2,control,14:11:03.969,2.969426742674268,50,23.326173837667604
2,2,control,14:11:03.970,2.970652765276528,50,7.339070829729785
2,2,control,14:11:03.971,2.971878787878788,50,1.351995559797757
2,2,control,14:11:03.973,2.973104810481048,50,30.864948053670737
2,2,control,14:11:03.974,2.9743308330833083,50,3.377928337147914
2,2,control,14:11:03.975,2.9755568556855687,50,3.3909364360284897
2,2,control,14:11:03.976,2.9767828782878287,50,17.90397237611166
2,2,control,14:11:03.978,2.978008900890089,50,17.41703618319663
2,2,control,14:11:03.979,2.979234923492349,50,10.93012788308259
2,2,control,14:11:03.980,2.9804609460946097,50,11.943247501568756
2,2,control,14:11:03.981,2.9816869686968697,50,26.45639506445432
2,2,control,14:11:03.982,2.98291299129913,50,13.969570597538471
2,3,control,14:53:06.010,5.01029102910291,0,7.598714827383908
2,3,control,14:53:06.011,5.011513051305131,0,-1.425942305231402
2,3,control,14:53:06.012,5.012735073507351,0,1.5494660064271173
2,3,control,14:53:06.013,5.013957095709571,0,3.524939693636356
2,3,control,14:53:06.015,5.015179117911791,0,12.000478687673244
2,3,control,14:53:06.016,5.016401140114011,0,12.976082919814672
2,3,control,14:53:06.017,5.017623162316232,0,11.951752321337525
2,3,control,14:53:06.018,5.018845184518452,0,4.927486823518741
2,3,control,14:53:06.020,5.020067206720672,0,23.903286357635203
2,3,control,14:53:06.021,5.0212892289228925,0,13.879150854963797
2,3,control,14:53:06.022,5.022511251125112,0,19.35508024678147
2,3,control,14:53:06.023,5.023733273327332,0,24.33107446436512
2,3,control,14:53:06.024,5.024955295529553,0,6.307133438991585
2,3,control,14:53:06.026,5.026177317731773,0,11.283257101937842
2,3,control,14:53:06.029,5.029843384338434,1,32.21201553346421
2,3,control,14:53:06.031,5.031065406540654,1,14.188397262458537
2,3,control,14:53:06.032,5.032287428742874,1,24.16484333615717
2,3,control,14:53:06.033,5.033509450945094,1,40.14135368583698
2,3,control,14:53:06.034,5.034731473147315,1,11.117928242774866
2,3,control,14:53:06.035,5.035953495349535,1,4.094566938247773
2,3,control,14:53:06.037,5.037175517551756,1,17.57126970353255
2,3,control,14:53:06.038,5.038397539753976,1,27.048036469906137
2,3,control,14:53:06.039,5.039619561956195,1,29.52486716864542
2,3,control,14:53:06.040,5.040841584158416,1,47.501761731027294
2,3,control,14:53:06.042,5.042063606360636,1,25.4787200883287
2,3,control,14:53:06.043,5.043285628562856,1,61.45574217182651
2,3,control,14:53:06.044,5.044507650765077,1,30.432827912797613
2,3,control,14:53:06.045,5.045729672967297,1,44.40997724251896
2,3,control,14:53:06.046,5.046951695169517,1,26.387190092267424
2,3,control,14:53:06.048,5.048173717371737,1,25.36446639331991
2,3,control,14:53:06.049,5.049395739573957,1,34.341806076953326
2,3,control,14:53:06.050,5.050617761776178,1,43.31920907444456
2,3,control,14:53:06.051,5.051839783978398,1,37.29667531707054
2,3,control,14:53:06.059,5.059171917191719,2,32.6627970721624
2,3,control,14:53:06.060,5.060393939393939,2,17.140704106484826
2,3,control,14:53:06.061,5.06161596159616,2,19.118673836157186
2,3,control,14:53:06.062,5.06283798379838,2,27.096706192456423
2,3,control,14:53:06.064,5.0640600060006005,2,12.574801106659407
2,3,control,14:53:06.065,5.06528202820282,2,10.552958510043084
2,3,control,14:53:06.066,5.06650405040504,2,20.03117833388433
2,3,control,14:53:06.067,5.067726072607261,2,27.509460509460048
2,3,control,14:53:06.068,5.068948094809481,2,18.98780496804716
2,3,control,14:53:06.070,5.070170117011701,2,28.466211640922545
2,3,control,14:53:06.071,5.071392139213922,2,12.944680459363106
2,3,control,14:53:06.072,5.0726141614161415,2,14.923211354645789
2,3,control,14:53:06.073,5.073836183618362,2,34.901804258047434
2,3,control,14:53:06.075,5.075058205820582,2,25.880459100844995
2,3,control,14:53:06.076,5.076280228022802,2,17.359175814315357
2,3,control,14:53:06.077,5.077502250225023,2,38.3379543297354
2,3,control,14:53:06.108,5.108052805280528,3,13.82730183383265
2,3,control,14:53:06.109,5.109274827482748,3,24.307663078138063
2,3,control,14:53:06.110,5.110496849684968,3,19.28808426886957
2,3,control,14:53:06.111,5.111718871887189,3,9.268565337304068
2,3,control,14:53:06.112,5.112940894089409,3,11.249106214718466
2,3,control,14:53:06.114,5.11416291629163,3,12.729706832389653
2,3,control,14:53:06.115,5.1153849384938495,3,35.71036712159456
2,3,control,14:53:06.116,5.116606960696069,3,41.69108701361007
2,3,control,14:53:06.117,5.11782898289829,3,43.67186643971309
2,3,control,14:53:06.119,5.11905100510051,3,11.652705331180536
2,3,control,14:53:06.120,5.12027302730273,3,35.633603619289296
2,3,control,14:53:06.121,5.121495049504951,3,35.11456123531627
2,3,control,14:53:06.122,5.122717071707171,3,31.0955781105384
2,3,control,14:53:06.123,5.123939093909391,3,40.07665417623252
2,3,control,14:53:06.125,5.125161116111611,3,11.557789363675596
2,3,control,14:53:06.126,5.126383138313831,3,20.038983604144505
2,3,control,14:53:06.127,5.127605160516052,3,12.52023682891614
2,3,control,14:53:06.128,5.128827182718272,3,41.50154896926743
2,3,control,14:53:06.130,5.130049204920492,3,41.48291995647526
2,3,control,14:53:06.131,5.1312712271227126,3,20.96434972181653
2,3,control,14:53:06.132,5.1324932493249324,3,29.44583819656816
2,3,control,14:53:06.133,5.133715271527152,3,29.92738531200705
2,3,control,14:53:06.134,5.134937293729373,3,18.4089909994101
2,3,control,14:53:06.136,5.136159315931593,3,41.39065519005421
2,3,control,14:53:06.137,5.137381338133814,3,18.372377815216275
2,3,control,14:53:06.150,5.150823582358236,4,11.175163715379108
2,3,control,14:53:06.152,5.152045604560456,4,-0.8424178056447715
2,3,control,14:53:06.153,5.153267626762676,4,17.14005821444905
2,3,control,14:53:06.154,5.154489648964897,4,-6.87740829306253
2,3,control,14:53:06.155,5.155711671167117,4,-2.8948173969025817
2,3,control,14:53:06.156,5.156933693369337,4,12.587830834205782
2,3,control,14:53:06.158,5.158155715571557,4,8.070536331539458
2,3,control,14:53:06.159,5.159377737773777,4,20.553299026375385
2,3,control,14:53:06.160,5.160599759975998,4,10.536118849990409
2,3,control,14:53:06.161,5.161821782178218,4,7.518995733661484
2,3,control,14:53:06.163,5.163043804380438,4,0.0019296086654847
2,3,control,14:53:06.164,5.164265826582659,4,-1.515079593720678
2,3,control,14:53:06.165,5.165487848784879,4,-4.532031942220101
2,3,control,14:53:06.166,5.166709870987098,4,9.451072494444134
2,3,control,14:53:06.167,5.167931893189319,4,6.4342336475488935
2,3,control,14:53:06.169,5.169153915391539,4,12.917451448371123
2,3,control,14:53:06.170,5.170375937593759,4,15.900725828187705
2,3,control,14:53:06.171,5.17159795979598,4,11.384056718275543
2,3,control,14:53:06.198,5.198482448244825,5,7.031494303288355
2,3,control,14:53:06.199,5.1997044704470445,5,-8.983894037959573
2,3,control,14:53:06.200,5.200926492649265,5,-2.9992275182905743
2,3,control,14:53:06.202,5.202148514851485,5,-1.5145062064277257
2,3,control,14:53:06.203,5.203370537053705,5,16.970269828905863
2,3,control,14:53:06.204,5.204592559255926,5,7.955100518987088
2,3,control,14:53:06.205,5.205814581458146,5,-10.56001420490712
2,3,control,14:53:06.207,5.207036603660366,5,16.424925588500123
2,3,control,14:53:06.208,5.2082586258625865,5,-6.590080169514295
2,3,control,14:53:06.209,5.209480648064806,5,1.394968452326573
2,3,control,14:53:06.210,5.210702670267027,5,-3.119928614700413
2,3,control,14:53:06.211,5.211924692469247,5,9.865228560681672
2,3,control,14:53:06.213,5.213146714671467,5,-4.149560090250269
2,3,control,14:53:06.214,5.214368736873688,5,23.335705363780647
2,3,control,14:53:06.215,5.215590759075908,5,9.821024854051352
2,3,control,14:53:06.216,5.216812781278128,5,3.306398311838741
2,3,control,14:53:06.218,5.218034803480348,5,-4.208174331580302
2,3,control,14:53:06.219,5.219256825682568,5,9.777306855071153
2,3,control,14:53:06.220,5.220478847884788,5,-3.737158196930004
2,3,control,14:53:06.221,5.221700870087009,5,17.24843044369313
2,3,control,14:53:06.222,5.222922892289229,5,9.734072708217468
2,3,control,14:53:06.224,5.22414491449145,5,17.71976852791989
2,3,control,14:53:06.225,5.2253669366936695,5,18.20551783407732
2,3,control,14:53:06.391,5.39156195619562,6,-6.263747034675269
2,3,control,14:53:06.392,5.39278397839784,6,-1.2713197236155906
2,3,control,14:53:06.394,5.39400600060006,6,11.721151590111743
2,3,control,14:53:06.395,5.39522802280228,6,25.71366683778364
2,3,control,14:53:06.396,5.3964500450045,6,10.206225950677002
2,3,control,14:53:06.397,5.397672067206721,6,4.698828860068723
2,3,control,14:53:06.398,5.398894089408941,6,4.6914754972357215
2,3,control,14:53:06.400,5.400116111611161,6,-12.315834206545098
2,3,control,14:53:06.401,5.401338133813382,6,-10.823100319996854
2,3,control,14:53:06.402,5.402560156015602,6,-8.830322911842622
2,3,control,14:53:06.403,5.4037821782178215,6,-12.837502050805504
2,3,control,14:53:06.405,5.405004200420042,6,-11.344637805608606
2,3,control,14:53:06.406,5.406226222622262,6,-11.351730244975002
2,3,control,14:53:06.407,5.407448244824482,6,22.14122056237219
2,3,control,14:53:06.408,5.408670267026703,6,-3.365785452290133
2,3,control,14:53:06.409,5.409892289228923,6,-7.87274835768504
2,3,control,14:53:06.411,5.411114311431144,6,-1.3796682225356562
2,3,control,14:53:06.412,5.412336333633363,6,0.1134548844349438
2,3,control,14:53:06.413,5.413558355835583,6,-3.893379105496344
2,3,control,14:53:06.414,5.414780378037804,6,6.099829738947371
2,3,control,14:53:06.416,5.416002400240024,6,-13.906918650956989
2,3,control,14:53:06.417,5.417224422442244,6,10.086375656067474
2,3,control,14:53:06.418,5.418446444644465,6,-7.420287408702343
2,3,control,14:53:06.419,5.419668466846685,6,3.573092086010476
2,3,control,14:53:06.420,5.420890489048905,6,2.566514071482814
2,3,control,14:53:06.429,5.429444644464446,7,-4.478348061684066
2,3,control,14:53:06.430,5.430666666666666,7,0.5154113758330396
2,3,control,14:53:06.431,5.431888688868887,7,2.5092126856018027
2,3,control,14:53:06.433,5.433110711071107,7,7.503055798899126
2,3,control,14:53:06.434,5.434332733273328,7,5.496940647001921
2,3,control,14:53:06.435,5.435554755475548,7,-6.009132838812917
2,3,control,14:53:06.436,5.436776777677768,7,-5.515164727268477
2,3,control,14:53:06.437,5.437998799879988,7,-2.0211550870878625
2,3,control,14:53:06.439,5.439220822082208,7,5.97289601300583
2,3,control,14:53:06.440,5.440442844284428,7,13.46698850428951
2,3,control,14:53:06.441,5.441664866486649,7,-0.0388776819599314
2,3,control,14:53:06.442,5.442886888688869,7,-3.044702614465578
2,3,control,14:53:06.444,5.444108910891089,7,3.949513638049474
2,3,control,14:53:06.445,5.4453309330933095,7,-0.0562289931378856
2,3,control,14:53:06.446,5.446552955295529,7,24.43806942324926
2,3,control,14:53:06.447,5.44777497749775,7,6.432408818487801
2,3,control,14:53:06.448,5.44899699969997,7,1.426789123854654
2,3,control,14:53:06.450,5.45021902190219,7,0.421210270626716
2,3,control,14:53:06.451,5.451441044104411,7,-0.0843278099191167
2,3,control,14:53:06.452,5.452663066306631,7,-0.0898251865059194
2,3,control,14:53:06.453,5.453885088508851,7,6.40471807214319
2,3,control,14:53:06.455,5.455107110711071,7,31.399301897305115
2,3,control,14:53:06.456,5.456329132913291,7,2.8939262202567804
2,3,control,14:53:06.457,5.457551155115511,7,7.388590972275068
2,3,control,14:53:06.458,5.458773177317732,7,-1.6167039153631109
2,3,control,14:53:06.459,5.459995199519952,7,15.878041488619148
2,3,control,14:53:06.461,5.461217221722173,7,-9.127172884501263
2,3,control,14:53:06.462,5.4624392439243925,7,-4.632347103447422
2,3,control,14:53:06.463,5.463661266126612,7,5.362518763057565
2,3,control,14:53:06.464,5.464883288328833,7,18.8574246462906
2,3,control,14:53:06.466,5.466105310531053,7,2.3523704775285808
2,3,control,14:53:06.467,5.467327332733273,7,27.847356188048423
2,3,control,14:53:06.468,5.468549354935494,7,41.34238170912703
2,3,control,14:53:06.469,5.469771377137714,7,18.83744697204129
2,3,control,14:53:06.470,5.4709933993399344,7,-7.167448091931881
2,3,control,14:53:06.472,5.472215421542154,7,5.327696448484417
2,3,control,14:53:06.473,5.473437443744374,7,-7.67711947543291
2,3,control,14:53:06.474,5.474659465946595,7,3.818104067593033
2,3,control,14:53:06.475,5.475881488148815,7,20.81336700883916
2,3,control,14:53:06.477,5.477103510351035,7,27.80866927958236
2,3,control,14:53:06.485,5.485657665766577,8,-9.223119372037011
2,3,control,14:53:06.486,5.486879687968797,8,-16.727504939348627
2,3,control,14:53:06.491,5.491767776777678,9,-12.244660785933952
2,3,control,14:53:06.492,5.492989798979898,9,0.7511465144695251
2,3,control,14:53:06.494,5.494211821182118,9,3.746992182246729
2,3,control,14:53:06.495,5.495433843384339,9,-14.25712385132544
2,3,control,14:53:06.496,5.496655865586559,9,-14.761201654970066
2,3,control,14:53:06.497,5.497877887788779,9,-3.265241297410263
2,3,control,14:53:06.499,5.499099909990999,9,0.7307571526308934
2,3,control,14:53:06.500,5.500321932193219,9,0.2267936264302861
2,3,control,14:53:06.501,5.50154395439544,9,-10.277131944735174
2,3,control,14:53:06.502,5.50276597659766,9,-8.281019629588577
2,3,control,14:53:06.503,5.50398799879988,9,-9.284869496853034
2,3,control,14:53:06.505,5.5052100210021,9,-19.288681615251623
2,3,control,14:53:06.506,5.50643204320432,9,-12.292456053507458
2,3,control,14:53:06.507,5.507654065406541,9,0.7038071196563749
2,3,control,14:53:06.508,5.508876087608761,9,-0.2998921644832251
2,3,control,14:53:06.510,5.510098109810981,9,-5.303553974649354
2,3,control,14:53:06.530,5.5308724872487245,10,-13.36013782221314
2,3,control,14:53:06.532,5.532094509450945,10,-2.3631368525063223
2,3,control,14:53:06.533,5.533316531653165,10,-8.366099714564875
2,3,control,14:53:06.534,5.534538553855386,10,2.6309735228881124
2,3,control,14:53:06.535,5.535760576057606,10,26.628082791129543
2,3,control,14:53:06.536,5.536982598259826,10,-7.874771978563686
2,3,control,14:53:06.538,5.538204620462047,10,0.6224091450853351
2,3,control,14:53:06.539,5.539426642664266,10,0.6196260933535029
2,3,control,14:53:06.540,5.540648664866486,10,4.616878797517728
2,3,control,14:53:06.541,5.541870687068707,10,7.114167188854907
2,3,control,14:53:06.543,5.543092709270927,10,7.11149119864195
2,3,control,14:53:06.544,5.544314731473147,10,-3.8911492418442393
2,3,control,14:53:06.545,5.545536753675368,10,-16.89375420132677
2,3,control,14:53:06.546,5.546758775877588,10,-2.396323748528729
2,3,control,14:53:06.547,5.547980798079808,10,-0.8988579521732163
2,3,control,14:53:06.549,5.549202820282028,10,-9.901356880983322
2,3,control,14:53:06.550,5.550424842484248,10,-7.903820603682149
2,3,control,14:53:06.551,5.551646864686469,10,-0.9062491889927956
2,3,control,14:53:06.552,5.552868886888689,10,-7.908642705638357
2,3,control,14:53:06.554,5.554090909090909,10,-0.4110012223419232
2,3,control,14:53:06.555,5.5553129312931295,10,16.086675192173402
2,3,control,14:53:06.562,5.562645064506451,11,1.0734633863687009
2,3,control,14:53:06.563,5.563867086708671,11,9.071382395169572
2,3,control,14:53:06.565,5.565089108910891,11,8.569335785404562
2,3,control,14:53:06.566,5.566311131113111,11,-3.4326765116494258
2,3,control,14:53:06.567,5.567533153315331,11,16.065345435284513
2,3,control,14:53:06.568,5.568755175517552,11,23.06340155748328
2,3,control,14:53:06.569,5.569977197719772,11,16.061491786223783
2,3,control,14:53:06.571,5.571199219921993,11,18.55961605278292
2,3,control,14:53:06.572,5.5724212421242125,11,24.0577742884376
2,3,control,14:53:06.573,5.573643264326432,11,15.05596642446472
2,3,control,14:53:06.574,5.574865286528653,11,31.554192392141186
2,3,control,14:53:06.576,5.576087308730873,11,19.0524521227439
2,3,control,14:53:06.577,5.577309330933093,11,27.050745547549766
2,3,control,14:53:06.600,5.600527752775277,12,-7.975368884258351
2,3,control,14:53:06.601,5.601749774977498,12,10.523583992760258
2,3,control,14:53:06.602,5.602971797179718,12,1.0225691207969945
2,3,control,14:53:06.604,5.604193819381938,12,7.021586431128753
2,3,control,14:53:06.605,5.605415841584159,12,-7.479364144967555
2,3,control,14:53:06.606,5.6066378637863785,12,11.019717323784969
2,3,control,14:53:06.607,5.607859885988599,12,5.018830768663221
2,3,control,14:53:06.609,5.609081908190819,12,-4.482023879055888
2,3,control,14:53:06.610,5.610303930393039,12,-12.48284668809545
2,3,control,14:53:06.611,5.61152595259526,12,-7.983637727178568
2,3,control,14:53:06.612,5.61274797479748,12,1.5156029349716604
2,3,control,14:53:06.613,5.6139699969997,12,21.01487522963214
2,3,control,14:53:06.615,5.6151920192019205,12,33.51417908807978
2,3,control,14:53:06.616,5.61641404140414,12,35.01351444159147
2,3,control,14:53:06.617,5.61763606360636,12,29.512881221444125
2,3,control,14:53:06.618,5.618858085808581,12,33.51227935891465
2,3,control,14:53:06.620,5.620080108010801,12,12.511708785279936
2,3,control,14:53:06.621,5.621302130213022,12,13.511169431816896
2,3,control,14:53:06.622,5.622524152415242,12,26.51066122980243
2,3,control,14:53:06.623,5.6237461746174615,12,22.510184110513443
2,3,control,14:53:06.624,5.624968196819682,12,12.509738005226836
2,3,control,14:53:06.626,5.626190219021902,12,-0.9906771547804852
2,3,control,14:53:06.637,5.637188418841884,13,1.006967603410466
2,3,control,14:53:06.638,5.638410441044105,13,-7.4931418835743315
2,3,control,14:53:06.639,5.639632463246325,13,-7.493221181233906
2,3,control,14:53:06.640,5.6408544854485445,13,3.0067296417086453
2,3,control,14:53:06.642,5.642076507650765,13,10.50671051653022
2,3,control,14:53:06.643,5.643298529852985,13,-5.493278625492266
2,3,control,14:53:06.644,5.644520552055206,13,6.506762146918071
2,3,control,14:53:06.645,5.645742574257426,13,0.5068327650381548
2,3,control,14:53:06.646,5.646964596459646,13,0.0069331601448752
2,3,control,14:53:06.648,5.6481866186618666,13,-7.992936736484864
2,3,control,14:53:06.649,5.649408640864087,13,-1.4927769935741535
2,3,control,14:53:06.650,5.650630663066306,13,8.507412320153911
2,3,control,14:53:06.651,5.651852685268527,13,-2.992368864023774
2,3,control,14:53:06.653,5.653074707470747,13,-6.492120614830299
2,3,control,14:53:06.654,5.654296729672967,13,5.008156999011234
2,3,control,14:53:06.655,5.655518751875188,13,-2.4915360912222653
2,3,control,14:53:06.656,5.656740774077408,13,-6.991199954253901
2,3,control,14:53:06.657,5.657962796279628,13,-6.990834658806769
2,3,control,14:53:06.659,5.659184818481848,13,6.509559726396041
2,3,control,14:53:06.660,5.660406840684068,13,-7.490016867368574
2,3,control,14:53:06.661,5.661628862886289,13,-1.4895645088237115
2,3,control,14:53:06.662,5.662850885088509,13,12.51091673330754
2,3,control,14:53:06.664,5.664072907290729,13,-2.4885732096979254
2,3,control,14:53:06.665,5.6652949294929495,13,-0.9880344065632016
2,3,control,14:53:06.666,5.6665169516951694,13,15.01253307398862
2,3,control,14:53:06.667,5.667738973897389,13,11.51312916323444
2,3,control,14:53:06.668,5.66896099609961,13,17.013753792451155
2,3,control,14:53:06.670,5.67018301830183,13,27.01440689291568
2,3,control,14:53:06.704,5.704399639963996,14,16.04397401675776
2,3,control,14:53:06.705,5.705621662166217,14,15.54542288886151
2,3,control,14:53:06.706,5.706843684368437,14,41.54689817052016
2,3,control,14:53:06.708,5.7080657065706575,14,24.548399793010617
2,3,control,14:53:06.709,5.709287728772877,14,15.049927687609788
2,3,control,14:53:06.710,5.710509750975097,14,27.551481785594568
2,3,control,14:53:06.711,5.711731773177318,14,33.55306201824186
2,3,control,14:53:06.712,5.712953795379538,14,8.554668316828575
2,3,control,14:53:06.714,5.714175817581758,14,26.55630061263161
2,3,control,14:53:06.715,5.715397839783979,14,26.05795883692788
2,3,control,14:53:06.716,5.716619861986199,14,14.059642920994264
2,3,control,14:53:06.717,5.717841884188419,14,17.061352796107684
2,3,control,14:53:06.719,5.719063906390639,14,27.563088393545044
2,3,control,14:53:06.720,5.720285928592859,14,13.564849644583234
2,3,control,14:53:06.721,5.72150795079508,14,10.066636480499175
2,3,control,14:53:06.722,5.7227299729973,14,37.06844883256976
2,3,control,14:53:06.723,5.72395199519952,14,8.570286632071884
2,3,control,14:53:06.725,5.7251740174017405,14,26.57214981028247
2,3,control,14:53:06.726,5.72639603960396,14,11.574038298478406
2,3,control,14:53:06.727,5.72761806180618,14,34.5759520279366
2,3,control,14:53:06.728,5.728840084008401,14,23.577890929933965
2,3,control,14:53:06.730,5.730062106210621,14,65.07985493574739
2,3,control,14:53:06.731,5.731284128412842,14,57.58184397665378
2,3,control,14:53:06.732,5.732506150615062,14,35.58385798393004
2,3,control,14:53:06.733,5.7337281728172815,14,51.58589688885308
2,3,control,14:53:06.734,5.734950195019502,14,20.0879606226998
2,3,control,14:53:06.736,5.736172217221722,14,10.590049116747087
2,3,control,14:53:06.737,5.737394239423942,14,5.092162302271873
2,3,control,14:53:06.738,5.738616261626163,14,39.59430011055104
2,3,control,14:53:06.739,5.739838283828383,14,38.096462472861504
2,3,control,14:53:06.741,5.741060306030603,14,41.09864932048016
2,3,control,14:53:06.754,5.754502550255025,15,-3.875698980179436
2,3,control,14:53:06.755,5.755724572457246,15,5.126776330736007
2,3,control,14:53:06.756,5.756946594659466,15,15.629275233559396
2,3,control,14:53:06.758,5.758168616861687,15,-2.868202340432376
2,3,control,14:53:06.759,5.7593906390639065,15,-1.865656459962402
2,3,control,14:53:06.760,5.760612661266126,15,-10.863087193753785
2,3,control,14:53:06.761,5.761834683468347,15,9.139505389470386
2,3,control,14:53:06.763,5.763056705670567,15,-3.857878779012992
2,3,control,14:53:06.764,5.764278727872787,15,-0.3552397679270171
2,3,control,14:53:06.765,5.765500750075008,15,14.14742235400523
2,3,control,14:53:06.766,5.766722772277228,15,0.6501075180606293
2,3,control,14:53:06.767,5.767944794479448,15,-6.3471843444838925
2,3,control,14:53:06.769,5.769166816681668,15,12.655546697648546
2,3,control,14:53:06.770,5.770388838883888,15,14.658300575734865
2,3,control,14:53:06.771,5.771610861086109,15,8.661077221051961
2,3,control,14:53:06.772,5.772832883288329,15,-8.33612343512327
2,3,control,14:53:06.774,5.774054905490549,15,-0.333301461513912
2,3,control,14:53:06.775,5.77527692769277,15,-5.830456926843063
2,3,control,14:53:06.776,5.7764989498949895,15,-2.827589899833832
2,3,control,14:53:06.777,5.777720972097209,15,19.675299550790697
2,3,control,14:53:06.778,5.77894299429943,15,6.178211356307422
2,3,control,14:53:06.780,5.78016501650165,15,1.1811454479932522
2,3,control,14:53:06.781,5.781387038703871,15,16.184101757125077
2,3,control,14:53:06.782,5.782609060906091,15,16.687080214979815
2,3,control,14:53:06.818,5.8180477047704775,16,-2.21721872308806
2,3,control,14:53:06.819,5.819269726972697,16,6.286392240213914
2,3,control,14:53:06.820,5.820491749174917,16,-0.7099767781772073
2,3,control,14:53:06.821,5.821713771377138,16,-5.706325846984512
2,3,control,14:53:06.822,5.822935793579358,16,-4.202655034931098
2,3,control,14:53:06.824,5.824157815781578,16,-7.698964410740068
2,3,control,14:53:06.825,5.825379837983799,16,-10.695254043134518
2,3,control,14:53:06.826,5.8266018601860186,16,-3.6915240008375454
2,3,control,14:53:06.827,5.827823882388239,16,-4.187774352572241
2,3,control,14:53:06.829,5.829045904590459,16,-13.6840051670617
2,3,control,14:53:06.830,5.830267926792679,16,2.3197834869709766
2,3,control,14:53:06.831,5.8314899489949,16,4.323591540802688
2,3,control,14:53:06.832,5.83271197119712,16,-15.67258107428966
2,3,control,14:53:06.833,5.83393399339934,16,-4.1687344270291575
2,3,control,14:53:06.835,5.8351560156015605,16,0.8351314138610917
2,3,control,14:53:06.836,5.83637803780378,16,2.839016379657992
2,3,control,14:53:06.837,5.837600060006,16,-14.157079598361555
2,3,control,14:53:06.838,5.838822082208221,16,-10.653156588920638
2,3,control,14:53:06.840,5.840044104410441,16,-9.649214660742366
2,3,control,14:53:06.841,5.841266126612661,16,-10.145253882549824
2,3,control,14:53:06.842,5.842488148814882,16,6.358725676933887
2,3,control,14:53:06.843,5.8437101710171016,16,0.8627239489856677
2,3,control,14:53:06.844,5.844932193219322,16,-4.1332591351175765
2,3,control,14:53:06.846,5.846154215421542,16,11.870776355901056
2,3,control,14:53:06.847,5.847376237623762,16,0.8748303533184725
2,3,control,14:53:06.848,5.848598259825983,16,2.3789027884115725
2,3,control,14:53:06.849,5.849820282028203,16,-2.117006407542739
2,3,control,14:53:06.851,5.851042304230423,16,1.3871026967324411
2,3,control,14:53:06.852,5.852264326432644,16,10.391230032514017
2,3,control,14:53:06.853,5.853486348634863,16,-12.10462446892111
2,3,control,14:53:06.854,5.854708370837084,16,8.899539123703967
2,3,control,14:53:06.855,5.855930393039304,16,-15.596279258333858
2,3,control,14:53:06.857,5.857152415241524,16,-14.592079683757667
2,3,control,14:53:06.858,5.858374437443745,16,2.912137778709436
2,3,control,14:53:06.859,5.859596459645965,16,-1.0836269396556517
2,3,control,14:53:06.860,5.8608184818481845,16,-4.079373907576027
2,3,control,14:53:06.862,5.862040504050405,16,-4.075103193774773
2,3,control,14:53:06.863,5.863262526252625,16,-9.070814866974992
2,3,control,14:53:06.864,5.864484548454845,16,-5.566508995899795
2,3,control,14:53:06.865,5.865706570657066,16,-8.562185649272251
2,3,control,14:53:06.866,5.866928592859286,16,2.442155104184515
2,3,control,14:53:06.868,5.868150615061507,16,-6.553486804252579
2,3,control,14:53:06.869,5.869372637263727,16,-7.549111443306629
2,3,control,14:53:06.890,5.89014701470147,17,5.527845315699068
2,3,control,14:53:06.891,5.891369036903691,17,1.032519773890222
2,3,control,14:53:06.892,5.892591059105911,17,2.037210195725571
2,3,control,14:53:06.893,5.893813081308131,17,-5.458083487517968
2,3,control,14:53:06.895,5.895035103510351,17,-8.95336134456349
2,3,control,14:53:06.896,5.896257125712571,17,26.051376555865893
2,3,control,14:53:06.897,5.897479147914791,17,-13.943869854952908
2,3,control,14:53:06.898,5.898701170117012,17,-4.439100645742983
2,3,control,14:53:06.899,5.899923192319232,17,4.065684114772559
2,3,control,14:53:06.901,5.901145214521452,17,-11.929515642129374
2,3,control,14:53:06.902,5.902367236723673,17,3.57530001482813
2,3,control,14:53:06.903,5.9035892589258925,17,-7.419868983078032
2,3,control,14:53:06.904,5.904811281128113,17,-0.9150227045709584
2,3,control,14:53:06.906,5.906033303330333,17,-9.910161218373744
2,3,control,14:53:06.907,5.907255325532553,17,6.094715406790506
2,3,control,14:53:06.908,5.908477347734774,17,4.599607102198711
2,3,control,14:53:06.909,5.909699369936994,17,2.6045137991277656
2,3,control,14:53:06.910,5.910921392139214,17,-6.890564571145433
2,3,control,14:53:06.912,5.912143414341434,17,17.114371922656034
2,3,control,14:53:06.913,5.913365436543654,17,9.119323211809046
2,3,control,14:53:06.914,5.914587458745874,17,-7.875710772409469
2,3,control,14:53:06.915,5.915809480948095,17,1.6292699012773824
2,3,control,14:53:06.917,5.917031503150315,17,6.134265164146505
2,3,control,14:53:06.918,5.918253525352536,17,-6.360725052525204
2,3,control,14:53:06.919,5.919475547554756,17,2.1442991825391644
2,3,control,14:53:06.920,5.920697569756976,17,2.6493378006165145
2,3,control,14:53:06.932,5.932917791779178,18,0.7004999280226016
2,3,control,14:53:06.934,5.934139813981398,18,9.20569222351834
2,3,control,14:53:06.935,5.935361836183619,18,2.2108980773499027
2,3,control,14:53:06.936,5.936583858385839,18,-8.283882579205816
2,3,control,14:53:06.937,5.9378058805880585,18,7.221350185128088
2,3,control,14:53:06.939,5.939027902790279,18,11.226596301628526
2,3,control,14:53:06.940,5.940249924992499,18,-0.7681442984276003
2,3,control,14:53:06.941,5.94147194719472,18,-9.762871683763391
2,3,control,14:53:06.942,5.94269396939694,18,-10.25758592310195
2,3,control,14:53:06.943,5.94391599159916,18,-12.252287085166364
2,3,control,14:53:06.945,5.9451380138013805,18,-0.246975238679731
2,3,control,14:53:06.946,5.9463600360036,18,-12.741650452365157
2,3,control,14:53:06.947,5.94758205820582,18,-5.736312794945725
2,3,control,14:53:06.948,5.948804080408041,18,-6.7309623351445325
2,3,control,14:53:06.950,5.950026102610261,18,8.27440085831531
2,3,control,14:53:06.951,5.951248124812481,18,-0.720223283289279
2,3,control,14:53:06.952,5.952470147014702,18,-11.214834828681404
2,3,control,14:53:06.953,5.953692169216922,18,1.7905661534158384
2,3,control,14:53:06.954,5.954914191419142,18,9.295979594279352
2,3,control,14:53:06.956,5.956136213621362,18,2.80140542518604
2,3,control,14:53:06.963,5.963468346834683,19,22.33421675303944
2,3,control,14:53:06.964,5.964690369036903,19,11.839727390001649
2,3,control,14:53:06.965,5.965912391239124,19,19.845249867222257
2,3,control,14:53:06.967,5.967134413441344,19,13.350784115978172
2,3,control,14:53:06.968,5.968356435643565,19,26.85633006754629
2,3,control,14:53:06.969,5.969578457845785,19,28.86188765320353
2,3,control,14:53:06.970,5.970800480048005,19,9.367456804226784
2,3,control,14:53:06.972,5.972022502250225,19,13.373037451892948
2,3,control,14:53:06.973,5.973244524452445,19,11.878629527478935
2,3,control,14:53:06.974,5.974466546654665,19,54.38423296226165
2,3,control,14:53:06.975,5.975688568856886,19,-5.110152312482008
2,3,control,14:53:06.976,5.976910591059106,19,46.39547363452486
2,3,control,14:53:06.978,5.978132613261327,19,14.901110734559168
2,3,control,14:53:06.979,5.9793546354635465,19,11.406758918897816
2,3,control,14:53:06.980,5.980576657665766,19,44.4124181188177
2,3,control,14:53:07.003,6.003795079507951,20,18.52194447601273
2,3,control,14:53:07.005,6.0050171017101714,20,6.527809555707137
2,3,control,14:53:07.006,6.006239123912391,20,18.533684207797748
2,3,control,14:53:07.007,6.007461146114611,20,24.03956836356147
2,3,control,14:53:07.008,6.008683168316832,20,11.545461954275218
2,3,control,14:53:07.009,6.009905190519052,20,11.551364911215876
2,3,control,14:53:07.011,6.011127212721272,20,7.057277165660366
2,3,control,14:53:07.012,6.012349234923493,20,-7.9368013511144255
2,3,control,14:53:07.013,6.0135712571257125,20,21.06912929216842
2,3,control,14:53:07.014,6.014793279327932,20,23.0750690267858
2,3,control,14:53:07.016,6.016015301530153,20,9.581017784014612
2,3,control,14:53:07.017,6.017237323732373,20,-0.4130245048682326
2,3,control,14:53:07.018,6.018459345934594,20,25.59294209141417
2,3,control,14:53:07.019,6.019681368136814,20,20.59891750413871
2,3,control,14:53:07.020,6.020903390339034,20,5.1049016645823
2,3,control,14:53:07.022,6.022125412541254,20,32.61089450402185
2,3,control,14:53:07.023,6.023347434743474,20,4.116895953734257
2,3,control,14:53:07.024,6.024569456945694,20,17.12290594499641
2,3,control,14:53:07.034,6.034345634563456,21,21.67128512411348
2,3,control,14:53:07.035,6.035567656765677,21,4.677368896784138
2,3,control,14:53:07.036,6.036789678967897,21,6.183460523773576
2,3,control,14:53:07.038,6.038011701170117,21,10.189559936358712
2,3,control,14:53:07.039,6.039233723372337,21,6.695667065816458
2,3,control,14:53:07.040,6.040455745574557,21,9.701781843423696
2,3,control,14:53:07.041,6.041677767776778,21,17.20790420045735
2,3,control,14:53:07.042,6.042899789978998,21,4.214034068194309
2,3,control,14:53:07.044,6.044121812181218,21,9.720171377911475
2,3,control,14:53:07.045,6.045343834383439,21,20.726316060885765
2,3,control,14:53:07.046,6.046565856585659,21,20.732468048394068
2,3,control,14:53:07.047,6.047787878787879,21,12.238627271713298
2,3,control,14:53:07.049,6.049009900990099,21,7.744793662120351
2,3,control,14:53:07.050,6.050231923192319,21,18.750967150892137
2,3,control,14:53:07.051,6.051453945394539,21,23.757147669305542
2,3,control,14:53:07.052,6.05267596759676,21,33.2633351486375
2,3,control,14:53:07.053,6.05389798979898,21,6.269529520164895
2,3,control,14:53:07.055,6.0551200120012005,21,16.275730715164627
2,3,control,14:53:07.056,6.05634203420342,21,16.28193866491361
2,3,control,14:53:07.057,6.05756405640564,21,10.788153300688734
2,3,control,14:53:07.058,6.058786078607861,21,10.794374553766914
2,3,control,14:53:07.060,6.060008100810081,21,36.800602355425056
2,3,control,14:53:07.061,6.061230123012301,21,11.30683663694004
2,3,control,14:53:07.062,6.062452145214522,21,15.3130773295888
2,3,control,14:53:07.063,6.063674167416742,21,16.819324364648224
2,3,control,14:53:07.064,6.064896189618962,21,20.825577673395216
2,3,control,14:53:07.066,6.066118211821182,21,14.33183718710668
2,3,control,14:53:07.088,6.088114611461146,22,21.445491138507485
2,3,control,14:53:07.089,6.089336633663367,22,0.9518554891555482
2,3,control,14:53:07.090,6.090558655865586,22,4.458224670306144
2,3,control,14:53:07.091,6.091780678067807,22,20.964598613236184
2,3,control,14:53:07.093,6.093002700270027,22,-0.5290227507774361
2,3,control,14:53:07.094,6.094224722472247,22,13.477360509542194
2,3,control,14:53:07.095,6.095446744674468,22,-5.0162516745280215
2,3,control,14:53:07.096,6.096668766876688,22,-8.009859371711187
2,3,control,14:53:07.097,6.097890789078908,22,-2.003462650730391
2,3,control,14:53:07.099,6.099112811281128,22,-6.497061580308738
2,3,control,14:53:07.100,6.100334833483348,22,14.009343770830682
2,3,control,14:53:07.101,6.101556855685568,22,-4.484246666035233
2,3,control,14:53:07.102,6.102778877887789,22,-9.477832959629572
2,3,control,14:53:07.104,6.104000900090009,22,2.028584821324557
2,3,control,14:53:07.105,6.10522292229223,22,-4.964993391895931
2,3,control,14:53:07.106,6.1064449444944495,22,12.54143233198586
2,3,control,14:53:07.107,6.107666966696669,22,-5.452138075753162
2,3,control,14:53:07.108,6.10888898889889,22,-0.945704683836098
2,3,control,14:53:07.110,6.11011101110111,22,-2.939267560986046
2,3,control,14:53:07.111,6.11133303330333,22,-5.932826775926102
2,3,control,14:53:07.112,6.112555055505551,22,4.573617602620644
2,3,control,14:53:07.113,6.113777077707771,22,-5.419934494068912
2,3,control,14:53:07.114,6.114999099909992,22,0.5865168652821424
2,3,control,14:53:07.116,6.116221122112211,22,24.09297161195069
2,3,control,14:53:07.117,6.117443144314431,22,8.099429677213664
2,3,control,14:53:07.118,6.118665166516652,22,1.1058909923479447
2,3,control,14:53:07.119,6.119887188718872,22,13.612355488630442
2,3,control,14:53:07.121,6.121109210921092,22,2.118823097338065
2,3,control,14:53:07.122,6.122331233123313,22,5.125293749747712
2,3,control,14:53:07.123,6.1235532553255325,22,24.63176737713627
2,3,control,14:53:07.124,6.124775277527752,22,8.638243910780673
2,3,control,14:53:07.125,6.125997299729973,22,-6.855276718042191
2,3,control,14:53:07.127,6.127219321932193,22,8.151205421944582
2,3,control,14:53:07.128,6.128441344134414,22,3.157690262017894
2,3,control,14:53:07.129,6.129663366336634,22,8.164177733454643
2,3,control,14:53:07.130,6.130885388538854,22,7.1706677675317465
2,3,control,14:53:07.132,6.1321074107410745,22,3.6771602955261
2,3,control,14:53:07.133,6.133329432943294,22,15.683655248714608
2,3,control,14:53:07.134,6.134551455145514,22,-9.309847441625834
2,3,control,14:53:07.135,6.135773477347735,22,13.696652155781685
2,3,control,14:53:07.136,6.136995499549955,22,-7.796846027785932
2,3,control,14:53:07.138,6.138217521752175,22,0.2096579389482187
2,3,control,14:53:07.139,6.139439543954396,22,16.216163987261048
2,3,control,14:53:07.140,6.140661566156616,22,9.222672048429445
2,3,control,14:53:07.155,6.155325832583259,23,15.800900769977702
2,3,control,14:53:07.156,6.156547854785479,23,-1.1925712555332524
2,3,control,14:53:07.157,6.1577698769876985,23,-1.6860422303119833
2,3,control,14:53:07.158,6.158991899189919,23,8.820487776918405
2,3,control,14:53:07.160,6.160213921392139,23,32.327018697434816
2,3,control,14:53:07.161,6.161435943594359,23,6.833550462514161
2,3,control,14:53:07.162,6.16265796579658,23,-1.1599169965666576
2,3,control,14:53:07.163,6.1638799879988,23,0.846616251469257
2,3,control,14:53:07.165,6.1651020102010206,23,-6.146849862101192
2,3,control,14:53:07.166,6.1663240324032405,23,-11.140315406001092
2,3,control,14:53:07.167,6.16754605460546,23,13.366219551046449
2,3,control,14:53:07.168,6.168768076807681,23,10.872754940318336
2,3,control,14:53:07.169,6.169990099009901,23,4.379290693091484
2,3,control,14:53:07.171,6.171212121212121,23,0.8858267406427771
2,3,control,14:53:07.172,6.172434143414342,23,-4.607636985750858
2,3,control,14:53:07.173,6.173656165616562,23,9.898899445187451
2,3,control,14:53:07.174,6.1748781878187815,23,-6.594564035265364
2,3,control,14:53:07.176,6.176100210021002,23,25.9119725041676
2,3,control,14:53:07.177,6.177322232223222,23,4.918508994763222
2,3,control,14:53:07.190,6.190764476447645,24,5.990387513245828
2,3,control,14:53:07.191,6.191986498649865,24,12.99691805739198
2,3,control,14:53:07.193,6.193208520852085,24,5.503447659300541
2,3,control,14:53:07.194,6.194430543054305,24,3.009976250248428
2,3,control,14:53:07.195,6.195652565256526,24,11.516503761512531
2,3,control,14:53:07.196,6.196874587458746,24,16.52303012436976
2,3,control,14:53:07.198,6.198096609660966,24,0.5295552700970205
2,3,control,14:53:07.199,6.1993186318631865,24,17.536079129971213
2,3,control,14:53:07.200,6.200540654065406,24,18.54260163526924
2,3,control,14:53:07.201,6.201762676267627,24,10.049122717268006
2,3,control,14:53:07.202,6.202984698469847,24,21.555642307244405
2,3,control,14:53:07.204,6.204206720672067,24,30.56216033647536
2,3,control,14:53:07.205,6.205428742874288,24,15.568676736237755
2,3,control,14:53:07.206,6.206650765076508,24,21.575191437808503
2,3,control,14:53:07.207,6.207872787278728,24,18.581704372464507
2,3,control,14:53:07.209,6.209094809480948,24,13.08821547148267
2,3,control,14:53:07.210,6.210316831683168,24,23.59472466613989
2,3,control,14:53:07.211,6.211538853885388,24,14.101231887713077
2,3,control,14:53:07.212,6.212760876087609,24,19.10773706747913
2,3,control,14:53:07.221,6.22131503150315,25,-0.3467896174982954
2,3,control,14:53:07.222,6.222537053705371,25,10.159696753779222
2,3,control,14:53:07.223,6.223759075907591,25,-18.833819535258264
2,3,control,14:53:07.224,6.224981098109811,25,-10.327338553333853
2,3,control,14:53:07.226,6.226203120312031,25,-5.320860369170632
2,3,control,14:53:07.227,6.227425142514251,25,-12.314385051491705
2,3,control,14:53:07.228,6.228647164716472,25,-10.307912669020162
2,3,control,14:53:07.229,6.229869186918692,25,-10.301443290479114
2,3,control,14:53:07.231,6.231091209120912,25,-6.294976984591642
2,3,control,14:53:07.232,6.232313231323133,25,-12.788513820080851
2,3,control,14:53:07.233,6.2335352535253525,25,-8.282053865669837
2,3,control,14:53:07.234,6.234757275727572,25,-13.275597190081696
2,3,control,14:53:07.235,6.235979297929793,25,-15.269143862039527
2,3,control,14:53:07.237,6.237201320132013,25,-10.262693950266415
2,3,control,14:53:07.238,6.238423342334234,25,-19.75624752348547
2,3,control,14:53:07.239,6.239645364536454,25,-3.24980465041979
2,3,control,14:53:07.240,6.240867386738674,25,-17.743365399792467
2,3,control,14:53:07.242,6.242089408940895,25,-12.736929840326589
2,3,control,14:53:07.243,6.243311431143114,25,-9.730498040745267
2,3,control,14:53:07.244,6.244533453345334,25,-17.724070069771585
2,3,control,14:53:07.245,6.245755475547555,25,-8.217645996128653
2,3,control,14:53:07.246,6.246977497749775,25,-16.71122588853956
2,3,control,14:53:07.248,6.248199519951995,25,4.295190184272599
2,3,control,14:53:07.249,6.249421542154216,25,-3.698397846415276
2,3,control,14:53:07.250,6.250643564356436,25,-20.69199004932628
2,3,control,14:53:07.251,6.251865586558656,25,-5.185586493183507
2,3,control,14:53:07.253,6.253087608760876,25,-17.679187246710065
2,3,control,14:53:07.254,6.254309630963096,25,-18.67279237862904
2,3,control,14:53:07.255,6.255531653165317,25,-3.666401957663524
2,3,control,14:53:07.256,6.256753675367537,25,-12.160016052536632
2,3,control,14:53:07.257,6.257975697569757,25,-12.653634731971444
2,3,control,14:53:07.259,6.2591977197719775,25,-4.147258064691066
2,3,control,14:53:07.260,6.260419741974197,25,-15.140886119418596
2,3,control,14:53:07.261,6.261641764176417,25,-10.634518964877117
2,3,control,14:53:07.262,6.262863786378638,25,-0.1281566697897389
2,3,control,14:53:07.333,6.333741074107411,26,8.230190214949296
2,3,control,14:53:07.334,6.334963096309631,26,2.7361441623638
2,3,control,14:53:07.336,6.336185118511851,26,-2.257910873061597
2,3,control,14:53:07.337,6.337407140714071,26,-2.751974960049992
2,3,control,14:53:07.338,6.338629162916292,26,4.253951832675526
2,3,control,14:53:07.339,6.339851185118512,26,8.759869436391845
2,3,control,14:53:07.341,6.341073207320732,26,12.265777782375883
2,3,control,14:53:07.342,6.342295229522953,26,-15.22832319809546
2,3,control,14:53:07.343,6.343517251725173,26,-15.222433573745285
2,3,control,14:53:07.344,6.3447392739273925,26,2.283446586703313
2,3,control,14:53:07.345,6.345961296129613,26,5.2893172145272445
2,3,control,14:53:07.347,6.347183318331833,26,-1.2048217589966017
2,3,control,14:53:07.348,6.348405340534053,26,0.801029597408693
2,3,control,14:53:07.349,6.349627362736274,26,7.806871215020024
2,3,control,14:53:07.350,6.350849384938494,26,-7.1872969748857045
2,3,control,14:53:07.352,6.3520714071407145,26,-5.6814750410315895
2,3,control,14:53:07.353,6.353293429342934,26,11.324336947859273
2,3,control,14:53:07.354,6.354515451545154,26,2.830138923063785
2,3,control,14:53:07.355,6.355737473747375,26,1.335930815858852
2,3,control,14:53:07.356,6.356959495949595,26,16.841712557521376
2,3,control,14:53:07.358,6.358181518151815,26,-14.652515920671746
2,3,control,14:53:07.359,6.359403540354036,26,-3.6467546874435968
2,3,control,14:53:07.360,6.360625562556256,26,-5.14100381151728
2,3,control,14:53:07.361,6.3618475847584754,26,21.8647366383841
2,3,control,14:53:07.363,6.363069606960696,26,10.870466593537463
2,3,control,14:53:07.369,6.3691797179717975,27,24.39895654277548
2,3,control,14:53:07.370,6.370401740174017,27,8.904622086255642
2,3,control,14:53:07.371,6.371623762376237,27,6.410276653926104
2,3,control,14:53:07.372,6.372845784578458,27,1.915920177063775
2,3,control,14:53:07.374,6.374067806780678,27,8.421552586945538
2,3,control,14:53:07.375,6.375289828982899,27,11.927173814848317
2,3,control,14:53:07.376,6.376511851185119,27,12.432783792049
2,3,control,14:53:07.377,6.3777338733873385,27,8.438382449824502
2,3,control,14:53:07.378,6.378955895589559,27,-1.5560302805482775
2,3,control,14:53:07.380,6.380177917791779,27,9.949545532207551
2,3,control,14:53:07.381,6.381399939993999,27,10.955109819368907
2,3,control,14:53:07.382,6.38262196219622,27,15.960662512212693
2,3,control,14:53:07.383,6.38384398439844,27,36.966203542015805
2,3,control,14:53:07.385,6.38506600660066,27,7.471732840055154
2,3,control,14:53:07.386,6.3862880288028805,27,9.977250337607636
2,3,control,14:53:07.387,6.3875100510051,27,-10.517244034049838
2,3,control,14:53:07.388,6.388732073207321,27,16.988249656359628
2,3,control,14:53:07.389,6.389954095409541,27,7.993731340112937
2,3,control,14:53:07.391,6.391176117611761,27,20.499200948487
2,3,control,14:53:07.392,6.392398139813982,27,28.504658412758715
2,3,control,14:53:07.393,6.393620162016202,27,1.0101036642049834
2,3,control,14:53:07.394,6.3948421842184215,27,8.015536634102709
2,3,control,14:53:07.405,6.405840384038404,28,-0.9361306458130088
2,3,control,14:53:07.407,6.407062406240624,28,-10.430824271171003
2,3,control,14:53:07.408,6.408284428442844,28,10.074469065968394
2,3,control,14:53:07.409,6.409506450645065,28,0.5797492968820919
2,3,control,14:53:07.410,6.410728472847285,28,-12.914983647153008
2,3,control,14:53:07.411,6.411950495049505,28,-6.409729834860002
2,3,control,14:53:07.413,6.413172517251725,28,0.095510665038013
2,3,control,14:53:07.414,6.414394539453945,28,-12.89926221618206
2,3,control,14:53:07.415,6.415616561656166,28,6.105951452756685
2,3,control,14:53:07.416,6.416838583858386,28,11.611151603131148
2,3,control,14:53:07.418,6.418060606060606,28,-10.883661833781764
2,3,control,14:53:07.419,6.419282628262827,28,-6.87848892670516
2,3,control,14:53:07.420,6.420504650465047,28,-7.373329744362124
2,3,control,14:53:07.421,6.421726672667266,28,-6.868184355475755
2,3,control,14:53:07.422,6.422948694869487,28,34.13694717123085
2,3,control,14:53:07.424,6.424170717071707,28,-3.857935232965403
2,3,control,14:53:07.425,6.425392739273928,28,-1.35283163678762
2,3,control,14:53:07.426,6.426614761476148,28,30.65225789104111
2,3,control,14:53:07.427,6.427836783678368,28,-7.842666718202309
2,3,control,14:53:07.429,6.429058805880588,28,-1.3376055332409749
2,3,control,14:53:07.430,6.430280828082808,28,3.167441377202003
2,3,control,14:53:07.431,6.431502850285028,28,-3.3275260555964508
2,3,control,14:53:07.432,6.432724872487249,28,18.67749209964056
2,3,control,14:53:07.433,6.433946894689469,28,2.182495774189924
2,3,control,14:53:07.435,6.435168916891689,28,-3.3125151006714404
2,3,control,14:53:07.458,6.458387338733873,29,-2.720577512794968
2,3,control,14:53:07.459,6.459609360936094,29,-1.7158938077212724
2,3,control,14:53:07.460,6.460831383138314,29,-5.71122609524334
2,3,control,14:53:07.462,6.462053405340535,29,-8.20657444408426
2,3,control,14:53:07.463,6.463275427542754,29,-5.701938922967145
2,3,control,14:53:07.464,6.464497449744974,29,-11.69731960061508
2,3,control,14:53:07.465,6.465719471947195,29,0.3072834542488394
2,3,control,14:53:07.466,6.466941494149415,29,-9.188129827098493
2,3,control,14:53:07.468,6.468163516351635,29,-2.1835595133801675
2,3,control,14:53:07.469,6.469385538553856,29,4.820994326680719
2,3,control,14:53:07.470,6.470607560756076,29,1.8255316243610693
2,3,control,14:53:07.471,6.471829582958296,29,-10.169947689062212
2,3,control,14:53:07.473,6.473051605160516,29,7.3345563176877775
2,3,control,14:53:07.474,6.474273627362736,29,-6.660956424112065
2,3,control,14:53:07.475,6.475495649564957,29,2.8435140168151776
2,3,control,14:53:07.476,6.476717671767177,29,-5.652032428253605
2,3,control,14:53:07.477,6.477939693969397,29,-10.147595828041505
2,3,control,14:53:07.479,6.4791617161716175,29,6.856823748728395
2,3,control,14:53:07.480,6.480383738373837,29,3.361226233332971
2,3,control,14:53:07.487,6.487715871587159,30,-4.112721643004463
2,3,control,14:53:07.488,6.488937893789379,30,-4.60844072780376
2,3,control,14:53:07.490,6.490159915991599,30,10.395822545446862
2,3,control,14:53:07.491,6.491381938193819,30,0.9000681080242998
2,3,control,14:53:07.492,6.49260396039604,30,-4.5957041087945285
2,3,control,14:53:07.493,6.49382598259826,30,1.908505826267259
2,3,control,14:53:07.495,6.49504800480048,30,2.91269784448658
2,3,control,14:53:07.496,6.4962700270027005,30,-9.58312812285967
2,3,control,14:53:07.497,6.49749204920492,30,-7.578972144494578
2,3,control,14:53:07.498,6.498714071407141,30,-2.0748342891412435
2,3,control,14:53:07.499,6.499936093609361,30,-14.070714625522768
2,3,control,14:53:07.501,6.501158115811581,30,-3.5666132223622498
2,3,control,14:53:07.512,6.512156315631564,31,15.96946634616355
2,3,control,14:53:07.513,6.513378337833784,31,15.473381364974216
2,3,control,14:53:07.514,6.514600360036003,31,9.477277367372864
2,3,control,14:53:07.515,6.515822382238224,31,19.4811542846364
2,3,control,14:53:07.517,6.517044404440444,31,10.485012048041716
2,3,control,14:53:07.518,6.518266426642664,31,17.48885058886573
2,3,control,14:53:07.519,6.519488448844885,31,10.49266983838534
2,3,control,14:53:07.520,6.520710471047105,31,2.9964697278774537
2,3,control,14:53:07.521,6.521932493249325,31,20.500250188618963
2,3,control,14:53:07.523,6.523154515451545,31,-1.995988848113221
2,3,control,14:53:07.524,6.524376537653765,31,12.507752548957804
2,3,control,14:53:07.525,6.525598559855986,31,9.511474311108948
2,3,control,14:53:07.570,6.570813381338134,32,13.634748101639268
2,3,control,14:53:07.572,6.572035403540354,32,4.137672813020018
2,3,control,14:53:07.573,6.573257425742574,32,-2.359424790719892
2,3,control,14:53:07.574,6.574479447944794,32,7.143455221696442
2,3,control,14:53:07.575,6.575701470147015,32,7.64631278154593
2,3,control,14:53:07.576,6.576923492349235,32,5.149147820105462
2,3,control,14:53:07.578,6.578145514551455,32,6.651960268651948
2,3,control,14:53:07.579,6.579367536753676,32,12.654750058462293
2,3,control,14:53:07.580,6.580589558955896,32,5.157517120813395
2,3,control,14:53:07.581,6.581811581158116,32,6.660261386982164
2,3,control,14:53:07.583,6.583033603360336,32,-0.3370172117544925
2,3,control,14:53:07.584,6.584255625562556,32,27.665681255880315
2,3,control,14:53:07.585,6.585477647764777,32,10.668356721163498
2,3,control,14:53:07.586,6.586699669966997,32,-1.8289908846280485
2,3,control,14:53:07.587,6.587921692169217,32,4.173638369782594
2,3,control,14:53:07.589,6.5891437143714375,32,11.176244415672317
2,3,control,14:53:07.590,6.590365736573657,32,10.678827184318031
2,3,control,14:53:07.591,6.591587758775877,32,4.181386606996625
2,3,control,14:53:07.592,6.592809780978098,32,7.183922614985022
2,3,control,14:53:07.594,6.594031803180318,32,11.68643513956011
2,3,control,14:53:07.595,6.595253825382538,32,5.6889241119988085
2,3,control,14:53:07.596,6.596475847584759,32,-0.8086105364219947
2,3,control,14:53:07.597,6.597697869786979,32,16.693831125574604
2,3,control,14:53:07.598,6.598919891989199,32,11.196249029265516
2,3,control,14:53:07.600,6.600141914191419,32,7.198643105927644
2,3,control,14:53:07.601,6.601363936393639,32,10.201013286837885
2,3,control,14:53:07.602,6.60258595859586,32,20.70335950327315
2,3,control,14:53:07.603,6.60380798079808,32,52.20568168651034
2,3,control,14:53:07.605,6.6050300030003,32,19.207979767826345
2,3,control,14:53:07.606,6.6062520252025205,32,17.71025367849809
2,3,control,14:53:07.607,6.60747404740474,32,12.712503349802468
2,3,control,14:53:07.608,6.60869606960696,32,13.714728713016378
2,3,control,14:53:07.609,6.609918091809181,32,9.216929699416738
2,3,control,14:53:07.611,6.611140114011401,32,2.219106240280432
2,3,control,14:53:07.612,6.612362136213622,32,23.221258266884377
2,3,control,14:53:07.613,6.613584158415842,32,16.223385710505468
2,3,control,14:53:07.614,6.614806180618062,32,13.72548850242061
2,3,control,14:53:07.635,6.635580558055806,33,15.757397661287506
2,3,control,14:53:07.636,6.636802580258026,33,17.25904497084607
2,3,control,14:53:07.638,6.638024602460246,33,7.26066632295985
2,3,control,14:53:07.639,6.639246624662467,33,11.76226164890575
2,3,control,14:53:07.640,6.640468646864687,33,0.2638308799606719
2,3,control,14:53:07.641,6.641690669066906,33,3.765373947401521
2,3,control,14:53:07.642,6.642912691269127,33,5.766890782505193
2,3,control,14:53:07.644,6.644134713471347,33,4.268381316548606
2,3,control,14:53:07.645,6.645356735673567,33,10.269845480808648
2,3,control,14:53:07.646,6.646578757875788,33,-0.7287167934377692
2,3,control,14:53:07.647,6.647800780078008,33,7.772694425086257
2,3,control,14:53:07.649,6.6490228022802285,33,31.27407906765763
2,3,control,14:53:07.650,6.650244824482448,33,3.775437065553248
2,3,control,14:53:07.651,6.651466846684668,33,9.77676835005002
2,3,control,14:53:07.652,6.652688868886889,33,13.278072852424849
2,3,control,14:53:07.653,6.653910891089109,33,24.279350503954632
2,3,control,14:53:07.655,6.655132913291329,33,9.28060123591628
2,3,control,14:53:07.656,6.65635493549355,33,13.281824979586697
2,3,control,14:53:07.657,6.6575769576957695,33,8.783021666242774
2,3,control,14:53:07.658,6.658798979897989,33,23.28419122716143
2,3,control,14:53:07.660,6.66002100210021,33,37.28533359361956
2,3,control,14:53:07.661,6.66124302430243,33,14.78644869689407
2,3,control,14:53:07.662,6.662465046504651,33,26.78753646826185
2,3,control,14:53:07.663,6.663687068706871,33,20.78859683899983
2,3,control,14:53:07.675,6.675907290729073,34,25.79767839265847
2,3,control,14:53:07.677,6.677129312931293,34,-12.701567179255903
2,3,control,14:53:07.678,6.678351335133513,34,-0.2008409764772523
2,3,control,14:53:07.679,6.679573357335734,34,3.299856932271325
2,3,control,14:53:07.680,6.680795379537954,34,-0.6994735217332604
2,3,control,14:53:07.682,6.682017401740174,34,16.80116759278588
2,3,control,14:53:07.683,6.6832394239423945,34,-6.698219792894335
2,3,control,14:53:07.684,6.684461446144614,34,-2.19763574749701
2,3,control,14:53:07.685,6.685683468346835,34,-20.69708033974524
2,3,control,14:53:07.686,6.686905490549055,34,-1.6965536383621256
2,3,control,14:53:07.688,6.688127512751275,34,-10.69605571207076
2,3,control,14:53:07.689,6.689349534953496,34,-19.19558662959424
2,3,control,14:53:07.690,6.690571557155716,34,-6.6951464596556605
2,3,control,14:53:07.691,6.691793579357936,34,-0.6947352709781214
2,3,control,14:53:07.693,6.693015601560156,34,-7.694353132284718
2,3,control,14:53:07.694,6.694237623762376,34,-4.694000112298546
2,3,control,14:53:07.695,6.695459645964596,34,-1.1936762797427036
2,3,control,14:53:07.696,6.696681668166817,34,-4.193381703340286
2,3,control,14:53:07.697,6.697903690369037,34,-9.69311645181439
2,3,control,14:53:07.699,6.6991257125712576,34,-6.19288059388812
2,3,control,14:53:07.700,6.700347734773477,34,-6.692674198284557
2,3,control,14:53:07.701,6.701569756975697,34,-1.1924973337268128
2,3,control,14:53:07.702,6.702791779177918,34,-3.1923500689379765
2,3,control,14:53:07.704,6.704013801380138,34,10.307767527358855
2,3,control,14:53:07.705,6.705235823582358,34,-15.69214461355942
2,3,control,14:53:07.706,6.706457845784579,34,-3.692086560415895
2,3,control,14:53:07.707,6.707679867986799,34,-12.692058381933665
2,3,control,14:53:07.708,6.7089018901890185,34,7.807939853164179
2,3,control,14:53:07.710,6.710123912391239,34,-4.192091923845474
2,3,control,14:53:07.711,6.711345934593459,34,-2.192153781685711
2,3,control,14:53:07.712,6.71256795679568,34,-3.692245789079628
2,3,control,14:53:07.748,6.748006600660066,35,-12.208337969675114
2,3,control,14:53:07.749,6.749228622862287,35,-12.20936641991949
2,3,control,14:53:07.750,6.7504506450645065,35,-10.210427150133548
2,3,control,14:53:07.751,6.751672667266726,35,7.788479770959618
2,3,control,14:53:07.752,6.752894689468947,35,-6.712645725363096
2,3,control,14:53:07.754,6.754116711671167,35,-11.213803707824772
2,3,control,14:53:07.755,6.755338733873387,35,-14.714994245148516
2,3,control,14:53:07.756,6.756560756075608,35,-4.216217406057432
2,3,control,14:53:07.757,6.757782778277828,35,-14.717473259274604
2,3,control,14:53:07.759,6.7590048004800485,35,-9.718761873523142
2,3,control,14:53:07.760,6.760226822682268,35,-12.220083317526123
2,3,control,14:53:07.761,6.761448844884488,35,-9.721437660006664
2,3,control,14:53:07.762,6.762670867086709,35,-5.722824969687849
2,3,control,14:53:07.763,6.763892889288929,35,1.7757546847072234
2,3,control,14:53:07.765,6.765114911491149,35,-9.225698765544545
2,3,control,14:53:07.766,6.76633693369337,35,-0.7271853891662516
2,3,control,14:53:07.767,6.7675589558955895,35,13.771294745119008
2,3,control,14:53:07.768,6.768780978097809,35,-2.730258431411869
2,3,control,14:53:07.770,6.77000300030003,35,2.768155012518029
2,3,control,14:53:07.771,6.77122502250225,35,-1.733464991814401
2,3,control,14:53:07.772,6.772447044704471,35,-1.2351185131322495
2,3,control,14:53:07.773,6.773669066906691,35,-4.736805620158613
2,3,control,14:53:07.774,6.774891089108911,35,-1.2385263816165946
2,3,control,14:53:07.776,6.776113111311132,35,-4.240280866229284
2,3,control,14:53:07.793,6.793221422142215,36,1.7315769330141535
2,3,control,14:53:07.794,6.794443444344434,36,2.2293083543091896
2,3,control,14:53:07.795,6.795665466546654,36,-5.772995047120041
2,3,control,14:53:07.796,6.796887488748875,36,-1.775333339996621
2,3,control,14:53:07.798,6.798109510951095,36,-2.2777065930436606
2,3,control,14:53:07.799,6.799331533153316,36,6.219885125015757
2,3,control,14:53:07.800,6.800553555355536,36,1.7174417454585225
2,3,control,14:53:07.801,6.801775577557756,36,4.714963199561552
2,3,control,14:53:07.802,6.802997599759976,36,-14.787550581398255
2,3,control,14:53:07.804,6.804219621962196,36,-14.290099666144002
2,3,control,14:53:07.805,6.805441644164416,36,-12.792684123398786
2,3,control,14:53:07.806,6.806663666366637,36,-12.795304021885691
2,3,control,14:53:07.807,6.807885688568857,36,4.202040569672178
2,3,control,14:53:07.809,6.809107710771078,36,-6.300650417448281
2,3,control,14:53:07.810,6.8103297329732975,36,-13.30337705197016
2,3,control,14:53:07.811,6.811551755175517,36,-9.806139402616552
2,3,control,14:53:07.812,6.812773777377738,36,7.691062461889443
2,3,control,14:53:07.813,6.813995799579958,36,-9.811771527175267
2,3,control,14:53:07.815,6.815217821782178,36,2.6853585614662165
2,3,control,14:53:07.816,6.816439843984399,36,2.182452659090792
2,3,control,14:53:07.817,6.817661866186619,36,0.1795106969753703
2,3,control,14:53:07.818,6.818883888388839,36,12.176532606396854
2,3,control,14:53:07.820,6.820105910591059,36,-0.3264816813678521
2,3,control,14:53:07.821,6.821327932793279,36,-1.829532235041853
2,3,control,14:53:07.822,6.8225499549955,36,10.167380876651755
2,3,control,14:53:07.843,6.843324332433244,37,2.10927798400742
2,3,control,14:53:07.844,6.844546354635464,37,1.6055253206685478
2,3,control,14:53:07.845,6.845768376837684,37,2.1017350169584503
2,3,control,14:53:07.846,6.846990399039904,37,18.09790700415403
2,3,control,14:53:07.848,6.848212421242124,37,-1.9059587864678
2,3,control,14:53:07.849,6.849434443444345,37,3.590137576369856
2,3,control,14:53:07.850,6.850656465646565,37,-7.913803976056101
2,3,control,14:53:07.851,6.851878487848785,37,8.082216487531234
2,3,control,14:53:07.853,6.853100510051005,37,-4.421801101591235
2,3,control,14:53:07.854,6.854322532253225,37,13.574143187853402
2,3,control,14:53:07.855,6.855544554455445,37,0.0700492871420337
2,3,control,14:53:07.856,6.856766576657666,37,-1.934082872448428
2,3,control,14:53:07.857,6.857988598859886,37,7.061746640358926
2,3,control,14:53:07.859,6.859210621062107,37,15.557537756840986
2,3,control,14:53:07.860,6.860432643264327,37,6.053290408274663
2,3,control,14:53:07.861,6.8616546654665465,37,8.049004525936866
2,3,control,14:53:07.862,6.862876687668767,37,0.0446800411044847
2,3,control,14:53:07.864,6.864098709870987,37,5.04031688505443
2,3,control,14:53:07.865,6.865320732073207,37,24.535914989063613
2,3,control,14:53:07.899,6.899537353735374,38,11.396654469595042
2,3,control,14:53:07.900,6.900759375937594,38,0.3910992207748052
2,3,control,14:53:07.901,6.901981398139814,38,9.885503170320897
2,3,control,14:53:07.903,6.9032034203420345,38,4.379866249510215
2,3,control,14:53:07.904,6.904425442544254,38,13.874188389619668
2,3,control,14:53:07.905,6.905647464746474,38,2.3684695219261656
2,3,control,14:53:07.906,6.906869486948695,38,7.362709577706596
2,3,control,14:53:07.908,6.908091509150915,38,-0.6430915117621225
2,3,control,14:53:07.909,6.909313531353136,38,7.351066184796906
2,3,control,14:53:07.910,6.910535553555356,38,3.345182598660585
2,3,control,14:53:07.911,6.911757575757576,38,6.839257661105819
2,3,control,14:53:07.912,6.912979597959796,38,12.33329130340951
2,3,control,14:53:07.914,6.914201620162016,38,6.827283456848569
2,3,control,14:53:07.915,6.915423642364236,38,10.821234052699886
2,3,control,14:53:07.916,6.916645664566457,38,25.31514302224037
2,3,control,14:53:07.917,6.917867686768677,38,15.309010296746926
2,3,control,14:53:07.919,6.919089708970897,38,27.802835807496457
2,3,control,14:53:07.920,6.9203117311731175,38,8.296619485765866
2,3,control,14:53:07.921,6.921533753375337,38,20.290361262832057
2,3,control,14:53:07.931,6.931309930993099,39,3.238778789274086
2,3,control,14:53:07.932,6.93253195319532,39,-1.767859637028053
2,3,control,14:53:07.933,6.93375397539754,39,-0.7745406517643687
2,3,control,14:53:07.934,6.93497599759976,39,9.218735676342028
2,3,control,14:53:07.936,6.936198019801981,39,-5.788030721431952
2,3,control,14:53:07.937,6.9374200420042005,39,-11.294839913809412
2,3,control,14:53:07.938,6.93864206420642,39,4.198308030486565
2,3,control,14:53:07.939,6.939864086408641,39,-7.308586957267138
2,3,control,14:53:07.941,6.941086108610861,39,-7.315524945793598
2,3,control,14:53:07.942,6.942308130813081,39,4.677493996184076
2,3,control,14:53:07.943,6.943530153015302,39,-5.829530200057221
2,3,control,14:53:07.944,6.944752175217522,39,9.663402396759436
2,3,control,14:53:07.945,6.945974197419742,39,-6.843708282089061
2,3,control,14:53:07.947,6.947196219621962,39,-2.350862305325805
2,3,control,14:53:07.948,6.948418241824182,39,-2.858059741673898
2,3,control,14:53:07.949,6.949640264026403,39,-4.865300659856437
2,3,control,14:53:07.950,6.950862286228623,39,-13.372585128596512
2,3,control,14:53:07.952,6.952084308430843,39,-6.8799132166172186
2,3,control,14:53:07.953,6.953306330633064,39,1.1127150073583325
2,3,control,14:53:07.954,6.954528352835284,39,-6.394700525392942
2,3,control,14:53:07.955,6.955750375037503,39,1.597840116405855
2,3,control,14:53:07.956,6.956972397239724,39,-7.909663135968373
2,3,control,14:53:07.958,6.958194419441944,39,17.582789648761278
2,3,control,14:53:07.959,6.959416441644165,39,1.075198401871717
2,3,control,14:53:07.960,6.960638463846385,39,14.56756305463984
2,3,control,14:53:07.961,6.961860486048605,39,13.559883538342554
2,3,control,14:53:07.980,6.980190819081908,40,10.939343774328286
2,3,control,14:53:07.981,6.981412841284128,40,-2.5690517933567136
2,3,control,14:53:07.982,6.982634863486349,40,-10.577492698399766
2,3,control,14:53:07.983,6.983856885688569,40,6.4140209904760255
2,3,control,14:53:07.985,6.985078907890789,40,11.405489204547578
2,3,control,14:53:07.986,6.98630093009301,40,-13.103088124908226
2,3,control,14:53:07.987,6.98752295229523,40,-8.611711066614461
2,3,control,14:53:07.988,6.9887449744974495,40,-5.120379689294225
2,3,control,14:53:07.989,6.98996699669967,40,4.370905938329365
2,3,control,14:53:07.991,6.99118901890189,40,-2.6378542524667736
2,3,control,14:53:07.992,6.99241104110411,40,-4.646660330405744
2,3,control,14:53:07.993,6.993633063306331,40,-3.1555123642106366
2,3,control,14:53:07.994,6.994855085508551,40,-0.164410422604547
2,3,control,14:53:07.996,6.996077107710772,40,-4.173354574310586
2,3,control,14:53:07.997,6.997299129912991,40,-14.18234488805183
2,3,control,14:53:07.998,6.998521152115211,40,3.308618567448619
2,3,control,14:53:07.999,6.999743174317432,40,3.299535723467649
2,4,control,14:53:40.000,0.0,0,-0.2622627144061127
2,4,control,14:53:40.001,0.0012180218021802,0,-5.770797004423791
2,4,control,14:53:40.002,0.0024360436043604,0,-9.279294303115831
2,4,control,14:53:40.003,0.0036540654065406,0,15.712245301423607
2,4,control,14:53:40.004,0.0048720872087208,0,14.703821721100354
2,4,control,14:53:40.006,0.006090109010901,0,2.195434867820253
2,4,control,14:53:40.007,0.0073081308130813,0,-4.31291534651087
2,4,control,14:53:40.008,0.0085261526152615,0,3.178770990012829
2,4,control,14:53:40.009,0.0097441744174417,0,5.670493789297176
2,4,control,14:53:40.010,0.0109621962196219,0,21.16225296324801
2,4,control,14:53:40.012,0.0121802180218021,0,8.15404842377118
2,4,control,14:53:40.013,0.0133982398239823,0,8.6458800827725
2,4,control,14:53:40.014,0.0146162616261626,0,5.137747852157816
2,4,control,14:53:40.015,0.0158342834283428,0,1.129651643832965
2,4,control,14:53:40.017,0.017052305230523,0,20.62159136970377
2,4,control,14:53:40.018,0.0182703270327032,0,2.1135669416760905
2,4,control,14:53:40.019,0.0194883488348834,0,7.105578271655737
2,4,control,14:53:40.020,0.0207063706370637,0,3.5976252715485586
2,4,control,14:53:40.021,0.0219243924392439,0,-9.410292146739614
2,4,control,14:53:40.023,0.0231424142414241,0,12.58182592869705
2,4,control,14:53:40.024,0.0243604360436043,0,5.073979409764398
2,4,control,14:53:40.025,0.0255784578457845,0,2.0661682083682607
2,4,control,14:53:40.026,0.0267964796479647,0,-3.44160776358553
2,4,control,14:53:40.028,0.028014501450145,0,18.050651405808857
2,4,control,14:53:40.029,0.0292325232523252,0,12.042945628457275
2,4,control,14:53:40.030,0.0304505450545054,0,6.535274816265535
2,4,control,14:53:40.031,0.0316685668566856,0,23.02763888113949
2,4,control,14:53:40.032,0.0328865886588658,0,9.020037734984976
2,4,control,14:53:40.034,0.0341046104610461,0,15.512471289707811
2,4,control,14:53:40.035,0.0353226322632263,0,0.504939457213851
2,4,control,14:53:40.036,0.0365406540654065,0,-5.0025578505910815
2,4,control,14:53:40.037,0.0377586758675867,0,6.489979278198852
2,4,control,14:53:40.038,0.0389766976697669,0,5.482550755489491
2,4,control,14:53:40.040,0.0401947194719471,0,19.475156493186667
2,4,control,14:53:40.041,0.0414127412741274,0,-8.532203596803782
2,4,control,14:53:40.042,0.0426307630763076,0,0.9604703974239684
2,4,control,14:53:40.043,0.0438487848784878,0,1.953178387775772
2,4,control,14:53:40.045,0.045066806680668,0,53.945920286157445
2,4,control,14:53:40.046,0.0462848284828482,0,31.93869600447484
2,4,control,14:53:40.047,0.0475028502850285,0,-2.568494545366221
2,4,control,14:53:40.048,0.0487208720872087,0,-0.5756514514598905
2,4,control,14:53:40.049,0.0499388938893889,0,17.917225198099658
2,4,control,14:53:40.051,0.0511569156915691,0,-2.0898646847817446
2,4,control,14:53:40.052,0.0523749374937493,0,-4.596921188198245
2,4,control,14:53:40.053,0.0535929592959295,0,33.396055599755975
2,4,control,14:53:40.054,0.0548109810981098,0,1.8890655909867533
2,4,control,14:53:40.056,0.05602900290029,0,10.382108697399936
2,4,control,14:53:40.057,0.0572470247024702,0,-1.1248151690986532
2,4,control,14:53:40.058,0.0584650465046504,0,18.868293903396825
2,4,control,14:53:40.059,0.0596830683068306,0,-12.13856417320779
2,4,control,14:53:40.060,0.0609010901090109,0,2.8546105129933323
2,4,control,14:53:40.062,0.0621191119111911,0,-8.152182126093969
2,4,control,14:53:40.063,0.0633371337133713,0,21.84105782143613
2,4,control,14:53:40.064,0.0645551555155515,0,11.334330267489484
2,4,control,14:53:40.065,0.0657731773177317,0,0.3276351239719162
2,4,control,14:53:40.066,0.0669911991199119,0,-5.679027697210735
2,4,control,14:53:40.068,0.0682092209220922,0,-8.185658284152638
2,4,control,14:53:40.069,0.0694272427242724,0,3.8077432750520472
2,4,control,14:53:40.070,0.0706452645264526,0,4.801176892309151
2,4,control,14:53:40.071,0.0718632863286328,0,4.294642479524512
2,4,control,14:53:40.073,0.073081308130813,0,1.7881399486039695
2,4,control,14:53:40.074,0.0742993299329932,0,22.781669211453348
2,4,control,14:53:40.075,0.0755173517351735,0,-10.724769820021509
2,4,control,14:53:40.076,0.0767353735373537,0,-6.731177233914757
2,4,control,14:53:40.077,0.0779533953395339,0,-7.737553118320584
2,4,control,14:53:40.079,0.0791714171417141,0,20.256102438666865
2,4,control,14:53:40.080,0.0803894389438943,0,-3.7502106510465865
2,4,control,14:53:40.096,0.0962237223722372,1,15.170532250052204
2,4,control,14:53:40.097,0.0974417441744174,1,-0.3353511433610663
2,4,control,14:53:40.098,0.0986597659765976,1,19.1587954951123
2,4,control,14:53:40.099,0.0998777877787778,1,2.6529720773781307
2,4,control,14:53:40.101,0.1010958095809581,1,17.647178515342276
2,4,control,14:53:40.102,0.1023138313831383,1,12.64141472091056
2,4,control,14:53:40.103,0.1035318531853185,1,2.635680605988817
2,4,control,14:53:40.104,0.1047498749874987,1,17.62997608248289
2,4,control,14:53:40.105,0.1059678967896789,1,3.1243010622986063
2,4,control,14:53:40.107,0.1071859185918591,1,44.11865545734181
2,4,control,14:53:40.108,0.1084039403940394,1,-0.3869608204816686
2,4,control,14:53:40.109,0.1096219621962196,1,10.607452140734004
2,4,control,14:53:40.110,0.1108399839983998,1,9.101894252894668
2,4,control,14:53:40.112,0.11205800580058,1,15.09636542790615
2,4,control,14:53:40.113,0.1132760276027602,1,23.0908655776743
2,4,control,14:53:40.114,0.1144940494049404,1,30.085394614104946
2,4,control,14:53:40.115,0.1157120712071207,1,8.079952449103907
2,4,control,14:53:40.116,0.1169300930093009,1,15.074538994577049
2,4,control,14:53:40.118,0.1181481148114811,1,4.569154162430181
2,4,control,14:53:40.119,0.1193661366136613,1,20.56379786456916
2,4,control,14:53:40.120,0.1205841584158415,1,6.558470012899804
2,4,control,14:53:40.121,0.1218021802180218,1,13.053170519327956
2,4,control,14:53:40.123,0.123020202020202,1,12.54789929575945
2,4,control,14:53:40.124,0.1242382238223822,1,13.04265625410013
2,4,control,14:53:40.125,0.1254562456245624,1,12.537441306255817
2,4,control,14:53:40.126,0.1266742674267426,1,-6.467745635867651
2,4,control,14:53:40.127,0.1278922892289229,1,11.027095339635572
2,4,control,14:53:40.129,0.1291103110311031,1,11.521964144671308
2,4,control,14:53:40.161,0.161996899689969,2,22.89361954785103
2,4,control,14:53:40.163,0.1632149214921492,2,5.889231813566468
2,4,control,14:53:40.164,0.1644329432943294,2,15.884869354083657
2,4,control,14:53:40.165,0.1656509650965096,2,20.880532081308424
2,4,control,14:53:40.166,0.1668689868986898,2,19.87621990714661
2,4,control,14:53:40.168,0.1680870087008701,2,5.37193274350404
2,4,control,14:53:40.169,0.1693050305030503,2,13.867670502286565
2,4,control,14:53:40.170,0.1705230523052305,2,15.863433095400003
2,4,control,14:53:40.171,0.1717410741074107,2,11.859220434750206
2,4,control,14:53:40.172,0.1729590959095909,2,11.855032432243
2,4,control,14:53:40.174,0.1741771177117711,2,38.85086899978422
2,4,control,14:53:40.175,0.1753951395139514,2,12.8467300492797
2,4,control,14:53:40.176,0.1766131613161316,2,-0.1573845073647177
2,4,control,14:53:40.177,0.1778311831183118,2,15.838525241756804
2,4,control,14:53:40.179,0.179049204920492,2,2.8344592085500864
2,4,control,14:53:40.180,0.1802672267226722,2,-3.669582695079022
2,4,control,14:53:40.181,0.1814852485248524,2,27.326399442775312
2,4,control,14:53:40.182,0.1827032703270327,2,35.32240553401892
2,4,control,14:53:40.183,0.1839212921292129,2,12.81843549055764
2,4,control,14:53:40.185,0.1851393139313931,2,2.3144892242973043
2,4,control,14:53:40.186,0.1863573357335733,2,16.81056664714375
2,4,control,14:53:40.187,0.1875753575357535,2,19.306667671002813
2,4,control,14:53:40.233,0.2338601860186018,3,6.175124557649959
2,4,control,14:53:40.235,0.235078207820782,3,4.1720773075526765
2,4,control,14:53:40.236,0.2362962296229623,3,11.669050134701422
2,4,control,14:53:40.237,0.2375142514251425,3,-5.833957048997959
2,4,control,14:53:40.238,0.2387322732273227,3,-1.3369443316396357
2,4,control,14:53:40.239,0.2399502950295029,3,-1.8399118013177755
2,4,control,14:53:40.241,0.2411683168316831,3,10.657140453873453
2,4,control,14:53:40.242,0.2423863386338633,3,4.654212345839895
2,4,control,14:53:40.243,0.2436043604360436,3,11.151303786487382
2,4,control,14:53:40.244,0.2448223822382238,3,-2.351585312278253
2,4,control,14:53:40.246,0.246040404040404,3,11.14554496144882
2,4,control,14:53:40.247,0.2472584258425842,3,12.642694519574455
2,4,control,14:53:40.248,0.2484764476447644,3,9.639863274004467
2,4,control,14:53:40.249,0.2496944694469446,3,-0.8629488633552995
2,4,control,14:53:40.250,0.2509124912491249,3,0.6342580194009955
2,4,control,14:53:40.252,0.2521305130513051,3,1.1314838341791784
2,4,control,14:53:40.253,0.2533485348534853,3,3.628728492885088
2,4,control,14:53:40.254,0.2545665566556656,3,15.125991907424565
2,4,control,14:53:40.255,0.2557845784578458,3,4.623273989703435
2,4,control,14:53:40.257,0.2570026002600259,3,-3.879425348372465
2,4,control,14:53:40.258,0.2582206220622062,3,-12.38210619489729
2,4,control,14:53:40.259,0.2594386438643864,3,7.115231362034791
2,4,control,14:53:40.260,0.2606566656665666,3,-8.387412765670398
2,4,control,14:53:40.261,0.2618746874687468,3,0.109961333892997
2,4,control,14:53:40.263,0.2630927092709271,3,21.607353572630792
2,4,control,14:53:40.283,0.2837990799079908,4,-3.934288438387391
2,4,control,14:53:40.285,0.285017101710171,4,-1.936584758612362
2,4,control,14:53:40.286,0.2862351235123512,4,-12.938864613452054
2,4,control,14:53:40.287,0.2874531453145314,4,-1.9411280910006208
2,4,control,14:53:40.288,0.2886711671167116,4,-7.443375279352246
2,4,control,14:53:40.289,0.2898891889188918,4,1.5543937333989248
2,4,control,14:53:40.291,0.2911072107210721,4,16.052178859158715
2,4,control,14:53:40.292,0.2923252325232523,4,-6.9500199901670285
2,4,control,14:53:40.293,0.2935432543254325,4,-5.452202902672482
2,4,control,14:53:40.294,0.2947612761276127,4,-10.954369966451807
2,4,control,14:53:40.295,0.295979297929793,4,-5.956521269599172
2,4,control,14:53:40.297,0.2971973197319731,4,-10.45865690020873
2,4,control,14:53:40.298,0.2984153415341534,4,-1.4607769463746507
2,4,control,14:53:40.299,0.2996333633363336,4,-0.4628814961911018
2,4,control,14:53:40.300,0.3008513851385138,4,6.035029362247748
2,4,control,14:53:40.302,0.302069406940694,4,-9.967044459152255
2,4,control,14:53:40.303,0.3032874287428743,4,-8.96910304848528
2,4,control,14:53:40.304,0.3045054505450545,4,0.5288535061545048
2,4,control,14:53:40.305,0.3057234723472347,4,-9.97317488332706
2,4,control,14:53:40.306,0.3069414941494149,4,-3.975188305024147
2,4,control,14:53:40.308,0.3081595159515951,4,-1.4771868470309144
2,4,control,14:53:40.309,0.3093775377537753,4,1.0208294025584763
2,4,control,14:53:40.310,0.3105955595559556,4,-2.481139644350144
2,4,control,14:53:40.311,0.3118135813581358,4,5.016905924149057
2,4,control,14:53:40.313,0.313031603160316,4,8.514966019961925
2,4,control,14:53:40.314,0.3142496249624962,4,-12.986959445005716
2,4,control,14:53:40.315,0.3154676467646765,4,-5.488870558848028
2,4,control,14:53:40.316,0.3166856685668567,4,-14.49076740965917
2,4,control,14:53:40.317,0.3179036903690369,4,-8.492650085533313
2,4,control,14:53:40.319,0.3191217121712171,4,0.5054813254353832
2,4,control,14:53:40.320,0.3203397339733973,4,3.00362673515275
2,4,control,14:53:40.321,0.3215577557755775,4,-2.498213944475374
2,4,control,14:53:40.322,0.3227757775777577,4,-2.500040801543157
2,4,control,14:53:40.323,0.323993799379938,4,-2.5018539241447613
2,4,control,14:53:40.325,0.3252118211821182,4,0.496346599625646
2,4,control,14:53:40.326,0.3264298429842984,4,-10.00543931832609
2,4,control,14:53:40.327,0.3276478647864786,4,-0.5072117660941444
2,4,control,14:53:40.328,0.3288658865886588,4,-7.008970831772686
2,4,control,14:53:40.330,0.330083908390839,4,5.989283396544138
2,4,control,14:53:40.331,0.3313019301930193,4,7.487550830762146
2,4,control,14:53:40.332,0.3325199519951995,4,13.985831382787184
2,4,control,14:53:40.333,0.3337379737973797,4,-9.01587503547492
2,4,control,14:53:40.334,0.3349559955995599,4,5.9824314878816764
2,4,control,14:53:40.336,0.3361740174017402,4,-6.519249135237196
2,4,control,14:53:40.337,0.3373920392039203,4,-0.5209169929257058
2,4,control,14:53:40.338,0.3386100610061006,4,5.977427826721993
2,4,control,14:53:40.339,0.3398280828082808,4,4.475785235611724
2,4,control,14:53:40.341,0.341046104610461,4,-5.525844854350666
2,4,control,14:53:40.342,0.3422641264126412,4,-4.027462531259346
2,4,control,14:53:40.343,0.3434821482148215,4,3.970932116791517
2,4,control,14:53:40.344,0.3447001700170017,4,-6.030660998292241
2,4,control,14:53:40.345,0.3459181918191819,4,1.967758035395213
2,4,control,14:53:40.352,0.352008300830083,5,-1.0399676478950326
2,4,control,14:53:40.353,0.3532263226322632,5,-5.041477571557742
2,4,control,14:53:40.354,0.3544443444344434,5,2.9570240368916103
2,4,control,14:53:40.355,0.3556623662366237,5,-0.5444629106411369
2,4,control,14:53:40.356,0.3568803880388039,5,-3.545938502250152
2,4,control,14:53:40.358,0.358098409840984,5,7.452597173970403
2,4,control,14:53:40.359,0.3593164316431643,5,-3.048855970073639
2,4,control,14:53:40.360,0.3605344534453445,5,0.4497019775235529
2,4,control,14:53:40.361,0.3617524752475247,5,-4.551729071332176
2,4,control,14:53:40.362,0.3629704970497049,5,-2.053149204734993
2,4,control,14:53:40.364,0.3641885188518852,5,-11.05455851077906
2,4,control,14:53:40.365,0.3654065406540654,5,-9.555957077558553
2,4,control,14:53:40.366,0.3666245624562456,5,-0.057344993167625
2,4,control,14:53:40.367,0.3678425842584258,5,8.441277654299547
2,4,control,14:53:40.369,0.369060606060606,5,9.939910776748818
2,4,control,14:53:40.370,0.3702786278627862,5,-10.561445713913995
2,4,control,14:53:40.371,0.3714966496649665,5,-9.562791905783053
2,4,control,14:53:40.372,0.3727146714671467,5,-7.064127886952512
2,4,control,14:53:40.373,0.3739326932693269,5,4.93454625448345
2,4,control,14:53:40.375,0.3751507150715071,5,6.933230430430683
2,4,control,14:53:40.376,0.3763687368736874,5,-5.06807544720499
2,4,control,14:53:40.377,0.3775867586758675,5,-5.5693714665177225
2,4,control,14:53:40.378,0.3788047804780478,5,-1.0706577156016903
2,4,control,14:53:40.380,0.380022802280228,5,1.928065717448952
2,4,control,14:53:40.381,0.3812408240824082,5,4.9267987445400365
2,4,control,14:53:40.382,0.3824588458845884,5,6.925541277577388
2,4,control,14:53:40.383,0.3836768676867687,5,3.4242932284668584
2,4,control,14:53:40.384,0.3848948894889489,5,5.923054509114273
2,4,control,14:53:40.386,0.3861129112911291,5,-8.07817496857453
2,4,control,14:53:40.387,0.3873309330933093,5,0.9206047073062892
2,4,control,14:53:40.388,0.3885489548954895,5,14.91939344866256
2,4,control,14:53:40.389,0.3897669766976697,5,6.918191167400117
2,4,control,14:53:40.390,0.3909849984998499,5,2.4169977754247967
2,4,control,14:53:40.392,0.3922030203020302,5,10.415813184642438
2,4,control,14:53:40.393,0.3934210421042104,5,13.914637306958872
2,4,control,14:53:40.394,0.3946390639063906,5,-2.0865299457200663
2,4,control,14:53:40.395,0.3958570857085708,5,8.412311338511465
2,4,control,14:53:40.397,0.3970751075107511,5,0.9111610715592988
2,4,control,14:53:40.426,0.4263076307630763,6,-1.1141397352306228
2,4,control,14:53:40.427,0.4275256525652565,6,19.884892587621216
2,4,control,14:53:40.428,0.4287436743674367,6,-2.116068931158921
2,4,control,14:53:40.429,0.4299616961696169,6,-7.617024379665203
2,4,control,14:53:40.431,0.4311797179717971,6,0.8820261540082015
2,4,control,14:53:40.432,0.4323977397739774,6,4.381082581767139
2,4,control,14:53:40.433,0.4336157615761576,6,3.8801448155174327
2,4,control,14:53:40.434,0.4348337833783378,6,-1.1207872328350703
2,4,control,14:53:40.436,0.436051805180518,6,-6.621713651384546
2,4,control,14:53:40.437,0.4372698269826983,6,4.877365471774844
2,4,control,14:53:40.438,0.4384878487848784,6,5.876450048548939
2,4,control,14:53:40.439,0.4397058705870587,6,-2.1244600091564223
2,4,control,14:53:40.440,0.4409238923892389,6,-0.1253647894354159
2,4,control,14:53:40.442,0.4421419141914191,6,-10.626264380382196
2,4,control,14:53:40.443,0.4433599359935993,6,10.37284112990907
2,4,control,14:53:40.444,0.4445779577957796,6,-13.128048346655788
2,4,control,14:53:40.445,0.4457959795979598,6,-3.1289328981709303
2,4,control,14:53:40.447,0.44701400140014,6,-7.629812612730525
2,4,control,14:53:40.448,0.4482320232023202,6,11.869312421571273
2,4,control,14:53:40.449,0.4494500450045004,6,2.8684421166402885
2,4,control,14:53:40.450,0.4506680668066806,6,-16.632423615617633
2,4,control,14:53:40.451,0.4518860886088608,6,7.866715136703327
2,4,control,14:53:40.453,0.4531041104110411,6,22.36585828550902
2,4,control,14:53:40.454,0.4543221322132213,6,-3.1349942572947214
2,4,control,14:53:40.455,0.4555401540154015,6,-2.135842579802066
2,4,control,14:53:40.456,0.4567581758175817,6,-8.136686770107175
2,4,control,14:53:40.457,0.4579761976197619,6,3.8624730836957823
2,4,control,14:53:40.459,0.4591942194219421,6,-15.638363106487354
2,4,control,14:53:40.460,0.4604122412241224,6,-1.639195428750753
2,4,control,14:53:40.461,0.4616302630263026,6,14.359976028811424
2,4,control,14:53:40.462,0.4628482848284828,6,5.359151178105009
2,4,control,14:53:40.487,0.4872087208720872,7,8.843293762559455
2,4,control,14:53:40.488,0.4884267426742674,7,20.84252608846063
2,4,control,14:53:40.489,0.4896447644764476,7,-6.158239831978399
2,4,control,14:53:40.490,0.4908627862786278,7,-4.659004086851809
2,4,control,14:53:40.492,0.492080808080808,7,-10.659766764253751
2,4,control,14:53:40.493,0.4932988298829883,7,16.339472047721593
2,4,control,14:53:40.494,0.4945168516851685,7,2.838712260980067
2,4,control,14:53:40.495,0.4957348734873487,7,5.337953787427509
2,4,control,14:53:40.496,0.4969528952895289,7,11.337196538969756
2,4,control,14:53:40.498,0.4981709170917091,7,11.336440427512636
2,4,control,14:53:40.499,0.4993889388938893,7,-3.66431463503801
2,4,control,14:53:40.500,0.5006069606960696,7,6.334931263223645
2,4,control,14:53:40.501,0.5018249824982498,7,-1.6658219657965532
2,4,control,14:53:40.503,0.50304300430043,7,9.333425589807227
2,4,control,14:53:40.504,0.5042610261026103,7,-6.667326158059183
2,4,control,14:53:40.505,0.5054790479047905,7,11.331922702510056
2,4,control,14:53:40.506,0.5066970697069707,7,5.831172083420782
2,4,control,14:53:40.507,0.5079150915091509,7,6.330421896578827
2,4,control,14:53:40.509,0.5091331133113312,7,-0.1703279461099782
2,4,control,14:53:40.510,0.5103511351135114,7,16.328922467260206
2,4,control,14:53:40.511,0.5115691569156916,7,-9.671826951404777
2,4,control,14:53:40.512,0.5127871787178718,7,-4.172576290199103
2,4,control,14:53:40.514,0.5140052005200519,7,-0.1733256372169336
2,4,control,14:53:40.515,0.5152232223222322,7,1.8259249194475653
2,4,control,14:53:40.516,0.5164412441244124,7,8.325175291700234
2,4,control,14:53:40.517,0.5176592659265926,7,-0.6755746085530916
2,4,control,14:53:40.518,0.5188772877287728,7,-3.676324869406585
2,4,control,14:53:40.520,0.5200953095309531,7,14.8229244210456
2,4,control,14:53:40.521,0.5213133313331333,7,5.322173174709285
2,4,control,14:53:40.522,0.5225313531353135,7,3.321421303490318
2,4,control,14:53:40.523,0.5237493749374937,7,20.32066871929453
2,4,control,14:53:40.524,0.524967396739674,7,4.819915334027755
2,4,control,14:53:40.542,0.542019701970197,8,12.30923449510724
2,4,control,14:53:40.543,0.5432377237723772,8,15.80845852247593
2,4,control,14:53:40.544,0.5444557455745574,8,13.307680339266994
2,4,control,14:53:40.545,0.5456737673767377,8,14.806899857386275
2,4,control,14:53:40.546,0.5468917891789179,8,3.8061169887396105
2,4,control,14:53:40.548,0.5481098109810981,8,-5.194668354767167
2,4,control,14:53:40.549,0.5493278327832783,8,-12.195456261228223
2,4,control,14:53:40.550,0.5505458545854586,8,-4.696246818737727
2,4,control,14:53:40.551,0.5517638763876388,8,1.3029598846101678
2,4,control,14:53:40.552,0.552981898189819,8,-9.697836239278717
2,4,control,14:53:40.554,0.5541999199919991,8,5.301364721501471
2,4,control,14:53:40.555,0.5554179417941794,8,-0.6994373211434493
2,4,control,14:53:40.556,0.5566359635963596,8,1.299757544692362
2,4,control,14:53:40.557,0.5578539853985398,8,9.29894923091475
2,4,control,14:53:40.559,0.55907200720072,8,-6.701862350570458
2,4,control,14:53:40.560,0.5602900290029003,8,-3.202677287857433
2,4,control,14:53:40.561,0.5615080508050805,8,3.296504330959671
2,4,control,14:53:40.562,0.5627260726072607,8,13.295682417786692
2,4,control,14:53:40.563,0.5639440944094409,8,-6.205143115470548
2,4,control,14:53:40.565,0.5651621162116212,8,2.7940276430937985
2,4,control,14:53:40.566,0.5663801380138014,8,20.29319460538556
2,4,control,14:53:40.567,0.5675981598159816,8,-5.20764231668943
2,4,control,14:53:40.568,0.5688161816181618,8,-7.708483211225328
2,4,control,14:53:40.570,0.5700342034203421,8,-4.209328166316304
2,4,control,14:53:40.571,0.5712522252225223,8,-0.2101772700565263
2,4,control,14:53:40.572,0.5724702470247025,8,1.2889693894598508
2,4,control,14:53:40.573,0.5736882688268826,8,8.788111724138659
2,4,control,14:53:40.574,0.5749062906290628,8,11.78724964588573
2,4,control,14:53:40.576,0.5761243124312431,8,-2.713616933393105
2,4,control,14:53:40.577,0.5773423342334233,8,-2.214488101792
2,4,control,14:53:40.578,0.5785603560356035,8,14.784636052594877
2,4,control,14:53:40.579,0.5797783778377837,8,1.7837554416733568
2,4,control,14:53:40.580,0.580996399639964,8,7.782869977349286
2,4,control,14:53:40.593,0.5931766176617662,9,33.27372901625157
2,4,control,14:53:40.594,0.5943946394639463,9,-3.227215649715518
2,4,control,14:53:40.595,0.5956126612661266,9,2.271833773784863
2,4,control,14:53:40.596,0.5968306830683068,9,28.27087719865854
2,4,control,14:53:40.598,0.598048704870487,9,17.769914536811356
2,4,control,14:53:40.599,0.5992667266726672,9,22.268945700149143
2,4,control,14:53:40.600,0.6004847484748475,9,11.26797060057774
2,4,control,14:53:40.601,0.6017027702770277,9,14.266989150002978
2,4,control,14:53:40.602,0.6029207920792079,9,4.266001260330697
2,4,control,14:53:40.604,0.6041388138813881,9,3.265006843466722
2,4,control,14:53:40.605,0.6053568356835684,9,5.764005811316906
2,4,control,14:53:40.606,0.6065748574857486,9,12.262998075787069
2,4,control,14:53:40.607,0.6077928792879288,9,20.26198354878305
2,4,control,14:53:40.609,0.609010901090109,9,14.260962142210689
2,4,control,14:53:40.610,0.6102289228922892,9,27.25993376797581
2,4,control,14:53:40.611,0.6114469446944695,9,12.258898337984265
2,4,control,14:53:40.612,0.6126649664966497,9,35.75785576414188
2,4,control,14:53:40.613,0.6138829882988298,9,29.75680595835449
2,4,control,14:53:40.615,0.61510101010101,9,6.255748832527928
2,4,control,14:53:40.616,0.6163190319031903,9,48.75468429856804
2,4,control,14:53:40.629,0.6297172717271727,10,-9.257539706721822
2,4,control,14:53:40.630,0.630935293529353,10,-7.758700009626544
2,4,control,14:53:40.632,0.6321533153315332,10,-7.759868865888748
2,4,control,14:53:40.633,0.6333713371337134,10,-7.261046363602581
2,4,control,14:53:40.634,0.6345893589358935,10,-7.762232590862226
2,4,control,14:53:40.635,0.6358073807380737,10,9.236572364238173
2,4,control,14:53:40.637,0.637025402540254,10,-10.764631586395572
2,4,control,14:53:40.638,0.6382434243424342,10,-7.765844530857606
2,4,control,14:53:40.639,0.6394614461446144,10,-1.767066557242103
2,4,control,14:53:40.640,0.6406794679467946,10,-5.768297753643225
2,4,control,14:53:40.641,0.6418974897489749,10,1.730461791844867
2,4,control,14:53:40.643,0.6431155115511551,10,-2.770788008872003
2,4,control,14:53:40.644,0.6443335333533353,10,-6.2720472438879895
2,4,control,14:53:40.645,0.6455515551555155,10,-5.273316001297253
2,4,control,14:53:40.646,0.6467695769576958,10,17.225405630806023
2,4,control,14:53:40.647,0.647987598759876,10,-8.275882435672308
2,4,control,14:53:40.649,0.6492056205620562,10,-9.277180288826417
2,4,control,14:53:40.650,0.6504236423642364,10,-9.278488016750472
2,4,control,14:53:40.662,0.6626038603860386,11,5.207872210945951
2,4,control,14:53:40.663,0.6638218821882188,11,2.2064500463376646
2,4,control,14:53:40.665,0.665039903990399,11,-7.794983050170543
2,4,control,14:53:40.666,0.6662579257925793,11,20.20357283332717
2,4,control,14:53:40.667,0.6674759475947595,11,-5.297882391263364
2,4,control,14:53:40.668,0.6686939693969397,11,-3.799348812036314
2,4,control,14:53:40.669,0.6699119911991199,11,-12.80082651708583
2,4,control,14:53:40.671,0.6711300130013002,11,-5.302315594506098
2,4,control,14:53:40.672,0.6723480348034804,11,1.696183867608731
2,4,control,14:53:40.673,0.6735660566056606,11,-9.305328218835513
2,4,control,14:53:40.674,0.6747840784078407,11,-7.806851941932983
2,4,control,14:53:40.676,0.6760021002100209,11,-11.808387389777865
2,4,control,14:53:40.677,0.6772201220122012,11,14.1900653495357
2,4,control,14:53:40.678,0.6784381438143814,11,-4.311493812086468
2,4,control,14:53:40.679,0.6796561656165616,11,-15.313064962738537
2,4,control,14:53:40.680,0.6808741874187418,11,6.185351809485347
2,4,control,14:53:40.682,0.6820922092209221,11,-3.816243583509
2,4,control,14:53:40.683,0.6833102310231023,11,-12.81785122981573
2,4,control,14:53:40.684,0.6845282528252825,11,-2.819471217529013
2,4,control,14:53:40.685,0.6857462746274627,11,2.178896365256982
2,4,control,14:53:40.686,0.686964296429643,11,-1.322748569551898
2,4,control,14:53:40.688,0.6881823182318232,11,-2.824406110049829
2,4,control,14:53:40.689,0.6894003400340034,11,-2.826076344330964
2,4,control,14:53:40.690,0.6906183618361836,11,8.67224063951052
2,4,control,14:53:40.710,0.7101067106710671,12,9.643502160812892
2,4,control,14:53:40.711,0.7113247324732473,12,-17.35841162566819
2,4,control,14:53:40.712,0.7125427542754276,12,-2.860339779721613
2,4,control,14:53:40.713,0.7137607760776078,12,16.13771761055846
2,4,control,14:53:40.714,0.7149787978797879,12,2.6357604570778648
2,4,control,14:53:40.716,0.7161968196819681,12,44.13378867174244
2,4,control,14:53:40.717,0.7174148414841484,12,9.631802166458009
2,4,control,14:53:40.718,0.7186328632863286,12,7.129800853130426
2,4,control,14:53:40.719,0.7198508850885088,12,-5.872215356334486
2,4,control,14:53:40.721,0.721068906890689,12,10.12575344996911
2,4,control,14:53:40.722,0.7222869286928693,12,18.123707183947047
2,4,control,14:53:40.723,0.7235049504950495,12,-1.3783542424948294
2,4,control,14:53:40.724,0.7247229722972297,12,2.6195690825493045
2,4,control,14:53:40.725,0.7259409940994099,12,26.617477070985288
2,4,control,14:53:40.727,0.7271590159015902,12,-17.88463036528104
2,4,control,14:53:40.728,0.7283770377037704,12,-6.386753314343849
2,4,control,14:53:40.729,0.7295950595059506,12,-2.8888918642973
2,4,control,14:53:40.730,0.7308130813081308,12,-9.89104610323556
2,4,control,14:53:40.732,0.732031103110311,12,1.6067838807472086
2,4,control,14:53:40.733,0.7332491249124913,12,3.604597999556837
2,4,control,14:53:40.734,0.7344671467146714,12,15.102396165099163
2,4,control,14:53:40.735,0.7356851685168516,12,22.100178289280024
2,4,control,14:53:40.736,0.7369031903190318,12,15.097944284005251
2,4,control,14:53:40.738,0.7381212121212121,12,2.095694061180687
2,4,control,14:53:40.739,0.7393392339233923,12,-6.4065724672878375
2,4,control,14:53:40.740,0.7405572557255725,12,13.59114461050551
2,4,control,14:53:40.741,0.7417752775277527,12,17.588845206466566
2,4,control,14:53:40.742,0.742993299329933,12,23.08652923250117
2,4,control,14:53:40.744,0.7442113211321132,12,16.584196600515156
2,4,control,14:53:40.745,0.7454293429342934,12,0.5818472224143534
2,4,control,14:53:40.746,0.7466473647364736,12,18.079481010104608
2,4,control,14:53:40.747,0.7478653865386539,12,7.577097875491745
2,4,control,14:53:40.749,0.7490834083408341,12,-8.42530226951839
2,4,control,14:53:40.750,0.7503014301430143,12,-0.9277195130199728
2,4,control,14:53:40.751,0.7515194519451945,12,4.0698460568928425
2,4,control,14:53:40.752,0.7527374737473748,12,10.56739435212588
2,4,control,14:53:40.753,0.753955495549555,12,-7.435074715415013
2,4,control,14:53:40.755,0.7551735173517351,12,35.06243876617599
2,4,control,14:53:40.756,0.7563915391539153,12,12.059934708804732
2,4,control,14:53:40.757,0.7576095609560956,12,13.057413024377034
2,4,control,14:53:40.758,0.7588275827582758,12,1.554873624798752
2,4,control,14:53:40.760,0.760045604560456,12,2.0523164219757035
2,4,control,14:53:40.761,0.7612636263626362,12,5.049741327813734
2,4,control,14:53:40.762,0.7624816481648165,12,18.54714825421868
2,4,control,14:53:40.763,0.7636996699669967,12,3.044537113096368
2,4,control,14:53:40.764,0.7649176917691769,12,4.041907816352634
2,4,control,14:53:40.766,0.7661357135713571,12,-3.9607397241066735
2,4,control,14:53:40.767,0.7673537353735373,12,0.0365944036242638
2,4,control,14:53:40.768,0.7685717571757176,12,1.0339101114512983
2,4,control,14:53:40.797,0.7978042804280427,13,3.463732083298438
2,4,control,14:53:40.799,0.799022302230223,13,7.460558662924171
2,4,control,14:53:40.800,0.8002403240324032,13,-2.542635467802292
2,4,control,14:53:40.801,0.8014583458345834,13,-6.045850396975105
2,4,control,14:53:40.802,0.8026763676367636,13,13.950913787311556
2,4,control,14:53:40.803,0.8038943894389439,13,-13.05234300303647
2,4,control,14:53:40.805,0.8051124112411241,13,2.94437914388665
2,4,control,14:53:40.806,0.8063304330433043,13,7.941080139986759
2,4,control,14:53:40.807,0.8075484548454845,13,13.437759897169691
2,4,control,14:53:40.808,0.8087664766476648,13,-19.565581672658723
2,4,control,14:53:40.809,0.809984498449845,13,-2.5689446575926524
2,4,control,14:53:40.811,0.8112025202520252,13,22.42767085427375
2,4,control,14:53:40.812,0.8124205420542054,13,-10.075735225153686
2,4,control,14:53:40.813,0.8136385638563857,13,-3.579162983969127
2,4,control,14:53:40.814,0.8148565856585658,13,3.917387489733265
2,4,control,14:53:40.816,0.816074607460746,13,8.913916107859322
2,4,control,14:53:40.817,0.8172926292629262,13,-8.089577217685111
2,4,control,14:53:40.818,0.8185106510651065,13,-5.593092574994216
2,4,control,14:53:40.819,0.8197286728672867,13,3.4033699478378594
2,4,control,14:53:40.837,0.8379989998999899,14,-2.152406496772109
2,4,control,14:53:40.839,0.8392170217021702,14,7.843690127512353
2,4,control,14:53:40.840,0.8404350435043504,14,1.839763134337197
2,4,control,14:53:40.841,0.8416530653065306,14,-3.664187564391753
2,4,control,14:53:40.842,0.8428710871087108,14,20.831837943231346
2,4,control,14:53:40.844,0.8440891089108911,14,-1.1721604308876792
2,4,control,14:53:40.845,0.8453071307130713,14,10.323817225157017
2,4,control,14:53:40.846,0.8465251525152515,14,-4.680229176728737
2,4,control,14:53:40.847,0.8477431743174317,14,-12.184299724639104
2,4,control,14:53:40.848,0.848961196119612,14,3.311605493331747
2,4,control,14:53:40.850,0.8501792179217922,14,-1.1925136109103391
2,4,control,14:53:40.851,0.8513972397239724,14,4.303342874540469
2,4,control,14:53:40.852,0.8526152615261526,14,14.79917486159001
2,4,control,14:53:40.853,0.8538332833283329,14,4.79498226214411
2,4,control,14:53:40.855,0.855051305130513,14,0.2907649881086058
2,4,control,14:53:40.856,0.8562693269326932,14,7.286522951389344
2,4,control,14:53:40.857,0.8574873487348734,14,-4.217743936107851
2,4,control,14:53:40.858,0.8587053705370536,14,-0.2220357624771409
2,4,control,14:53:40.859,0.8599233923392339,14,-3.7263526158126936
2,4,control,14:53:40.861,0.8611414141414141,14,-9.730694584208663
2,4,control,14:53:40.862,0.8623594359435943,14,2.264938244240774
2,4,control,14:53:40.863,0.8635774577457745,14,6.760545781441465
2,4,control,14:53:40.864,0.8647954795479548,14,15.756127939299231
2,4,control,14:53:40.866,0.866013501350135,14,-11.248315370280082
2,4,control,14:53:40.867,0.8672315231523152,14,9.247215764609358
2,4,control,14:53:40.868,0.8684495449544954,14,9.242721255873384
2,4,control,14:53:40.869,0.8696675667566757,14,5.238201015417836
2,4,control,14:53:40.880,0.8806297629762976,15,3.696346388399824
2,4,control,14:53:40.881,0.8818477847784778,15,-9.30843601443054
2,4,control,14:53:40.883,0.883065806580658,15,8.68675488198371
2,4,control,14:53:40.884,0.8842838283828383,15,2.6819189895484072
2,4,control,14:53:40.885,0.8855018501850185,15,8.17705622016939
2,4,control,14:53:40.886,0.8867198719871987,15,-5.827833514247509
2,4,control,14:53:40.887,0.8879378937893789,15,4.667249698203548
2,4,control,14:53:40.889,0.8891559155915592,15,6.162305769428393
2,4,control,14:53:40.890,0.8903739373937394,15,-10.342665388667136
2,4,control,14:53:40.891,0.8915919591959196,15,14.152336135822791
2,4,control,14:53:40.892,0.8928099809980998,15,-7.852689745195981
2,4,control,14:53:40.894,0.89402800280028,15,3.14225688018238
2,4,control,14:53:40.895,0.8952460246024602,15,-7.862824076136299
2,4,control,14:53:40.896,0.8964640464046404,15,-2.867932702246172
2,4,control,14:53:40.897,0.8976820682068206,15,24.626930913758592
2,4,control,14:53:40.898,0.8989000900090008,15,-6.378233316216168
2,4,control,14:53:40.900,0.9001181118111811,15,9.616574519735371
2,4,control,14:53:40.901,0.9013361336133612,15,0.611354333519067
2,4,control,14:53:40.902,0.9025541554155416,15,-15.393893962959268
2,4,control,14:53:40.903,0.9037721772177216,15,-3.899170457793786
2,4,control,14:53:40.904,0.904990199019902,15,-9.404475239078655
2,4,control,14:53:40.906,0.9062082208220822,15,5.09019160509196
2,4,control,14:53:40.907,0.9074262426242624,15,-3.4151700133761054
2,4,control,14:53:40.908,0.9086442644264426,15,-8.420560182577013
2,4,control,14:53:40.909,0.9098622862286228,15,-7.925978990604925
2,4,control,14:53:40.911,0.9110803080308032,15,-12.931426525554016
2,4,control,14:53:40.912,0.9122983298329832,15,-4.936902875518442
2,4,control,14:53:40.913,0.9135163516351636,15,-10.442408128592376
2,4,control,14:53:40.914,0.9147343734373438,15,-0.9479423728699744
2,4,control,14:53:40.915,0.915952395239524,15,4.046494303554596
2,4,control,14:53:40.923,0.9232605260526052,16,0.012498763574321
2,4,control,14:53:40.924,0.9244785478547854,16,0.0067294182774588
2,4,control,14:53:40.925,0.9256965696569656,16,1.000930288929446
2,4,control,14:53:40.926,0.926914591459146,16,1.495101287436114
2,4,control,14:53:40.928,0.928132613261326,16,9.489242325703309
2,4,control,14:53:40.929,0.9293506350635063,16,4.483353315636862
2,4,control,14:53:40.930,0.9305686568656866,16,-8.022565830857395
2,4,control,14:53:40.931,0.9317866786678668,16,4.471484798126376
2,4,control,14:53:40.933,0.933004700470047,16,-4.0344948855059855
2,4,control,14:53:40.934,0.9342227222722272,16,-7.540504969848655
2,4,control,14:53:40.935,0.9354407440744076,16,12.453454457004211
2,4,control,14:53:40.936,0.9366587658765876,16,9.94738330695845
2,4,control,14:53:40.937,0.9378767876787678,16,-14.558718508080112
2,4,control,14:53:40.939,0.939094809480948,16,20.93514892379437
2,4,control,14:53:40.940,0.9403128312831284,16,-2.571014485512272
2,4,control,14:53:40.941,0.9415308530853084,16,22.9227911759058
2,4,control,14:53:40.942,0.9427488748874888,16,-1.583434180045593
2,4,control,14:53:40.943,0.9439668966896688,16,2.4103093585394006
2,4,control,14:53:40.952,0.9524930493049304,17,14.865635775743216
2,4,control,14:53:40.953,0.9537110711071108,17,17.35912729922933
2,4,control,14:53:40.954,0.954929092909291,17,6.852586924404349
2,4,control,14:53:40.956,0.9561471147114712,17,11.8460145631741
2,4,control,14:53:40.957,0.9573651365136512,17,2.339410127444431
2,4,control,14:53:40.958,0.9585831583158316,17,11.332773529121162
2,4,control,14:53:40.959,0.9598011801180116,17,6.826104680110134
2,4,control,14:53:40.961,0.961019201920192,17,10.819403492317178
2,4,control,14:53:40.962,0.9622372237223722,17,0.3126698776481404
2,4,control,14:53:40.963,0.9634552455245524,17,-6.194096251991155
2,4,control,14:53:40.964,0.9646732673267326,17,10.299105015305138
2,4,control,14:53:40.965,0.9658912891289128,17,32.79227359144284
2,4,control,14:53:40.967,0.9671093109310932,17,-6.214590611672193
2,4,control,14:53:40.968,0.9683273327332732,17,20.77851231786586
2,4,control,14:53:40.969,0.9695453545354537,17,12.77158229196283
2,4,control,14:53:40.970,0.9707633763376338,17,10.264619222524566
2,4,control,14:53:40.979,0.9792895289528952,18,4.2149451175601484
2,4,control,14:53:40.980,0.9805075507550756,18,36.20771452845003
2,4,control,14:53:40.981,0.9817255725572556,18,17.70045010295719
2,4,control,14:53:40.982,0.982943594359436,18,7.193151752987468
2,4,control,14:53:40.984,0.984161616161616,18,28.68581939044669
2,4,control,14:53:40.985,0.9853796379637964,18,8.678452927240699
2,4,control,14:53:40.986,0.9865976597659766,18,9.17105227527533
2,4,control,14:53:40.987,0.9878156815681568,18,7.663617346456412
2,4,control,14:53:40.989,0.989033703370337,18,-0.8438519473102204
2,4,control,14:53:40.990,0.9902517251725172,18,17.148644305881277
2,4,control,14:53:40.991,0.9914697469746976,18,13.641106017936735
2,4,control,14:53:40.998,0.9987778777877788,19,21.095145993139447
2,4,control,14:53:40.999,0.9999958995899588,19,34.08736345060602
2,4,control,14:53:41.001,1.0012139213921392,19,22.579545662183243
2,4,control,14:53:41.002,1.0024319431943194,19,32.57169253977694
2,4,control,14:53:41.003,1.0036499649964996,19,15.06380399529295
2,4,control,14:53:41.004,1.0048679867986798,19,6.055879940637112
2,4,control,14:53:41.006,1.00608600860086,19,0.0479202877152573
2,4,control,14:53:41.007,1.0073040304030405,19,19.039924948433224
2,4,control,14:53:41.008,1.0085220522052205,19,14.031893834696852
2,4,control,14:53:41.009,1.0097400740074007,19,38.023826858411965
2,4,control,14:53:41.010,1.010958095809581,19,7.015723931484409
2,4,control,14:53:41.012,1.0121761176117612,19,31.007584965820016
2,4,control,14:53:41.013,1.0133941394139414,19,31.499409873324616
2,4,control,14:53:41.014,1.0146121612161216,19,22.99119856590405
2,4,control,14:53:41.015,1.015830183018302,19,20.982950955464148
2,4,control,14:53:41.017,1.017048204820482,19,17.974666953910756
2,4,control,14:53:41.018,1.0182662266226623,19,48.966346473149706
2,4,control,14:53:41.019,1.0194842484248423,19,-1.0420105749131778
2,4,control,14:53:41.020,1.0207022702270228,19,28.94959572162795
2,4,control,14:53:41.021,1.021920292029203,19,30.44116527467893
2,4,control,14:53:41.032,1.0328824882488248,20,2.3636232595435587
2,4,control,14:53:41.034,1.034100510051005,20,10.854820532513934
2,4,control,14:53:41.035,1.0353185318531852,20,-3.154019907041665
2,4,control,14:53:41.036,1.0365365536553657,20,-5.162898147217391
2,4,control,14:53:41.037,1.0377545754575457,20,-2.671814276107412
2,4,control,14:53:41.038,1.038972597259726,20,3.8192316181941095
2,4,control,14:53:41.040,1.040190619061906,20,6.3102394475930055
2,4,control,14:53:41.041,1.0414086408640864,20,-2.1987908760048924
2,4,control,14:53:41.042,1.0426266626662666,20,3.7921405593062616
2,4,control,14:53:41.043,1.0438446844684468,20,-1.2169663345677009
2,4,control,14:53:41.045,1.045062706270627,20,40.273888354279045
2,4,control,14:53:41.046,1.0462807280728073,20,48.26470453775235
2,4,control,14:53:41.047,1.0474987498749877,20,-6.744517872241957
2,4,control,14:53:41.048,1.0487167716771677,20,15.74622103620196
2,4,control,14:53:41.049,1.049934793479348,20,2.7369211749899307
2,4,control,14:53:41.051,1.0511528152815282,20,-4.772417543972203
2,4,control,14:53:41.052,1.0523708370837084,20,0.718204791221396
2,4,control,14:53:41.053,1.0535888588858886,20,7.208788092476553
2,4,control,14:53:41.054,1.0548068806880688,20,0.699332271699113
2,4,control,14:53:41.056,1.056024902490249,20,16.68983724079491
2,4,control,14:53:41.057,1.0572429242924293,20,3.180302911669777
2,4,control,14:53:41.069,1.0694231423142313,21,-2.917221162448876
2,4,control,14:53:41.070,1.0706411641164115,21,3.572806413780903
2,4,control,14:53:41.071,1.0718591859185918,21,5.562793634659784
2,4,control,14:53:41.073,1.073077207720772,21,-4.447259587906416
2,4,control,14:53:41.074,1.0742952295229522,21,-0.9573533420118424
2,4,control,14:53:41.075,1.0755132513251324,21,13.032512284249329
2,4,control,14:53:41.076,1.0767312731273126,21,11.522337202782944
2,4,control,14:53:41.077,1.0779492949294929,21,12.512121325494824
2,4,control,14:53:41.079,1.079167316731673,21,12.001864564290813
2,4,control,14:53:41.080,1.080385338533853,21,-1.0084331689232542
2,4,control,14:53:41.081,1.0816033603360335,21,12.481228037758456
2,4,control,14:53:41.082,1.0828213821382138,21,9.47084809624178
2,4,control,14:53:41.084,1.084039403940394,21,2.960426918432553
2,4,control,14:53:41.085,1.0852574257425742,21,1.449964416236611
2,4,control,14:53:41.086,1.0864754475447544,21,-7.060539498440214
2,4,control,14:53:41.087,1.087693469346935,21,28.92891508630792
2,4,control,14:53:41.088,1.088911491149115,21,4.418328082386843
2,4,control,14:53:41.090,1.0901295129512951,21,8.907699401702388
2,4,control,14:53:41.091,1.0913475347534751,21,11.897028956160398
2,4,control,14:53:41.092,1.0925655565556556,21,-1.613683342333296
2,4,control,14:53:41.093,1.0937835783578358,21,-1.6244375818728614
2,4,control,14:53:41.095,1.095001600160016,21,14.864766149447547
2,4,control,14:53:41.096,1.0962196219621962,21,-4.646072236466246
2,4,control,14:53:41.097,1.0974376437643765,21,7.343047172291598
2,4,control,14:53:41.138,1.138850385038504,22,16.94736590734746
2,4,control,14:53:41.140,1.140068406840684,22,14.43495263028892
2,4,control,14:53:41.141,1.1412864286428643,22,16.922493976512087
2,4,control,14:53:41.142,1.1425044504450446,22,16.409989857922803
2,4,control,14:53:41.143,1.1437224722472248,22,19.3974401864269
2,4,control,14:53:41.144,1.144940494049405,22,18.884844873930213
2,4,control,14:53:41.146,1.1461585158515852,22,15.872203832338576
2,4,control,14:53:41.147,1.1473765376537652,22,26.85951697355784
2,4,control,14:53:41.148,1.1485945594559457,22,16.84678420949382
2,4,control,14:53:41.149,1.1498125812581257,22,5.334005452052352
2,4,control,14:53:41.151,1.151030603060306,22,31.821180613139283
2,4,control,14:53:41.152,1.152248624862486,22,3.808309604660444
2,4,control,14:53:41.153,1.1534666466646664,22,8.795392338521673
2,4,control,14:53:41.154,1.1546846684668466,22,8.282428726628801
2,4,control,14:53:41.155,1.1559026902690268,22,16.76941868088766
2,4,control,14:53:41.157,1.157120712071207,22,28.75636211320409
2,4,control,14:53:41.158,1.1583387338733873,22,13.74325893548393
2,4,control,14:53:41.159,1.1595567556755677,22,19.230109059633016
2,4,control,14:53:41.160,1.1607747774777477,22,22.216912397557174
2,4,control,14:53:41.161,1.161992799279928,22,3.2036688611622424
2,4,control,14:53:41.163,1.1632108210821082,22,14.69037836235406
2,4,control,14:53:41.164,1.1644288428842884,22,20.67704081303846
2,4,control,14:53:41.165,1.1656468646864686,22,13.663656125121284
2,4,control,14:53:41.166,1.1668648864886488,22,5.650224210508362
2,4,control,14:53:41.168,1.168082908290829,22,4.636744981105522
2,4,control,14:53:41.169,1.1693009300930093,22,16.62321834881861
2,4,control,14:53:41.170,1.1705189518951895,22,21.10964422555346
2,4,control,14:53:41.171,1.1717369736973695,22,5.096022523215908
2,4,control,14:53:41.172,1.17295499549955,22,18.58235315371178
2,4,control,14:53:41.174,1.1741730173017302,22,12.568636028946926
2,4,control,14:53:41.175,1.1753910391039104,22,27.054871060827168
2,4,control,14:53:41.176,1.1766090609060906,22,17.54105816125835
2,4,control,14:53:41.177,1.1778270827082709,22,29.0271972421463
2,4,control,14:53:41.179,1.179045104510451,22,14.013288215396862
2,4,control,14:53:41.180,1.1802631263126313,22,13.499330992915866
2,4,control,14:53:41.181,1.1814811481148115,22,14.985325486609142
2,4,control,14:53:41.182,1.1826991699169918,22,18.971271608382537
2,4,control,14:53:41.213,1.2131497149714972,23,24.103946103322883
2,4,control,14:53:41.214,1.2143677367736774,23,6.588603634127452
2,4,control,14:53:41.215,1.2155857585758576,23,-4.926789585530308
2,4,control,14:53:41.216,1.2168037803780378,23,-5.442233643744565
2,4,control,14:53:41.218,1.218021802180218,23,-0.9577286286094876
2,4,control,14:53:41.219,1.2192398239823985,23,6.5267253717807705
2,4,control,14:53:41.220,1.2204578457845785,23,-5.98887173066796
2,4,control,14:53:41.221,1.2216758675867587,23,24.99547997595016
2,4,control,14:53:41.222,1.222893889388939,23,-13.520219596459055
2,4,control,14:53:41.224,1.2241119111911192,23,16.46402946401026
2,4,control,14:53:41.225,1.2253299329932994,23,8.448227069263915
2,4,control,14:53:41.226,1.2265479547954796,23,5.932373131207768
2,4,control,14:53:41.227,1.2277659765976596,23,-9.583532438252362
2,4,control,14:53:41.228,1.2289839983998398,23,14.900510272789369
2,4,control,14:53:41.230,1.23020202020202,23,8.384501176238793
2,4,control,14:53:41.231,1.2314200420042003,23,-0.1315598159982585
2,4,control,14:53:41.232,1.2326380638063803,23,2.352327207984061
2,4,control,14:53:41.233,1.2338560856085607,23,23.83616216009157
2,4,control,14:53:41.235,1.235074107410741,23,-2.6800550477698764
2,4,control,14:53:41.236,1.2362921292129212,23,-7.696324503694456
2,4,control,14:53:41.237,1.2375101510151014,23,-3.212646295776331
2,4,control,14:53:41.238,1.2387281728172816,23,8.270979487890337
2,4,control,14:53:41.239,1.239946194619462,23,12.75455275921138
2,4,control,14:53:41.241,1.241164216421642,23,3.2380734300926264
2,4,control,14:53:41.242,1.2423822382238223,23,6.221541412439933
2,4,control,14:53:41.243,1.2436002600260023,23,-17.29504338184089
2,4,control,14:53:41.244,1.2448182818281828,23,5.188318959156007
2,4,control,14:53:41.246,1.246036303630363,23,-12.328371652663536
2,4,control,14:53:41.247,1.2472543254325432,23,13.65488469460631
2,4,control,14:53:41.248,1.2484723472347234,23,9.63808791287137
2,4,control,14:53:41.249,1.2496903690369037,23,-9.878762085962506
2,4,control,14:53:41.250,1.250908390839084,23,23.60433461001051
2,4,control,14:53:41.252,1.252126412641264,23,15.087377912696262
2,4,control,14:53:41.253,1.2533444344434443,23,-4.929632265999423
2,4,control,14:53:41.254,1.2545624562456246,23,11.053303985829288
2,4,control,14:53:41.255,1.2557804780478048,23,10.53618658008824
2,4,control,14:53:41.256,1.256998499849985,23,8.019015428683268
2,4,control,14:53:41.258,1.2582165216521652,23,-7.498209556479807
2,4,control,14:53:41.259,1.2594345434543457,23,-7.015488463495139
2,4,control,14:53:41.260,1.2606525652565257,23,2.9671786195431125
2,4,control,14:53:41.261,1.261870587058706,23,-5.050208395459229
2,4,control,14:53:41.263,1.263088608860886,23,0.9323504034036816
2,4,control,14:53:41.264,1.2643066306630664,23,-2.585145071962323
2,4,control,14:53:41.265,1.2655246524652466,23,-1.1026949096514116
2,4,control,14:53:41.266,1.2667426742674268,23,-1.6202991977577454
2,4,control,14:53:41.267,1.2679606960696068,23,13.862041975624514
2,4,control,14:53:41.276,1.2764868486848684,24,-9.763104288929014
2,4,control,14:53:41.277,1.2777048704870486,24,-2.7812025950279704
2,4,control,14:53:41.278,1.2789228922892288,24,0.2006437675141867
2,4,control,14:53:41.280,1.280140914091409,24,8.682434710603282
2,4,control,14:53:41.281,1.2813589358935893,24,-3.33582985385484
2,4,control,14:53:41.282,1.2825769576957695,24,9.145849986045649
2,4,control,14:53:41.283,1.2837949794979495,24,-9.372525857789412
2,4,control,14:53:41.285,1.28501300130013,24,-6.390957473454186
2,4,control,14:53:41.286,1.2862310231023102,24,10.090555050957164
2,4,control,14:53:41.287,1.2874490449044904,24,-0.427988372649537
2,4,control,14:53:41.288,1.2886670667066706,24,-9.44658783236845
2,4,control,14:53:41.289,1.2898850885088509,24,-8.465243416293731
2,4,control,14:53:41.291,1.291103110311031,24,5.516044787480446
2,4,control,14:53:41.292,1.292321132113211,24,-15.502723309140071
2,4,control,14:53:41.293,1.2935391539153915,24,-0.0215477942494644
2,4,control,14:53:41.294,1.2947571757175718,24,-9.040428755941887
2,4,control,14:53:41.295,1.295975197519752,24,-3.559366282311508
2,4,control,14:53:41.297,1.2971932193219322,24,5.92163953854751
2,4,control,14:53:41.298,1.2984112411241124,24,17.402588618541003
2,4,control,14:53:41.299,1.2996292629262929,24,10.383480869574804
2,4,control,14:53:41.300,1.3008472847284729,24,-10.63568379644525
2,4,control,14:53:41.302,1.302065306530653,24,19.345094532386675
2,4,control,14:53:41.303,1.3032833283328331,24,19.325815767976422
2,4,control,14:53:41.304,1.3045013501350136,24,0.3064798222298108
2,4,control,14:53:41.305,1.3057193719371938,24,-1.212913392947307
2,4,control,14:53:41.311,1.311809480948095,25,-0.3107415935863855
2,4,control,14:53:41.313,1.313027502750275,25,20.66951972467595
2,4,control,14:53:41.314,1.3142455245524551,25,22.649723156848623
2,4,control,14:53:41.315,1.3154635463546354,25,3.12986861483747
2,4,control,14:53:41.316,1.3166815681568156,25,18.10995601054831
2,4,control,14:53:41.317,1.3178995899589958,25,9.089985255887
2,4,control,14:53:41.319,1.319117611761176,25,-1.4300437372406378
2,4,control,14:53:41.320,1.3203356335633565,25,31.549868943071232
2,4,control,14:53:41.321,1.3215536553655365,25,5.5297232087284485
2,4,control,14:53:41.322,1.3227716771677167,25,-0.9904810283631562
2,4,control,14:53:41.323,1.323989698969897,25,-2.5107438562977435
2,4,control,14:53:41.325,1.3252077207720772,25,4.968934636830525
2,4,control,14:53:41.326,1.3264257425742574,25,-11.051445637072518
2,4,control,14:53:41.327,1.3276437643764376,25,4.428115233898957
2,4,control,14:53:41.328,1.3288617861786178,25,2.90761716165079
2,4,control,14:53:41.330,1.330079807980798,25,-9.11293994191118
2,4,control,14:53:41.331,1.3312978297829785,25,-0.6335561648811208
2,4,control,14:53:41.332,1.3325158515851585,25,31.3457684046468
2,4,control,14:53:41.333,1.3337338733873387,25,-2.174966321421578
2,4,control,14:53:41.334,1.334951895189519,25,20.80423956881957
2,4,control,14:53:41.336,1.3361699169916992,25,6.783385987276105
2,4,control,14:53:41.337,1.3373879387938794,25,9.762472845853836
2,4,control,14:53:41.338,1.3386059605960596,25,15.241500056458612
2,4,control,14:53:41.339,1.33982398239824,25,1.7204675309962596
2,4,control,14:53:41.341,1.34104200420042,25,-6.800624818627384
2,4,control,14:53:41.342,1.3422600260026003,25,22.17822291949353
2,4,control,14:53:41.343,1.3434780478047803,25,13.15701065726482
2,4,control,14:53:41.344,1.3446960696069608,25,5.63573830659233
2,4,control,14:53:41.345,1.345914091409141,25,13.114405779381896
2,4,control,14:53:41.347,1.3471321132113212,25,27.593012987539343
2,4,control,14:53:41.355,1.3556582658265826,26,4.94156863503256
2,4,control,14:53:41.356,1.3568762876287628,26,2.919690554743198
2,4,control,14:53:41.358,1.358094309430943,26,11.897751416974238
2,4,control,14:53:41.359,1.3593123312331232,26,-4.124248866368475
2,4,control,14:53:41.360,1.3605303530353037,26,0.3536896166208834
2,4,control,14:53:41.361,1.3617483748374837,26,15.331566777848153
2,4,control,14:53:41.362,1.362966396639664,26,-7.690617470780822
2,4,control,14:53:41.364,1.364184418441844,26,-2.212863217360216
2,4,control,14:53:41.365,1.3654024402440244,26,3.26482945001581
2,4,control,14:53:41.366,1.3666204620462046,26,0.742460443253087
2,4,control,14:53:41.367,1.3678384838483848,26,-7.279970325742539
2,4,control,14:53:41.369,1.369056505650565,26,-3.302462945065244
2,4,control,14:53:41.370,1.3702745274527453,26,1.6749824971908112
2,4,control,14:53:41.382,1.3824547454745475,27,8.946010925867
2,4,control,14:53:41.383,1.3836727672767275,27,0.4227692312745503
2,4,control,14:53:41.384,1.384890789078908,27,7.899464541130897
2,4,control,14:53:41.386,1.3861088108810882,27,-1.1239032326581366
2,4,control,14:53:41.387,1.3873268326832684,27,15.352665821813282
2,4,control,14:53:41.388,1.3885448544854484,27,5.329171616450999
2,4,control,14:53:41.389,1.3897628762876286,27,-4.1943859368391685
2,4,control,14:53:41.390,1.3909808980898088,27,9.781993073848632
2,4,control,14:53:41.392,1.392198919891989,27,9.258308560420232
2,4,control,14:53:41.393,1.3934169416941693,27,9.734560434781455
2,4,control,14:53:41.394,1.3946349634963495,27,-6.289251391161841
2,4,control,14:53:41.395,1.3958529852985295,27,-0.3131270055038442
2,4,control,14:53:41.397,1.39707100710071,27,17.6629335036613
2,4,control,14:53:41.398,1.3982890289028902,27,-5.861069951760591
2,4,control,14:53:41.399,1.3995070507050704,27,3.114862540136336
2,4,control,14:53:41.400,1.4007250725072506,27,6.5907308912579055
2,4,control,14:53:41.414,1.4141233123312331,28,21.821024267490643
2,4,control,14:53:41.415,1.4153413341334131,28,11.296116057963111
2,4,control,14:53:41.416,1.4165593559355936,28,6.271142562436076
2,4,control,14:53:41.417,1.4177773777377738,28,22.74610369281539
2,4,control,14:53:41.418,1.418995399539954,28,22.220999361006875
2,4,control,14:53:41.420,1.4202134213421342,28,0.195829478916373
2,4,control,14:53:41.421,1.4214314431443145,28,11.170593958449714
2,4,control,14:53:41.422,1.4226494649464947,28,4.645292711512745
2,4,control,14:53:41.423,1.423867486748675,28,29.11992565001128
2,4,control,14:53:41.425,1.4250855085508551,28,3.594492685851179
2,4,control,14:53:41.426,1.4263035303530354,28,-4.93100626906174
2,4,control,14:53:41.427,1.4275215521552156,28,10.043428697178364
2,4,control,14:53:41.428,1.4287395739573956,28,21.017797496477336
2,4,control,14:53:41.429,1.4299575957595758,28,7.4921000407409934
2,4,control,14:53:41.431,1.431175617561756,28,-6.533663758124824
2,4,control,14:53:41.432,1.4323936393639365,28,2.940506011785729
2,4,control,14:53:41.433,1.4336116611661165,28,9.414609262378477
2,4,control,14:53:41.434,1.4348296829682967,28,28.388645905559265
2,4,control,14:53:41.448,1.4482279227922792,29,1.0986276964271582
2,4,control,14:53:41.449,1.4494459445944594,29,-2.428141820680473
2,4,control,14:53:41.450,1.4506639663966396,29,-3.454979090424203
2,4,control,14:53:41.451,1.45188198819882,29,22.518115799101786
2,4,control,14:53:41.453,1.453100010001,29,-3.0088572401966545
2,4,control,14:53:41.454,1.4543180318031803,29,-1.5358982964136914
2,4,control,14:53:41.455,1.4555360536053603,29,18.4369925423565
2,4,control,14:53:41.456,1.4567540754075408,29,10.409815188019778
2,4,control,14:53:41.457,1.457972097209721,29,-7.617430447518046
2,4,control,14:53:41.459,1.4591901190119012,29,14.355255547648866
2,4,control,14:53:41.460,1.4604081408140814,29,5.8278730854263685
2,4,control,14:53:41.461,1.4616261626162617,29,3.8004220777202775
2,4,control,14:53:41.462,1.462844184418442,29,10.772902436436432
2,4,control,14:53:41.464,1.464062206220622,29,2.245314073480678
2,4,control,14:53:41.465,1.4652802280228023,29,38.71765690075885
2,4,control,14:53:41.466,1.4664982498249826,29,14.689930830176756
2,4,control,14:53:41.468,1.4689342934293428,30,1.1342716430552071
2,4,control,14:53:41.470,1.470152315231523,30,5.606338350327405
2,4,control,14:53:41.471,1.4713703370337032,30,20.0783358073627
2,4,control,14:53:41.472,1.4725883588358837,30,9.550263926066911
2,4,control,14:53:41.473,1.4738063806380637,30,24.522122618345904
2,4,control,14:53:41.475,1.475024402440244,30,-0.0060882038944996
2,4,control,14:53:41.476,1.476242424242424,30,-1.0343686287484744
2,4,control,14:53:41.477,1.4774604460446044,30,13.937281255689832
2,4,control,14:53:41.478,1.4786784678467846,30,1.9088613613262384
2,4,control,14:53:41.479,1.4798964896489648,30,11.380371600066596
2,4,control,14:53:41.481,1.481114511451145,30,-1.6481881161832632
2,4,control,14:53:41.482,1.4823325332533253,30,4.323182124482479
2,4,control,14:53:41.483,1.4835505550555057,30,10.29448223396968
2,4,control,14:53:41.484,1.4847685768576857,30,14.76571212418417
2,4,control,14:53:41.485,1.485986598659866,30,14.736871707031767
2,4,control,14:53:41.487,1.4872046204620462,30,22.70796089441833
2,4,control,14:53:41.488,1.4884226422642264,30,6.67897959824969
2,4,control,14:53:41.489,1.4896406640664066,30,31.649927730431664
2,5,neuraminidase,15:42:49.015,0.0158862886288628,0,-9.139960686617911
2,5,neuraminidase,15:42:49.017,0.0171083108310831,0,-11.600191064415512
2,5,neuraminidase,15:42:49.018,0.0183303330333033,0,-2.5605039039254223
2,5,neuraminidase,15:42:49.019,0.0195523552355235,0,-10.02089912851318
2,5,neuraminidase,15:42:49.020,0.0207743774377437,0,9.01862333845574
2,5,neuraminidase,15:42:49.021,0.021996399639964,0,-3.441936426384217
2,5,neuraminidase,15:42:49.076,0.076987398739874,1,5.749006861901478
2,5,neuraminidase,15:42:49.078,0.0782094209420942,1,-4.715252724262584
2,5,neuraminidase,15:42:49.079,0.0794314431443144,1,-22.6795909404145
2,5,neuraminidase,15:42:49.080,0.0806534653465346,1,1.3559922900802237
2,5,neuraminidase,15:42:49.081,0.0818754875487548,1,-2.1085029561439086
2,5,neuraminidase,15:42:49.083,0.0830975097509751,1,5.426923397547583
2,5,neuraminidase,15:42:49.084,0.0843195319531953,1,-3.537728572210824
2,5,neuraminidase,15:42:49.085,0.0855415541554155,1,7.497541211215378
2,5,neuraminidase,15:42:49.108,0.1087599759975997,2,4.652902125258549
2,5,neuraminidase,15:42:49.109,0.1099819981998199,2,-1.3133769343804076
2,5,neuraminidase,15:42:49.111,0.1112040204020402,2,-13.279732631510493
2,5,neuraminidase,15:42:49.112,0.1124260426042604,2,-24.74616488949721
2,5,neuraminidase,15:42:49.113,0.1136480648064806,2,-15.712673631706052
2,5,neuraminidase,15:42:49.114,0.1148700870087008,2,-5.179258781502554
2,5,neuraminidase,15:42:49.116,0.1160921092109211,2,-5.145920262252218
2,5,neuraminidase,15:42:49.117,0.1173141314131413,2,-7.612657997320554
2,5,neuraminidase,15:42:49.145,0.1454206420642064,3,16.1315041634808
2,5,neuraminidase,15:42:49.146,0.1466426642664266,3,-3.3370406848887626
2,5,neuraminidase,15:42:49.147,0.1478646864686468,3,2.194340128285255
2,5,neuraminidase,15:42:49.149,0.1490867086708671,3,-1.7743533203626782
2,5,neuraminidase,15:42:49.150,0.1503087308730873,3,6.756879045801945
2,5,neuraminidase,15:42:49.151,0.1515307530753075,3,36.2880373034136
2,5,neuraminidase,15:42:49.152,0.1527527752775277,3,-7.680878470893219
2,5,neuraminidase,15:42:49.153,0.153974797479748,3,-6.149868200484022
2,5,neuraminidase,15:42:49.155,0.1551968196819682,3,11.88106819127568
2,5,neuraminidase,15:42:49.156,0.1564188418841884,3,2.9119307810203807
2,5,neuraminidase,15:42:49.157,0.1576408640864086,3,-5.057280354615436
2,5,neuraminidase,15:42:49.158,0.1588628862886288,3,15.473434861002724
2,5,neuraminidase,15:42:49.160,0.160084908490849,3,27.004076504509342
2,5,neuraminidase,15:42:49.161,0.1613069306930693,3,40.03464465253892
2,5,neuraminidase,15:42:49.162,0.1625289528952895,3,11.065139381725928
2,5,neuraminidase,15:42:49.163,0.1637509750975097,3,-5.904439231295122
2,5,neuraminidase,15:42:49.164,0.1649729972997299,3,-1.374091109889747
2,5,neuraminidase,15:42:49.166,0.1661950195019502,3,-4.34381617742347
2,5,neuraminidase,15:42:49.167,0.1674170417041704,3,-9.813614357261784
2,5,neuraminidase,15:42:49.168,0.1686390639063906,3,4.216514427229789
2,5,neuraminidase,15:42:49.169,0.1698610861086108,3,-8.753429747314257
2,5,neuraminidase,15:42:49.171,0.1710831083108311,3,-12.723446804259432
2,5,neuraminidase,15:42:49.172,0.1723051305130513,3,-23.19353666697125
2,5,neuraminidase,15:42:49.173,0.1735271527152715,3,10.83630074118478
2,5,neuraminidase,15:42:49.174,0.1747491749174917,3,-13.633934503156851
2,5,neuraminidase,15:42:49.175,0.175971197119712,3,3.395757676638347
2,5,neuraminidase,15:42:49.208,0.2089657965796579,4,-2.8297071227456527
2,5,neuraminidase,15:42:49.210,0.2101878187818782,4,0.1979840464834694
2,5,neuraminidase,15:42:49.211,0.2114098409840984,4,-7.274395137750375
2,5,neuraminidase,15:42:49.212,0.2126318631863186,4,14.753155401187293
2,5,neuraminidase,15:42:49.215,0.215075907590759,5,-9.191954044884874
2,5,neuraminidase,15:42:49.216,0.2162979297929793,5,1.3353861233742703
2,5,neuraminidase,15:42:49.217,0.2175199519951995,5,-12.63734367865711
2,5,neuraminidase,15:42:49.218,0.2187419741974197,5,-1.1101433743445313
2,5,neuraminidase,15:42:49.219,0.2199639963996399,5,-0.5830128870534992
2,5,neuraminidase,15:42:49.221,0.2211860186018601,5,-9.055952140149529
2,5,neuraminidase,15:42:49.222,0.2224080408040804,5,13.47103894300188
2,5,neuraminidase,15:42:49.223,0.2236300630063006,5,6.497960439035204
2,5,neuraminidase,15:42:49.224,0.2248520852085208,5,-0.9751875754150632
2,5,neuraminidase,15:42:49.226,0.226074107410741,5,7.051594976285564
2,5,neuraminidase,15:42:49.227,0.2272961296129613,5,-8.421691829228415
2,5,neuraminidase,15:42:49.233,0.2334062406240624,6,-11.289163532810356
2,5,neuraminidase,15:42:49.234,0.2346282628262826,6,12.737135127712278
2,5,neuraminidase,15:42:49.235,0.2358502850285028,6,21.26336496746172
2,5,neuraminidase,15:42:49.237,0.237072307230723,6,3.289526063072472
2,5,neuraminidase,15:42:49.238,0.2382943294329433,6,18.815618491179016
2,5,neuraminidase,15:42:49.239,0.2395163516351635,6,-9.158357671584149
2,5,neuraminidase,15:42:49.240,0.2407383738373837,6,11.367597651417457
2,5,neuraminidase,15:42:49.241,0.2419603960396039,6,4.39348453681832
2,5,neuraminidase,15:42:49.243,0.2431824182418241,6,-6.58069693874706
2,5,neuraminidase,15:42:49.244,0.2444044404440444,6,7.945053301355799
2,5,neuraminidase,15:42:49.263,0.263956795679568,7,0.3478330076259794
2,5,neuraminidase,15:42:49.265,0.2651788178817881,7,-2.127565860834139
2,5,neuraminidase,15:42:49.266,0.2664008400840084,7,-2.103031634205209
2,5,neuraminidase,15:42:49.267,0.2676228622862286,7,-14.578564235852731
2,5,neuraminidase,15:42:49.268,0.2688448844884488,7,-8.55416358914222
2,5,neuraminidase,15:42:49.270,0.2700669066906691,7,3.470170382560809
2,5,neuraminidase,15:42:49.271,0.2712889288928893,7,-11.00556224410915
2,5,neuraminidase,15:42:49.272,0.2725109510951095,7,8.018638607482394
2,5,neuraminidase,15:42:49.273,0.2737329732973297,7,-1.457226986030065
2,5,neuraminidase,15:42:49.274,0.2749549954995499,7,-5.93315894801205
2,5,neuraminidase,15:42:49.276,0.2761770177017701,7,-3.409157201829068
2,5,neuraminidase,15:42:49.277,0.2773990399039904,7,2.6147783291533813
2,5,neuraminidase,15:42:49.278,0.2786210621062106,7,25.13864772156977
2,5,neuraminidase,15:42:49.279,0.2798430843084308,7,5.162451052054614
2,5,neuraminidase,15:42:49.281,0.2810651065106511,7,-4.3138116027576245
2,5,neuraminidase,15:42:49.282,0.2822871287128713,7,21.70985983376756
2,5,neuraminidase,15:42:49.298,0.2981734173417342,8,18.011625688992694
2,5,neuraminidase,15:42:49.299,0.2993954395439544,8,-2.9656175491368657
2,5,neuraminidase,15:42:49.300,0.3006174617461746,8,-0.4429255464116721
2,5,neuraminidase,15:42:49.301,0.3018394839483948,8,-5.420298226197225
2,5,neuraminidase,15:42:49.303,0.303061506150615,8,-14.39773551185904
2,5,neuraminidase,15:42:49.304,0.3042835283528353,8,3.624762673237385
2,5,neuraminidase,15:42:49.305,0.3055055505550555,8,-1.3528035942734815
2,5,neuraminidase,15:42:49.306,0.3067275727572757,8,-1.3304342377571388
2,5,neuraminidase,15:42:49.307,0.307949594959496,8,5.691870819420906
2,5,neuraminidase,15:42:49.309,0.3091716171617161,8,6.714111653895138
2,5,neuraminidase,15:42:49.310,0.3103936393639364,8,1.2362883423000426
2,5,neuraminidase,15:42:49.311,0.3116156615661566,8,-2.7415990387298805
2,5,neuraminidase,15:42:49.312,0.3128376837683768,8,-3.719550412560146
2,5,neuraminidase,15:42:49.340,0.3409441944194419,9,30.270082235774865
2,5,neuraminidase,15:42:49.342,0.3421662166216622,9,-6.209381974916781
2,5,neuraminidase,15:42:49.343,0.3433882388238823,9,-4.6889082625465335
2,5,neuraminidase,15:42:49.344,0.3446102610261026,9,-22.6684965504799
2,5,neuraminidase,15:42:49.345,0.3458322832283228,9,-4.648146762082398
2,5,neuraminidase,15:42:49.347,0.347054305430543,9,-13.627858820719524
2,5,neuraminidase,15:42:49.348,0.3482763276327633,9,-6.607632649756802
2,5,neuraminidase,15:42:49.349,0.3494983498349835,9,16.91253182744027
2,5,neuraminidase,15:42:49.350,0.3507203720372037,9,-10.067365312493834
2,5,neuraminidase,15:42:49.351,0.351942394239424,9,-3.5473239929246105
2,5,neuraminidase,15:42:49.353,0.3531644164416441,9,-16.027344137217575
2,5,neuraminidase,15:42:49.354,0.3543864386438644,9,-11.507425668738245
2,5,neuraminidase,15:42:49.355,0.3556084608460846,9,-8.987568510852121
2,5,neuraminidase,15:42:49.380,0.380048904890489,10,-3.1031825605897225
2,5,neuraminidase,15:42:49.381,0.3812709270927092,10,2.4154047774060885
2,5,neuraminidase,15:42:49.382,0.3824929492949295,10,-5.566067509232539
2,5,neuraminidase,15:42:49.383,0.3837149714971497,10,-7.047599343871113
2,5,neuraminidase,15:42:49.384,0.3849369936993699,10,-9.529190649875154
2,5,neuraminidase,15:42:49.386,0.3861590159015902,10,-10.010841350610164
2,5,neuraminidase,15:42:49.387,0.3873810381038103,10,-11.992551369441657
2,5,neuraminidase,15:42:49.388,0.3886030603060306,10,-13.47432062973514
2,5,neuraminidase,15:42:49.389,0.3898250825082508,10,-14.956149054856128
2,5,neuraminidase,15:42:49.391,0.391047104710471,10,-18.438036568170126
2,5,neuraminidase,15:42:49.392,0.3922691269126913,10,-9.419983093042646
2,5,neuraminidase,15:42:49.393,0.3934911491149115,10,-18.4019885528392
2,5,neuraminidase,15:42:49.394,0.3947131713171317,10,19.615947129074705
2,5,neuraminidase,15:42:49.395,0.3959351935193519,10,-13.866175970666454
2,5,neuraminidase,15:42:49.397,0.3971572157215721,10,2.1516422245718303
2,5,neuraminidase,15:42:49.398,0.3983792379237924,10,1.1694017914240362
2,5,neuraminidase,15:42:49.410,0.4105994599459946,11,-9.65621024170035
2,5,neuraminidase,15:42:49.411,0.4118214821482148,11,-15.139090529218665
2,5,neuraminidase,15:42:49.413,0.413043504350435,11,-5.62202852550918
2,5,neuraminidase,15:42:49.414,0.4142655265526552,11,13.894975846062591
2,5,neuraminidase,15:42:49.415,0.4154875487548755,11,-9.088077337868851
2,5,neuraminidase,15:42:49.416,0.4167095709570957,11,-7.071188000669032
2,5,neuraminidase,15:42:49.417,0.4179315931593159,11,12.44564393429654
2,5,neuraminidase,15:42:49.419,0.4191536153615361,11,-12.037581456337634
2,5,neuraminidase,15:42:49.420,0.4203756375637564,11,6.979135904062929
2,5,neuraminidase,15:42:49.421,0.4215976597659766,11,-13.504203907867286
2,5,neuraminidase,15:42:49.422,0.4228196819681968,11,1.512399184506215
2,5,neuraminidase,15:42:49.436,0.4362619261926193,12,2.6912868021239618
2,5,neuraminidase,15:42:49.437,0.4374839483948395,12,-11.29278927636777
2,5,neuraminidase,15:42:49.438,0.4387059705970597,12,-9.77692145430742
2,5,neuraminidase,15:42:49.439,0.4399279927992799,12,-13.761109655060494
2,5,neuraminidase,15:42:49.441,0.4411500150015001,12,15.754646198007478
2,5,neuraminidase,15:42:49.442,0.4423720372037203,12,7.7703461815310035
2,5,neuraminidase,15:42:49.443,0.4435940594059406,12,1.7859903721445676
2,5,neuraminidase,15:42:49.444,0.4448160816081608,12,13.801578846482665
2,5,neuraminidase,15:42:49.446,0.446038103810381,12,15.817111681179767
2,5,neuraminidase,15:42:49.447,0.4472601260126013,12,6.832588952870388
2,5,neuraminidase,15:42:49.448,0.4484821482148214,12,13.348010738188997
2,5,neuraminidase,15:42:49.449,0.4497041704170417,12,11.863377113770092
2,5,neuraminidase,15:42:49.465,0.4655904590459045,13,0.0581325789032405
2,5,neuraminidase,15:42:49.466,0.4668124812481248,13,6.572731264780536
2,5,neuraminidase,15:42:49.468,0.468034503450345,13,8.087275690437657
2,5,neuraminidase,15:42:49.469,0.4692565256525652,13,12.601765932509096
2,5,neuraminidase,15:42:49.470,0.4704785478547855,13,24.616202067629345
2,5,neuraminidase,15:42:49.471,0.4717005700570057,13,-4.869415827567117
2,5,neuraminidase,15:42:49.472,0.4729225922592259,13,7.144912323554216
2,5,neuraminidase,15:42:49.474,0.4741446144614461,13,-2.340813402372177
2,5,neuraminidase,15:42:49.475,0.4753666366636663,13,11.673407071288196
2,5,neuraminidase,15:42:49.499,0.4998070807080708,14,0.9466364748303632
2,5,neuraminidase,15:42:49.501,0.501029102910291,14,17.459744842379898
2,5,neuraminidase,15:42:49.502,0.5022511251125112,14,-1.0271989045250294
2,5,neuraminidase,15:42:49.503,0.5034731473147315,14,-9.014194689249926
2,5,neuraminidase,15:42:49.504,0.5046951695169517,14,-10.001242435160314
2,5,neuraminidase,15:42:49.505,0.5059171917191719,14,2.511657934378306
2,5,neuraminidase,15:42:49.507,0.5071392139213922,14,6.02450649600042
2,5,neuraminidase,15:42:49.508,0.5083612361236124,14,12.537303326340512
2,5,neuraminidase,15:42:49.509,0.5095832583258326,14,6.050048502033086
2,5,neuraminidase,15:42:49.510,0.5108052805280529,14,11.062742099712615
2,5,neuraminidase,15:42:49.512,0.5120273027302731,14,-7.9246158039863985
2,5,neuraminidase,15:42:49.513,0.5132493249324932,14,-6.412025132429477
2,5,neuraminidase,15:42:49.514,0.5144713471347134,14,7.100514191017879
2,5,neuraminidase,15:42:49.515,0.5156933693369337,14,19.61300224299016
2,5,neuraminidase,15:42:49.516,0.5169153915391539,14,29.625439100121845
2,5,neuraminidase,15:42:49.518,0.5181374137413741,14,13.137824839047433
2,5,neuraminidase,15:42:49.519,0.5193594359435943,14,3.1501595364014108
2,5,neuraminidase,15:42:49.520,0.5205814581458146,14,-2.837556731181735
2,5,neuraminidase,15:42:49.521,0.5218034803480348,14,-10.325323887067512
2,5,neuraminidase,15:42:49.523,0.523025502550255,14,-1.3131418546214348
2,5,neuraminidase,15:42:49.524,0.5242475247524753,14,-7.801010557209004
2,5,neuraminidase,15:42:49.525,0.5254695469546955,14,0.7110700818042659
2,5,neuraminidase,15:42:49.526,0.5266915691569157,14,-1.7768998609471467
2,5,neuraminidase,15:42:49.527,0.527913591359136,14,-6.264920308828735
2,5,neuraminidase,15:42:49.529,0.5291356135613562,14,10.24700881479398
2,5,neuraminidase,15:42:49.530,0.5303576357635763,14,-13.241112413444512
2,5,neuraminidase,15:42:49.531,0.5315796579657965,14,4.270716083090285
2,5,neuraminidase,15:42:49.532,0.5328016801680168,14,5.282494381032855
2,5,neuraminidase,15:42:49.549,0.5499099909990999,15,9.442162615359258
2,5,neuraminidase,15:42:49.551,0.5511320132013201,15,3.953197130557193
2,5,neuraminidase,15:42:49.552,0.5523540354035403,15,-1.535817326685276
2,5,neuraminidase,15:42:49.553,0.5535760576057606,15,3.975119320266359
2,5,neuraminidase,15:42:49.554,0.5547980798079808,15,-4.513992851953425
2,5,neuraminidase,15:42:49.556,0.556020102010201,15,-1.503153766710135
2,5,neuraminidase,15:42:49.557,0.5572421242124213,15,9.00763665263073
2,5,neuraminidase,15:42:49.558,0.5584641464146415,15,12.01837848270364
2,5,neuraminidase,15:42:49.559,0.5596861686168617,15,-7.4709281998569
2,5,neuraminidase,15:42:49.560,0.5609081908190819,15,10.039716681583592
2,5,neuraminidase,15:42:49.562,0.5621302130213022,15,-9.449686796340394
2,5,neuraminidase,15:42:49.563,0.5633522352235224,15,-6.439138556994365
2,5,neuraminidase,15:42:49.564,0.5645742574257426,15,17.071361476256165
2,5,neuraminidase,15:42:49.565,0.5657962796279628,15,17.08181338004568
2,5,neuraminidase,15:42:49.567,0.567018301830183,15,25.09221723100869
2,5,neuraminidase,15:42:49.581,0.5816825682568257,16,5.213343217050479
2,5,neuraminidase,15:42:49.582,0.5829045904590459,16,7.223129355007295
2,5,neuraminidase,15:42:49.584,0.5841266126612661,16,-12.767131486979558
2,5,neuraminidase,15:42:49.585,0.5853486348634863,16,2.242560767724413
2,5,neuraminidase,15:42:49.586,0.5865706570657065,16,10.752206195753692
2,5,neuraminidase,15:42:49.587,0.5877926792679268,16,0.2618048737427827
2,5,neuraminidase,15:42:49.589,0.589014701470147,16,-5.728643121673834
2,5,neuraminidase,15:42:49.590,0.5902367236723672,16,-9.219137713861665
2,5,neuraminidase,15:42:49.591,0.5914587458745875,16,-11.709678826186227
2,5,neuraminidase,15:42:49.598,0.5987908790879088,17,-16.15389813147347
2,5,neuraminidase,15:42:49.600,0.600012901290129,17,5.855237261010579
2,5,neuraminidase,15:42:49.601,0.6012349234923492,17,-7.635673253566175
2,5,neuraminidase,15:42:49.602,0.6024569456945694,17,-4.126629598569259
2,5,neuraminidase,15:42:49.603,0.6036789678967897,17,13.382368302635824
2,5,neuraminidase,15:42:49.604,0.6049009900990099,17,-1.1086794733164282
2,5,neuraminidase,15:42:49.606,0.6061230123012301,17,10.400227150208458
2,5,neuraminidase,15:42:49.607,0.6073450345034503,17,1.4090882498449844
2,5,neuraminidase,15:42:49.614,0.6146771677167717,18,-1.5386968624600712
2,5,neuraminidase,15:42:49.615,0.615899189918992,18,-2.030152284276383
2,5,neuraminidase,15:42:49.617,0.6171212121212121,18,-1.5216526169051434
2,5,neuraminidase,15:42:49.618,0.6183432343234323,18,-12.51319778371186
2,5,neuraminidase,15:42:49.619,0.6195652565256525,18,-7.00478770806204
2,5,neuraminidase,15:42:49.620,0.6207872787278728,18,-11.996422313321204
2,5,neuraminidase,15:42:49.622,0.622009300930093,18,-14.488101522854857
2,5,neuraminidase,15:42:49.623,0.6232313231323132,18,2.0201747399714947
2,5,neuraminidase,15:42:49.624,0.6244533453345334,18,-9.97159344820767
2,5,neuraminidase,15:42:49.625,0.6256753675367537,18,-17.46340601075785
2,5,neuraminidase,15:42:49.626,0.6268973897389739,18,-14.955262871044567
2,5,neuraminidase,15:42:49.628,0.6281194119411941,18,-17.94716395243332
2,5,neuraminidase,15:42:49.629,0.6293414341434144,18,-27.439109178289627
2,5,neuraminidase,15:42:49.630,0.6305634563456346,18,-11.931098471978991
2,5,neuraminidase,15:42:49.631,0.6317854785478548,18,5.57686824313307
2,5,neuraminidase,15:42:49.633,0.6330075007500751,18,10.584791043681044
2,5,neuraminidase,15:42:49.634,0.6342295229522953,18,-17.40732999370057
2,5,neuraminidase,15:42:49.635,0.6354515451545154,18,14.100505207622705
2,5,neuraminidase,15:42:49.636,0.6366735673567356,18,-6.391703275714633
2,5,neuraminidase,15:42:49.637,0.6378955895589559,18,8.116044632921906
2,5,neuraminidase,15:42:49.639,0.6391176117611761,18,19.62374901016681
2,5,neuraminidase,15:42:49.653,0.6537818781878187,19,3.712833983512276
2,5,neuraminidase,15:42:49.655,0.655003900390039,19,-13.780020573595536
2,5,neuraminidase,15:42:49.656,0.6562259225922592,19,-4.272917589212128
2,5,neuraminidase,15:42:49.657,0.6574479447944794,19,25.234143013297
2,5,neuraminidase,15:42:49.658,0.6586699669966997,19,-3.758838689433695
2,5,neuraminidase,15:42:49.659,0.6598919891989199,19,14.748137379230307
2,5,neuraminidase,15:42:49.661,0.6611140114011401,19,10.25507129592348
2,5,neuraminidase,15:42:49.662,0.6623360336033604,19,-9.738036862719676
2,5,neuraminidase,15:42:49.663,0.6635580558055806,19,0.7688129799353263
2,5,neuraminidase,15:42:49.664,0.6647800780078008,19,4.775620900522966
2,5,neuraminidase,15:42:49.666,0.666002100210021,19,0.2823869756777455
2,5,neuraminidase,15:42:49.667,0.6672241224122413,19,3.789111282034142
2,5,neuraminidase,15:42:49.668,0.6684461446144615,19,-0.7042061037733376
2,5,neuraminidase,15:42:49.706,0.7063288328832883,20,-3.5173062593180973
2,5,neuraminidase,15:42:49.707,0.7075508550855085,20,-9.01191733135947
2,5,neuraminidase,15:42:49.708,0.7087728772877288,20,-6.506567566626572
2,5,neuraminidase,15:42:49.709,0.709994899489949,20,9.498743111515084
2,5,neuraminidase,15:42:49.711,0.7112169216921692,20,-10.995985220300014
2,5,neuraminidase,15:42:49.712,0.7124389438943894,20,-13.490752485437376
2,5,neuraminidase,15:42:49.713,0.7136609660966097,20,-0.4855586072625115
2,5,neuraminidase,15:42:49.714,0.7148829882988299,20,-15.980403509140928
2,5,neuraminidase,15:42:49.716,0.7161050105010501,20,-11.97528711443814
2,5,neuraminidase,15:42:49.717,0.7173270327032704,20,7.52979065348034
2,5,neuraminidase,15:42:49.718,0.7185490549054906,20,-6.465170128750991
2,5,neuraminidase,15:42:49.719,0.7197710771077108,20,-0.9601693844976468
2,5,neuraminidase,15:42:49.720,0.720993099309931,20,7.544792962874858
2,5,neuraminidase,15:42:49.722,0.7222151215121512,20,9.049716990001016
2,5,neuraminidase,15:42:49.723,0.7234371437143714,20,8.05460277351532
2,5,neuraminidase,15:42:49.724,0.7246591659165916,20,-6.440549609947745
2,5,neuraminidase,15:42:49.725,0.7258811881188119,20,-5.435740083753686
2,5,neuraminidase,15:42:49.745,0.7454335433543354,21,-0.3639054175366993
2,5,neuraminidase,15:42:49.746,0.7466555655565557,21,7.640268297905337
2,5,neuraminidase,15:42:49.747,0.7478775877587759,21,-3.855594697574702
2,5,neuraminidase,15:42:49.749,0.7490996099609961,21,-13.851494327342309
2,5,neuraminidase,15:42:49.750,0.7503216321632163,21,-5.347430514763005
2,5,neuraminidase,15:42:49.751,0.7515436543654366,21,-1.343403183202298
2,5,neuraminidase,15:42:49.752,0.7527656765676568,21,1.6605877439742969
2,5,neuraminidase,15:42:49.753,0.753987698769877,21,13.164542343401273
2,5,neuraminidase,15:42:49.755,0.7552097209720973,21,-3.831539308286871
2,5,neuraminidase,15:42:49.756,0.7564317431743174,21,7.672342865544337
2,5,neuraminidase,15:42:49.757,0.7576537653765376,21,18.6761889415294
2,5,neuraminidase,15:42:49.772,0.7723180318031804,22,-6.280445883695357
2,5,neuraminidase,15:42:49.773,0.7735400540054005,22,-8.777062105971694
2,5,neuraminidase,15:42:49.774,0.7747620762076207,22,4.726286646788672
2,5,neuraminidase,15:42:49.775,0.775984098409841,22,1.7296004512202288
2,5,neuraminidase,15:42:49.777,0.7772061206120612,22,4.232879383957474
2,5,neuraminidase,15:42:49.778,0.7784281428142814,22,-10.763876478365113
2,5,neuraminidase,15:42:49.795,0.7955364536453645,23,-4.222069116849056
2,5,neuraminidase,15:42:49.796,0.7967584758475847,23,-1.2193377089303112
2,5,neuraminidase,15:42:49.797,0.797980498049805,23,-10.216639869919554
2,5,neuraminidase,15:42:49.799,0.7992025202520252,23,2.786024476817687
2,5,neuraminidase,15:42:49.800,0.8004245424542454,23,-5.211344592084082
2,5,neuraminidase,15:42:49.801,0.8016465646564657,23,-22.20874699999037
2,5,neuraminidase,15:42:49.802,0.8028685868586859,23,-6.206182670266706
2,5,neuraminidase,15:42:49.804,0.8040906090609061,23,13.796348473721409
2,5,neuraminidase,15:42:49.830,0.830975097509751,24,8.343792758573464
2,5,neuraminidase,15:42:49.832,0.8321971197119712,24,3.845581781763116
2,5,neuraminidase,15:42:49.833,0.8334191419141914,24,-17.152660541555036
2,5,neuraminidase,15:42:49.834,0.8346411641164116,24,-3.650934134746493
2,5,neuraminidase,15:42:49.835,0.8358631863186319,24,0.3507610788232327
2,5,neuraminidase,15:42:49.837,0.8370852085208521,24,-10.147574824211375
2,5,neuraminidase,15:42:49.838,0.8383072307230723,24,-14.145941767215817
2,5,neuraminidase,15:42:49.839,0.8395292529252926,24,-16.144339673555614
2,5,neuraminidase,15:42:49.840,0.8407512751275128,24,5.857231533403727
2,5,neuraminidase,15:42:49.841,0.841973297329733,24,2.3587719302966974
2,5,neuraminidase,15:42:49.843,0.8431953195319531,24,8.86028159375779
2,5,neuraminidase,15:42:49.844,0.8444173417341734,24,7.861760600421491
2,5,neuraminidase,15:42:49.845,0.8456393639363936,24,8.863209026922284
2,5,neuraminidase,15:42:49.888,0.8884101410141014,25,11.895233901805163
2,5,neuraminidase,15:42:49.889,0.8896321632163217,25,8.895632481011496
2,5,neuraminidase,15:42:49.890,0.8908541854185419,25,5.39600331553104
2,5,neuraminidase,15:42:49.892,0.8920762076207621,25,4.396346481998279
2,5,neuraminidase,15:42:49.893,0.8932982298229823,25,17.396662057047713
2,5,neuraminidase,15:42:49.894,0.8945202520252026,25,7.896950117313828
2,5,neuraminidase,15:42:49.895,0.8957422742274227,25,0.3972107394311095
2,5,neuraminidase,15:42:49.896,0.8969642964296429,25,17.89744400003405
2,5,neuraminidase,15:42:49.898,0.8981863186318632,25,8.897649975757133
2,5,neuraminidase,15:42:49.899,0.8994083408340834,25,-2.102171256765139
2,5,neuraminidase,15:42:49.900,0.9006303630363036,25,-9.10201962089829
2,5,neuraminidase,15:42:49.901,0.9018523852385238,25,17.398104959992175
2,5,neuraminidase,15:42:49.903,0.903074407440744,25,6.898202562540746
2,5,neuraminidase,15:42:49.904,0.9042964296429644,25,14.398273263381917
2,5,neuraminidase,15:42:49.905,0.9055184518451844,25,20.89831713915017
2,5,neuraminidase,15:42:49.906,0.9067404740474048,25,-3.101665733520001
2,5,neuraminidase,15:42:49.907,0.907962496249625,25,26.39832472200589
2,5,neuraminidase,15:42:49.909,0.9091845184518452,25,8.398288582362333
2,5,neuraminidase,15:42:49.910,0.9104065406540656,25,20.89822592418382
2,5,neuraminidase,15:42:49.965,0.9653975397539754,26,-1.6307977492816903
2,5,neuraminidase,15:42:49.966,0.9666195619561956,26,-11.131997418185025
2,5,neuraminidase,15:42:49.967,0.9678415841584158,26,-2.6332200038023075
2,5,neuraminidase,15:42:49.969,0.969063606360636,26,8.865534570500955
2,5,neuraminidase,15:42:49.970,0.9702856285628564,26,-13.635733618640757
2,5,neuraminidase,15:42:49.971,0.9715076507650764,26,-15.63702449459295
2,5,neuraminidase,15:42:49.972,0.9727296729672968,26,-9.138337980721133
2,5,neuraminidase,15:42:49.973,0.973951695169517,26,-2.639674000390812
2,5,neuraminidase,15:42:49.975,0.9751737173717372,26,11.858967523032495
2,5,neuraminidase,15:42:49.976,0.9763957395739574,26,-6.64241333381672
2,5,neuraminidase,15:42:49.977,0.9776177617761777,26,1.3561835056960376
2,5,neuraminidase,15:42:49.978,0.978839783978398,26,-15.145241881794751
2,5,neuraminidase,15:42:49.980,0.980061806180618,26,-26.646689419654592
2,5,neuraminidase,15:42:49.981,0.9812838283828385,26,-9.148159031249
2,5,neuraminidase,15:42:49.982,0.9825058505850583,26,-15.64965063994348
2,5,neuraminidase,15:42:49.983,0.9837278727872788,26,-5.151164169103545
2,5,neuraminidase,15:42:49.984,0.9849498949894988,26,1.8473004579052985
2,5,neuraminidase,15:42:49.986,0.9861719171917191,26,-10.654256682282464
2,5,neuraminidase,15:42:49.987,0.9873939393939394,26,1.3441644869676566
2,5,neuraminidase,15:42:49.988,0.9886159615961596,26,4.3425640422901495
2,5,neuraminidase,15:42:49.989,0.9898379837983798,26,16.340942060319506
2,5,neuraminidase,15:42:49.991,0.9910600060006,26,-9.160701382309782
2,5,neuraminidase,15:42:49.992,0.9922820282028204,26,1.3376337910367724
2,5,neuraminidase,15:42:49.993,0.9935040504050404,26,-6.66405234300634
2,5,neuraminidase,15:42:49.994,0.9947260726072608,26,-3.165759707804632
2,5,neuraminidase,15:42:49.995,0.995948094809481,26,0.8325117732763871
2,5,neuraminidase,15:42:49.997,0.9971701170117012,26,19.830762176871204
2,5,neuraminidase,15:42:49.998,0.9983921392139214,26,-15.67100842038569
2,5,neuraminidase,15:42:49.999,0.9996141614161416,26,-4.1727999418598
2,5,neuraminidase,15:42:50.000,1.000836183618362,26,4.825387689083357
2,5,neuraminidase,15:42:50.002,1.002058205820582,26,9.823554549078274
2,5,neuraminidase,15:42:50.003,1.0032802280228024,26,5.321700714759437
2,5,neuraminidase,15:42:50.004,1.0045022502250225,26,-8.180173737238661
2,5,neuraminidase,15:42:50.005,1.0057242724272428,26,12.317931269718471
2,5,neuraminidase,15:42:50.017,1.017944494449445,27,-12.202131558585016
2,5,neuraminidase,15:42:50.019,1.0191665166516652,27,-3.2042474452440786
2,5,neuraminidase,15:42:50.020,1.0203885388538854,27,-9.206382953334028
2,5,neuraminidase,15:42:50.021,1.0216105610561057,27,2.291461993779606
2,5,neuraminidase,15:42:50.022,1.0228325832583258,27,2.289287472731317
2,5,neuraminidase,15:42:50.024,1.0240546054605462,27,1.2870935601556042
2,5,neuraminidase,15:42:50.025,1.0252766276627665,27,-12.215119667313049
2,5,neuraminidase,15:42:50.026,1.0264986498649864,27,-7.217352133040151
2,5,neuraminidase,15:42:50.027,1.0277206720672067,27,-13.219603760391216
2,5,neuraminidase,15:42:50.028,1.0289426942694269,27,-9.721874472731749
2,5,neuraminidase,15:42:50.030,1.0301647164716472,27,-18.224164193427264
2,5,neuraminidase,15:42:50.031,1.031386738673867,27,14.773527154156724
2,5,neuraminidase,15:42:50.032,1.0326087608760877,27,13.271199646654717
2,5,neuraminidase,15:42:50.033,1.0338307830783078,27,-17.731146639298814
2,5,neuraminidase,15:42:50.035,1.035052805280528,27,-7.233511627069362
2,5,neuraminidase,15:42:50.036,1.0362748274827482,27,12.764104759977556
2,5,neuraminidase,15:42:50.037,1.0374968496849686,27,4.2617025984764325
2,5,neuraminidase,15:42:50.054,1.0546051605160516,28,2.226167655230128
2,5,neuraminidase,15:42:50.055,1.055827182718272,28,0.2234964616470804
2,5,neuraminidase,15:42:50.057,1.057049204920492,28,-14.279192054332178
2,5,neuraminidase,15:42:50.058,1.0582712271227124,28,6.218102183926838
2,5,neuraminidase,15:42:50.059,1.0594932493249325,28,-3.2846207469413784
2,5,neuraminidase,15:42:50.060,1.0607152715271526,28,8.212639229697665
2,5,neuraminidase,15:42:50.061,1.061937293729373,28,-2.290117809521547
2,5,neuraminidase,15:42:50.063,1.063159315931593,28,-8.292891787964521
2,5,neuraminidase,15:42:50.064,1.0643813381338134,28,-5.795682628996772
2,5,neuraminidase,15:42:50.065,1.0656033603360335,28,4.701509744016192
2,5,neuraminidase,15:42:50.105,1.105930093009301,29,1.599942705543718
2,5,neuraminidase,15:42:50.107,1.1071521152115211,29,-5.903390046384729
2,5,neuraminidase,15:42:50.108,1.1083741374137417,29,0.5932630979391789
2,5,neuraminidase,15:42:50.109,1.1095961596159616,29,-6.91009778485008
2,5,neuraminidase,15:42:50.110,1.110818181818182,29,-4.913472618118014
2,5,neuraminidase,15:42:50.112,1.112040204020402,29,-5.916861325230123
2,5,neuraminidase,15:42:50.113,1.1132622262226222,29,1.579736170448072
2,5,neuraminidase,15:42:50.114,1.1144842484248425,29,-8.423680054448937
2,5,neuraminidase,15:42:50.115,1.1157062706270626,29,-16.927109923286658
2,5,neuraminidase,15:42:50.116,1.116928292829283,29,11.569446640569396
2,5,neuraminidase,15:42:50.118,1.118150315031503,29,-7.934010286246284
2,5,neuraminidase,15:42:50.119,1.1193723372337234,29,-6.937480627099212
2,5,neuraminidase,15:42:50.120,1.1205943594359435,29,-9.440964305354896
2,5,neuraminidase,15:42:50.121,1.121816381638164,29,-0.4444612443788429
2,5,neuraminidase,15:42:50.123,1.123038403840384,29,-1.4479713675365673
2,5,neuraminidase,15:42:50.124,1.1242604260426043,29,16.548505401806423
2,5,neuraminidase,15:42:50.125,1.1254824482448245,29,37.54496914028461
2,5,neuraminidase,15:42:50.126,1.1267044704470448,29,9.041419924532498
2,5,neuraminidase,15:42:50.127,1.127926492649265,29,-0.96214216881544
2,5,neuraminidase,15:42:50.129,1.1291485148514853,29,21.5342829368753
2,5,neuraminidase,15:42:50.130,1.1303705370537054,29,13.030695318239196
2,5,neuraminidase,15:42:50.131,1.1315925592559255,29,14.027095051910749
2,5,neuraminidase,15:42:50.132,1.1328145814581458,29,2.523482214524435
2,5,neuraminidase,15:42:50.134,1.134036603660366,29,-7.480143117285252
2,5,neuraminidase,15:42:50.135,1.1352586258625863,29,20.016219133116188
2,5,neuraminidase,15:42:50.136,1.1364806480648064,29,-6.487430957636768
2,5,neuraminidase,15:42:50.137,1.1377026702670268,29,-2.4910933129096264
2,5,neuraminidase,15:42:50.138,1.1389246924692469,29,21.505232143932105
2,5,neuraminidase,15:42:50.140,1.1401467146714672,29,12.001545489522911
2,5,neuraminidase,15:42:50.141,1.1413687368736871,29,11.497846800497284
2,5,neuraminidase,15:42:50.142,1.1425907590759077,29,9.99413615348972
2,5,neuraminidase,15:42:50.152,1.1523669366936693,30,6.964029686217934
2,5,neuraminidase,15:42:50.153,1.1535889588958896,30,6.960214865924904
2,5,neuraminidase,15:42:50.154,1.1548109810981098,30,-13.543611146005183
2,5,neuraminidase,15:42:50.156,1.15603300330033,30,6.452551727062179
2,5,neuraminidase,15:42:50.157,1.1572550255025502,30,-5.051296438238531
2,5,neuraminidase,15:42:50.158,1.1584770477047706,30,-6.55515556527282
2,5,neuraminidase,15:42:50.159,1.159699069906991,30,1.440974422593797
2,5,neuraminidase,15:42:50.160,1.160921092109211,30,8.43709360199582
2,5,neuraminidase,15:42:50.162,1.1621431143114311,30,14.933202049567726
2,5,neuraminidase,15:42:50.163,1.1633651365136517,30,29.92929984194401
2,5,neuraminidase,15:42:50.184,1.184139513951395,31,-8.138593673768831
2,5,neuraminidase,15:42:50.185,1.1853615361536154,31,-13.14267457041602
2,5,neuraminidase,15:42:50.186,1.1865835583558355,31,6.853235333796469
2,5,neuraminidase,15:42:50.187,1.187805580558056,31,1.8491361155031285
2,5,neuraminidase,15:42:50.189,1.189027602760276,31,-6.65497214866155
2,5,neuraminidase,15:42:50.190,1.1902496249624963,31,-20.15908938206308
2,5,neuraminidase,15:42:50.191,1.1914716471647164,31,-3.163215508066976
2,5,neuraminidase,15:42:50.192,1.1926936693669368,31,8.33264954996126
2,5,neuraminidase,15:42:50.193,1.193915691569157,31,-2.171494131343892
2,5,neuraminidase,15:42:50.195,1.1951377137713772,31,-6.675646475347932
2,5,neuraminidase,15:42:50.196,1.1963597359735971,31,3.3201925945836166
2,5,neuraminidase,15:42:50.197,1.1975817581758177,31,2.3160231550852544
2,5,neuraminidase,15:42:50.206,1.2061359135913592,32,13.786605251856251
2,5,neuraminidase,15:42:50.207,1.2073579357935793,32,1.2823704957601976
2,5,neuraminidase,15:42:50.208,1.2085799579957996,32,-7.721872080055363
2,5,neuraminidase,15:42:50.209,1.2098019801980198,32,-12.226122398955944
2,5,neuraminidase,15:42:50.211,1.21102400240024,32,-14.730380384307054
2,5,neuraminidase,15:42:50.212,1.2122460246024602,32,16.2653540405258
2,5,neuraminidase,15:42:50.213,1.2134680468046806,32,-5.738919047822897
2,5,neuraminidase,15:42:50.214,1.214690069006901,32,-4.243199572718659
2,5,neuraminidase,15:42:50.215,1.215912091209121,32,6.7525125424730135
2,5,neuraminidase,15:42:50.217,1.2171341134113411,32,-9.2517826256134
2,5,neuraminidase,15:42:50.218,1.2183561356135613,32,14.743914999656596
2,5,neuraminidase,15:42:50.219,1.2195781578157816,32,-1.760394505082516
2,5,neuraminidase,15:42:50.220,1.2208001800180015,32,33.23528893680377
2,5,neuraminidase,15:42:50.222,1.222022202220222,32,0.2309654019499234
2,5,neuraminidase,15:42:50.223,1.2232442244224422,32,-6.273365033009554
2,5,neuraminidase,15:42:50.224,1.2244662466246623,32,11.222297708559822
2,5,neuraminidase,15:42:50.225,1.2256882688268826,32,4.717953703292544
2,5,neuraminidase,15:42:50.226,1.226910291029103,32,10.713603027823105
2,5,neuraminidase,15:42:50.233,1.233020402040204,33,7.191752279650551
2,5,neuraminidase,15:42:50.234,1.234242424242424,33,-2.312636807707605
2,5,neuraminidase,15:42:50.235,1.2354644464446445,33,-7.817032028826496
2,5,neuraminidase,15:42:50.236,1.2366864686468646,33,-0.8214333070716364
2,5,neuraminidase,15:42:50.237,1.237908490849085,33,8.674159434191466
2,5,neuraminidase,15:42:50.239,1.239130513051305,33,-15.830253728402704
2,5,neuraminidase,15:42:50.240,1.2403525352535254,33,-2.8346727182196574
2,5,neuraminidase,15:42:50.241,1.2415745574557455,33,-8.339097458624899
2,5,neuraminidase,15:42:50.242,1.242796579657966,33,-4.843527872983941
2,5,neuraminidase,15:42:50.244,1.244018601860186,33,10.652036115337708
2,5,neuraminidase,15:42:50.245,1.2452406240624063,33,-11.852405417025471
2,5,neuraminidase,15:42:50.246,1.2464626462646264,33,-6.356852393438977
2,5,neuraminidase,15:42:50.247,1.2476846684668468,33,20.13869526273168
2,5,neuraminidase,15:42:50.248,1.248906690669067,33,8.134237628120964
2,5,neuraminidase,15:42:50.272,1.2721251125112512,34,26.04863924593149
2,5,neuraminidase,15:42:50.273,1.2733471347134713,34,44.04409188893652
2,5,neuraminidase,15:42:50.274,1.2745691569156916,34,0.0395408504844709
2,5,neuraminidase,15:42:50.275,1.2757911791179115,34,10.534986207209847
2,5,neuraminidase,15:42:50.277,1.277013201320132,34,8.030428035747121
2,5,neuraminidase,15:42:50.278,1.2782352235223522,34,12.0258664127308
2,5,neuraminidase,15:42:50.279,1.2794572457245723,34,15.021301414795351
2,5,neuraminidase,15:42:50.280,1.2806792679267929,34,21.51673311857529
2,5,neuraminidase,15:42:50.281,1.281901290129013,34,6.012161600705085
2,5,neuraminidase,15:42:50.283,1.2831233123312331,34,34.007586937819234
2,5,neuraminidase,15:42:50.284,1.2843453345334537,34,11.003009206552228
2,5,neuraminidase,15:42:50.285,1.2855673567356736,34,17.99842848353856
2,5,neuraminidase,15:42:50.292,1.292899489948995,35,15.970885610307924
2,5,neuraminidase,15:42:50.294,1.294121512151215,35,-5.033713909166714
2,5,neuraminidase,15:42:50.295,1.2953435343534354,35,-2.5383158073121024
2,5,neuraminidase,15:42:50.296,1.2965655565556555,35,7.457079992506252
2,5,neuraminidase,15:42:50.297,1.297787578757876,35,3.9524735669228255
2,5,neuraminidase,15:42:50.299,1.299009600960096,35,2.9478649925721285
2,5,neuraminidase,15:42:50.300,1.3002316231623163,35,-8.55674565391137
2,5,neuraminidase,15:42:50.301,1.3014536453645364,35,-2.0613582958931715
2,5,neuraminidase,15:42:50.302,1.3026756675667568,35,2.9340271432612184
2,5,neuraminidase,15:42:50.303,1.303897689768977,35,12.429410740186285
2,5,neuraminidase,15:42:50.305,1.305119711971197,35,-1.5752074284834876
2,5,neuraminidase,15:42:50.306,1.3063417341734174,35,11.920172713886394
2,5,neuraminidase,15:42:50.335,1.3356702670267029,36,-0.6910113076670683
2,5,neuraminidase,15:42:50.336,1.336892289228923,36,-8.695648483096711
2,5,neuraminidase,15:42:50.338,1.3381143114311431,36,-11.200285354989964
2,5,neuraminidase,15:42:50.339,1.3393363336333632,36,-11.204921846712352
2,5,neuraminidase,15:42:50.340,1.3405583558355836,36,-4.709557881629372
2,5,neuraminidase,15:42:50.341,1.3417803780378037,36,-0.2141933831065401
2,5,neuraminidase,15:42:50.343,1.343002400240024,36,-1.71882827450937
2,5,neuraminidase,15:42:50.344,1.3442244224422442,36,-20.223462479203363
2,5,neuraminidase,15:42:50.345,1.3454464446444645,36,-2.228095920554047
2,5,neuraminidase,15:42:50.346,1.3466684668466846,36,2.767271478073092
2,5,neuraminidase,15:42:50.347,1.347890489048905,36,11.762639793312523
2,5,neuraminidase,15:42:50.349,1.349112511251125,36,11.75800910179874
2,5,neuraminidase,15:42:50.350,1.3503345334533454,36,20.253379480166245
2,5,neuraminidase,15:42:50.391,1.3918832883288328,37,-6.402843905722676
2,5,neuraminidase,15:42:50.393,1.3931053105310531,37,-13.907387801782022
2,5,neuraminidase,15:42:50.394,1.3943273327332733,37,-1.9119278691184576
2,5,neuraminidase,15:42:50.395,1.3955493549354936,37,6.083535968902503
2,5,neuraminidase,15:42:50.396,1.3967713771377137,37,1.5790037889153368
2,5,neuraminidase,15:42:50.397,1.397993399339934,37,-16.425524332445455
2,5,neuraminidase,15:42:50.399,1.3992154215421542,37,-6.4300483185453885
2,5,neuraminidase,15:42:50.400,1.4004374437443745,37,3.06543190725003
2,5,neuraminidase,15:42:50.401,1.4016594659465946,37,-1.9390835784247145
2,5,neuraminidase,15:42:50.402,1.402881488148815,37,-8.44359469893513
2,5,neuraminidase,15:42:50.404,1.404103510351035,37,3.551898622353278
2,5,neuraminidase,15:42:50.405,1.4053255325532554,37,0.0473964620749853
2,5,neuraminidase,15:42:50.418,1.4187677767776778,38,5.498192833076153
2,5,neuraminidase,15:42:50.419,1.419989798979898,38,-5.006249128512252
2,5,neuraminidase,15:42:50.421,1.4212118211821183,38,-2.0106855754189894
2,5,neuraminidase,15:42:50.422,1.4224338433843384,38,20.98488356899044
2,5,neuraminidase,15:42:50.423,1.4236558655865588,38,-10.519541618649484
2,5,neuraminidase,15:42:50.424,1.4248778877887789,38,-2.02396106170427
2,5,neuraminidase,15:42:50.426,1.426099909990999,38,4.971625316460582
2,5,neuraminidase,15:42:50.427,1.4273219321932191,38,-9.532782407520456
2,5,neuraminidase,15:42:50.428,1.4285439543954397,38,-3.5371841570128737
2,5,neuraminidase,15:42:50.429,1.4297659765976598,38,12.958420144617795
2,5,neuraminidase,15:42:50.430,1.43098799879988,38,-12.545969425993938
2,5,neuraminidase,15:42:50.432,1.4322100210021005,38,15.449647207786406
2,5,neuraminidase,15:42:50.437,1.4370981098109812,39,21.432177319518345
2,5,neuraminidase,15:42:50.438,1.4383201320132013,39,17.427826124776416
2,5,neuraminidase,15:42:50.439,1.4395421542154216,39,3.4234815942335075
2,5,neuraminidase,15:42:50.440,1.4407641764176418,39,15.919143804524104
2,5,neuraminidase,15:42:50.441,1.441986198619862,39,-0.0851871677173079
2,5,neuraminidase,15:42:50.443,1.4432082208220822,39,12.910488754143763
2,5,neuraminidase,15:42:50.444,1.4444302430243023,39,2.906171646741811
2,5,neuraminidase,15:42:50.445,1.445652265226523,39,10.90186158671132
2,5,neuraminidase,15:42:50.446,1.4468742874287428,39,10.897558650686785
2,5,neuraminidase,15:42:50.448,1.4480963096309631,39,16.893262915302685
2,5,neuraminidase,15:42:50.449,1.4493183318331833,39,10.38897445719352
2,5,neuraminidase,15:42:50.450,1.4505403540354036,39,12.38469335299378
2,5,neuraminidase,15:42:50.451,1.4517623762376235,39,9.880419679337948
2,5,neuraminidase,15:42:50.452,1.452984398439844,39,11.876153512860512
2,5,neuraminidase,15:42:50.468,1.468870687068707,40,-3.678588629418961
2,5,neuraminidase,15:42:50.470,1.470092709270927,40,-7.682741648777387
2,5,neuraminidase,15:42:50.471,1.4713147314731474,40,-5.686886011440073
2,5,neuraminidase,15:42:50.472,1.4725367536753675,40,-12.191021640772526
2,5,neuraminidase,15:42:50.473,1.473758775877588,40,-3.69514846014026
2,5,neuraminidase,15:42:50.474,1.474980798079808,40,-6.699266392908776
2,5,neuraminidase,15:42:50.476,1.4762028202820283,40,-1.7033753624435946
2,5,neuraminidase,15:42:50.477,1.4774248424842484,40,-13.207475292110216
2,5,neuraminidase,15:42:50.478,1.4786468646864686,40,-4.211566105274166
2,5,neuraminidase,15:42:50.479,1.479868886888689,40,-14.71564772530094
2,5,neuraminidase,15:42:50.481,1.481090909090909,40,-6.719720075556054
2,5,neuraminidase,15:42:50.482,1.4823129312931294,40,3.776216920594983
2,5,neuraminidase,15:42:50.483,1.4835349534953497,40,-6.727836660213349
2,5,neuraminidase,15:42:50.484,1.4847569756975698,40,-10.731880741346544
2,5,neuraminidase,15:42:50.485,1.48597899789979,40,12.76408475382987
2,5,neuraminidase,15:42:50.487,1.4872010201020105,40,-14.7399400980496
2,5,neuraminidase,15:42:50.504,1.5043093309330933,41,7.204768450083179
2,5,neuraminidase,15:42:50.505,1.5055313531353136,41,-4.799102411495937
2,5,neuraminidase,15:42:50.506,1.5067533753375335,41,-2.302962393979115
2,5,neuraminidase,15:42:50.507,1.507975397539754,41,5.6931885792681385
2,5,neuraminidase,15:42:50.509,1.5091974197419742,41,-10.310649415119691
2,5,neuraminidase,15:42:50.510,1.5104194419441943,41,17.68552369949189
2,5,neuraminidase,15:42:50.511,1.5116414641464146,41,-14.318292000262636
2,5,neuraminidase,15:42:50.512,1.5128634863486348,41,-9.322096437748767
2,5,neuraminidase,15:42:50.514,1.514085508550855,41,0.1741104636679722
2,5,neuraminidase,15:42:50.515,1.5153075307530752,41,7.170328780622079
2,5,neuraminidase,15:42:50.516,1.5165295529552956,41,14.66655858974805
2,5,neuraminidase,15:42:50.531,1.531193819381938,42,16.122240583618627
2,5,neuraminidase,15:42:50.532,1.5324158415841584,42,14.118626764717275
2,5,neuraminidase,15:42:50.533,1.5336378637863786,42,-0.8849744891293625
2,5,neuraminidase,15:42:50.534,1.534859885988599,42,0.1114368987131939
2,5,neuraminidase,15:42:50.536,1.536081908190819,42,7.607861004879439
2,5,neuraminidase,15:42:50.537,1.5373039303930394,42,-4.395702093996135
2,5,neuraminidase,15:42:50.538,1.5385259525952597,42,6.100747678720957
2,5,neuraminidase,15:42:50.539,1.5397479747974798,42,17.597210399665208
2,5,neuraminidase,15:42:50.540,1.5409699969997,42,3.5936861454711035
2,5,neuraminidase,15:42:50.542,1.5421920192019205,42,5.090174992773136
2,5,neuraminidase,15:42:50.543,1.5434140414041404,42,-0.4133229817942023
2,5,neuraminidase,15:42:50.544,1.5446360636063607,42,-1.9168077015964256
2,5,neuraminidase,15:42:50.555,1.5556342634263427,43,8.052438929304557
2,5,neuraminidase,15:42:50.556,1.5568562856285628,43,-2.950909027949585
2,5,neuraminidase,15:42:50.558,1.5580783078307832,43,12.045757112540777
2,5,neuraminidase,15:42:50.559,1.5593003300330033,43,-19.95756257258987
2,5,neuraminidase,15:42:50.560,1.5605223522352236,43,-9.460868006707038
2,5,neuraminidase,15:42:50.561,1.5617443744374435,43,12.035840886823763
2,5,neuraminidase,15:42:50.562,1.562966396639664,43,-17.967435815362975
2,5,neuraminidase,15:42:50.564,1.5641884188418842,43,-4.970698036632768
2,5,neuraminidase,15:42:50.565,1.5654104410441043,43,-14.973945700351116
2,5,neuraminidase,15:42:50.566,1.5666324632463249,43,-3.9771787298835406
2,5,neuraminidase,15:42:50.567,1.5678544854485448,43,6.519602951404451
2,5,neuraminidase,15:42:50.569,1.5690765076507651,43,6.016399420147344
2,5,neuraminidase,15:42:50.570,1.5702985298529852,43,11.51321075297964
2,5,neuraminidase,15:42:50.571,1.5715205520552056,43,4.510037026535819
2,5,neuraminidase,15:42:50.572,1.5727425742574257,43,-0.9931216825496209
2,5,neuraminidase,15:42:50.583,1.5837407740774077,44,-5.520861638500946
2,5,neuraminidase,15:42:50.584,1.584962796279628,44,21.476134040894287
2,5,neuraminidase,15:42:50.586,1.586184818481848,44,-4.526854419372718
2,5,neuraminidase,15:42:50.587,1.5874068406840685,44,-12.029826942667476
2,5,neuraminidase,15:42:50.588,1.5886288628862886,44,-2.0327834523554884
2,5,neuraminidase,15:42:50.589,1.589850885088509,44,-8.035723871802276
2,5,neuraminidase,15:42:50.591,1.591072907290729,44,-3.5386481243733456
2,5,neuraminidase,15:42:50.592,1.5922949294929494,44,7.458443866565794
2,5,neuraminidase,15:42:50.593,1.5935169516951695,44,-10.544447822350364
2,5,neuraminidase,15:42:50.594,1.5947389738973898,44,9.45267688551266
2,5,neuraminidase,15:42:50.595,1.59596099609961,44,-1.050181933210638
2,5,neuraminidase,15:42:50.597,1.5971830183018303,44,-0.5530242018857763
2,5,neuraminidase,15:42:50.614,1.6142913291329133,45,-10.591035292966026
2,5,neuraminidase,15:42:50.615,1.6155133513351336,45,0.9063798852200832
2,5,neuraminidase,15:42:50.616,1.6167353735373535,45,-13.09618716039381
2,5,neuraminidase,15:42:50.617,1.617957395739574,45,-1.0987363531732155
2,5,neuraminidase,15:42:50.619,1.6191794179417942,45,-5.101267616483646
2,5,neuraminidase,15:42:50.620,1.6204014401440143,45,3.89621912630939
2,5,neuraminidase,15:42:50.621,1.621623462346235,45,-6.106276048159614
2,5,neuraminidase,15:42:50.622,1.6228454845484548,45,6.391246936743833
2,5,neuraminidase,15:42:50.624,1.6240675067506751,45,-2.1112118423457886
2,5,neuraminidase,15:42:50.625,1.6252895289528952,45,-7.113652308793981
2,5,neuraminidase,15:42:50.626,1.6265115511551156,45,0.3839256140337355
2,5,neuraminidase,15:42:50.627,1.6277335733573357,45,-9.11847799722814
2,5,neuraminidase,15:42:50.628,1.628955595559556,45,1.379136934054884
2,5,neuraminidase,15:42:50.630,1.6301776177617762,45,2.3767704845172872
2,5,neuraminidase,15:42:50.631,1.6313996399639965,45,8.374422730793562
2,5,neuraminidase,15:42:50.632,1.6326216621662166,45,3.3720937495182
2,5,neuraminidase,15:42:50.648,1.6485079507950795,46,-9.156439845567704
2,5,neuraminidase,15:42:50.649,1.6497299729972998,46,6.8415020340554165
2,5,neuraminidase,15:42:50.650,1.65095199519952,46,-14.660536164355754
2,5,neuraminidase,15:42:50.652,1.65217401740174,46,-11.16255436416673
2,5,neuraminidase,15:42:50.653,1.6533960396039604,46,-12.66455248874302
2,5,neuraminidase,15:42:50.654,1.6546180618061803,46,-18.66653046145013
2,5,neuraminidase,15:42:50.655,1.6558400840084009,46,-12.66848820565358
2,5,neuraminidase,15:42:50.657,1.657062106210621,46,-7.6704256447188754
2,5,neuraminidase,15:42:50.658,1.6582841284128411,46,-11.672342702011534
2,5,neuraminidase,15:42:50.659,1.6595061506150617,46,-2.674239300897049
2,5,neuraminidase,15:42:50.660,1.6607281728172818,46,-3.676115364740952
2,5,neuraminidase,15:42:50.661,1.661950195019502,46,13.822029183091267
2,5,neuraminidase,15:42:50.663,1.6631722172217225,46,4.8201944192340775
2,5,neuraminidase,15:42:50.670,1.6705043504350434,47,-4.690375417854973
2,5,neuraminidase,15:42:50.671,1.6717263726372638,47,-8.192063217772244
2,5,neuraminidase,15:42:50.672,1.672948394839484,47,4.80627028369701
2,5,neuraminidase,15:42:50.674,1.6741704170417042,47,-5.695374836812732
2,5,neuraminidase,15:42:50.675,1.6753924392439243,47,-14.196998502666972
2,5,neuraminidase,15:42:50.676,1.676614461446145,47,-18.19860063723123
2,5,neuraminidase,15:42:50.677,1.6778364836483648,47,-14.200181163871015
2,5,neuraminidase,15:42:50.679,1.6790585058505851,47,-18.201740005951827
2,5,neuraminidase,15:42:50.680,1.6802805280528053,47,-5.703277086839186
2,5,neuraminidase,15:42:50.681,1.6815025502550256,47,-13.204792329898602
2,5,neuraminidase,15:42:50.682,1.6827245724572455,47,-16.206285658495588
2,5,neuraminidase,15:42:50.683,1.683946594659466,47,3.792243004004355
2,5,neuraminidase,15:42:50.685,1.6851686168616862,47,-2.709206265764287
2,5,neuraminidase,15:42:50.720,1.7206072607260725,48,-2.7412911538596774
2,5,neuraminidase,15:42:50.721,1.7218292829282928,48,10.25795724335172
2,5,neuraminidase,15:42:50.723,1.723051305130513,48,-17.742769916036302
2,5,neuraminidase,15:42:50.724,1.7242733273327333,48,1.7565274446107608
2,5,neuraminidase,15:42:50.740,1.7401596159615962,49,6.749659324907462
2,5,neuraminidase,15:42:50.741,1.7413816381638163,49,-3.2506919873329707
2,5,neuraminidase,15:42:50.742,1.7426036603660366,49,-2.751017630020989
2,5,neuraminidase,15:42:50.743,1.7438256825682568,49,5.748682473477913
2,5,neuraminidase,15:42:50.745,1.745047704770477,49,-0.2515916002017917
2,5,neuraminidase,15:42:50.746,1.7462697269726972,49,-3.751839774425598
2,5,neuraminidase,15:42:50.747,1.7474917491749176,49,11.747938027440966
2,5,neuraminidase,15:42:50.748,1.7487137713771377,49,-13.752258117967592
2,5,neuraminidase,15:42:50.749,1.749935793579358,49,-7.752428134016796
2,5,neuraminidase,15:42:50.751,1.751157815781578,49,-5.252571944072145
2,5,neuraminidase,15:42:50.752,1.7523798379837985,49,-9.25268947149916
2,5,neuraminidase,15:42:50.753,1.7536018601860186,49,-7.252780639663349
2,5,neuraminidase,15:42:50.754,1.754823882388239,49,-5.752845371930221
2,5,neuraminidase,15:42:50.756,1.756045904590459,49,-5.752883591665281
2,5,neuraminidase,15:42:50.784,1.7841524152415242,50,1.2537310725329078
2,5,neuraminidase,15:42:50.785,1.7853744374437444,50,-0.2456478560919279
2,5,neuraminidase,15:42:50.786,1.7865964596459647,50,2.255001643677275
2,5,neuraminidase,15:42:50.787,1.7878184818481848,50,-2.2443203515249763
2,5,neuraminidase,15:42:50.789,1.7890405040504052,50,0.756386234935789
2,5,neuraminidase,15:42:50.790,1.7902625262526253,50,9.75712147969407
2,5,neuraminidase,15:42:50.791,1.7914845484548454,50,0.2578854593843616
2,5,neuraminidase,15:42:50.792,1.7927065706570655,50,5.75867825064114
2,5,neuraminidase,15:42:50.793,1.793928592859286,50,-13.240500069901096
2,5,neuraminidase,15:42:50.795,1.7951506150615062,50,13.760350574392136
2,5,neuraminidase,15:42:50.801,1.8012607260726072,51,3.7650409505975233
2,5,neuraminidase,15:42:50.802,1.802482748274828,51,6.766066993227874
2,5,neuraminidase,15:42:50.803,1.803704770477048,51,25.76712253713512
2,5,neuraminidase,15:42:50.804,1.804926792679268,51,-1.231792341046244
2,5,neuraminidase,15:42:50.806,1.806148814881488,51,2.2693224353182657
2,5,neuraminidase,15:42:50.807,1.8073708370837085,51,25.270466942863152
2,5,neuraminidase,15:42:50.808,1.8085928592859288,51,11.771641258222886
2,5,neuraminidase,15:42:50.809,1.8098148814881487,51,15.772845458031972
2,5,neuraminidase,15:42:50.811,1.811036903690369,51,4.774079618924894
2,5,neuraminidase,15:42:50.812,1.8122589258925887,51,9.77534381753614
2,5,neuraminidase,15:42:50.813,1.8134809480948093,51,-2.723361869499797
2,5,neuraminidase,15:42:50.839,1.8391434143414345,52,-8.18908916207316
2,5,neuraminidase,15:42:50.840,1.8403654365436544,52,-1.6871129448213082
2,5,neuraminidase,15:42:50.841,1.8415874587458747,52,-13.185104850623375
2,5,neuraminidase,15:42:50.842,1.8428094809480948,52,-4.683064802844889
2,5,neuraminidase,15:42:50.844,1.844031503150315,52,-7.680992724851336
2,5,neuraminidase,15:42:50.845,1.8452535253525355,52,-10.178888540008243
2,5,neuraminidase,15:42:50.846,1.846475547554756,52,-3.176752171681123
2,5,neuraminidase,15:42:50.847,1.847697569756976,52,-6.174583543235478
2,5,neuraminidase,15:42:50.848,1.848919591959196,52,-15.672382578036816
2,5,neuraminidase,15:42:50.850,1.850141614161416,52,-21.67014919945065
2,5,neuraminidase,15:42:50.851,1.8513636363636363,52,-7.167883330842507
2,5,neuraminidase,15:42:50.852,1.8525856585658569,52,-7.165584895577872
2,5,neuraminidase,15:42:50.853,1.8538076807680768,52,-14.663253817022271
2,5,neuraminidase,15:42:50.872,1.87213801380138,53,-2.1243183323189143
2,5,neuraminidase,15:42:50.873,1.8733600360036005,53,-6.621454538817211
2,5,neuraminidase,15:42:50.874,1.8745820582058208,53,4.881443200761787
2,5,neuraminidase,15:42:50.875,1.875804080408041,53,-2.115625036947435
2,5,neuraminidase,15:42:50.877,1.877026102610261,53,-6.112659175310384
2,5,neuraminidase,15:42:50.878,1.8782481248124807,53,8.890340862307426
2,5,neuraminidase,15:42:50.879,1.8794701470147013,53,1.393375152540493
2,5,neuraminidase,15:42:50.880,1.8806921692169216,53,-2.6035562279767106
2,5,neuraminidase,15:42:50.881,1.881914191419142,53,17.39954679739032
2,5,neuraminidase,15:42:50.883,1.883136213621362,53,-0.0973156947239246
2,5,neuraminidase,15:42:50.884,1.8843582358235824,53,12.405856372315036
2,5,neuraminidase,15:42:50.885,1.8855802580258023,53,15.409063075141695
2,5,neuraminidase,15:42:50.886,1.8868022802280229,53,-0.5876955096094605
2,5,neuraminidase,15:42:50.906,1.9063546354635463,54,-11.031049442466887
2,5,neuraminidase,15:42:50.907,1.907576657665767,54,7.972793809036055
2,5,neuraminidase,15:42:50.908,1.9087986798679868,54,-2.023326847618001
2,5,neuraminidase,15:42:50.910,1.9100207020702071,54,18.480588664205428
2,5,neuraminidase,15:42:50.911,1.911242724272428,54,2.984540421140835
2,5,neuraminidase,15:42:50.912,1.912464746474648,54,10.488528499822714
2,5,neuraminidase,15:42:50.949,1.949125412541254,55,11.625440579454946
2,5,neuraminidase,15:42:50.950,1.9503474347434744,55,14.130592642984157
2,5,neuraminidase,15:42:50.951,1.9515694569456945,55,19.135783480563497
2,5,neuraminidase,15:42:50.952,1.9527914791479148,55,5.141013168827463
2,5,neuraminidase,15:42:50.954,1.954013501350135,55,40.64628178441054
2,5,neuraminidase,15:42:50.955,1.9552355235523555,55,18.651589403947227
2,5,neuraminidase,15:42:50.956,1.956457545754576,55,23.156936104071995
2,5,neuraminidase,15:42:50.957,1.957679567956796,55,10.162321961419352
2,5,neuraminidase,15:42:50.958,1.958901590159016,55,29.16774705262377
2,5,neuraminidase,15:42:50.960,1.960123612361236,55,31.17321145431976
2,5,neuraminidase,15:42:50.961,1.9613456345634563,55,23.1787152431418
2,5,neuraminidase,15:42:50.967,1.9674557455745567,56,0.7068276763498602
2,5,neuraminidase,15:42:50.968,1.9686777677767773,56,4.71256939725248
2,5,neuraminidase,15:42:50.969,1.9698997899789976,56,5.7183510417225705
2,5,neuraminidase,15:42:50.971,1.9711218121812184,56,-6.775827313605369
2,5,neuraminidase,15:42:50.972,1.9723438343834383,56,-9.269965592096852
2,5,neuraminidase,15:42:50.973,1.9735658565856584,56,0.2359362828826121
2,5,neuraminidase,15:42:50.974,1.9747878787878788,56,1.7418783879675033
2,5,neuraminidase,15:42:50.976,1.976009900990099,56,-3.752139200207672
2,5,neuraminidase,15:42:50.977,1.9772319231923192,56,12.753883594991564
2,5,neuraminidase,15:42:50.978,1.97845394539454,56,-1.7400531498002962
2,5,neuraminidase,15:42:50.979,1.97967596759676,56,-7.233949357948767
2,5,neuraminidase,15:42:50.980,1.98089798979898,56,-8.227804952819355
2,5,neuraminidase,15:42:50.982,1.9821200120012,56,-0.7216198577775685
2,5,neuraminidase,15:42:50.983,1.9833420342034205,56,-1.715393996188915
2,6,neuraminidase,16:36:34.000,0.0,0,-4.641510586786424
2,6,neuraminidase,16:36:34.001,0.0012540254025402,0,-9.564022543691166
2,6,neuraminidase,16:36:34.002,0.0025080508050805,0,-20.48686609426248
2,6,neuraminidase,16:36:34.003,0.0037620762076207,0,-24.91004068552093
2,6,neuraminidase,16:36:34.016,0.0163023302330233,1,-10.159872180420903
2,6,neuraminidase,16:36:34.017,0.0175563556355635,1,-9.086651722594766
2,6,neuraminidase,16:36:34.018,0.0188103810381038,1,-34.51375566970246
2,6,neuraminidase,16:36:34.020,0.020064406440644,1,-15.441183468764564
2,6,neuraminidase,16:36:34.021,0.0213184318431843,1,20.131065433198373
2,6,neuraminidase,16:36:34.022,0.0225724572457245,1,-18.297008410834223
2,6,neuraminidase,16:36:34.023,0.0238264826482648,1,-1.2254044478828945
2,6,neuraminidase,16:36:34.025,0.025080508050805,1,-11.154122124968213
2,6,neuraminidase,16:36:34.026,0.0263345334533453,1,-22.58316088911073
2,6,neuraminidase,16:36:34.027,0.0275885588558855,1,-5.012520187331006
2,6,neuraminidase,16:36:34.028,0.0288425842584258,1,-23.9421994666496
2,6,neuraminidase,16:36:34.056,0.0564311431143114,2,-11.974979599145314
2,6,neuraminidase,16:36:34.057,0.0576851685168516,2,-24.911865821399587
2,6,neuraminidase,16:36:34.058,0.0589391939193919,2,-22.3490587532456
2,6,neuraminidase,16:36:34.060,0.0601932193219321,2,-19.286557841703925
2,6,neuraminidase,16:36:34.061,0.0614472447244724,2,-22.724362533795087
2,6,neuraminidase,16:36:34.062,0.0627012701270127,2,-35.662472276539674
2,6,neuraminidase,16:36:34.063,0.0639552955295529,2,-34.60088651695824
2,6,neuraminidase,16:36:34.065,0.0652093209320932,2,-15.539604702071344
2,6,neuraminidase,16:36:34.079,0.079003600360036,3,-14.385406936034698
2,6,neuraminidase,16:36:34.080,0.0802576257625762,3,-24.82772932508584
2,6,neuraminidase,16:36:34.081,0.0815116511651165,3,-2.770348470098781
2,6,neuraminidase,16:36:34.082,0.0827656765676567,3,-17.71326381809409
2,6,neuraminidase,16:36:34.084,0.084019701970197,3,-33.65647481609231
2,6,neuraminidase,16:36:34.085,0.0852737273727372,3,-34.09998091111403
2,6,neuraminidase,16:36:34.086,0.0865277527752775,3,-1.0437815501797871
2,6,neuraminidase,16:36:34.087,0.0877817781778177,3,-22.48787618031014
2,6,neuraminidase,16:36:34.089,0.089035803580358,3,-13.93226424852564
2,6,neuraminidase,16:36:34.090,0.0902898289828982,3,6.62305479815312
2,6,neuraminidase,16:36:34.091,0.0915438543854385,3,-10.821918487294385
2,6,neuraminidase,16:36:34.092,0.0927978797879788,3,-2.267183551888735
2,6,neuraminidase,16:36:34.094,0.094051905190519,3,-19.21273984265048
2,6,neuraminidase,16:36:34.095,0.0953059305930593,3,-25.15858680660017
2,6,neuraminidase,16:36:34.096,0.0965599559955995,3,-36.60472389075838
2,6,neuraminidase,16:36:34.097,0.0978139813981398,3,-15.551150542145676
2,6,neuraminidase,16:36:34.099,0.09906800680068,3,-30.9978662077826
2,6,neuraminidase,16:36:34.100,0.1003220322032203,3,-25.94487033468971
2,6,neuraminidase,16:36:34.101,0.1015760576057605,3,-39.39216236988757
2,6,neuraminidase,16:36:34.102,0.1028300830083008,3,-28.33974176039673
2,6,neuraminidase,16:36:34.109,0.109100210021002,4,-0.5819296883318259
2,6,neuraminidase,16:36:34.110,0.1103542354235423,4,-1.03122159814059
2,6,neuraminidase,16:36:34.111,0.1116082608260826,4,-15.480796992404592
2,6,neuraminidase,16:36:34.112,0.1128622862286228,4,-36.930655318144375
2,6,neuraminidase,16:36:34.114,0.1141163116311631,4,-16.38079602238051
2,6,neuraminidase,16:36:34.115,0.1153703370337033,4,-11.331218552133535
2,6,neuraminidase,16:36:34.116,0.1166243624362436,4,-28.781922354424022
2,6,neuraminidase,16:36:34.117,0.1178783878387838,4,-5.232906876272537
2,6,neuraminidase,16:36:34.134,0.1341807180718071,5,-21.620999534437445
2,6,neuraminidase,16:36:34.135,0.1354347434743474,5,-27.07585606725695
2,6,neuraminidase,16:36:34.136,0.1366887688768877,5,-14.030985024942863
2,6,neuraminidase,16:36:34.137,0.1379427942794279,5,-19.486385854515746
2,6,neuraminidase,16:36:34.139,0.1391968196819681,5,-9.942058002996149
2,6,neuraminidase,16:36:34.140,0.1404508450845084,5,-15.398000917404644
2,6,neuraminidase,16:36:34.141,0.1417048704870487,5,-34.354214044761775
2,6,neuraminidase,16:36:34.142,0.1429588958895889,5,-23.310696832088126
2,6,neuraminidase,16:36:34.144,0.1442129212921292,5,-10.267448726404226
2,6,neuraminidase,16:36:34.156,0.1567531753175317,6,-32.84964689852524
2,6,neuraminidase,16:36:34.158,0.158007200720072,6,-28.30932247308563
2,6,neuraminidase,16:36:34.159,0.1592612261226122,6,-38.7692605188825
2,6,neuraminidase,16:36:34.160,0.1605152515251525,6,-30.229460482936418
2,6,neuraminidase,16:36:34.161,0.1617692769276927,6,18.31007818773209
2,6,neuraminidase,16:36:34.163,0.163023302330233,6,-34.65064395389756
2,6,neuraminidase,16:36:34.164,0.1642773277327732,6,-36.11162635484591
2,6,neuraminidase,16:36:34.165,0.1655313531353135,6,-9.572868462133528
2,6,neuraminidase,16:36:34.166,0.1667853785378537,6,-25.53436972278098
2,6,neuraminidase,16:36:34.174,0.1743095309530953,7,-12.308788540373383
2,6,neuraminidase,16:36:34.175,0.1755635563556355,7,-2.2720883911152896
2,6,neuraminidase,16:36:34.176,0.1768175817581758,7,-2.2356429713814947
2,6,neuraminidase,16:36:34.178,0.178071607160716,7,-19.69945172819256
2,6,neuraminidase,16:36:34.179,0.1793256325632563,7,-11.663514108569046
2,6,neuraminidase,16:36:34.180,0.1805796579657965,7,-26.127829559531506
2,6,neuraminidase,16:36:34.181,0.1818336833683368,7,-35.092397528100506
2,6,neuraminidase,16:36:34.183,0.183087708770877,7,-0.0572174612966023
2,6,neuraminidase,16:36:34.184,0.1843417341734173,7,-23.522288806140352
2,6,neuraminidase,16:36:34.185,0.1855957595759576,7,-35.48761100965231
2,6,neuraminidase,16:36:34.186,0.1868497849784978,7,-22.453183518853063
2,6,neuraminidase,16:36:34.194,0.1943739373937393,8,-21.251844026673083
2,6,neuraminidase,16:36:34.195,0.1956279627962796,8,-28.71915319227091
2,6,neuraminidase,16:36:34.196,0.1968819881988198,8,-20.68670823972198
2,6,neuraminidase,16:36:34.198,0.1981360136013601,8,-14.654508616046854
2,6,neuraminidase,16:36:34.199,0.1993900390039003,8,-32.12255376826609
2,6,neuraminidase,16:36:34.224,0.2244705470547054,9,2.4659918378711154
2,6,neuraminidase,16:36:34.225,0.2257245724572457,9,-5.507065869878986
2,6,neuraminidase,16:36:34.226,0.2269785978597859,9,-3.980356187975744
2,6,neuraminidase,16:36:34.228,0.2282326232623262,9,-20.95387856343973
2,6,neuraminidase,16:36:34.229,0.2294866486648664,9,-25.9276324432915
2,6,neuraminidase,16:36:34.230,0.2307406740674067,9,-21.401617274551626
2,6,neuraminidase,16:36:34.231,0.2319946994699469,9,-18.87583250424065
2,6,neuraminidase,16:36:34.233,0.2332487248724872,9,-2.8502775793791386
2,6,neuraminidase,16:36:34.242,0.242026902690269,10,-4.677782327660509
2,6,neuraminidase,16:36:34.243,0.2432809280928092,10,7.845953740865156
2,6,neuraminidase,16:36:34.244,0.2445349534953495,10,-30.13053505924367
2,6,neuraminidase,16:36:34.245,0.2457889788978897,10,1.8927518249924589
2,6,neuraminidase,16:36:34.247,0.24704300430043,10,-3.5841850534470296
2,6,neuraminidase,16:36:34.248,0.2482970297029702,10,-1.5613451415827058
2,6,neuraminidase,16:36:34.249,0.2495510551055105,10,-6.5387278864350975
2,6,neuraminidase,16:36:34.250,0.2508050805080508,10,-24.51633273502479
2,6,neuraminidase,16:36:34.252,0.252059105910591,10,6.005840865627661
2,6,neuraminidase,16:36:34.258,0.2583292329232923,11,-9.886595038197385
2,6,neuraminidase,16:36:34.259,0.2595832583258325,11,-0.3657391295237744
2,6,neuraminidase,16:36:34.260,0.2608372837283728,11,-16.84510090075193
2,6,neuraminidase,16:36:34.262,0.262091309130913,11,-5.824679798902409
2,6,neuraminidase,16:36:34.263,0.2633453345334533,11,-40.304475270995766
2,6,neuraminidase,16:36:34.264,0.2645993599359936,11,-6.284486764052573
2,6,neuraminidase,16:36:34.265,0.2658533853385338,11,-16.264713725093387
2,6,neuraminidase,16:36:34.267,0.2671074107410741,11,-10.245155601138762
2,6,neuraminidase,16:36:34.278,0.2783936393639363,12,-4.578712419144594
2,6,neuraminidase,16:36:34.279,0.2796476647664766,12,-17.061273031366326
2,6,neuraminidase,16:36:34.280,0.2809016901690169,12,-7.04404247581877
2,6,neuraminidase,16:36:34.282,0.2821557155715571,12,-18.52702019952248
2,6,neuraminidase,16:36:34.283,0.2834097409740974,12,-18.51020564949804
2,6,neuraminidase,16:36:34.284,0.2846637663766376,12,-19.993598272765965
2,6,neuraminidase,16:36:34.285,0.2859177917791779,12,-35.97719751634685
2,6,neuraminidase,16:36:34.287,0.2871718171817181,12,-18.46100282726124
2,6,neuraminidase,16:36:34.293,0.2934419441944194,13,-19.88310103755539
2,6,neuraminidase,16:36:34.294,0.2946959695969596,13,-22.368131139902573
2,6,neuraminidase,16:36:34.295,0.2959499949994999,13,-18.35336343872717
2,6,neuraminidase,16:36:34.297,0.2972040204020402,13,-28.33879738104976
2,6,neuraminidase,16:36:34.298,0.2984580458045804,13,-21.32443241389089
2,6,neuraminidase,16:36:34.299,0.2997120712071207,13,1.689732015728893
2,6,neuraminidase,16:36:34.300,0.3009660966096609,13,-16.296303539210996
2,6,neuraminidase,16:36:34.302,0.3022201220122012,13,-17.282538525731084
2,6,neuraminidase,16:36:34.303,0.3034741474147414,13,-12.268972390851973
2,6,neuraminidase,16:36:34.312,0.3122523252325232,14,-31.67953159724682
2,6,neuraminidase,16:36:34.313,0.3135063506350635,14,-6.167536583914043
2,6,neuraminidase,16:36:34.314,0.3147603760376037,14,-15.15573547236707
2,6,neuraminidase,16:36:34.316,0.316014401440144,14,-17.644127709626474
2,6,neuraminidase,16:36:34.317,0.3172684268426842,14,10.367287257287202
2,6,neuraminidase,16:36:34.318,0.3185224522452245,14,-20.62149001864661
2,6,neuraminidase,16:36:34.319,0.3197764776477647,14,-18.11045898444847
2,6,neuraminidase,16:36:34.321,0.321030503050305,14,-26.099619087138933
2,6,neuraminidase,16:36:34.334,0.3348247824782478,15,-31.492837099261905
2,6,neuraminidase,16:36:34.336,0.336078807880788,15,0.5157522877807565
2,6,neuraminidase,16:36:34.337,0.3373328332833283,15,-27.47584227333246
2,6,neuraminidase,16:36:34.338,0.3385868586858686,15,-24.96762022962212
2,6,neuraminidase,16:36:34.344,0.3448569856985698,16,-2.9292415844364257
2,6,neuraminidase,16:36:34.346,0.3461110111011101,16,-1.4221082992164185
2,6,neuraminidase,16:36:34.347,0.3473650365036503,16,-19.41515453831676
2,6,neuraminidase,16:36:34.348,0.3486190619061906,16,3.5916202512419915
2,6,neuraminidase,16:36:34.349,0.3498730873087308,16,-15.90178337756072
2,6,neuraminidase,16:36:34.351,0.3511271127112711,16,-19.895364871745457
2,6,neuraminidase,16:36:34.352,0.3523811381138113,16,-23.88912367833278
2,6,neuraminidase,16:36:34.353,0.3536351635163516,16,-9.883059244343244
2,6,neuraminidase,16:36:34.354,0.3548891889188919,16,-26.87717101679742
2,6,neuraminidase,16:36:34.356,0.3561432143214321,16,-28.87145844271585
2,6,neuraminidase,16:36:34.357,0.3573972397239723,16,-18.865920969119102
2,6,neuraminidase,16:36:34.358,0.3586512651265126,16,-3.360558043027723
2,6,neuraminidase,16:36:34.359,0.3599052905290529,16,-12.355369111462297
2,6,neuraminidase,16:36:34.367,0.3674294429442944,17,-10.327858440265755
2,6,neuraminidase,16:36:34.368,0.3686834683468346,17,5.67612801304243
2,6,neuraminidase,16:36:34.369,0.3699374937493749,17,-18.320055104339787
2,6,neuraminidase,16:36:34.371,0.3711915191519152,17,-20.31640723943296
2,6,neuraminidase,16:36:34.372,0.3724455445544554,17,-37.31292783925768
2,6,neuraminidase,16:36:34.373,0.3736995699569956,17,-2.3096163508344887
2,6,neuraminidase,16:36:34.374,0.3749535953595359,17,-4.806472221183952
2,6,neuraminidase,16:36:34.376,0.3762076207620762,17,-32.303494897326615
2,6,neuraminidase,16:36:34.377,0.3774616461646164,17,-18.30068382628305
2,6,neuraminidase,16:36:34.378,0.3787156715671567,17,-41.29803845507381
2,6,neuraminidase,16:36:34.379,0.3799696969696969,17,-6.79555823071945
2,6,neuraminidase,16:36:34.381,0.3812237223722372,17,-20.793242600240543
2,6,neuraminidase,16:36:34.410,0.410066306630663,18,-16.78413915613457
2,6,neuraminidase,16:36:34.411,0.4113203320332033,18,-15.785607884834093
2,6,neuraminidase,16:36:34.412,0.4125743574357435,18,-17.287227382923035
2,6,neuraminidase,16:36:34.413,0.4138283828382837,18,-13.78899709742197
2,6,neuraminidase,16:36:34.415,0.415082408240824,18,-23.29091647535145
2,6,neuraminidase,16:36:34.416,0.4163364336433643,18,-23.292984963732025
2,6,neuraminidase,16:36:34.417,0.4175904590459046,18,-2.7952020095842585
2,6,neuraminidase,16:36:34.418,0.4188444844484448,18,-17.29756705992871
2,6,neuraminidase,16:36:34.420,0.420098509850985,18,-31.30007956178595
2,6,neuraminidase,16:36:34.421,0.4213525352535253,18,-15.30273896217652
2,6,neuraminidase,16:36:34.433,0.4338927892789279,19,-26.3372907299389
2,6,neuraminidase,16:36:34.435,0.4351468146814681,19,6.158470482446901
2,6,neuraminidase,16:36:34.436,0.4364008400840083,19,-18.845908567947347
2,6,neuraminidase,16:36:34.437,0.4376548654865486,19,-0.350427328142203
2,6,neuraminidase,16:36:34.438,0.4389088908890888,19,-20.85508524515824
2,6,neuraminidase,16:36:34.440,0.4401629162916291,19,-1.359881766015988
2,6,neuraminidase,16:36:34.441,0.4414169416941694,19,-12.364816337736016
2,6,neuraminidase,16:36:34.442,0.4426709670967096,19,-18.36988840733889
2,6,neuraminidase,16:36:34.443,0.4439249924992499,19,7.124902578154817
2,6,neuraminidase,16:36:34.448,0.4489410941094109,20,17.102708130684462
2,6,neuraminidase,16:36:34.450,0.4501951195119512,20,-20.90317731364722
2,6,neuraminidase,16:36:34.451,0.4514491449144914,20,-22.90919638500567
2,6,neuraminidase,16:36:34.452,0.4527031703170316,20,3.5846514695885645
2,6,neuraminidase,16:36:34.453,0.4539571957195719,20,-42.42163319688507
2,6,neuraminidase,16:36:34.455,0.4552112211221121,20,-1.42804983144714
2,6,neuraminidase,16:36:34.456,0.4564652465246524,20,-22.434597881118226
2,6,neuraminidase,16:36:34.457,0.4577192719271927,20,-15.941276792918842
2,6,neuraminidase,16:36:34.458,0.4589732973297329,20,-35.448086013869585
2,6,neuraminidase,16:36:34.460,0.4602273227322732,20,-22.455024990990992
2,6,neuraminidase,16:36:34.461,0.4614813481348134,20,-0.4620931713036356
2,6,neuraminidase,16:36:34.462,0.4627353735373537,20,-10.469290001828073
2,6,neuraminidase,16:36:34.463,0.4639893989398939,20,-10.476614929584857
2,6,neuraminidase,16:36:34.465,0.4652434243424342,20,-41.984067401594544
2,6,neuraminidase,16:36:34.466,0.4664974497449745,20,-12.991646864877708
2,6,neuraminidase,16:36:34.467,0.4677514751475147,20,-7.999352766454905
2,6,neuraminidase,16:36:34.469,0.4690055005500549,20,-18.007184553346676
2,6,neuraminidase,16:36:34.470,0.4702595259525952,20,-20.01514167257361
2,6,neuraminidase,16:36:34.471,0.4715135513551354,20,-25.023223571156223
2,6,neuraminidase,16:36:34.472,0.4727675767576757,20,-21.53142969611511
2,6,neuraminidase,16:36:34.481,0.4815457545754575,21,-25.09230445908973
2,6,neuraminidase,16:36:34.482,0.4827997799779978,21,-17.101484487798857
2,6,neuraminidase,16:36:34.484,0.484053805380538,21,-30.61078376606929
2,6,neuraminidase,16:36:34.485,0.4853078307830782,21,-26.120201740921587
2,6,neuraminidase,16:36:34.486,0.4865618561856185,21,-18.12973785937628
2,6,neuraminidase,16:36:34.487,0.4878158815881587,21,-20.63939156845396
2,6,neuraminidase,16:36:34.489,0.489069906990699,21,-24.64916231517517
2,6,neuraminidase,16:36:34.490,0.4903239323932393,21,-22.159049546560468
2,6,neuraminidase,16:36:34.491,0.4915779577957795,21,-11.669052709630437
2,6,neuraminidase,16:36:34.492,0.4928319831983198,21,-14.679171251405592
2,6,neuraminidase,16:36:34.502,0.5028641864186418,22,-8.264206861461616
2,6,neuraminidase,16:36:34.504,0.5041182118211821,22,-5.775338927508841
2,6,neuraminidase,16:36:34.505,0.5053722372237224,22,0.7134191575331386
2,6,neuraminidase,16:36:34.506,0.5066262626262625,22,-23.79793205335625
2,6,neuraminidase,16:36:34.507,0.5078802880288028,22,-10.80939200719756
2,6,neuraminidase,16:36:34.509,0.5091343134313431,22,-19.320960151011363
2,6,neuraminidase,16:36:34.510,0.5103883388338833,22,-17.83263593181819
2,6,neuraminidase,16:36:34.511,0.5116423642364236,22,-17.34441879663862
2,6,neuraminidase,16:36:34.512,0.5128963896389639,22,-14.856308192493202
2,6,neuraminidase,16:36:34.514,0.5141504150415042,22,-30.868303566402503
2,6,neuraminidase,16:36:34.515,0.5154044404440443,22,-33.88040436538708
2,6,neuraminidase,16:36:34.516,0.5166584658465846,22,-19.392610036467488
2,6,neuraminidase,16:36:34.542,0.54299299929993,23,4.3278247432956505
2,6,neuraminidase,16:36:34.544,0.5442470247024702,23,-7.686548210094614
2,6,neuraminidase,16:36:34.545,0.5455010501050105,23,-10.201013317053553
2,6,neuraminidase,16:36:34.546,0.5467550755075508,23,-17.21557002460176
2,6,neuraminidase,16:36:34.548,0.5480091009100909,23,-10.730217779759784
2,6,neuraminidase,16:36:34.549,0.5492631263126312,23,-23.244956029548177
2,6,neuraminidase,16:36:34.550,0.5505171517151715,23,-19.7597842209875
2,6,neuraminidase,16:36:34.551,0.5517711771177117,23,-28.77470180109832
2,6,neuraminidase,16:36:34.553,0.553025202520252,23,-20.78970821690117
2,6,neuraminidase,16:36:34.554,0.5542792279227923,23,-22.80480291541666
2,6,neuraminidase,16:36:34.555,0.5555332533253325,23,-28.31998534366529
2,6,neuraminidase,16:36:34.556,0.5567872787278727,23,-7.835254948667668
2,6,neuraminidase,16:36:34.558,0.558041304130413,23,3.1493888225556645
2,6,neuraminidase,16:36:34.573,0.573089608960896,24,0.458558707357767
2,6,neuraminidase,16:36:34.574,0.5743436343634363,24,-7.557873309355514
2,6,neuraminidase,16:36:34.575,0.5755976597659765,24,-29.574384208130923
2,6,neuraminidase,16:36:34.576,0.5768516851685168,24,-33.090973435988985
2,6,neuraminidase,16:36:34.578,0.5781057105710571,24,3.392359560049698
2,6,neuraminidase,16:36:34.579,0.5793597359735974,24,-19.1243846670354
2,6,neuraminidase,16:36:34.580,0.5806137613761375,24,-24.14120556426485
2,6,neuraminidase,16:36:34.581,0.5818677867786778,24,-36.658102578659225
2,6,neuraminidase,16:36:34.583,0.5831218121812181,24,-6.67507515723905
2,6,neuraminidase,16:36:34.584,0.5843758375837583,24,-13.192122747024923
2,6,neuraminidase,16:36:34.585,0.5856298629862986,24,-23.70924479503737
2,6,neuraminidase,16:36:34.586,0.5868838883888389,24,-26.72644074829698
2,6,neuraminidase,16:36:34.588,0.5881379137913791,24,-14.743710053824287
2,6,neuraminidase,16:36:34.589,0.5893919391939193,24,-14.26105215863987
2,6,neuraminidase,16:36:34.590,0.5906459645964596,24,-2.278466509764272
2,6,neuraminidase,16:36:34.591,0.5918999899989998,24,-22.79595255421806
2,6,neuraminidase,16:36:34.593,0.5931540154015401,24,-12.313509739021796
2,6,neuraminidase,16:36:34.594,0.5944080408040804,24,-24.83113751119604
2,6,neuraminidase,16:36:34.595,0.5956620662066207,24,-24.348835317761328
2,6,neuraminidase,16:36:34.596,0.5969160916091608,24,-24.36660260573825
2,6,neuraminidase,16:36:34.598,0.5981701170117011,24,-9.384438822147343
2,6,neuraminidase,16:36:34.599,0.5994241424142414,24,-7.402343414009195
2,6,neuraminidase,16:36:34.600,0.6006781678167816,24,-21.92031582834433
2,6,neuraminidase,16:36:34.601,0.6019321932193219,24,-17.93835551217333
2,6,neuraminidase,16:36:34.604,0.6044402440244024,25,-30.97463447639514
2,6,neuraminidase,16:36:34.605,0.6056942694269426,25,-12.49287265082907
2,6,neuraminidase,16:36:34.606,0.6069482948294829,25,7.988824117160917
2,6,neuraminidase,16:36:34.608,0.6082023202320231,25,-17.52954361944576
2,6,neuraminidase,16:36:34.609,0.6094563456345634,25,-5.04797530766966
2,6,neuraminidase,16:36:34.610,0.6107103710371037,25,-28.06647039453132
2,6,neuraminidase,16:36:34.611,0.611964396439644,25,-4.085028327051319
2,6,neuraminidase,16:36:34.618,0.6182345234523452,26,-2.678741320245834
2,6,neuraminidase,16:36:34.619,0.6194885488548855,26,-12.197664714147564
2,6,neuraminidase,16:36:34.620,0.6207425742574257,26,-30.216647082851537
2,6,neuraminidase,16:36:34.621,0.6219965996599659,26,-1.7356878733783103
2,6,neuraminidase,16:36:34.623,0.6232506250625062,26,-8.254786532748454
2,6,neuraminidase,16:36:34.624,0.6245046504650464,26,-3.2739425079825253
2,6,neuraminidase,16:36:34.625,0.6257586758675867,26,-8.793155246101065
2,6,neuraminidase,16:36:34.627,0.627012701270127,26,-11.81242419412466
2,6,neuraminidase,16:36:34.630,0.6307747774777477,27,-9.87056276783126
2,6,neuraminidase,16:36:34.632,0.632028802880288,27,-23.39005102568062
2,6,neuraminidase,16:36:34.633,0.6332828282828282,27,-2.4095927285378025
2,6,neuraminidase,16:36:34.634,0.6345368536853685,27,-18.429187323423378
2,6,neuraminidase,16:36:34.635,0.6357908790879088,27,7.051165742642084
2,6,neuraminidase,16:36:34.637,0.637044904490449,27,-15.468532977361974
2,6,neuraminidase,16:36:34.638,0.6382989298929892,27,-26.48828293045609
2,6,neuraminidase,16:36:34.639,0.6395529552955295,27,-7.508083563660861
2,6,neuraminidase,16:36:34.644,0.6445690569056906,28,4.412218162002588
2,6,neuraminidase,16:36:34.645,0.6458230823082308,28,-24.10782757706373
2,6,neuraminidase,16:36:34.647,0.647077107710771,28,-37.62792067836402
2,6,neuraminidase,16:36:34.648,0.6483311331133113,28,-13.148060588918868
2,6,neuraminidase,16:36:34.649,0.6495851585158515,28,-38.168246755748825
2,6,neuraminidase,16:36:34.650,0.6508391839183918,28,-23.188478625874453
2,6,neuraminidase,16:36:34.652,0.6520932093209321,28,-34.70875564631629
2,6,neuraminidase,16:36:34.653,0.6533472347234723,28,-15.729077264094926
2,6,neuraminidase,16:36:34.654,0.6546012601260125,28,-38.2494429262309
2,6,neuraminidase,16:36:34.655,0.6558552855285528,28,-17.26985207974478
2,6,neuraminidase,16:36:34.664,0.6646334633463346,29,-5.913887462650152
2,6,neuraminidase,16:36:34.665,0.6658874887488748,29,-19.43462463992737
2,6,neuraminidase,16:36:34.667,0.6671415141514151,29,-8.455400331767535
2,6,neuraminidase,16:36:34.668,0.6683955395539554,29,-7.976213985191194
2,6,neuraminidase,16:36:34.669,0.6696495649564956,29,-9.497065047218896
2,6,neuraminidase,16:36:34.670,0.6709035903590358,29,-6.517952964871213
2,6,neuraminidase,16:36:34.672,0.6721576157615761,29,-17.038877185168715
2,6,neuraminidase,16:36:34.673,0.6734116411641163,29,-5.05983715513193
2,6,neuraminidase,16:36:34.674,0.6746656665666566,29,17.419167678218557
2,6,neuraminidase,16:36:34.675,0.6759196919691969,29,-9.60186213213781
2,6,neuraminidase,16:36:34.680,0.6809357935793579,30,-9.686316751042924
2,6,neuraminidase,16:36:34.682,0.6821898189818981,30,-22.707511485241923
2,6,neuraminidase,16:36:34.683,0.6834438443844384,30,-16.72873754527113
2,6,neuraminidase,16:36:34.684,0.6846978697869787,30,-13.249994378151086
2,6,neuraminidase,16:36:34.685,0.6859518951895189,30,-24.271281430902377
2,6,neuraminidase,16:36:34.687,0.6872059205920592,30,-14.29259815054553
2,6,neuraminidase,16:36:34.688,0.6884599459945994,30,-18.313943984101144
2,6,neuraminidase,16:36:34.689,0.6897139713971396,30,-35.33531837858975
2,6,neuraminidase,16:36:34.690,0.6909679967996799,30,-21.85672078103191
2,6,neuraminidase,16:36:34.692,0.6922220222022202,30,-25.378150638448204
2,6,neuraminidase,16:36:34.693,0.6934760476047604,30,-27.89960739785916
2,6,neuraminidase,16:36:34.706,0.7060163016301629,31,-19.115532946199053
2,6,neuraminidase,16:36:34.707,0.7072703270327032,31,-23.13724913090836
2,6,neuraminidase,16:36:34.708,0.7085243524352435,31,-6.158985581859071
2,6,neuraminidase,16:36:34.709,0.7097783778377837,31,-35.18074174607172
2,6,neuraminidase,16:36:34.711,0.711032403240324,31,-33.202517070566884
2,6,neuraminidase,16:36:34.712,0.7122864286428642,31,-36.2243110023651
2,6,neuraminidase,16:36:34.713,0.7135404540454044,31,-30.246122988486945
2,6,neuraminidase,16:36:34.714,0.7147944794479447,31,-26.26795247595298
2,6,neuraminidase,16:36:34.716,0.716048504850485,31,-25.28979891178375
2,6,neuraminidase,16:36:34.717,0.7173025302530253,31,25.688338257000183
2,6,neuraminidase,16:36:34.724,0.7248266826682668,32,-20.443152066538914
2,6,neuraminidase,16:36:34.726,0.726080708070807,32,-19.465114182027747
2,6,neuraminidase,16:36:34.727,0.7273347334733473,32,-23.98708826906636
2,6,neuraminidase,16:36:34.728,0.7285887588758875,32,-13.509073774675317
2,6,neuraminidase,16:36:34.729,0.7298427842784277,32,-14.531070145875162
2,6,neuraminidase,16:36:34.731,0.731096809680968,32,-14.05307682968646
2,6,neuraminidase,16:36:34.732,0.7323508350835083,32,-18.575093273129767
2,6,neuraminidase,16:36:34.733,0.7336048604860486,32,-5.597118923225636
2,6,neuraminidase,16:36:34.751,0.7511612161216121,33,-33.406135054600995
2,6,neuraminidase,16:36:34.752,0.7524152415241524,33,-23.92823244695253
2,6,neuraminidase,16:36:34.753,0.7536692669266926,33,-12.950330198285585
2,6,neuraminidase,16:36:34.754,0.7549232923292328,33,-30.47242775562072
2,6,neuraminidase,16:36:34.756,0.7561773177317731,33,-21.49452456597848
2,6,neuraminidase,16:36:34.757,0.7574313431343134,33,-33.01662007637945
2,6,neuraminidase,16:36:34.758,0.7586853685368536,33,-14.538713733844162
2,6,neuraminidase,16:36:34.771,0.7712256225622561,34,-1.7594267415208265
2,6,neuraminidase,16:36:34.772,0.7724796479647964,34,-22.281463520043744
2,6,neuraminidase,16:36:34.773,0.7737336733673367,34,-30.30349180987712
2,6,neuraminidase,16:36:34.774,0.7749876987698769,34,-29.325511058041528
2,6,neuraminidase,16:36:34.776,0.7762417241724172,34,-15.347520711557507
2,6,neuraminidase,16:36:34.780,0.7800038003800379,35,-7.41348657442056
2,6,neuraminidase,16:36:34.781,0.7812578257825782,35,-26.93545231954846
2,6,neuraminidase,16:36:34.782,0.7825118511851185,35,-24.45740570513074
2,6,neuraminidase,16:36:34.783,0.7837658765876587,35,3.020653821812033
2,6,neuraminidase,16:36:34.785,0.785019901990199,35,-31.001273185740686
2,6,neuraminidase,16:36:34.786,0.7862739273927392,35,-11.023186174809467
2,6,neuraminidase,16:36:34.787,0.7875279527952794,35,-25.04508459241485
2,6,neuraminidase,16:36:34.788,0.7887819781978197,35,-10.566967885577412
2,6,neuraminidase,16:36:34.793,0.7937980798079808,36,-16.1543387542106
2,6,neuraminidase,16:36:34.795,0.7950521052105209,36,-8.176138130467407
2,6,neuraminidase,16:36:34.796,0.7963061306130612,36,-39.19791906440476
2,6,neuraminidase,16:36:34.797,0.7975601560156015,36,-29.21968100304321
2,6,neuraminidase,16:36:34.798,0.7988141814181418,36,-29.24142339340329
2,6,neuraminidase,16:36:34.800,0.800068206820682,36,-17.26314568250558
2,6,neuraminidase,16:36:34.801,0.8013222322232223,36,1.2151526826293662
2,6,neuraminidase,16:36:34.812,0.8126084608460845,37,-9.979141348872872
2,6,neuraminidase,16:36:34.813,0.8138624862486248,37,-8.000606027496346
2,6,neuraminidase,16:36:34.815,0.815116511651165,37,-26.52204396910872
2,6,neuraminidase,16:36:34.816,0.8163705370537053,37,-14.043454620730586
2,6,neuraminidase,16:36:34.817,0.8176245624562456,37,-16.06483742938248
2,6,neuraminidase,16:36:34.818,0.8188785878587859,37,-18.58619184208497
2,6,neuraminidase,16:36:34.820,0.820132613261326,37,-18.60751730585862
2,6,neuraminidase,16:36:34.821,0.8213866386638663,37,1.3711867322760298
2,6,neuraminidase,16:36:34.822,0.8226406640664066,37,-46.6500791747016
2,6,neuraminidase,16:36:34.823,0.8238946894689468,37,1.82868552618794
2,6,neuraminidase,16:36:34.825,0.8251487148714871,37,-8.1925186120759
2,6,neuraminidase,16:36:34.845,0.8452131213121311,38,-2.027095717934742
2,6,neuraminidase,16:36:34.846,0.8464671467146714,38,-25.54768551595177
2,6,neuraminidase,16:36:34.847,0.8477211721172117,38,-9.568234199492252
2,6,neuraminidase,16:36:34.848,0.8489751975197519,38,-24.588741215576743
2,6,neuraminidase,16:36:34.850,0.8502292229222922,38,-27.609206011225822
2,6,neuraminidase,16:36:34.851,0.8514832483248325,38,-27.629628033460023
2,6,neuraminidase,16:36:34.852,0.8527372737273726,38,5.849993270700097
2,6,neuraminidase,16:36:34.853,0.8539912991299129,38,-20.17034154576605
2,6,neuraminidase,16:36:34.855,0.8552453245324532,38,-11.690631929879004
2,6,neuraminidase,16:36:34.865,0.8652775277527752,39,0.148710919465131
2,6,neuraminidase,16:36:34.866,0.8665315531553155,39,-1.371154689394274
2,6,neuraminidase,16:36:34.867,0.8677855785578558,39,-0.3909703361060792
2,6,neuraminidase,16:36:34.869,0.8690396039603959,39,-43.91073546769084
2,6,neuraminidase,16:36:34.870,0.8702936293629362,39,-37.93044953116913
2,6,neuraminidase,16:36:34.871,0.8715476547654765,39,-31.95011197356149
2,6,neuraminidase,16:36:34.872,0.8728016801680167,39,-22.96972224188849
2,6,neuraminidase,16:36:34.874,0.874055705570557,39,-35.4892797831707
2,6,neuraminidase,16:36:34.875,0.8753097309730973,39,-34.50878404442865
2,6,neuraminidase,16:36:34.876,0.8765637563756375,39,0.4717655273170749
2,6,neuraminidase,16:36:34.889,0.88910401040104,40,-24.21965628454602
2,6,neuraminidase,16:36:34.890,0.8903580358035803,40,-29.738478053116665
2,6,neuraminidase,16:36:34.891,0.8916120612061206,40,-20.257239352930327
2,6,neuraminidase,16:36:34.892,0.8928660866086608,40,-5.275939631007589
2,6,neuraminidase,16:36:34.894,0.894120112011201,40,-33.79457833436899
2,6,neuraminidase,16:36:34.895,0.8953741374137413,40,-24.81315491003509
2,6,neuraminidase,16:36:34.896,0.8966281628162815,40,-48.83166880502647
2,6,neuraminidase,16:36:34.897,0.8978821882188218,40,-30.35011946636365
2,6,neuraminidase,16:36:34.899,0.8991362136213621,40,-41.86850634106723
2,6,neuraminidase,16:36:34.900,0.9003902390239024,40,-37.386828876157736
2,6,neuraminidase,16:36:34.912,0.9129304930493048,41,-10.566393892867538
2,6,neuraminidase,16:36:34.914,0.9141845184518452,41,-19.58397219557129
2,6,neuraminidase,16:36:34.915,0.9154385438543854,41,-40.60147952290869
2,6,neuraminidase,16:36:34.916,0.9166925692569255,41,-19.618915321900303
2,6,neuraminidase,16:36:34.917,0.9179465946594658,41,-18.13627903956668
2,6,neuraminidase,16:36:34.919,0.919200620062006,41,-27.153570122928382
2,6,neuraminidase,16:36:34.920,0.9204546454645464,41,-27.67078801900597
2,6,neuraminidase,16:36:34.921,0.9217086708670866,41,-13.187932174820006
2,6,neuraminidase,16:36:34.938,0.93801100110011,42,-9.403844230773473
2,6,neuraminidase,16:36:34.939,0.9392650265026502,42,-30.91989796005646
2,6,neuraminidase,16:36:34.940,0.9405190519051904,42,-33.93586965438429
2,6,neuraminidase,16:36:34.941,0.9417730773077309,42,-22.45175876077749
2,6,neuraminidase,16:36:34.943,0.9430271027102708,42,10.532435273743332
2,6,neuraminidase,16:36:34.944,0.9442811281128112,42,-22.98328699784234
2,6,neuraminidase,16:36:34.945,0.9455351535153514,42,-36.498925022555085
2,6,neuraminidase,16:36:34.946,0.9467891789178916,42,-16.514478247415468
2,6,neuraminidase,16:36:34.948,0.948043204320432,42,-38.02994611944402
2,6,neuraminidase,16:36:34.949,0.9492972297229724,42,-14.04532808566134
2,6,neuraminidase,16:36:34.961,0.9618374837483749,43,-20.194301272738542
2,6,neuraminidase,16:36:34.963,0.963091509150915,43,-22.708701778388985
2,6,neuraminidase,16:36:34.964,0.9643455345534552,43,-37.22300974247487
2,6,neuraminidase,16:36:34.965,0.9655995599559956,43,3.262775387983225
2,6,neuraminidase,16:36:34.966,0.9668535853585358,43,-37.25134583403526
2,6,neuraminidase,16:36:34.968,0.968107610761076,43,-13.26537285555088
2,6,neuraminidase,16:36:34.969,0.9693616361636164,43,-52.279305123584194
2,6,neuraminidase,16:36:34.970,0.9706156615661564,43,-20.79314208515575
2,6,neuraminidase,16:36:34.971,0.9718696869686968,43,-31.30688318728613
2,6,neuraminidase,16:36:34.973,0.9731237123712372,43,-26.82052787699588
2,6,neuraminidase,16:36:34.974,0.9743777377737772,43,-3.834075601305557
2,6,neuraminidase,16:36:34.983,0.9831559155915592,44,5.073851810001656
2,6,neuraminidase,16:36:34.984,0.9844099409940992,44,-28.4389002838476
2,6,neuraminidase,16:36:34.985,0.9856639663966396,44,-25.95155043548182
2,6,neuraminidase,16:36:34.986,0.9869179917991798,44,-34.46409809192156
2,6,neuraminidase,16:36:34.988,0.98817201720172,44,-2.9765427001873803
2,6,neuraminidase,16:36:34.989,0.9894260426042604,44,-31.48888370729984
2,6,neuraminidase,16:36:34.990,0.9906800680068006,44,-21.501120560279503
2,6,neuraminidase,16:36:34.991,0.9919340934093408,44,-12.013252706146917
2,6,neuraminidase,16:36:34.993,0.9931881188118812,44,-11.525279591922654
2,6,neuraminidase,16:36:34.994,0.9944421442144212,44,-21.537200664627264
2,6,neuraminidase,16:36:35.005,1.0057283728372837,45,-20.13963748916053
2,6,neuraminidase,16:36:35.006,1.0069823982398238,45,-30.150470017284675
2,6,neuraminidase,16:36:35.008,1.0082364236423642,45,6.338809350436151
2,6,neuraminidase,16:36:35.009,1.0094904490449044,45,-38.1717988330186
2,6,neuraminidase,16:36:35.010,1.0107444744474448,45,-32.18229401466951
2,6,neuraminidase,16:36:35.011,1.011998499849985,45,-25.192675641537107
2,6,neuraminidase,16:36:35.013,1.013252525252525,45,-32.20294316064198
2,6,neuraminidase,16:36:35.014,1.0145065506550657,45,10.78690398099532
2,6,neuraminidase,16:36:35.015,1.0157605760576056,45,-46.22313366364577
2,6,neuraminidase,16:36:35.017,1.017014601460146,45,-32.733055541585784
2,6,neuraminidase,16:36:35.018,1.0182686268626862,45,-28.2428610998453
2,6,neuraminidase,16:36:35.019,1.0195226522652263,45,-22.252549785444884
2,6,neuraminidase,16:36:35.020,1.0207766776677667,45,-18.76212104540509
2,6,neuraminidase,16:36:35.027,1.027046804680468,46,-14.308196606334974
2,6,neuraminidase,16:36:35.028,1.0283008300830083,46,-30.31705169989064
2,6,neuraminidase,16:36:35.029,1.0295548554855485,46,-44.82578549695084
2,6,neuraminidase,16:36:35.030,1.0308088808880886,46,-38.33439744453612
2,6,neuraminidase,16:36:35.032,1.032062906290629,46,-41.84288698966708
2,6,neuraminidase,16:36:35.033,1.0333169316931692,46,-27.351253579364226
2,6,neuraminidase,16:36:35.034,1.0345709570957096,46,-42.85949666064815
2,6,neuraminidase,16:36:35.035,1.0358249824982495,46,-28.8676156805394
2,6,neuraminidase,16:36:35.037,1.03707900790079,46,-39.37561008605854
2,6,neuraminidase,16:36:35.038,1.0383330333033305,46,-32.383479324226144
2,6,neuraminidase,16:36:35.050,1.0508732873287328,47,-3.955165846089713
2,6,neuraminidase,16:36:35.052,1.0521273127312731,47,-19.46162174674714
2,6,neuraminidase,16:36:35.053,1.0533813381338133,47,-7.46794584429972
2,6,neuraminidase,16:36:35.054,1.0546353635363537,47,-31.47413758576802
2,6,neuraminidase,16:36:35.055,1.0558893889388938,47,-41.9801964181726
2,6,neuraminidase,16:36:35.057,1.057143414341434,47,-17.986121788534007
2,6,neuraminidase,16:36:35.058,1.0583974397439744,47,-32.99191314387281
2,6,neuraminidase,16:36:35.059,1.0596514651465143,47,-30.99756993120957
2,6,neuraminidase,16:36:35.060,1.060905490549055,47,-13.003091597564849
2,6,neuraminidase,16:36:35.062,1.062159515951595,47,-28.008477589959185
2,6,neuraminidase,16:36:35.063,1.0634135413541352,47,-38.51372735541317
2,6,neuraminidase,16:36:35.064,1.0646675667566756,47,-41.018840340947335
2,6,neuraminidase,16:36:35.065,1.0659215921592158,47,-23.523815993582247
2,6,neuraminidase,16:36:35.067,1.0671756175617562,47,-7.528653760338472
2,6,neuraminidase,16:36:35.068,1.0684296429642963,47,-10.533353088236566
2,6,neuraminidase,16:36:35.077,1.077207820782078,48,-22.5623256452225
2,6,neuraminidase,16:36:35.078,1.0784618461846185,48,-25.06589755499565
2,6,neuraminidase,16:36:35.079,1.0797158715871586,48,-54.569326049095736
2,6,neuraminidase,16:36:35.091,1.091002100210021,49,-32.09363754909913
2,6,neuraminidase,16:36:35.092,1.0922561256125611,49,-22.595601472598943
2,6,neuraminidase,16:36:35.093,1.0935101510151015,49,-22.09741589765183
2,6,neuraminidase,16:36:35.094,1.0947641764176417,49,-14.09908027127831
2,6,neuraminidase,16:36:35.096,1.0960182018201818,49,-20.100594040498976
2,6,neuraminidase,16:36:35.097,1.0972722272227222,49,-27.10195665233437
2,6,neuraminidase,16:36:35.098,1.0985262526252624,49,-39.10316755380504
2,6,neuraminidase,16:36:35.099,1.0997802780278028,49,-24.10422619193156
2,6,neuraminidase,16:36:35.101,1.101034303430343,49,-20.10513201373449
2,6,neuraminidase,16:36:35.102,1.1022883288328833,49,-37.60588446623437
2,6,neuraminidase,16:36:35.103,1.1035423542354237,49,-39.6064829964518
2,6,neuraminidase,16:36:35.104,1.1047963796379636,49,-30.106927051407297
2,6,neuraminidase,16:36:35.106,1.106050405040504,49,-12.10721607812144
2,6,neuraminidase,16:36:35.117,1.1173366336633663,50,-2.1027498060799417
2,6,neuraminidase,16:36:35.118,1.1185906590659065,50,-36.60145813651127
2,6,neuraminidase,16:36:35.119,1.1198446844684466,50,-6.600005355927394
2,6,neuraminidase,16:36:35.121,1.121098709870987,50,-13.098390911348872
2,6,neuraminidase,16:36:35.122,1.1223527352735272,50,-30.59661424979626
2,6,neuraminidase,16:36:35.123,1.1236067606760676,50,-28.59467481829012
2,6,neuraminidase,16:36:35.124,1.1248607860786075,50,-29.59257206385101
2,6,neuraminidase,16:36:35.126,1.126114811481148,50,-22.59030543349948
2,6,neuraminidase,16:36:35.127,1.1273688368836885,50,-57.58787437425612
2,6,neuraminidase,16:36:35.128,1.1286228622862284,50,-7.585278333141446
2,6,neuraminidase,16:36:35.141,1.1411631163116311,51,-20.55012226359676
2,6,neuraminidase,16:36:35.142,1.1424171417141713,51,-8.045674925254787
2,6,neuraminidase,16:36:35.143,1.1436711671167117,51,-29.04105596928824
2,6,neuraminidase,16:36:35.144,1.1449251925192518,51,-34.03626484271766
2,6,neuraminidase,16:36:35.146,1.146179217921792,51,-21.03130099256361
2,6,neuraminidase,16:36:35.147,1.1474332433243324,51,-8.02616386584667
2,6,neuraminidase,16:36:35.148,1.1486872687268723,51,-24.52085290958739
2,6,neuraminidase,16:36:35.149,1.149941294129413,51,-20.015367570806305
2,6,neuraminidase,16:36:35.156,1.1562114211421142,52,-6.485305784793695
2,6,neuraminidase,16:36:35.157,1.1574654465446543,52,-3.478762538313646
2,6,neuraminidase,16:36:35.158,1.1587194719471947,52,6.027958961544272
2,6,neuraminidase,16:36:35.159,1.1599734973497349,52,-35.965140732240485
2,6,neuraminidase,16:36:35.161,1.161227522752275,52,-31.4580610666885
2,6,neuraminidase,16:36:35.162,1.1624815481548154,52,-38.95080148882032
2,6,neuraminidase,16:36:35.163,1.1637355735573556,52,-28.44336144565649
2,6,neuraminidase,16:36:35.164,1.164989598959896,52,-8.935740384217596
2,6,neuraminidase,16:36:35.166,1.166243624362436,52,-14.427937751524183
2,6,neuraminidase,16:36:35.172,1.1725137513751374,53,-1.8861816649589256
2,6,neuraminidase,16:36:35.173,1.1737677767776775,53,-18.87727799217015
2,6,neuraminidase,16:36:35.175,1.175021802180218,53,-25.368188877270786
2,6,neuraminidase,16:36:35.176,1.1762758275827585,53,-39.858913767281365
2,6,neuraminidase,16:36:35.177,1.1775298529852984,53,-18.34945210922245
2,6,neuraminidase,16:36:35.178,1.1787838783878386,53,-8.339803350114622
2,6,neuraminidase,16:36:35.180,1.180037903790379,53,-40.32996693697842
2,6,neuraminidase,16:36:35.181,1.1812919291929191,53,-30.819942316834428
2,6,neuraminidase,16:36:35.182,1.1825459545954595,53,-16.809728936703166
2,6,neuraminidase,16:36:35.183,1.1837999799979997,53,-17.299326243605236
2,6,neuraminidase,16:36:35.185,1.18505400540054,53,-27.78873368456117
2,6,neuraminidase,16:36:35.186,1.1863080308030802,53,-17.277950706591525
2,6,neuraminidase,16:36:35.187,1.1875620562056204,53,-23.266976756716872
2,6,neuraminidase,16:36:35.188,1.1888160816081608,53,-33.75581128195776
2,6,neuraminidase,16:36:35.190,1.190070107010701,53,-21.244453729334765
2,6,neuraminidase,16:36:35.191,1.1913241324132413,53,-15.23290354586844
2,6,neuraminidase,16:36:35.192,1.1925781578157817,53,-7.721160178579339
2,6,neuraminidase,16:36:35.193,1.1938321832183216,53,-28.709223074488023
2,6,neuraminidase,16:36:35.195,1.195086208620862,53,-3.6970916806150456
2,6,neuraminidase,16:36:35.196,1.1963402340234022,53,-19.184765443980965
2,6,neuraminidase,16:36:35.205,1.205118411841184,54,-23.092979739958707
2,6,neuraminidase,16:36:35.206,1.2063724372437243,54,-8.079074853975982
2,6,neuraminidase,16:36:35.207,1.2076264626462645,54,-20.06497014841719
2,6,neuraminidase,16:36:35.208,1.2088804880488049,54,-32.5506650703029
2,6,neuraminidase,16:36:35.210,1.210134513451345,54,-27.036159066653667
2,6,neuraminidase,16:36:35.211,1.2113885388538852,54,-32.02145158449005
2,6,neuraminidase,16:36:35.212,1.2126425642564256,54,-12.506542070832596
2,6,neuraminidase,16:36:35.213,1.2138965896589655,54,-21.991429972701862
2,6,neuraminidase,16:36:35.215,1.215150615061506,54,-34.97611473711844
2,6,neuraminidase,16:36:35.216,1.2164046404640465,54,-21.460595811102863
2,6,neuraminidase,16:36:35.217,1.2176586658665869,54,-13.944872641675689
2,6,neuraminidase,16:36:35.218,1.2189126912691268,54,3.57105532414252
2,6,neuraminidase,16:36:35.235,1.23521502150215,55,10.797006957008676
2,6,neuraminidase,16:36:35.236,1.2364690469046904,55,-25.684139864857386
2,6,neuraminidase,16:36:35.237,1.2377230723072306,55,-27.16507359564081
2,6,neuraminidase,16:36:35.238,1.238977097709771,55,-34.145793682362125
2,6,neuraminidase,16:36:35.240,1.240231123112311,55,-43.12629957204193
2,6,neuraminidase,16:36:35.241,1.2414851485148517,55,-30.60659071170076
2,6,neuraminidase,16:36:35.242,1.2427391739173916,55,-22.08666654835919
2,6,neuraminidase,16:36:35.243,1.2439931993199318,55,-22.066526529037773
2,6,neuraminidase,16:36:35.245,1.2452472247224722,55,-35.04617010075707
2,6,neuraminidase,16:36:35.246,1.2465012501250123,55,-42.52559671053763
2,6,neuraminidase,16:36:35.247,1.2477552755275527,55,-43.00480580540001
2,6,neuraminidase,16:36:35.249,1.2490093009300929,55,-31.48379683236479
2,6,neuraminidase,16:36:35.250,1.2502633263326333,55,-33.9625692384525
2,6,neuraminidase,16:36:35.251,1.2515173517351734,55,-20.441122470683737
2,6,neuraminidase,16:36:35.267,1.2678196819681966,56,-33.64211806310318
2,6,neuraminidase,16:36:35.269,1.269073707370737,56,-23.11754479850221
2,6,neuraminidase,16:36:35.270,1.2703277327732772,56,-11.59274406535313
2,6,neuraminidase,16:36:35.271,1.2715817581758175,56,-33.067715310676505
2,6,neuraminidase,16:36:35.272,1.2728357835783577,56,-26.042457981492888
2,6,neuraminidase,16:36:35.274,1.274089808980898,56,-42.51697152482285
2,6,neuraminidase,16:36:35.275,1.2753438343834382,56,-30.49125538768693
2,6,neuraminidase,16:36:35.276,1.2765978597859784,56,-50.46530901710571
2,6,neuraminidase,16:36:35.277,1.2778518851885188,56,-27.43913186009973
2,6,neuraminidase,16:36:35.279,1.279105910591059,56,-10.91272336368958
2,6,neuraminidase,16:36:35.280,1.280359935993599,56,-24.38608297489577
2,6,neuraminidase,16:36:35.281,1.2816139613961397,56,-17.859210140738895
2,6,neuraminidase,16:36:35.285,1.2853760376037602,57,-34.777191436295425
2,6,neuraminidase,16:36:35.286,1.2866300630063006,57,-5.249383290891856
2,6,neuraminidase,16:36:35.287,1.2878840884088407,57,-30.221339935228
2,6,neuraminidase,16:36:35.289,1.289138113811381,57,-21.69306081632442
2,6,neuraminidase,16:36:35.290,1.2903921392139213,57,-32.16454538120169
2,6,neuraminidase,16:36:35.291,1.2916461646164616,57,-34.63579307688036
2,6,neuraminidase,16:36:35.292,1.2929001900190018,57,-27.60680335038097
2,6,neuraminidase,16:36:35.294,1.294154215421542,57,-28.07757564872412
2,6,neuraminidase,16:36:35.299,1.299170317031703,58,23.041725969066945
2,6,neuraminidase,16:36:35.300,1.3004243424342434,58,-30.92784815879717
2,6,neuraminidase,16:36:35.301,1.3016783678367836,58,-27.39718099362716
2,6,neuraminidase,16:36:35.302,1.3029323932393235,58,27.133728017556408
2,6,neuraminidase,16:36:35.304,1.304186418641864,58,-30.335120572267
2,6,neuraminidase,16:36:35.305,1.3054404440444043,58,-19.80372621011797
2,6,neuraminidase,16:36:35.306,1.306694469446945,58,-30.77208834301705
2,6,neuraminidase,16:36:35.307,1.3079484948494848,58,-37.7402064179848
2,6,neuraminidase,16:36:35.309,1.309202520252025,58,-26.70807988204176
2,6,neuraminidase,16:36:35.315,1.3154726472647265,59,-26.043758684384613
2,6,neuraminidase,16:36:35.316,1.3167266726672666,59,-15.510152870408689
2,6,neuraminidase,16:36:35.317,1.3179806980698068,59,-28.47629857466592
2,6,neuraminidase,16:36:35.319,1.3192347234723472,59,-11.44219524417683
2,6,neuraminidase,16:36:35.320,1.320488748874887,59,-11.407842325962022
2,6,neuraminidase,16:36:35.321,1.3217427742774277,59,-35.373239267042024
2,6,neuraminidase,16:36:35.322,1.322996799679968,59,-24.338385514437405
2,6,neuraminidase,16:36:35.331,1.3317749774977496,60,-9.58734337276266
2,6,neuraminidase,16:36:35.333,1.33302900290029,60,-4.550464163421196
2,6,neuraminidase,16:36:35.334,1.3342830283028302,60,-30.51332928358015
2,6,neuraminidase,16:36:35.335,1.3355370537053703,60,-16.475938180260073
2,6,neuraminidase,16:36:35.336,1.3367910791079107,60,0.0617096995184738
2,6,neuraminidase,16:36:35.338,1.3380451045104509,60,-33.90038509126508
2,6,neuraminidase,16:36:35.339,1.3392991299129913,60,-13.86222199963126
2,6,neuraminidase,16:36:35.340,1.3405531553155314,60,-10.323800472600652
2,6,neuraminidase,16:36:35.341,1.3418071807180716,60,8.714880042806186
2,6,neuraminidase,16:36:35.343,1.343061206120612,60,-1.7461799004313008
2,6,neuraminidase,16:36:35.344,1.344315231523152,60,-0.2069797493336835
2,6,neuraminidase,16:36:35.363,1.363125612561256,61,6.412609863364381
2,6,neuraminidase,16:36:35.364,1.3643796379637962,61,-25.5439532709722
2,6,neuraminidase,16:36:35.365,1.3656336633663366,61,-11.500246910323156
2,6,neuraminidase,16:36:35.366,1.3668876887688768,61,-20.95627050170907
2,6,neuraminidase,16:36:35.368,1.368141714171417,61,-1.912023492150496
2,6,neuraminidase,16:36:35.369,1.369395739573957,61,-3.367505328667974
2,6,neuraminidase,16:36:35.370,1.3706497649764977,61,-35.82271545828209
2,6,neuraminidase,16:36:35.371,1.371903790379038,61,-28.277653328013383
2,6,neuraminidase,16:36:35.373,1.373157815781578,61,-25.23231838488244
2,6,neuraminidase,16:36:35.374,1.3744118411841184,61,-8.186710075909772
2,6,neuraminidase,16:36:35.388,1.388206120612061,62,-32.66681837953864
2,6,neuraminidase,16:36:35.389,1.3894601460146014,62,-21.11788654806925
2,6,neuraminidase,16:36:35.390,1.3907141714171416,62,-22.068674162025445
2,6,neuraminidase,16:36:35.407,1.407016501650165,63,8.096868928462456
2,6,neuraminidase,16:36:35.408,1.4082705270527052,63,-11.349932858610488
2,6,neuraminidase,16:36:35.409,1.409524552455245,63,-13.796445796417387
2,6,neuraminidase,16:36:35.410,1.4107785778577857,63,-22.74266933197879
2,6,neuraminidase,16:36:35.412,1.412032603260326,63,-26.18860291231529
2,6,neuraminidase,16:36:35.413,1.4132866286628665,63,-27.134245984447418
2,6,neuraminidase,16:36:35.414,1.4145406540654064,63,-3.579597995395744
2,6,neuraminidase,16:36:35.415,1.4157946794679468,63,-41.52465839218084
2,6,neuraminidase,16:36:35.417,1.417048704870487,63,-10.469426621823231
2,6,neuraminidase,16:36:35.418,1.4183027302730271,63,-12.41390213134352
2,6,neuraminidase,16:36:35.419,1.4195567556755675,63,-23.35808436776223
2,6,neuraminidase,16:36:35.420,1.4208107810781077,63,-32.30197277809994
2,6,neuraminidase,16:36:35.422,1.422064806480648,63,-26.745566809377195
2,6,neuraminidase,16:36:35.423,1.4233188318831882,63,-40.188865908614574
2,6,neuraminidase,16:36:35.424,1.4245728572857284,63,-9.131869522832616
2,6,neuraminidase,16:36:35.425,1.4258268826882687,63,-4.0745770990518935
2,6,neuraminidase,16:36:35.433,1.43335103510351,64,-12.224574791544685
2,6,neuraminidase,16:36:35.434,1.4346050605060503,64,-4.665194618348224
2,6,neuraminidase,16:36:35.435,1.435859085908591,64,-10.605513983317463
2,6,neuraminidase,16:36:35.437,1.437113111311131,64,-29.045532333472963
2,6,neuraminidase,16:36:35.438,1.4383671367136712,64,-35.9852491158353
2,6,neuraminidase,16:36:35.439,1.4396211621162116,64,-27.92466377742501
2,6,neuraminidase,16:36:35.440,1.4408751875187518,64,-18.36377576526266
2,6,neuraminidase,16:36:35.442,1.442129212921292,64,-33.30258452636882
2,6,neuraminidase,16:36:35.443,1.4433832383238323,64,-25.741089507764016
2,6,neuraminidase,16:36:35.444,1.4446372637263725,64,-18.67929015646885
2,6,neuraminidase,16:36:35.445,1.4458912891289128,64,2.882814080496132
2,6,neuraminidase,16:36:35.447,1.447145314531453,64,-19.55477624388961
2,6,neuraminidase,16:36:35.448,1.4483993399339934,64,-33.99206057664662
2,6,neuraminidase,16:36:35.449,1.4496533653365336,64,-12.429038364795533
2,6,neuraminidase,16:36:35.450,1.4509073907390737,64,-20.86570905535683
2,6,neuraminidase,16:36:35.452,1.452161416141614,64,-20.302072095351093
2,6,neuraminidase,16:36:35.453,1.4534154415441545,64,-21.23812693179892
2,6,neuraminidase,16:36:35.454,1.4546694669466946,64,5.326126988279199
2,6,neuraminidase,16:36:35.455,1.4559234923492348,64,-15.60930978213736
2,6,neuraminidase,16:36:35.457,1.457177517751775,64,-19.04443669006912
2,6,neuraminidase,16:36:35.458,1.4584315431543151,64,-40.47925318253664
2,6,neuraminidase,16:36:35.459,1.4596855685568555,64,-17.9137587065605
2,6,neuraminidase,16:36:35.460,1.460939593959396,64,-28.84795270916124
2,6,neuraminidase,16:36:35.462,1.462193619361936,64,-23.781834637359424
2,6,neuraminidase,16:36:35.463,1.4634476447644764,64,-24.2154039381756
2,6,neuraminidase,16:36:35.464,1.4647016701670166,64,-24.14866005863037
2,6,neuraminidase,16:36:35.465,1.4659556955695567,64,-2.5816024457442523
2,6,neuraminidase,16:36:35.467,1.4672097209720971,64,-19.51423054653783
2,6,neuraminidase,16:36:35.473,1.4734798479847984,65,-9.672637401420443
2,6,neuraminidase,16:36:35.474,1.4747338733873383,65,-20.10336817172385
2,6,neuraminidase,16:36:35.475,1.475987898789879,65,0.9662192151491524
2,6,neuraminidase,16:36:35.477,1.477241924192419,65,-18.963874687822013
2,6,neuraminidase,16:36:35.478,1.4784959495949594,65,-26.89364932765787
2,6,neuraminidase,16:36:35.479,1.4797499749974996,65,-24.323104151379027
2,6,neuraminidase,16:36:35.481,1.48100400040004,65,-30.75223860600599
2,6,neuraminidase,16:36:35.482,1.48225802580258,65,-29.18105213855937
2,6,neuraminidase,16:36:35.483,1.4835120512051203,65,-30.109544196059687
2,6,neuraminidase,16:36:35.484,1.4847660766076607,65,-30.037714225527537
2,6,neuraminidase,16:36:35.486,1.4860201020102008,65,-32.96556167398343
2,6,neuraminidase,16:36:35.487,1.4872741274127412,65,-11.393085988447964
2,6,neuraminidase,16:36:35.488,1.4885281528152814,65,-5.320286615941697
2,6,neuraminidase,16:36:35.497,1.4973063306330632,66,-14.301581322942
2,6,neuraminidase,16:36:35.498,1.4985603560356031,66,-31.22617254740936
2,6,neuraminidase,16:36:35.499,1.4998143814381435,66,-22.15043510809093
2,7,neuraminidase,16:37:11.012,0.0123402340234023,0,-2.00238342138556
2,7,neuraminidase,16:37:11.013,0.0135742574257425,0,-15.406469004170646
2,7,neuraminidase,16:37:11.014,0.0148082808280828,0,-34.81074427521499
2,7,neuraminidase,16:37:11.016,0.016042304230423,0,-37.71520907123353
2,7,neuraminidase,16:37:11.017,0.0172763276327632,0,-31.6198632289413
2,7,neuraminidase,16:37:11.018,0.0185103510351035,0,-43.52470658505328
2,7,neuraminidase,16:37:11.019,0.0197443744374437,0,-8.929738976284483
2,7,neuraminidase,16:37:11.020,0.0209783978397839,0,-19.334960239349883
2,7,neuraminidase,16:37:11.022,0.0222124212421242,0,-15.2403702109645
2,7,neuraminidase,16:37:11.032,0.032084608460846,1,-17.990423897452303
2,7,neuraminidase,16:37:11.033,0.0333186318631863,1,-22.39752489818457
2,7,neuraminidase,16:37:11.034,0.0345526552655265,1,-21.304812974616027
2,7,neuraminidase,16:37:11.035,0.0357866786678667,1,-23.21228796346164
2,7,neuraminidase,16:37:11.037,0.037020702070207,1,-20.61994970143641
2,7,neuraminidase,16:37:11.038,0.0382547254725472,1,-23.027798025255336
2,7,neuraminidase,16:37:11.039,0.0394887488748874,1,-33.93583277163343
2,7,neuraminidase,16:37:11.040,0.0407227722772277,1,-34.344053777285666
2,7,neuraminidase,16:37:11.041,0.0419567956795679,1,-23.752460878927025
2,7,neuraminidase,16:37:11.055,0.0555310531053105,2,-32.75717463275467
2,7,neuraminidase,16:37:11.056,0.0567650765076507,2,-37.667802150035484
2,7,neuraminidase,16:37:11.057,0.057999099909991,2,-23.078613640600395
2,7,neuraminidase,16:37:11.059,0.0592331233123312,2,-28.48960894116442
2,7,neuraminidase,16:37:11.060,0.0604671467146714,2,-24.90078788844251
2,7,neuraminidase,16:37:11.083,0.0839135913591359,3,-12.747863593348342
2,7,neuraminidase,16:37:11.085,0.0851476147614761,3,-12.662681185057435
2,7,neuraminidase,16:37:11.086,0.0863816381638163,3,-41.07767899449556
2,7,neuraminidase,16:37:11.087,0.0876156615661566,3,-33.492856858377664
2,7,neuraminidase,16:37:11.088,0.0888496849684968,3,-35.90821461341878
2,7,neuraminidase,16:37:11.090,0.0900837083708371,3,-31.32375209633389
2,7,neuraminidase,16:37:11.091,0.0913177317731773,3,-10.239469143837994
2,7,neuraminidase,16:37:11.092,0.0925517551755175,3,23.34463440735389
2,7,neuraminidase,16:37:11.114,0.1147641764176417,4,-15.671993149270293
2,7,neuraminidase,16:37:11.115,0.115998199819982,4,-24.091267198703548
2,7,neuraminidase,16:37:11.117,0.1172322232223222,4,-23.510717383740698
2,7,neuraminidase,16:37:11.118,0.1184662466246624,4,-29.43034354109676
2,7,neuraminidase,16:37:11.119,0.1197002700270027,4,-31.350145507486744
2,7,neuraminidase,16:37:11.120,0.1209342934293429,4,-21.27012311962564
2,7,neuraminidase,16:37:11.122,0.1221683168316831,4,-24.19027621422842
2,7,neuraminidase,16:37:11.123,0.1234023402340234,4,-13.110604628010108
2,7,neuraminidase,16:37:11.139,0.1394446444644464,5,-10.590753757775104
2,7,neuraminidase,16:37:11.140,0.1406786678667867,5,-35.01351949513597
2,7,neuraminidase,16:37:11.141,0.1419126912691269,5,-33.43645810240068
2,7,neuraminidase,16:37:11.143,0.1431467146714671,5,-14.359569416284245
2,7,neuraminidase,16:37:11.144,0.1443807380738073,5,-39.28285327350165
2,7,neuraminidase,16:37:11.145,0.1456147614761476,5,-18.20630951076785
2,7,neuraminidase,16:37:11.146,0.1468487848784878,5,-31.629937964797904
2,7,neuraminidase,16:37:11.148,0.1480828082808281,5,-32.553738472306776
2,7,neuraminidase,16:37:11.149,0.1493168316831683,5,5.022289129990526
2,7,neuraminidase,16:37:11.197,0.1974437443744374,6,-13.144968113454553
2,7,neuraminidase,16:37:11.198,0.1986777677767777,6,-35.575682225207004
2,7,neuraminidase,16:37:11.199,0.1999117911791179,6,-7.006561532468112
2,7,neuraminidase,16:37:11.201,0.2011458145814581,6,-1.9376058719528828
2,7,neuraminidase,16:37:11.202,0.2023798379837984,6,-18.36881508037632
2,7,neuraminidase,16:37:11.203,0.2036138613861386,6,-6.800188994453407
2,7,neuraminidase,16:37:11.204,0.2048478847884788,6,-18.73172745089916
2,7,neuraminidase,16:37:11.206,0.2060819081908191,6,-16.66343028642855
2,7,neuraminidase,16:37:11.230,0.2307623762376237,7,-19.831755145676823
2,7,neuraminidase,16:37:11.231,0.231996399639964,7,-26.766872223126967
2,7,neuraminidase,16:37:11.233,0.2332304230423042,7,-14.702150087390692
2,7,neuraminidase,16:37:11.257,0.2579108910891089,8,-26.441221144608207
2,7,neuraminidase,16:37:11.259,0.2591449144914491,8,-4.379837813120957
2,7,neuraminidase,16:37:11.260,0.2603789378937894,8,-10.318611676177184
2,7,neuraminidase,16:37:11.261,0.2616129612961296,8,-40.25754257049189
2,7,neuraminidase,16:37:11.262,0.2628469846984699,8,-17.69663033278009
2,7,neuraminidase,16:37:11.264,0.2640810081008101,8,-34.13587479975676
2,7,neuraminidase,16:37:11.265,0.2653150315031503,8,-2.075275808136894
2,7,neuraminidase,16:37:11.266,0.2665490549054906,8,4.985166805364514
2,7,neuraminidase,16:37:11.336,0.3368883888388839,9,8.1772109773068
2,7,neuraminidase,16:37:11.338,0.3381224122412241,9,-12.271136959421426
2,7,neuraminidase,16:37:11.339,0.3393564356435644,9,-5.719631640452903
2,7,neuraminidase,16:37:11.340,0.3405904590459046,9,-16.168272902502622
2,7,neuraminidase,16:37:11.341,0.3418244824482448,9,-20.61706058228557
2,7,neuraminidase,16:37:11.343,0.3430585058505851,9,-13.565994516516753
2,7,neuraminidase,16:37:11.344,0.3442925292529253,9,6.984925458088824
2,7,neuraminidase,16:37:11.345,0.3455265526552655,9,-17.96430049518382
2,7,neuraminidase,16:37:11.346,0.3467605760576058,9,-22.913672213049693
2,7,neuraminidase,16:37:11.361,0.3615688568856886,10,-4.31744302997015
2,7,neuraminidase,16:37:11.362,0.3628028802880288,10,-3.268694828612581
2,7,neuraminidase,16:37:11.364,0.364036903690369,10,-16.720090105858176
2,7,neuraminidase,16:37:11.365,0.3652709270927093,10,-27.17162869842194
2,7,neuraminidase,16:37:11.366,0.3665049504950495,10,-29.12331044301888
2,7,neuraminidase,16:37:11.367,0.3677389738973898,10,-10.575135176363972
2,7,neuraminidase,16:37:11.368,0.36897299729973,10,-22.027102735172207
2,7,neuraminidase,16:37:11.370,0.3702070207020702,10,-27.979212956158605
2,7,neuraminidase,16:37:11.398,0.3985895589558956,11,-10.416747244507237
2,7,neuraminidase,16:37:11.399,0.3998235823582358,11,-27.87223237226817
2,7,neuraminidase,16:37:11.401,0.4010576057605761,11,-3.3278560800821566
2,7,neuraminidase,16:37:11.402,0.4022916291629163,11,-10.283618204664208
2,7,neuraminidase,16:37:11.403,0.4035256525652566,11,-38.7395185827293
2,7,neuraminidase,16:37:11.404,0.4047596759675968,11,-10.695557050992448
2,7,neuraminidase,16:37:11.466,0.4664608460846085,12,-6.169936868078295
2,7,neuraminidase,16:37:11.467,0.4676948694869487,12,-18.13280142052693
2,7,neuraminidase,16:37:11.468,0.4689288928892889,12,-15.095795572353424
2,7,neuraminidase,16:37:11.470,0.4701629162916292,12,-43.558919160272765
2,7,neuraminidase,16:37:11.471,0.4713969396939694,12,-25.022172020999943
2,7,neuraminidase,16:37:11.472,0.4726309630963097,12,-5.985553991249972
2,7,neuraminidase,16:37:11.473,0.4738649864986499,12,-39.44906490773785
2,7,neuraminidase,16:37:11.475,0.4750990099009901,12,-14.412704607178554
2,7,neuraminidase,16:37:11.497,0.4973114311431144,13,-35.78005493714176
2,7,neuraminidase,16:37:11.498,0.4985454545454546,13,-29.24611048853562
2,7,neuraminidase,16:37:11.499,0.4997794779477948,13,-35.71229155718224
2,7,neuraminidase,16:37:11.501,0.5010135013501351,13,-11.67859797979662
2,7,neuraminidase,16:37:11.502,0.5022475247524752,13,0.8549704069062471
2,7,neuraminidase,16:37:11.503,0.5034815481548155,13,-42.61158623378863
2,7,neuraminidase,16:37:11.504,0.5047155715571557,13,-31.578267738596253
2,7,neuraminidase,16:37:11.505,0.505949594959496,13,-26.045073944231632
2,7,neuraminidase,16:37:11.507,0.5071836183618362,13,-19.01200468740973
2,7,neuraminidase,16:37:11.526,0.5269279927992799,14,-25.99970044350876
2,7,neuraminidase,16:37:11.528,0.5281620162016202,14,-27.96872334230784
2,7,neuraminidase,16:37:11.529,0.5293960396039604,14,-1.4378678395195976
2,7,neuraminidase,16:37:11.530,0.5306300630063007,14,-1.907133771859009
2,7,neuraminidase,16:37:11.531,0.5318640864086409,14,-10.876520976041109
2,7,neuraminidase,16:37:11.533,0.5330981098109812,14,-33.84602928878084
2,7,neuraminidase,16:37:11.534,0.5343321332133214,14,-23.315658546793244
2,7,neuraminidase,16:37:11.535,0.5355661566156616,14,-39.785408586793295
2,7,neuraminidase,16:37:11.536,0.5368001800180019,14,-28.255279245496
2,7,neuraminidase,16:37:11.538,0.5380342034203421,14,-26.72527035961633
2,7,neuraminidase,16:37:11.554,0.5540765076507651,15,7.153958008490193
2,7,neuraminidase,16:37:11.555,0.5553105310531053,15,-18.31770233655179
2,7,neuraminidase,16:37:11.556,0.5565445544554456,15,-23.78948068773636
2,7,neuraminidase,16:37:11.557,0.5577785778577858,15,-23.761376881778503
2,7,neuraminidase,16:37:11.559,0.5590126012601261,15,-32.233390755393245
2,7,neuraminidase,16:37:11.560,0.5602466246624663,15,-34.20552214529556
2,7,neuraminidase,16:37:11.561,0.5614806480648066,15,-32.17777088820044
2,7,neuraminidase,16:37:11.562,0.5627146714671468,15,-27.65013682082289
2,7,neuraminidase,16:37:11.563,0.563948694869487,15,-28.12261977987792
2,7,neuraminidase,16:37:11.565,0.5651827182718272,15,-43.595219602080505
2,7,neuraminidase,16:37:11.566,0.5664167416741674,15,-15.567936124145646
2,7,neuraminidase,16:37:11.588,0.5886291629162916,16,-14.09660305291159
2,7,neuraminidase,16:37:11.589,0.5898631863186319,16,-24.071505848214656
2,7,neuraminidase,16:37:11.591,0.5910972097209721,16,-19.046522077680194
2,7,neuraminidase,16:37:11.592,0.5923312331233124,16,-28.02165157802321
2,7,neuraminidase,16:37:11.593,0.5935652565256526,16,-39.99689418595871
2,7,neuraminidase,16:37:11.594,0.5947992799279929,16,-23.972249738201683
2,7,neuraminidase,16:37:11.596,0.5960333033303331,16,0.0522819285328779
2,7,neuraminidase,16:37:11.610,0.6108415841584159,17,-8.662075554663659
2,7,neuraminidase,16:37:11.612,0.6120756075607562,17,-9.638995182285868
2,7,neuraminidase,16:37:11.613,0.6133096309630963,17,-19.616025304940493
2,7,neuraminidase,16:37:11.614,0.6145436543654366,17,-17.093165759342526
2,7,neuraminidase,16:37:11.615,0.6157776777677768,17,-20.07041638220697
2,7,neuraminidase,16:37:11.617,0.617011701170117,17,-26.047777010248808
2,7,neuraminidase,16:37:11.618,0.6182457245724573,17,-14.525247480183069
2,7,neuraminidase,16:37:11.619,0.6194797479747975,17,-28.50282762872472
2,7,neuraminidase,16:37:11.620,0.6207137713771378,17,-24.98051729258876
2,7,neuraminidase,16:37:11.621,0.621947794779478,17,2.541683691509803
2,7,neuraminidase,16:37:11.641,0.6416921692169217,18,-17.61783919943531
2,7,neuraminidase,16:37:11.642,0.642926192619262,18,-34.59747221736683
2,7,neuraminidase,16:37:11.644,0.6441602160216022,18,-11.577211648205662
2,7,neuraminidase,16:37:11.645,0.6453942394239425,18,-41.057057328666815
2,7,neuraminidase,16:37:11.646,0.6466282628262827,18,-32.037009095465294
2,7,neuraminidase,16:37:11.647,0.647862286228623,18,-35.517066785316075
2,7,neuraminidase,16:37:11.649,0.6490963096309632,18,-15.997230234934165
2,7,neuraminidase,16:37:11.724,0.7243717371737175,19,-28.48070817083598
2,7,neuraminidase,16:37:11.725,0.7256057605760576,19,-36.96710983041494
2,7,neuraminidase,16:37:11.726,0.7268397839783979,19,-10.953606962805978
2,7,neuraminidase,16:37:11.728,0.7280738073807381,19,-4.940199404724083
2,7,neuraminidase,16:37:11.729,0.7293078307830784,19,-30.426886992884263
2,7,neuraminidase,16:37:11.730,0.7305418541854186,19,-15.413669564001497
2,7,neuraminidase,16:37:11.731,0.7317758775877589,19,14.099453045209216
2,7,neuraminidase,16:37:11.733,0.7330099009900991,19,-18.38751900196713
2,7,neuraminidase,16:37:11.747,0.7478181818181819,20,12.261492669467728
2,7,neuraminidase,16:37:11.749,0.7490522052205222,20,-5.226695051804995
2,7,neuraminidase,16:37:11.750,0.7502862286228623,20,28.785024856525283
2,7,neuraminidase,16:37:11.751,0.7515202520252026,20,11.796652557743542
2,7,neuraminidase,16:37:11.752,0.7527542754275428,20,-0.1918117848651803
2,7,neuraminidase,16:37:11.753,0.753988298829883,20,-7.18036800801589
2,7,neuraminidase,16:37:11.755,0.7552223222322233,20,-27.169015948423592
2,7,neuraminidase,16:37:11.756,0.7564563456345635,20,-16.15775544280328
2,7,neuraminidase,16:37:11.770,0.7700306030603061,21,-1.5398857436197488
2,7,neuraminidase,16:37:11.771,0.7712646264626464,21,-19.52971114943297
2,7,neuraminidase,16:37:11.772,0.7724986498649866,21,-2.019625986513105
2,7,neuraminidase,16:37:11.773,0.7737326732673269,21,-1.0096300915751897
2,7,neuraminidase,16:37:11.774,0.774966696669667,21,-17.999723301334186
2,7,neuraminidase,16:37:11.776,0.7762007200720072,21,-25.489905452505127
2,7,neuraminidase,16:37:11.777,0.7774347434743475,21,-15.980176381802975
2,7,neuraminidase,16:37:11.803,0.8033492349234924,22,-1.7960844666349516
2,7,neuraminidase,16:37:11.804,0.8045832583258327,22,-21.28826720361912
2,7,neuraminidase,16:37:11.805,0.8058172817281729,22,-33.280534963175114
2,7,neuraminidase,16:37:11.807,0.8070513051305132,22,-14.272887582017944
2,7,neuraminidase,16:37:11.808,0.8082853285328534,22,-11.265324896862609
2,7,neuraminidase,16:37:11.809,0.8095193519351936,22,-37.757846744424086
2,7,neuraminidase,16:37:11.810,0.8107533753375339,22,-17.750452961417395
2,7,neuraminidase,16:37:11.811,0.811987398739874,22,-9.243143384557513
2,7,neuraminidase,16:37:11.813,0.8132214221422143,22,-26.23591785055945
2,7,neuraminidase,16:37:11.824,0.8243276327632764,23,-27.174643031332792
2,7,neuraminidase,16:37:11.825,0.8255616561656166,23,-21.66824894527764
2,7,neuraminidase,16:37:11.826,0.8267956795679569,23,-6.161937105949264
2,7,neuraminidase,16:37:11.828,0.8280297029702971,23,-21.655707350062656
2,7,neuraminidase,16:37:11.829,0.8292637263726373,23,-5.649559514332822
2,7,neuraminidase,16:37:11.830,0.8304977497749776,23,-10.143493435474738
2,7,neuraminidase,16:37:11.831,0.8317317731773178,23,-19.63750895020341
2,7,neuraminidase,16:37:11.832,0.8329657965796581,23,-35.13160589523383
2,7,neuraminidase,16:37:11.834,0.8341998199819983,23,-4.125784107281021
2,7,neuraminidase,16:37:11.858,0.858880288028803,24,0.9738370371638608
2,7,neuraminidase,16:37:11.860,0.8601143114311433,24,-14.52201006339918
2,7,neuraminidase,16:37:11.861,0.8613483348334834,24,-17.517934838708896
2,7,neuraminidase,16:37:11.862,0.8625823582358236,24,-11.513937125480268
2,7,neuraminidase,16:37:11.863,0.8638163816381639,24,-3.0100167604283143
2,7,neuraminidase,16:37:11.865,0.8650504050405041,24,-3.506173580268012
2,7,neuraminidase,16:37:11.866,0.8662844284428444,24,-26.002407421714352
2,7,neuraminidase,16:37:11.867,0.8675184518451846,24,-17.498718121482355
2,7,neuraminidase,16:37:11.868,0.8687524752475249,24,-20.495105516286984
2,7,neuraminidase,16:37:11.869,0.8699864986498651,24,-8.491569442843272
2,7,neuraminidase,16:37:11.871,0.8712205220522053,24,-8.988109737866182
2,7,neuraminidase,16:37:11.872,0.8724545454545456,24,-17.984726238070735
2,7,neuraminidase,16:37:11.881,0.8810927092709272,25,-12.96316176864802
2,7,neuraminidase,16:37:11.882,0.8823267326732674,25,13.0396179679545
2,7,neuraminidase,16:37:11.883,0.8835607560756077,25,-19.45767703105959
2,7,neuraminidase,16:37:11.884,0.8847947794779479,25,8.044953397594725
2,7,neuraminidase,16:37:11.886,0.8860288028802881,25,-37.95249058279755
2,7,neuraminidase,16:37:11.887,0.8872628262826283,25,-33.95000880895141
2,7,neuraminidase,16:37:11.888,0.8884968496849686,25,-22.94760111758185
2,7,neuraminidase,16:37:11.889,0.8897308730873088,25,-20.94526734540389
2,7,neuraminidase,16:37:11.890,0.890964896489649,25,-17.4430073291325
2,7,neuraminidase,16:37:11.892,0.8921989198919893,25,-10.940820905482669
2,7,neuraminidase,16:37:11.893,0.8934329432943295,25,-26.938707911169416
2,7,neuraminidase,16:37:11.924,0.9242835283528352,26,-23.409269979087554
2,7,neuraminidase,16:37:11.925,0.9255175517551756,26,-24.909008834488816
2,7,neuraminidase,16:37:11.926,0.9267515751575158,26,-4.908816710531539
2,7,neuraminidase,16:37:11.927,0.927985598559856,26,-16.408693443930744
2,7,neuraminidase,16:37:11.929,0.9292196219621964,26,-16.408638871401408
2,7,neuraminidase,16:37:11.950,0.9501980198019804,27,-15.918063108167672
2,7,neuraminidase,16:37:11.951,0.9514320432043204,27,-15.919217107189011
2,7,neuraminidase,16:37:11.952,0.9526660666066608,27,-21.420436697866734
2,7,neuraminidase,16:37:11.953,0.953900090009001,27,-22.92172171691585
2,7,neuraminidase,16:37:11.955,0.9551341134113412,27,-8.423072001051352
2,7,neuraminidase,16:37:11.956,0.9563681368136816,27,-14.424487386988218
2,7,neuraminidase,16:37:11.957,0.9576021602160216,27,-4.425967711441473
2,7,neuraminidase,16:37:11.968,0.9687083708370838,28,-18.442185922732065
2,7,neuraminidase,16:37:11.969,0.969942394239424,28,17.05569334832613
2,7,neuraminidase,16:37:11.971,0.9711764176417644,28,-8.44649052299701
2,7,neuraminidase,16:37:11.972,0.9724104410441046,28,-17.948737373416492
2,7,neuraminidase,16:37:11.973,0.9736444644464448,28,-13.951047039647293
2,7,neuraminidase,16:37:11.974,0.974878487848785,28,-21.453419358404417
2,7,neuraminidase,16:37:11.976,0.9761125112511252,28,-30.455854166402872
2,7,neuraminidase,16:37:11.994,0.9946228622862288,29,-12.499763961535436
2,7,neuraminidase,16:37:11.995,0.995856885688569,29,-18.003176390634493
2,7,neuraminidase,16:37:11.997,0.9970909090909092,29,-28.506648533129805
2,7,neuraminidase,16:37:11.998,0.9983249324932494,29,-36.01018022573638
2,7,neuraminidase,16:37:11.999,0.9995589558955896,29,-15.5137713051692
2,7,neuraminidase,16:37:12.000,1.00079297929793,29,-28.517421608143263
2,7,neuraminidase,16:37:12.002,1.0020270027002702,29,-16.521130971373566
2,7,neuraminidase,16:37:12.003,1.0032610261026105,29,-4.52489923157512
2,7,neuraminidase,16:37:12.004,1.0044950495049505,29,-9.52872622546289
2,7,neuraminidase,16:37:12.035,1.0353456345634564,30,-18.64301191204757
2,7,neuraminidase,16:37:12.036,1.0365796579657969,30,-25.148308668741123
2,7,neuraminidase,16:37:12.037,1.037813681368137,30,-26.653659750425817
2,7,neuraminidase,16:37:12.039,1.0390477047704771,30,-31.15906499381664
2,7,neuraminidase,16:37:12.040,1.0402817281728174,30,-27.16452423562859
2,7,neuraminidase,16:37:12.041,1.0415157515751576,30,-13.670037312576667
2,7,neuraminidase,16:37:12.042,1.042749774977498,30,-4.17560406137585
2,7,neuraminidase,16:37:12.043,1.043983798379838,30,-17.181224318741158
2,7,neuraminidase,16:37:12.074,1.074834383438344,31,-12.838643428225184
2,7,neuraminidase,16:37:12.076,1.0760684068406845,31,-19.34559759527316
2,7,neuraminidase,16:37:12.077,1.0773024302430243,31,-20.852600862192148
2,7,neuraminidase,16:37:12.078,1.0785364536453643,31,-0.8596530656971595
2,7,neuraminidase,16:37:12.079,1.0797704770477048,31,-1.3667540425031746
2,7,neuraminidase,16:37:12.081,1.081004500450045,31,-15.873903629325184
2,7,neuraminidase,16:37:12.082,1.0822385238523853,31,-23.881101662878194
2,7,neuraminidase,16:37:12.083,1.0834725472547255,31,-26.88834797987721
2,7,neuraminidase,16:37:12.084,1.0847065706570658,31,-14.395642417037209
2,7,neuraminidase,16:37:12.085,1.085940594059406,31,-31.4029848110732
2,7,neuraminidase,16:37:12.087,1.0871746174617465,31,-0.4103749987001635
2,7,neuraminidase,16:37:12.088,1.0884086408640865,31,-1.9178128166331303
2,7,neuraminidase,16:37:12.097,1.0970468046804682,32,-10.97119747479094
2,7,neuraminidase,16:37:12.098,1.0982808280828085,32,-23.47901045691161
2,7,neuraminidase,16:37:12.099,1.0995148514851487,32,-37.486869599773215
2,7,neuraminidase,16:37:12.100,1.100748874887489,32,-30.49477474009076
2,7,neuraminidase,16:37:12.101,1.1019828982898292,32,-23.002725714579256
2,7,neuraminidase,16:37:12.103,1.1032169216921692,32,-33.51072235995369
2,7,neuraminidase,16:37:12.104,1.1044509450945097,32,-20.018764512929053
2,7,neuraminidase,16:37:12.105,1.1056849684968495,32,-17.02685201022034
2,7,neuraminidase,16:37:12.106,1.10691899189919,32,-10.53498468854255
2,7,neuraminidase,16:37:12.143,1.143939693969397,33,-5.799164323970359
2,7,neuraminidase,16:37:12.145,1.1451737173717371,33,-21.808616624889385
2,7,neuraminidase,16:37:12.146,1.1464077407740776,33,-15.318108881719212
2,7,neuraminidase,16:37:12.147,1.1476417641764178,33,-26.82764093117484
2,7,neuraminidase,16:37:12.148,1.148875787578758,33,-20.837212609971274
2,7,neuraminidase,16:37:12.150,1.1501098109810983,33,-31.34682375482349
2,7,neuraminidase,16:37:12.151,1.1513438343834386,33,-15.856474202446506
2,7,neuraminidase,16:37:12.152,1.1525778577857786,33,-8.866163789555301
2,7,neuraminidase,16:37:12.267,1.2673420342034205,34,-24.91577298925469
2,7,neuraminidase,16:37:12.268,1.2685760576057608,34,-3.928412620485759
2,7,neuraminidase,16:37:12.269,1.269810081008101,34,-13.941075879127254
2,7,neuraminidase,16:37:12.271,1.2710441044104412,34,-29.953762601894184
2,7,neuraminidase,16:37:12.272,1.2722781278127815,34,-3.466472625501524
2,7,neuraminidase,16:37:12.273,1.2735121512151215,34,-38.479205786664295
2,7,neuraminidase,16:37:12.274,1.274746174617462,34,-25.991961922097488
2,7,neuraminidase,16:37:12.289,1.2895544554455447,35,5.85323189535309
2,7,neuraminidase,16:37:12.290,1.290788478847885,35,-27.65980804666017
2,7,neuraminidase,16:37:12.292,1.2920225022502252,35,2.8271313230461885
2,7,neuraminidase,16:37:12.293,1.2932565256525654,35,-26.18594983224281
2,7,neuraminidase,16:37:12.322,1.322873087308731,36,-6.005630516777316
2,7,neuraminidase,16:37:12.324,1.3241071107110711,36,-20.01917172932413
2,7,neuraminidase,16:37:12.325,1.3253411341134116,36,-30.032729221456208
2,7,neuraminidase,16:37:12.326,1.3265751575157516,36,-14.046302829888532
2,7,neuraminidase,16:37:12.327,1.327809180918092,36,-19.05989239133613
2,7,neuraminidase,16:37:12.329,1.329043204320432,36,-13.07349774251398
2,7,neuraminidase,16:37:12.330,1.3302772277227723,36,-22.58711872013707
2,7,neuraminidase,16:37:12.331,1.3315112511251126,36,-18.6007551609204
2,7,neuraminidase,16:37:12.332,1.3327452745274528,36,-16.114406901578988
2,7,neuraminidase,16:37:12.333,1.333979297929793,36,-3.6280737788277975
2,7,neuraminidase,16:37:12.399,1.3993825382538256,37,-16.869794951572715
2,7,neuraminidase,16:37:12.400,1.4006165616561657,37,-18.384036726463847
2,7,neuraminidase,16:37:12.401,1.401850585058506,37,-26.39828465727
2,7,neuraminidase,16:37:12.403,1.403084608460846,37,-36.41253858070618
2,7,neuraminidase,16:37:12.404,1.4043186318631864,37,-20.9267983334874
2,7,neuraminidase,16:37:12.417,1.417892889288929,38,-7.083993651341316
2,7,neuraminidase,16:37:12.419,1.4191269126912691,38,-13.09831062003255
2,7,neuraminidase,16:37:12.420,1.4203609360936096,38,-28.61263129536374
2,7,neuraminidase,16:37:12.421,1.4215949594959498,38,-26.626955514049925
2,7,neuraminidase,16:37:12.422,1.42282898289829,38,-24.141283112806065
2,7,neuraminidase,16:37:12.424,1.4240630063006303,38,-20.155613928347165
2,7,neuraminidase,16:37:12.425,1.4252970297029703,38,-35.66994779738823
2,7,neuraminidase,16:37:12.426,1.4265310531053106,38,-2.1842845566442577
2,7,neuraminidase,16:37:12.427,1.4277650765076508,38,-1.6986240428302466
2,7,neuraminidase,16:37:12.428,1.428999099909991,38,-8.212966092661176
2,7,neuraminidase,16:37:12.430,1.430233123312331,38,1.7726894571479337
2,7,neuraminidase,16:37:12.452,1.4524455445544555,39,-8.985734962934544
2,7,neuraminidase,16:37:12.453,1.4536795679567958,39,-1.0000939958137138
2,7,neuraminidase,16:37:12.454,1.454913591359136,39,-29.014452163352743
2,7,neuraminidase,16:37:12.456,1.4561476147614762,39,-9.028809302266652
2,7,neuraminidase,16:37:12.474,1.4746579657965797,40,-19.743931917156857
2,7,neuraminidase,16:37:12.475,1.47589198919892,40,-15.758250391308152
2,7,neuraminidase,16:37:12.477,1.4771260126012602,40,-13.272565060989251
2,7,neuraminidase,16:37:12.478,1.4783600360036004,40,-23.786875762915145
2,7,neuraminidase,16:37:12.479,1.479594059405941,40,-28.30118233380084
2,7,neuraminidase,16:37:12.480,1.480828082808281,40,-23.315484610361324
2,7,neuraminidase,16:37:12.482,1.4820621062106212,40,-27.329782429311607
2,7,neuraminidase,16:37:12.483,1.4832961296129614,40,-14.344075627366664
2,7,neuraminidase,16:37:12.484,1.4845301530153017,40,-13.358364041241517
2,7,neuraminidase,16:37:12.495,1.495636363636364,41,-8.48671753597975
2,7,neuraminidase,16:37:12.496,1.496870387038704,41,-15.500949127377211
2,7,neuraminidase,16:37:12.498,1.4981044104410444,41,-7.515174138459429
2,7,neuraminidase,16:37:12.499,1.4993384338433844,41,-11.52939240594138
2,7,neuraminidase,16:37:12.500,1.5005724572457246,41,-26.54360376653805
2,7,neuraminidase,16:37:12.501,1.5018064806480649,41,-14.557808056964475
2,7,neuraminidase,16:37:12.503,1.5030405040504051,41,-31.572005113935617
2,7,neuraminidase,16:37:12.504,1.5042745274527454,41,-21.586194774166472
2,7,neuraminidase,16:37:12.505,1.5055085508550856,41,-15.10037687437206
2,7,neuraminidase,16:37:12.535,1.5351251125112513,42,-25.93805473071211
2,7,neuraminidase,16:37:12.536,1.5363591359135915,42,-1.451994762659453
2,7,neuraminidase,16:37:12.537,1.5375931593159318,42,-31.965922989171432
2,7,neuraminidase,16:37:12.538,1.538827182718272,42,-29.979839246963024
2,7,neuraminidase,16:37:12.540,1.5400612061206125,42,-33.99374337274922
2,7,neuraminidase,16:37:12.575,1.575847884788479,43,-17.39095163211485
2,7,neuraminidase,16:37:12.577,1.5770819081908192,43,-4.904415870212773
2,7,neuraminidase,16:37:12.578,1.5783159315931594,43,-7.417862914470177
2,7,neuraminidase,16:37:12.579,1.5795499549954997,43,-14.431292601602095
2,7,neuraminidase,16:37:12.580,1.58078397839784,43,-40.44470476832349
2,7,neuraminidase,16:37:12.582,1.5820180018001802,43,-2.458099251349381
2,7,neuraminidase,16:37:12.583,1.5832520252025204,43,-31.471475887394742
2,7,neuraminidase,16:37:12.584,1.5844860486048606,43,-13.984834513174604
2,7,neuraminidase,16:37:12.585,1.5857200720072009,43,-22.998174965403933
2,7,neuraminidase,16:37:12.631,1.6313789378937895,44,-20.97750343022213
2,7,neuraminidase,16:37:12.632,1.6326129612961298,44,-22.990032293343816
2,7,neuraminidase,16:37:12.633,1.63384698469847,44,-23.002536614799823
2,7,neuraminidase,16:37:12.635,1.6350810081008105,44,-19.51501623130516
2,7,neuraminidase,16:37:12.636,1.6363150315031505,44,-22.52747097957481
2,7,neuraminidase,16:37:12.637,1.6375490549054907,44,-32.0399006963238
2,7,neuraminidase,16:37:12.638,1.638783078307831,44,-33.552305218267094
2,7,neuraminidase,16:37:12.640,1.6400171017101712,44,-13.064684382119708
2,7,neuraminidase,16:37:12.641,1.6412511251125117,44,-11.077038024596618
2,7,neuraminidase,16:37:12.642,1.6424851485148515,44,-28.089365982412843
2,7,neuraminidase,16:37:12.643,1.643719171917192,44,-31.601668092283376
2,7,neuraminidase,16:37:12.644,1.6449531953195322,44,-21.613944190923192
2,7,neuraminidase,16:37:12.646,1.6461872187218725,44,-17.626194115047312
2,7,neuraminidase,16:37:12.647,1.6474212421242127,44,-30.63841770137072
2,7,neuraminidase,16:37:12.668,1.6683996399639969,45,-8.3420307621914
2,7,neuraminidase,16:37:12.669,1.669633663366337,45,-19.35375234636639
2,7,neuraminidase,16:37:12.670,1.6708676867686771,45,-21.8654444903256
2,7,neuraminidase,16:37:12.672,1.6721017101710174,45,-25.377107030784018
2,7,neuraminidase,16:37:12.673,1.6733357335733574,45,-1.3887398044566623
2,7,neuraminidase,16:37:12.674,1.6745697569756977,45,-16.400342648058498
2,7,neuraminidase,16:37:12.675,1.675803780378038,45,-19.41191539830456
2,7,neuraminidase,16:37:12.677,1.677037803780378,45,-22.42345789190981
2,7,neuraminidase,16:37:12.678,1.6782718271827184,45,-11.934969965589246
2,7,neuraminidase,16:37:12.684,1.6844419441944196,46,11.007931679875696
2,7,neuraminidase,16:37:12.685,1.68567596759676,46,-20.50339444526385
2,7,neuraminidase,16:37:12.686,1.6869099909991,46,-20.014689007482573
2,7,neuraminidase,16:37:12.688,1.6881440144014404,46,-20.525951843495463
2,7,neuraminidase,16:37:12.689,1.6893780378037806,46,-2.5371827900175106
2,7,neuraminidase,16:37:12.690,1.6906120612061208,46,-20.54838168376372
2,7,neuraminidase,16:37:12.691,1.691846084608461,46,-25.55954836144909
2,7,neuraminidase,16:37:12.693,1.693080108010801,46,-49.0706826597886
2,7,neuraminidase,16:37:12.694,1.6943141314131416,46,-18.081784415497268
2,7,neuraminidase,16:37:12.744,1.7449090909090912,47,-21.506922094158213
2,7,neuraminidase,16:37:12.746,1.7461431143114314,47,-13.016509613012744
2,7,neuraminidase,16:37:12.747,1.7473771377137717,47,-14.026057567981256
2,7,neuraminidase,16:37:12.748,1.7486111611161117,47,-5.535565795778751
2,7,neuraminidase,16:37:12.749,1.749845184518452,47,-5.045034133120225
2,7,neuraminidase,16:37:12.751,1.7510792079207922,47,-21.55446241672068
2,7,neuraminidase,16:37:12.752,1.7523132313231324,47,-19.06385048329512
2,7,neuraminidase,16:37:12.753,1.753547254725473,47,-18.57319816955851
2,7,neuraminidase,16:37:12.770,1.770823582358236,48,-7.199734404985748
2,7,neuraminidase,16:37:12.772,1.772057605760576,48,-15.208456792383233
2,7,neuraminidase,16:37:12.773,1.7732916291629164,48,-20.717136186909627
2,7,neuraminidase,16:37:12.774,1.7745256525652566,48,-39.72577242527993
2,7,neuraminidase,16:37:12.775,1.7757596759675969,48,-25.73436534420913
2,7,neuraminidase,16:37:12.776,1.7769936993699371,48,-38.74291478041224
2,7,neuraminidase,16:37:12.778,1.7782277227722774,48,14.74857942939576
2,7,neuraminidase,16:37:12.779,1.7794617461746176,48,-17.259882551500127
2,7,neuraminidase,16:37:12.788,1.788099909990999,49,-28.81787604153997
2,7,neuraminidase,16:37:12.789,1.7893339333933396,49,-20.32598166980685
2,7,neuraminidase,16:37:12.790,1.7905679567956798,49,-18.33404201921259
2,7,neuraminidase,16:37:12.791,1.79180198019802,49,-19.342056926472186
2,7,neuraminidase,16:37:12.793,1.7930360036003603,49,-42.85002622830062
2,7,neuraminidase,16:37:12.794,1.7942700270027006,49,-25.85794976141291
2,7,neuraminidase,16:37:12.821,1.8214185418541853,50,-5.52035751584873
2,7,neuraminidase,16:37:12.822,1.8226525652565253,50,-7.027183301828444
2,7,neuraminidase,16:37:12.823,1.823886588658866,50,-32.03395940025192
2,7,neuraminidase,16:37:12.825,1.8251206120612065,50,5.459314352165848
2,7,neuraminidase,16:37:12.826,1.8263546354635465,50,3.952638118709885
2,7,neuraminidase,16:37:12.827,1.8275886588658867,50,-17.05398793733484
2,7,neuraminidase,16:37:12.828,1.828822682268227,50,-29.0605636526833
2,7,neuraminidase,16:37:12.846,1.8460990099009904,51,-34.14724645485255
2,7,neuraminidase,16:37:12.847,1.8473330333033304,51,-23.65304746555668
2,7,neuraminidase,16:37:12.848,1.848567056705671,51,-21.6587955230045
2,7,neuraminidase,16:37:12.849,1.849801080108011,51,-34.66449046391101
2,7,neuraminidase,16:37:12.851,1.8510351035103512,51,-37.17013212499117
2,7,neuraminidase,16:37:12.852,1.852269126912692,51,-9.17572034296002
2,7,neuraminidase,16:37:12.853,1.853503150315032,51,-21.68125495453253
2,7,neuraminidase,16:37:12.854,1.854737173717372,51,-11.186735796423704
2,7,neuraminidase,16:37:12.870,1.8707794779477949,52,-16.753019405330605
2,7,neuraminidase,16:37:12.872,1.8720135013501351,52,-22.25773032675768
2,7,neuraminidase,16:37:12.873,1.873247524752476,52,-11.262385029228357
2,7,neuraminidase,16:37:12.874,1.874481548154816,52,-21.266983349457632
2,7,neuraminidase,16:37:12.875,1.875715571557156,52,-22.771525124160505
2,7,neuraminidase,16:37:12.894,1.8942259225922595,53,4.667244752266896
2,7,neuraminidase,16:37:12.895,1.8954599459946,53,-7.836370087253059
2,7,neuraminidase,16:37:12.896,1.89669396939694,53,-26.83992560540156
2,7,neuraminidase,16:37:12.897,1.89792799279928,53,-27.3434216388936
2,7,neuraminidase,16:37:12.899,1.8991620162016205,53,-37.34685802444416
2,7,neuraminidase,16:37:12.900,1.9003960396039603,53,-12.350234598768251
2,7,neuraminidase,16:37:12.901,1.9016300630063008,53,-27.85355119858086
2,7,neuraminidase,16:37:12.902,1.902864086408641,53,-23.356807660597
2,7,neuraminidase,16:37:12.904,1.9040981098109813,53,-9.860003821531636
2,7,neuraminidase,16:37:12.936,1.936182718271828,54,-13.921403404558504
2,7,neuraminidase,16:37:12.937,1.937416741674168,54,-18.42290971456161
2,7,neuraminidase,16:37:12.938,1.938650765076508,54,-37.42435115150313
2,7,neuraminidase,16:37:12.939,1.939884788478848,54,-20.925727552098053
2,7,neuraminidase,16:37:12.941,1.9411188118811884,54,-14.927038753061382
2,7,neuraminidase,16:37:12.942,1.9423528352835289,54,-7.42828459110811
2,7,neuraminidase,16:37:12.943,1.943586858685869,54,-24.429464902953228
2,7,neuraminidase,16:37:12.944,1.9448208820882087,54,-15.430579525311728
2,7,neuraminidase,16:37:12.946,1.9460549054905487,54,-13.43162829489863
2,7,neuraminidase,16:37:12.947,1.9472889288928887,54,-13.93261104842891
2,7,neuraminidase,16:37:12.948,1.9485229522952296,54,-8.933527622617575
2,7,neuraminidase,16:37:12.949,1.94975697569757,54,25.0656221458204
2,7,neuraminidase,16:37:12.950,1.95099099909991,54,-18.43516157983001
2,7,neuraminidase,16:37:12.969,1.9695013501350136,55,-26.93882572138824
2,7,neuraminidase,16:37:12.970,1.9707353735373536,55,-13.438523145692102
2,7,neuraminidase,16:37:12.971,1.971969396939694,55,-21.43815128823925
2,7,neuraminidase,16:37:12.973,1.9732034203420343,55,-9.437709985744732
2,7,neuraminidase,16:37:12.974,1.9744374437443744,55,-31.93719907492349
2,7,neuraminidase,16:37:12.975,1.9756714671467148,55,-9.436618392490573
2,7,neuraminidase,16:37:12.976,1.976905490549055,55,-22.435967775160933
2,7,neuraminidase,16:37:12.978,1.9781395139513955,55,-9.435247059649583
