,i_max,width,treatment,mouse,vessel_type,vessel,region_in_vessel,profile,repetition,y_bin_width,depth,rbc_flow,source
0,180.90182495117188,0.6440442977292058,Enzyme,20230504,pa,1.0,,0,1,1.0,0.0,yes,../../Glycocalyx_frap/20230504_Glx_B6_HAse/20230504_mouseb6_vtypa_loc1_rep1_noterecovery_80x40.nc
1,183.3826904296875,0.7513892811926759,Enzyme,20230504,pa,1.0,,1,1,1.0,0.0,yes,../../Glycocalyx_frap/20230504_Glx_B6_HAse/20230504_mouseb6_vtypa_loc1_rep1_noterecovery_80x40.nc
2,164.51351928710938,0.8133299669315228,Enzyme,20230504,pa,1.0,,2,1,1.0,0.0,yes,../../Glycocalyx_frap/20230504_Glx_B6_HAse/20230504_mouseb6_vtypa_loc1_rep1_noterecovery_80x40.nc
3,159.63397216796875,0.7159218400202079,Enzyme,20230504,pa,1.0,,3,1,1.0,0.0,yes,../../Glycocalyx_frap/20230504_Glx_B6_HAse/20230504_mouseb6_vtypa_loc1_rep1_noterecovery_80x40.nc
4,196.8757476806641,0.9015293499407192,Enzyme,20230504,pa,1.0,,0,2,1.0,0.0,yes,../../Glycocalyx_frap/20230504_Glx_B6_HAse/20230504_mouseb6_vtyppa_loc1_rep2_noterecovery_80x40.nc
5,187.91555786132807,0.8115964312479766,Enzyme,20230504,pa,1.0,,1,2,1.0,0.0,yes,../../Glycocalyx_frap/20230504_Glx_B6_HAse/20230504_mouseb6_vtyppa_loc1_rep2_noterecovery_80x40.nc
6,174.00299072265625,0.8487316020771098,Enzyme,20230504,pa,1.0,,2,2,1.0,0.0,yes,../../Glycocalyx_frap/20230504_Glx_B6_HAse/20230504_mouseb6_vtyppa_loc1_rep2_noterecovery_80x40.nc
7,165.2088623046875,1.0338960438465783,Enzyme,20230504,pa,1.0,,3,2,1.0,0.0,yes,../../Glycocalyx_frap/20230504_Glx_B6_HAse/20230504_mouseb6_vtyppa_loc1_rep2_noterecovery_80x40.nc
8,166.4932098388672,0.6923609808977078,Enzyme,20230504,pa,1.0,,0,2,1.0,0.0,yes,../../Glycocalyx_frap/20230504_Glx_B6_HAse/20230504_mouseb6_vtyppa_loc1_rep2_noterecovery_80x40_0001.nc
9,163.11314392089844,0.7036956543132389,Enzyme,20230504,pa,1.0,,1,2,1.0,0.0,yes,../../Glycocalyx_frap/20230504_Glx_B6_HAse/20230504_mouseb6_vtyppa_loc1_rep2_noterecovery_80x40_0001.nc
10,148.45933532714844,0.6728023439583248,Enzyme,20230504,pa,1.0,,2,2,1.0,0.0,yes,../../Glycocalyx_frap/20230504_Glx_B6_HAse/20230504_mouseb6_vtyppa_loc1_rep2_noterecovery_80x40_0001.nc
11,149.0576171875,0.7522112876600104,Enzyme,20230504,pa,1.0,,3,2,1.0,0.0,yes,../../Glycocalyx_frap/20230504_Glx_B6_HAse/20230504_mouseb6_vtyppa_loc1_rep2_noterecovery_80x40_0001.nc
12,102.5107421875,0.651717088947894,Enzyme,20230504,pa,1.0,,0,2,1.0,0.0,yes,../../Glycocalyx_frap/20230504_Glx_B6_HAse/20230504_mouseb6_vtyppa_loc1_rep2_noterecovery_80x40_0002.nc
13,97.86387634277344,0.7511324496661134,Enzyme,20230504,pa,1.0,,1,2,1.0,0.0,yes,../../Glycocalyx_frap/20230504_Glx_B6_HAse/20230504_mouseb6_vtyppa_loc1_rep2_noterecovery_80x40_0002.nc
14,91.80060577392578,0.9170462032066472,Enzyme,20230504,pa,1.0,,2,2,1.0,0.0,yes,../../Glycocalyx_frap/20230504_Glx_B6_HAse/20230504_mouseb6_vtyppa_loc1_rep2_noterecovery_80x40_0002.nc
15,94.4394989013672,0.917822617124961,Enzyme,20230504,pa,1.0,,3,2,1.0,0.0,yes,../../Glycocalyx_frap/20230504_Glx_B6_HAse/20230504_mouseb6_vtyppa_loc1_rep2_noterecovery_80x40_0002.nc
16,180.1024932861328,0.6254824198359152,Enzyme,20230504,pa,1.0,,0,2,1.0,0.0,yes,../../Glycocalyx_frap/20230504_Glx_B6_HAse/20230504_mouseb6_vtyppa_loc1_rep2_noterecovery_80x40_0003.nc
17,156.88185119628906,0.5666716444596132,Enzyme,20230504,pa,1.0,,1,2,1.0,0.0,yes,../../Glycocalyx_frap/20230504_Glx_B6_HAse/20230504_mouseb6_vtyppa_loc1_rep2_noterecovery_80x40_0003.nc
18,144.40963745117188,0.864514089475799,Enzyme,20230504,pa,1.0,,2,2,1.0,0.0,yes,../../Glycocalyx_frap/20230504_Glx_B6_HAse/20230504_mouseb6_vtyppa_loc1_rep2_noterecovery_80x40_0003.nc
19,168.77711486816406,0.6481343117227025,Enzyme,20230504,pa,1.0,,3,2,1.0,0.0,yes,../../Glycocalyx_frap/20230504_Glx_B6_HAse/20230504_mouseb6_vtyppa_loc1_rep2_noterecovery_80x40_0003.nc
20,188.9195347136516,0.6147076049093254,Enzyme,20230510,pa,1.0,1,0,1,1.0,0.0,yes,../../Glycocalyx_frap/20230510_Glx_B6_HAse/20230510_mouseb6_vtyppa_loc1_roi1_rep1_noterecovery.nc
21,184.85566022213004,0.5706074062872073,Enzyme,20230510,pa,1.0,1,1,1,1.0,0.0,yes,../../Glycocalyx_frap/20230510_Glx_B6_HAse/20230510_mouseb6_vtyppa_loc1_roi1_rep1_noterecovery.nc
22,174.88962566844842,0.7450987344265858,Enzyme,20230510,pa,1.0,1,2,1,1.0,0.0,yes,../../Glycocalyx_frap/20230510_Glx_B6_HAse/20230510_mouseb6_vtyppa_loc1_roi1_rep1_noterecovery.nc
23,206.51781160016364,0.7280668855109163,Enzyme,20230510,pa,1.0,1,3,1,1.0,0.0,yes,../../Glycocalyx_frap/20230510_Glx_B6_HAse/20230510_mouseb6_vtyppa_loc1_roi1_rep1_noterecovery.nc
24,203.58122583298965,0.7472073144970199,Enzyme,20230510,pa,1.0,1,4,1,1.0,0.0,yes,../../Glycocalyx_frap/20230510_Glx_B6_HAse/20230510_mouseb6_vtyppa_loc1_roi1_rep1_noterecovery.nc
25,210.1501192924713,0.6643763211703657,Enzyme,20230510,pa,1.0,1,5,1,1.0,0.0,yes,../../Glycocalyx_frap/20230510_Glx_B6_HAse/20230510_mouseb6_vtyppa_loc1_roi1_rep1_noterecovery.nc
26,218.56562731386165,0.7308792531556545,Enzyme,20230510,pa,1.0,1,6,1,1.0,0.0,yes,../../Glycocalyx_frap/20230510_Glx_B6_HAse/20230510_mouseb6_vtyppa_loc1_roi1_rep1_noterecovery.nc
27,200.02789798436768,0.81638694104522,Enzyme,20230510,pa,1.0,1,7,1,1.0,0.0,yes,../../Glycocalyx_frap/20230510_Glx_B6_HAse/20230510_mouseb6_vtyppa_loc1_roi1_rep1_noterecovery.nc
28,116.80969422734076,0.6762292129758807,Enzyme,20230511,pa,1.0,1,0,1,1.0,0.0,yes,../../Glycocalyx_frap/20230511_Glx_B6_HAse/20230511_mouseb6_vtyppa_loc1_roi1_rep1_noterecovery.nc
29,113.07080213903694,0.6021413813485887,Enzyme,20230511,pa,1.0,1,1,1,1.0,0.0,yes,../../Glycocalyx_frap/20230511_Glx_B6_HAse/20230511_mouseb6_vtyppa_loc1_roi1_rep1_noterecovery.nc
30,104.57888111888066,0.6782556696585571,Enzyme,20230511,pa,1.0,1,2,1,1.0,0.0,yes,../../Glycocalyx_frap/20230511_Glx_B6_HAse/20230511_mouseb6_vtyppa_loc1_roi1_rep1_noterecovery.nc
31,103.28805429864208,0.7340872718120117,Enzyme,20230511,pa,1.0,1,3,1,1.0,0.0,yes,../../Glycocalyx_frap/20230511_Glx_B6_HAse/20230511_mouseb6_vtyppa_loc1_roi1_rep1_noterecovery.nc
32,100.2403126285475,0.7848380348306048,Enzyme,20230511,pa,1.0,1,4,1,1.0,0.0,yes,../../Glycocalyx_frap/20230511_Glx_B6_HAse/20230511_mouseb6_vtyppa_loc1_roi1_rep1_noterecovery.nc
33,100.24209790209744,0.7513148912831076,Enzyme,20230511,pa,1.0,1,5,1,1.0,0.0,yes,../../Glycocalyx_frap/20230511_Glx_B6_HAse/20230511_mouseb6_vtyppa_loc1_roi1_rep1_noterecovery.nc
34,101.50196626902468,0.7531579875824663,Enzyme,20230511,pa,1.0,1,6,1,1.0,0.0,yes,../../Glycocalyx_frap/20230511_Glx_B6_HAse/20230511_mouseb6_vtyppa_loc1_roi1_rep1_noterecovery.nc
35,100.298116001645,0.7257564059564743,Enzyme,20230511,pa,1.0,1,7,1,1.0,0.0,yes,../../Glycocalyx_frap/20230511_Glx_B6_HAse/20230511_mouseb6_vtyppa_loc1_roi1_rep1_noterecovery.nc
36,374.5419031948428,0.5613934048675215,Saline,20230512,pa,2.0,1,0,1,1.0,0.0,yes,../../Glycocalyx_frap/20230512_Glx_B6_HAse/20230512_mouseb6_vtyppa_loc2_roi1_rep1_noterecovery.nc
37,387.4366639243093,0.6149840740482837,Saline,20230512,pa,2.0,1,1,1,1.0,0.0,yes,../../Glycocalyx_frap/20230512_Glx_B6_HAse/20230512_mouseb6_vtyppa_loc2_roi1_rep1_noterecovery.nc
38,390.74205265322746,0.5875102193259654,Saline,20230512,pa,2.0,1,2,1,1.0,0.0,yes,../../Glycocalyx_frap/20230512_Glx_B6_HAse/20230512_mouseb6_vtyppa_loc2_roi1_rep1_noterecovery.nc
39,371.5242780748648,0.5570751781043057,Saline,20230512,pa,2.0,1,3,1,1.0,0.0,yes,../../Glycocalyx_frap/20230512_Glx_B6_HAse/20230512_mouseb6_vtyppa_loc2_roi1_rep1_noterecovery.nc
40,358.258148909912,0.6834159534671311,Saline,20230512,pa,2.0,1,4,1,1.0,0.0,yes,../../Glycocalyx_frap/20230512_Glx_B6_HAse/20230512_mouseb6_vtyppa_loc2_roi1_rep1_noterecovery.nc
41,370.8137679967076,0.5734582525288658,Saline,20230512,pa,2.0,1,5,1,1.0,0.0,yes,../../Glycocalyx_frap/20230512_Glx_B6_HAse/20230512_mouseb6_vtyppa_loc2_roi1_rep1_noterecovery.nc
42,359.83615384615234,0.5726203533822343,Saline,20230512,pa,2.0,1,6,1,1.0,0.0,yes,../../Glycocalyx_frap/20230512_Glx_B6_HAse/20230512_mouseb6_vtyppa_loc2_roi1_rep1_noterecovery.nc
43,339.37688605511994,0.6911878817442005,Saline,20230512,pa,2.0,1,7,1,1.0,0.0,yes,../../Glycocalyx_frap/20230512_Glx_B6_HAse/20230512_mouseb6_vtyppa_loc2_roi1_rep1_noterecovery.nc
44,276.24727364139005,0.5711811303578251,Saline,20230512,pa,2.0,1,0,2,1.0,0.0,yes,../../Glycocalyx_frap/20230512_Glx_B6_HAse/20230512_mouseb6_vtyppa_loc2_roi1_rep2_noterecovery.nc
45,290.8539819004511,0.7535747204519723,Saline,20230512,pa,2.0,1,1,2,1.0,0.0,yes,../../Glycocalyx_frap/20230512_Glx_B6_HAse/20230512_mouseb6_vtyppa_loc2_roi1_rep2_noterecovery.nc
46,297.60610859728376,0.7536416340460708,Saline,20230512,pa,2.0,1,2,2,1.0,0.0,yes,../../Glycocalyx_frap/20230512_Glx_B6_HAse/20230512_mouseb6_vtyppa_loc2_roi1_rep2_noterecovery.nc
47,270.81413821472535,0.662915356861939,Saline,20230512,pa,2.0,1,3,2,1.0,0.0,yes,../../Glycocalyx_frap/20230512_Glx_B6_HAse/20230512_mouseb6_vtyppa_loc2_roi1_rep2_noterecovery.nc
48,271.2825174825163,0.7349435700159965,Saline,20230512,pa,2.0,1,4,2,1.0,0.0,yes,../../Glycocalyx_frap/20230512_Glx_B6_HAse/20230512_mouseb6_vtyppa_loc2_roi1_rep2_noterecovery.nc
49,267.72130810365985,0.73323737385366,Saline,20230512,pa,2.0,1,5,2,1.0,0.0,yes,../../Glycocalyx_frap/20230512_Glx_B6_HAse/20230512_mouseb6_vtyppa_loc2_roi1_rep2_noterecovery.nc
50,246.47640065816427,0.7268760449782956,Saline,20230512,pa,2.0,1,6,2,1.0,0.0,yes,../../Glycocalyx_frap/20230512_Glx_B6_HAse/20230512_mouseb6_vtyppa_loc2_roi1_rep2_noterecovery.nc
51,238.26308515014287,0.8099836955460162,Saline,20230512,pa,2.0,1,7,2,1.0,0.0,yes,../../Glycocalyx_frap/20230512_Glx_B6_HAse/20230512_mouseb6_vtyppa_loc2_roi1_rep2_noterecovery.nc
52,292.253421088714,0.5877965040781064,Saline,20230512,pa,2.0,1,0,3,1.0,0.0,yes,../../Glycocalyx_frap/20230512_Glx_B6_HAse/20230512_mouseb6_vtyppa_loc2_roi1_rep3_noterecovery.nc
53,325.8181489099122,0.6168506404775922,Saline,20230512,pa,2.0,1,1,3,1.0,0.0,yes,../../Glycocalyx_frap/20230512_Glx_B6_HAse/20230512_mouseb6_vtyppa_loc2_roi1_rep3_noterecovery.nc
54,288.3944549568066,0.6919388197365866,Saline,20230512,pa,2.0,1,2,3,1.0,0.0,yes,../../Glycocalyx_frap/20230512_Glx_B6_HAse/20230512_mouseb6_vtyppa_loc2_roi1_rep3_noterecovery.nc
55,246.929609214314,0.8679237988626358,Saline,20230512,pa,2.0,1,3,3,1.0,0.0,yes,../../Glycocalyx_frap/20230512_Glx_B6_HAse/20230512_mouseb6_vtyppa_loc2_roi1_rep3_noterecovery.nc
56,361.1080995475097,0.696276471620628,Saline,20230512,pa,2.0,1,4,3,1.0,0.0,yes,../../Glycocalyx_frap/20230512_Glx_B6_HAse/20230512_mouseb6_vtyppa_loc2_roi1_rep3_noterecovery.nc
57,359.18251748251583,0.7633830764361473,Saline,20230512,pa,2.0,1,5,3,1.0,0.0,yes,../../Glycocalyx_frap/20230512_Glx_B6_HAse/20230512_mouseb6_vtyppa_loc2_roi1_rep3_noterecovery.nc
58,432.10737967914247,0.7910083315202439,Saline,20230512,pa,2.0,1,6,3,1.0,0.0,yes,../../Glycocalyx_frap/20230512_Glx_B6_HAse/20230512_mouseb6_vtyppa_loc2_roi1_rep3_noterecovery.nc
59,448.6956355409277,0.7111211395675419,Saline,20230512,pa,2.0,1,7,3,1.0,0.0,yes,../../Glycocalyx_frap/20230512_Glx_B6_HAse/20230512_mouseb6_vtyppa_loc2_roi1_rep3_noterecovery.nc
60,116.42427898898438,0.7302561146180455,Saline,20230513,pa,1.0,1,0,1,1.0,0.0,yes,../../Glycocalyx_frap/20230513_Glx_B6_HAse/20230512_mouseb6_vtyppa_loc1_roi1_rep1_noterecovery.nc
61,126.32854792266504,0.6956742465339332,Saline,20230513,pa,1.0,1,1,1,1.0,0.0,yes,../../Glycocalyx_frap/20230513_Glx_B6_HAse/20230512_mouseb6_vtyppa_loc1_roi1_rep1_noterecovery.nc
62,140.87471822295288,0.6157804709575547,Saline,20230513,pa,1.0,1,2,1,1.0,0.0,yes,../../Glycocalyx_frap/20230513_Glx_B6_HAse/20230512_mouseb6_vtyppa_loc1_roi1_rep1_noterecovery.nc
63,151.1364047716982,0.5820399805498262,Saline,20230513,pa,1.0,1,3,1,1.0,0.0,yes,../../Glycocalyx_frap/20230513_Glx_B6_HAse/20230512_mouseb6_vtyppa_loc1_roi1_rep1_noterecovery.nc
64,133.87080213903687,0.5622938375996238,Saline,20230513,pa,1.0,1,4,1,1.0,0.0,yes,../../Glycocalyx_frap/20230513_Glx_B6_HAse/20230512_mouseb6_vtyppa_loc1_roi1_rep1_noterecovery.nc
65,128.33957219251283,0.6826134830671879,Saline,20230513,pa,1.0,1,5,1,1.0,0.0,yes,../../Glycocalyx_frap/20230513_Glx_B6_HAse/20230512_mouseb6_vtyppa_loc1_roi1_rep1_noterecovery.nc
66,126.35409296585716,0.5471783924779157,Saline,20230513,pa,1.0,1,6,1,1.0,0.0,yes,../../Glycocalyx_frap/20230513_Glx_B6_HAse/20230512_mouseb6_vtyppa_loc1_roi1_rep1_noterecovery.nc
67,123.65641299876545,0.6366109750861,Saline,20230513,pa,1.0,1,7,1,1.0,0.0,yes,../../Glycocalyx_frap/20230513_Glx_B6_HAse/20230512_mouseb6_vtyppa_loc1_roi1_rep1_noterecovery.nc
68,114.95542300836368,0.7158262765156884,Saline,20230513,pa,1.0,2,0,1,1.0,0.0,yes,../../Glycocalyx_frap/20230513_Glx_B6_HAse/20230512_mouseb6_vtyppa_loc1_roi2_rep1_noterecovery.nc
69,134.1054997943227,0.7850752234345482,Saline,20230513,pa,1.0,2,1,1,1.0,0.0,yes,../../Glycocalyx_frap/20230513_Glx_B6_HAse/20230512_mouseb6_vtyppa_loc1_roi2_rep1_noterecovery.nc
70,124.4517030028789,0.7318219517464897,Saline,20230513,pa,1.0,2,2,1,1.0,0.0,yes,../../Glycocalyx_frap/20230513_Glx_B6_HAse/20230512_mouseb6_vtyppa_loc1_roi2_rep1_noterecovery.nc
71,109.5029411764701,0.837794792172005,Saline,20230513,pa,1.0,2,3,1,1.0,0.0,yes,../../Glycocalyx_frap/20230513_Glx_B6_HAse/20230512_mouseb6_vtyppa_loc1_roi2_rep1_noterecovery.nc
72,132.27084327437206,0.776780973372615,Saline,20230513,pa,1.0,2,4,1,1.0,0.0,yes,../../Glycocalyx_frap/20230513_Glx_B6_HAse/20230512_mouseb6_vtyppa_loc1_roi2_rep1_noterecovery.nc
73,125.6874496092138,0.6280961120836288,Saline,20230513,pa,1.0,2,5,1,1.0,0.0,yes,../../Glycocalyx_frap/20230513_Glx_B6_HAse/20230512_mouseb6_vtyppa_loc1_roi2_rep1_noterecovery.nc
74,100.53347182229489,0.9131958030500442,Saline,20230513,pa,1.0,2,6,1,1.0,0.0,yes,../../Glycocalyx_frap/20230513_Glx_B6_HAse/20230512_mouseb6_vtyppa_loc1_roi2_rep1_noterecovery.nc
75,101.75635952282968,0.7352583168142832,Saline,20230513,pa,1.0,2,7,1,1.0,0.0,yes,../../Glycocalyx_frap/20230513_Glx_B6_HAse/20230512_mouseb6_vtyppa_loc1_roi2_rep1_noterecovery.nc
76,184.1728095433969,0.9306528213574516,Saline,20230517,pa,2.0,1,0,1,1.0,0.0,yes,../../Glycocalyx_frap/20230517_Glx_B6_HAse/20230517_mouseb6_vtyppa_loc2_roi1_rep1_noterecovery.nc
77,206.50350061702912,0.9599524807364794,Saline,20230517,pa,2.0,1,1,1,1.0,0.0,yes,../../Glycocalyx_frap/20230517_Glx_B6_HAse/20230517_mouseb6_vtyppa_loc2_roi1_rep1_noterecovery.nc
78,221.55392842451565,1.1515665034961238,Saline,20230517,pa,2.0,1,2,1,1.0,0.0,yes,../../Glycocalyx_frap/20230517_Glx_B6_HAse/20230517_mouseb6_vtyppa_loc2_roi1_rep1_noterecovery.nc
79,199.29628547922573,1.2749067629037274,Saline,20230517,pa,2.0,1,3,1,1.0,0.0,yes,../../Glycocalyx_frap/20230517_Glx_B6_HAse/20230517_mouseb6_vtyppa_loc2_roi1_rep1_noterecovery.nc
80,213.5503702180163,0.9526296630252348,Saline,20230517,pa,2.0,1,4,1,1.0,0.0,yes,../../Glycocalyx_frap/20230517_Glx_B6_HAse/20230517_mouseb6_vtyppa_loc2_roi1_rep1_noterecovery.nc
81,194.86467708761737,1.1667957603417474,Saline,20230517,pa,2.0,1,5,1,1.0,0.0,yes,../../Glycocalyx_frap/20230517_Glx_B6_HAse/20230517_mouseb6_vtyppa_loc2_roi1_rep1_noterecovery.nc
82,222.38602221308005,0.8150850852446272,Saline,20230517,pa,2.0,1,6,1,1.0,0.0,yes,../../Glycocalyx_frap/20230517_Glx_B6_HAse/20230517_mouseb6_vtyppa_loc2_roi1_rep1_noterecovery.nc
83,232.74468942821775,0.7965089589389951,Saline,20230517,pa,2.0,1,7,1,1.0,0.0,yes,../../Glycocalyx_frap/20230517_Glx_B6_HAse/20230517_mouseb6_vtyppa_loc2_roi1_rep1_noterecovery.nc
84,134.19465697700932,1.2886122342962008,Saline,20230517,pa,2.0,2,0,1,1.0,0.0,yes,../../Glycocalyx_frap/20230517_Glx_B6_HAse/20230517_mouseb6_vtyppa_loc2_roi2_rep1_noterecovery.nc
85,151.00993829699647,0.7718239419510287,Saline,20230517,pa,2.0,2,1,1,1.0,0.0,yes,../../Glycocalyx_frap/20230517_Glx_B6_HAse/20230517_mouseb6_vtyppa_loc2_roi2_rep1_noterecovery.nc
86,150.3207322089668,0.9066774117758404,Saline,20230517,pa,2.0,2,2,1,1.0,0.0,yes,../../Glycocalyx_frap/20230517_Glx_B6_HAse/20230517_mouseb6_vtyppa_loc2_roi2_rep1_noterecovery.nc
87,150.57570135746545,0.6515076401409932,Saline,20230517,pa,2.0,2,3,1,1.0,0.0,yes,../../Glycocalyx_frap/20230517_Glx_B6_HAse/20230517_mouseb6_vtyppa_loc2_roi2_rep1_noterecovery.nc
88,209.71007815713605,0.7546068537430912,Enzyme,20230523,pa,1.0,1,0,,1.0,0.0,yes,../../Glycocalyx_frap/20230523_Glx_B6_HAse/20230523_mouseb6_vtyppa_loc1_roi1_noterecovery.nc
89,182.1091855203612,0.8167194566994631,Enzyme,20230523,pa,1.0,1,1,,1.0,0.0,yes,../../Glycocalyx_frap/20230523_Glx_B6_HAse/20230523_mouseb6_vtyppa_loc1_roi1_noterecovery.nc
90,177.13310160427727,0.8543536334541475,Enzyme,20230523,pa,1.0,1,2,,1.0,0.0,yes,../../Glycocalyx_frap/20230523_Glx_B6_HAse/20230523_mouseb6_vtyppa_loc1_roi1_noterecovery.nc
91,176.74613739201894,0.8355864682250607,Enzyme,20230523,pa,1.0,1,3,,1.0,0.0,yes,../../Glycocalyx_frap/20230523_Glx_B6_HAse/20230523_mouseb6_vtyppa_loc1_roi1_noterecovery.nc
92,189.5467708761817,0.8354851201030726,Enzyme,20230523,pa,1.0,1,4,,1.0,0.0,yes,../../Glycocalyx_frap/20230523_Glx_B6_HAse/20230523_mouseb6_vtyppa_loc1_roi1_noterecovery.nc
93,193.20204853969477,0.8169839220867612,Enzyme,20230523,pa,1.0,1,5,,1.0,0.0,yes,../../Glycocalyx_frap/20230523_Glx_B6_HAse/20230523_mouseb6_vtyppa_loc1_roi1_noterecovery.nc
94,188.82177293294856,0.8030743418384239,Enzyme,20230523,pa,1.0,1,6,,1.0,0.0,yes,../../Glycocalyx_frap/20230523_Glx_B6_HAse/20230523_mouseb6_vtyppa_loc1_roi1_noterecovery.nc
95,182.45965857671655,0.7040681568241034,Enzyme,20230523,pa,1.0,1,7,,1.0,0.0,yes,../../Glycocalyx_frap/20230523_Glx_B6_HAse/20230523_mouseb6_vtyppa_loc1_roi1_noterecovery.nc
96,147.60269664975485,0.6347850650565814,Enzyme,20230523,pa,1.0,2,0,,1.0,0.0,yes,../../Glycocalyx_frap/20230523_Glx_B6_HAse/20230523_mouseb6_vtyppa_loc1_roi2_noterecovery.nc
97,132.34953105717744,0.5896271972465392,Enzyme,20230523,pa,1.0,2,1,,1.0,0.0,yes,../../Glycocalyx_frap/20230523_Glx_B6_HAse/20230523_mouseb6_vtyppa_loc1_roi2_noterecovery.nc
98,135.17036199094963,0.7172179945292845,Enzyme,20230523,pa,1.0,2,2,,1.0,0.0,yes,../../Glycocalyx_frap/20230523_Glx_B6_HAse/20230523_mouseb6_vtyppa_loc1_roi2_noterecovery.nc
99,121.45957219251284,0.7133012729965973,Enzyme,20230523,pa,1.0,2,3,,1.0,0.0,yes,../../Glycocalyx_frap/20230523_Glx_B6_HAse/20230523_mouseb6_vtyppa_loc1_roi2_noterecovery.nc
100,133.38245989304752,0.6008422871022168,Enzyme,20230523,pa,1.0,2,4,,1.0,0.0,yes,../../Glycocalyx_frap/20230523_Glx_B6_HAse/20230523_mouseb6_vtyppa_loc1_roi2_noterecovery.nc
101,143.94083916083855,0.726823073338112,Enzyme,20230523,pa,1.0,2,5,,1.0,0.0,yes,../../Glycocalyx_frap/20230523_Glx_B6_HAse/20230523_mouseb6_vtyppa_loc1_roi2_noterecovery.nc
102,149.8735870012334,0.7556127800598631,Enzyme,20230523,pa,1.0,2,6,,1.0,0.0,yes,../../Glycocalyx_frap/20230523_Glx_B6_HAse/20230523_mouseb6_vtyppa_loc1_roi2_noterecovery.nc
103,110.47991772932905,0.5863196989372135,Enzyme,20230523,pa,1.0,2,7,,1.0,0.0,yes,../../Glycocalyx_frap/20230523_Glx_B6_HAse/20230523_mouseb6_vtyppa_loc1_roi2_noterecovery.nc
104,260.2871612048071,0.80196507794893,Saline,20230524,pa,1.0,1,0,,1.0,0.0,yes,../../Glycocalyx_frap/20230524_Glx_B6_HAse/20230524_mouseb6_vtyppa_loc1_roi1_noterecovery.nc
105,245.4733401892215,0.629082660443359,Saline,20230524,pa,1.0,1,1,,1.0,0.0,yes,../../Glycocalyx_frap/20230524_Glx_B6_HAse/20230524_mouseb6_vtyppa_loc1_roi1_noterecovery.nc
106,258.03438914027043,0.6001130371834158,Saline,20230524,pa,1.0,1,2,,1.0,0.0,yes,../../Glycocalyx_frap/20230524_Glx_B6_HAse/20230524_mouseb6_vtyppa_loc1_roi1_noterecovery.nc
107,248.75711229946413,0.7580589517284544,Saline,20230524,pa,1.0,1,3,,1.0,0.0,yes,../../Glycocalyx_frap/20230524_Glx_B6_HAse/20230524_mouseb6_vtyppa_loc1_roi1_noterecovery.nc
108,220.947392019744,0.8009687030023702,Saline,20230524,pa,1.0,1,4,,1.0,0.0,yes,../../Glycocalyx_frap/20230524_Glx_B6_HAse/20230524_mouseb6_vtyppa_loc1_roi1_noterecovery.nc
109,242.65246400658063,0.7399701989353602,Saline,20230524,pa,1.0,1,5,,1.0,0.0,yes,../../Glycocalyx_frap/20230524_Glx_B6_HAse/20230524_mouseb6_vtyppa_loc1_roi1_noterecovery.nc
110,242.69206910736216,0.8081701390917679,Saline,20230524,pa,1.0,1,6,,1.0,0.0,yes,../../Glycocalyx_frap/20230524_Glx_B6_HAse/20230524_mouseb6_vtyppa_loc1_roi1_noterecovery.nc
111,229.5420979020969,0.7432379541399641,Saline,20230524,pa,1.0,1,7,,1.0,0.0,yes,../../Glycocalyx_frap/20230524_Glx_B6_HAse/20230524_mouseb6_vtyppa_loc1_roi1_noterecovery.nc
112,236.34276703688369,0.732056278786116,Saline,20230524,pa,1.0,1,0,,1.0,0.0,yes,../../Glycocalyx_frap/20230524_Glx_B6_HAse/20230524_mouseb6_vtyppa_loc1_roi2_noterecovery-near-roi1.nc
113,209.85229123817265,0.7142371506033403,Saline,20230524,pa,1.0,1,1,,1.0,0.0,yes,../../Glycocalyx_frap/20230524_Glx_B6_HAse/20230524_mouseb6_vtyppa_loc1_roi2_noterecovery-near-roi1.nc
114,228.3949609214305,0.815431716691684,Saline,20230524,pa,1.0,1,2,,1.0,0.0,yes,../../Glycocalyx_frap/20230524_Glx_B6_HAse/20230524_mouseb6_vtyppa_loc1_roi2_noterecovery-near-roi1.nc
115,234.15893870834944,0.6532767478257462,Saline,20230524,pa,1.0,1,3,,1.0,0.0,yes,../../Glycocalyx_frap/20230524_Glx_B6_HAse/20230524_mouseb6_vtyppa_loc1_roi2_noterecovery-near-roi1.nc
116,253.56714932126584,0.6450165785799946,Saline,20230524,pa,1.0,1,4,,1.0,0.0,yes,../../Glycocalyx_frap/20230524_Glx_B6_HAse/20230524_mouseb6_vtyppa_loc1_roi2_noterecovery-near-roi1.nc
117,208.5082805429855,0.9643196018147736,Saline,20230524,pa,1.0,1,5,,1.0,0.0,yes,../../Glycocalyx_frap/20230524_Glx_B6_HAse/20230524_mouseb6_vtyppa_loc1_roi2_noterecovery-near-roi1.nc
118,185.80789387083428,0.8493011483668713,Saline,20230524,pa,1.0,1,6,,1.0,0.0,yes,../../Glycocalyx_frap/20230524_Glx_B6_HAse/20230524_mouseb6_vtyppa_loc1_roi2_noterecovery-near-roi1.nc
119,230.49768408062425,0.8892175388818222,Saline,20230524,pa,1.0,1,7,,1.0,0.0,yes,../../Glycocalyx_frap/20230524_Glx_B6_HAse/20230524_mouseb6_vtyppa_loc1_roi2_noterecovery-near-roi1.nc
120,227.9509575391918,0.8897024416886072,Enzyme,20230526,pa,1.0,1,0,1,1.0,0.0,yes,../../Glycocalyx_frap/20230526_Glx_B6_HAse/20230526_mouseb6_vtyppa_loc1_roi1_rep1_noterecovery-activealignment.nc
121,201.7503537638823,0.9158121281116304,Enzyme,20230526,pa,1.0,1,1,1,1.0,0.0,yes,../../Glycocalyx_frap/20230526_Glx_B6_HAse/20230526_mouseb6_vtyppa_loc1_roi1_rep1_noterecovery-activealignment.nc
122,182.20521184697571,0.9513441220370566,Enzyme,20230526,pa,1.0,1,2,1,1.0,0.0,yes,../../Glycocalyx_frap/20230526_Glx_B6_HAse/20230526_mouseb6_vtyppa_loc1_roi1_rep1_noterecovery-activealignment.nc
123,177.4322583299046,0.8668291193898732,Enzyme,20230526,pa,1.0,1,3,1,1.0,0.0,yes,../../Glycocalyx_frap/20230526_Glx_B6_HAse/20230526_mouseb6_vtyppa_loc1_roi1_rep1_noterecovery-activealignment.nc
124,156.45479638008985,0.9671711088218052,Enzyme,20230526,pa,1.0,1,4,1,1.0,0.0,yes,../../Glycocalyx_frap/20230526_Glx_B6_HAse/20230526_mouseb6_vtyppa_loc1_roi1_rep1_noterecovery-activealignment.nc
125,169.79564376799593,0.9266444204616544,Enzyme,20230526,pa,1.0,1,5,1,1.0,0.0,yes,../../Glycocalyx_frap/20230526_Glx_B6_HAse/20230526_mouseb6_vtyppa_loc1_roi1_rep1_noterecovery-activealignment.nc
126,183.77600575894616,1.1897886111149545,Enzyme,20230526,pa,1.0,1,6,1,1.0,0.0,yes,../../Glycocalyx_frap/20230526_Glx_B6_HAse/20230526_mouseb6_vtyppa_loc1_roi1_rep1_noterecovery-activealignment.nc
127,178.45366515837028,0.9493686156186368,Enzyme,20230526,pa,1.0,1,7,1,1.0,0.0,yes,../../Glycocalyx_frap/20230526_Glx_B6_HAse/20230526_mouseb6_vtyppa_loc1_roi1_rep1_noterecovery-activealignment.nc
128,363.5663741487255,0.7737321880604764,Enzyme,20230527,pa,1.0,,0,,1.0,0.0,yes,../../Glycocalyx_frap/20230527_Glx_B6_HAse/20230527_mouseb6_vtyppa_loc1_noterecovery.nc
129,380.05046482928674,0.6511542779197157,Enzyme,20230527,pa,1.0,,1,,1.0,0.0,yes,../../Glycocalyx_frap/20230527_Glx_B6_HAse/20230527_mouseb6_vtyppa_loc1_noterecovery.nc
130,325.6672603866707,0.6969993263829402,Enzyme,20230527,pa,1.0,,2,,1.0,0.0,yes,../../Glycocalyx_frap/20230527_Glx_B6_HAse/20230527_mouseb6_vtyppa_loc1_noterecovery.nc
131,355.5320649938281,0.6983266305559823,Enzyme,20230527,pa,1.0,,3,,1.0,0.0,yes,../../Glycocalyx_frap/20230527_Glx_B6_HAse/20230527_mouseb6_vtyppa_loc1_noterecovery.nc
132,353.93229946523905,0.6990634916163536,Enzyme,20230527,pa,1.0,,4,,1.0,0.0,yes,../../Glycocalyx_frap/20230527_Glx_B6_HAse/20230527_mouseb6_vtyppa_loc1_noterecovery.nc
133,357.54736322500867,0.732078274127991,Enzyme,20230527,pa,1.0,,5,,1.0,0.0,yes,../../Glycocalyx_frap/20230527_Glx_B6_HAse/20230527_mouseb6_vtyppa_loc1_noterecovery.nc
134,347.2525133689824,0.7254973443931245,Enzyme,20230527,pa,1.0,,6,,1.0,0.0,yes,../../Glycocalyx_frap/20230527_Glx_B6_HAse/20230527_mouseb6_vtyppa_loc1_noterecovery.nc
135,374.0607733443012,0.6613206724917333,Enzyme,20230527,pa,1.0,,7,,1.0,0.0,yes,../../Glycocalyx_frap/20230527_Glx_B6_HAse/20230527_mouseb6_vtyppa_loc1_noterecovery.nc
136,219.698974609375,0.7591767992122538,Enzyme,20230504,pa,1.0,1,0,1,1.0,0.0,yes,../20230504_Glx_B6_HAse/20230504_mouseb6_vtyppa_loc1_roi1_rep1_PRE.nc
137,227.126708984375,0.6469955623411234,Enzyme,20230504,pa,1.0,1,1,1,1.0,0.0,yes,../20230504_Glx_B6_HAse/20230504_mouseb6_vtyppa_loc1_roi1_rep1_PRE.nc
138,231.87884521484372,0.7080075818186877,Enzyme,20230504,pa,1.0,1,2,1,1.0,0.0,yes,../20230504_Glx_B6_HAse/20230504_mouseb6_vtyppa_loc1_roi1_rep1_PRE.nc
139,243.9230194091797,0.7043039010461349,Enzyme,20230504,pa,1.0,1,3,1,1.0,0.0,yes,../20230504_Glx_B6_HAse/20230504_mouseb6_vtyppa_loc1_roi1_rep1_PRE.nc
140,244.28927612304688,0.6409208868755609,Enzyme,20230504,pa,1.0,1,4,1,1.0,0.0,yes,../20230504_Glx_B6_HAse/20230504_mouseb6_vtyppa_loc1_roi1_rep1_PRE.nc
141,242.6549530029297,0.5663592969482618,Enzyme,20230504,pa,1.0,1,5,1,1.0,0.0,yes,../20230504_Glx_B6_HAse/20230504_mouseb6_vtyppa_loc1_roi1_rep1_PRE.nc
142,208.852294921875,0.6819200084114598,Enzyme,20230504,pa,1.0,1,6,1,1.0,0.0,yes,../20230504_Glx_B6_HAse/20230504_mouseb6_vtyppa_loc1_roi1_rep1_PRE.nc
143,204.130126953125,0.63982151458233,Enzyme,20230504,pa,1.0,1,7,1,1.0,0.0,yes,../20230504_Glx_B6_HAse/20230504_mouseb6_vtyppa_loc1_roi1_rep1_PRE.nc
144,223.2367248535156,0.6752222807496508,Enzyme,20230504,pa,1.0,1,8,1,1.0,0.0,yes,../20230504_Glx_B6_HAse/20230504_mouseb6_vtyppa_loc1_roi1_rep1_PRE.nc
145,211.5841064453125,0.68862481159751,Enzyme,20230504,pa,1.0,1,9,1,1.0,0.0,yes,../20230504_Glx_B6_HAse/20230504_mouseb6_vtyppa_loc1_roi1_rep1_PRE.nc
146,200.09536743164065,0.6484985126620373,Enzyme,20230504,pa,1.0,1,10,1,1.0,0.0,yes,../20230504_Glx_B6_HAse/20230504_mouseb6_vtyppa_loc1_roi1_rep1_PRE.nc
147,221.9357147216797,0.7364767486470782,Enzyme,20230504,pa,1.0,1,11,1,1.0,0.0,yes,../20230504_Glx_B6_HAse/20230504_mouseb6_vtyppa_loc1_roi1_rep1_PRE.nc
148,251.0692596435547,0.6268621212530441,Enzyme,20230504,pa,1.0,1,12,1,1.0,0.0,yes,../20230504_Glx_B6_HAse/20230504_mouseb6_vtyppa_loc1_roi1_rep1_PRE.nc
149,315.60015869140625,0.5942270192352339,Enzyme,20230504,pa,1.0,1,13,1,1.0,0.0,yes,../20230504_Glx_B6_HAse/20230504_mouseb6_vtyppa_loc1_roi1_rep1_PRE.nc
150,237.8067626953125,0.6807244535701997,Enzyme,20230504,pa,1.0,2,0,1,1.0,0.0,yes,../20230504_Glx_B6_HAse/20230504_mouseb6_vtyppa_loc1_roi2_rep1_PRE.nc
151,260.1622619628906,0.6816322650874476,Enzyme,20230504,pa,1.0,2,1,1,1.0,0.0,yes,../20230504_Glx_B6_HAse/20230504_mouseb6_vtyppa_loc1_roi2_rep1_PRE.nc
152,244.57757568359372,0.5994996549095752,Enzyme,20230504,pa,1.0,2,2,1,1.0,0.0,yes,../20230504_Glx_B6_HAse/20230504_mouseb6_vtyppa_loc1_roi2_rep1_PRE.nc
153,231.2575836181641,0.6696798669288775,Enzyme,20230504,pa,1.0,2,3,1,1.0,0.0,yes,../20230504_Glx_B6_HAse/20230504_mouseb6_vtyppa_loc1_roi2_rep1_PRE.nc
154,236.9051055908203,0.6261200966280178,Enzyme,20230504,pa,1.0,2,4,1,1.0,0.0,yes,../20230504_Glx_B6_HAse/20230504_mouseb6_vtyppa_loc1_roi2_rep1_PRE.nc
155,240.7415008544922,0.6497765437635366,Enzyme,20230504,pa,1.0,4,0,1,1.0,0.0,yes,../20230504_Glx_B6_HAse/20230504_mouseb6_vtyppa_loc1_roi4_rep1_PRE.nc
156,220.1530303955078,0.5745563531553248,Enzyme,20230504,pa,1.0,4,1,1,1.0,0.0,yes,../20230504_Glx_B6_HAse/20230504_mouseb6_vtyppa_loc1_roi4_rep1_PRE.nc
157,266.4559936523437,0.5642250040798835,Enzyme,20230504,pa,1.0,4,2,1,1.0,0.0,yes,../20230504_Glx_B6_HAse/20230504_mouseb6_vtyppa_loc1_roi4_rep1_PRE.nc
158,246.0401611328125,0.6599739763993817,Enzyme,20230504,pa,1.0,4,3,1,1.0,0.0,yes,../20230504_Glx_B6_HAse/20230504_mouseb6_vtyppa_loc1_roi4_rep1_PRE.nc
159,198.52935791015625,0.6141744120385972,Enzyme,20230504,pa,1.0,4,4,1,1.0,0.0,yes,../20230504_Glx_B6_HAse/20230504_mouseb6_vtyppa_loc1_roi4_rep1_PRE.nc
160,176.44590759277344,0.8020025435016898,Enzyme,20230504,pa,1.0,4,5,1,1.0,0.0,yes,../20230504_Glx_B6_HAse/20230504_mouseb6_vtyppa_loc1_roi4_rep1_PRE.nc
161,167.8203125,0.7841112905417127,Enzyme,20230504,pa,1.0,4,6,1,1.0,0.0,yes,../20230504_Glx_B6_HAse/20230504_mouseb6_vtyppa_loc1_roi4_rep1_PRE.nc
162,184.2326812744141,0.7087360876671411,Enzyme,20230504,pa,1.0,4,7,1,1.0,0.0,yes,../20230504_Glx_B6_HAse/20230504_mouseb6_vtyppa_loc1_roi4_rep1_PRE.nc
163,190.5174560546875,0.8257093260721575,Enzyme,20230504,pa,1.0,4,8,1,1.0,0.0,yes,../20230504_Glx_B6_HAse/20230504_mouseb6_vtyppa_loc1_roi4_rep1_PRE.nc
164,182.75863647460935,0.7725371110575967,Enzyme,20230504,pa,1.0,4,9,1,1.0,0.0,yes,../20230504_Glx_B6_HAse/20230504_mouseb6_vtyppa_loc1_roi4_rep1_PRE.nc
165,182.9212951660156,0.6145142737730449,Enzyme,20230504,pa,1.0,5,0,1,1.0,0.0,yes,../20230504_Glx_B6_HAse/20230504_mouseb6_vtyppa_loc1_roi5_rep1_PRE.nc
166,192.50152587890625,0.6411339665833005,Enzyme,20230504,pa,1.0,5,1,1,1.0,0.0,yes,../20230504_Glx_B6_HAse/20230504_mouseb6_vtyppa_loc1_roi5_rep1_PRE.nc
167,235.6682281494141,0.598373588003426,Enzyme,20230504,pa,1.0,6,0,1,1.0,0.0,yes,../20230504_Glx_B6_HAse/20230504_mouseb6_vtyppa_loc1_roi6_rep1_PRE.nc
168,227.73223876953125,0.5153944638205807,Enzyme,20230504,pa,1.0,6,1,1,1.0,0.0,yes,../20230504_Glx_B6_HAse/20230504_mouseb6_vtyppa_loc1_roi6_rep1_PRE.nc
169,163.661865234375,0.807163501252699,Enzyme,20230504,pa,1.0,6,2,1,1.0,0.0,yes,../20230504_Glx_B6_HAse/20230504_mouseb6_vtyppa_loc1_roi6_rep1_PRE.nc
170,227.88624572753903,0.6622019763297651,Enzyme,20230504,pa,1.0,6,3,1,1.0,0.0,yes,../20230504_Glx_B6_HAse/20230504_mouseb6_vtyppa_loc1_roi6_rep1_PRE.nc
171,247.04660034179688,0.5284059784079638,Enzyme,20230504,pa,1.0,6,4,1,1.0,0.0,yes,../20230504_Glx_B6_HAse/20230504_mouseb6_vtyppa_loc1_roi6_rep1_PRE.nc
172,241.66775512695312,0.6225005021348586,Enzyme,20230504,pa,1.0,6,5,1,1.0,0.0,yes,../20230504_Glx_B6_HAse/20230504_mouseb6_vtyppa_loc1_roi6_rep1_PRE.nc
173,292.5675354003906,0.5857058046623607,Enzyme,20230504,pa,1.0,6,6,1,1.0,0.0,yes,../20230504_Glx_B6_HAse/20230504_mouseb6_vtyppa_loc1_roi6_rep1_PRE.nc
174,243.09002685546875,0.5150405382111174,Enzyme,20230504,pa,1.0,6,7,1,1.0,0.0,yes,../20230504_Glx_B6_HAse/20230504_mouseb6_vtyppa_loc1_roi6_rep1_PRE.nc
175,240.47494506835935,0.5150745699375037,Enzyme,20230504,pa,1.0,6,8,1,1.0,0.0,yes,../20230504_Glx_B6_HAse/20230504_mouseb6_vtyppa_loc1_roi6_rep1_PRE.nc
176,284.8325500488281,0.4995044005347182,Enzyme,20230504,pa,1.0,6,9,1,1.0,0.0,yes,../20230504_Glx_B6_HAse/20230504_mouseb6_vtyppa_loc1_roi6_rep1_PRE.nc
177,289.78985595703125,0.6514097470932931,Enzyme,20230504,pa,1.0,6,10,1,1.0,0.0,yes,../20230504_Glx_B6_HAse/20230504_mouseb6_vtyppa_loc1_roi6_rep1_PRE.nc
178,233.6137237548828,0.6705583100819652,Enzyme,20230510,pa,1.0,1,0,1,1.0,0.0,yes,../20230510_Glx_B6_HAse/20230510_mouseb6_vtyppa_loc1_roi1_rep1_PRE.nc
179,229.81808471679688,0.6624465374068684,Enzyme,20230510,pa,1.0,1,1,1,1.0,0.0,yes,../20230510_Glx_B6_HAse/20230510_mouseb6_vtyppa_loc1_roi1_rep1_PRE.nc
180,247.15765380859372,0.57627234790613,Enzyme,20230510,pa,1.0,1,2,1,1.0,0.0,yes,../20230510_Glx_B6_HAse/20230510_mouseb6_vtyppa_loc1_roi1_rep1_PRE.nc
181,240.8006591796875,0.7227002641508378,Enzyme,20230510,pa,1.0,1,3,1,1.0,0.0,yes,../20230510_Glx_B6_HAse/20230510_mouseb6_vtyppa_loc1_roi1_rep1_PRE.nc
182,246.58697509765625,0.6645035057206456,Enzyme,20230510,pa,1.0,1,4,1,1.0,0.0,yes,../20230510_Glx_B6_HAse/20230510_mouseb6_vtyppa_loc1_roi1_rep1_PRE.nc
183,244.82655334472656,0.7234643321783167,Enzyme,20230510,pa,1.0,1,5,1,1.0,0.0,yes,../20230510_Glx_B6_HAse/20230510_mouseb6_vtyppa_loc1_roi1_rep1_PRE.nc
184,255.5916290283203,0.8641628815108007,Enzyme,20230510,pa,1.0,1,6,1,1.0,0.0,yes,../20230510_Glx_B6_HAse/20230510_mouseb6_vtyppa_loc1_roi1_rep1_PRE.nc
185,294.5168762207031,0.8434680439554683,Enzyme,20230510,pa,1.0,1,7,1,1.0,0.0,yes,../20230510_Glx_B6_HAse/20230510_mouseb6_vtyppa_loc1_roi1_rep1_PRE.nc
186,298.8851928710937,0.5814534225806227,Enzyme,20230510,pa,1.0,1,8,1,1.0,0.0,yes,../20230510_Glx_B6_HAse/20230510_mouseb6_vtyppa_loc1_roi1_rep1_PRE.nc
187,262.60723876953125,0.5718237108575082,Enzyme,20230510,pa,1.0,1,9,1,1.0,0.0,yes,../20230510_Glx_B6_HAse/20230510_mouseb6_vtyppa_loc1_roi1_rep1_PRE.nc
188,289.8458251953125,0.5813800665056874,Enzyme,20230510,pa,1.0,1,10,1,1.0,0.0,yes,../20230510_Glx_B6_HAse/20230510_mouseb6_vtyppa_loc1_roi1_rep1_PRE.nc
189,280.17218017578125,0.5888415951767989,Enzyme,20230510,pa,1.0,1,11,1,1.0,0.0,yes,../20230510_Glx_B6_HAse/20230510_mouseb6_vtyppa_loc1_roi1_rep1_PRE.nc
190,269.19464111328125,0.6066984174488468,Enzyme,20230510,pa,1.0,1,12,1,1.0,0.0,yes,../20230510_Glx_B6_HAse/20230510_mouseb6_vtyppa_loc1_roi1_rep1_PRE.nc
191,234.4817047119141,0.6664757399579528,Enzyme,20230510,pa,1.0,1,13,1,1.0,0.0,yes,../20230510_Glx_B6_HAse/20230510_mouseb6_vtyppa_loc1_roi1_rep1_PRE.nc
192,243.4134826660156,0.5251747543923706,Enzyme,20230510,pa,1.0,1,14,1,1.0,0.0,yes,../20230510_Glx_B6_HAse/20230510_mouseb6_vtyppa_loc1_roi1_rep1_PRE.nc
193,283.7670593261719,0.5711166962564569,Enzyme,20230510,pa,1.0,1,15,1,1.0,0.0,yes,../20230510_Glx_B6_HAse/20230510_mouseb6_vtyppa_loc1_roi1_rep1_PRE.nc
194,322.96954345703125,0.6308319076773721,Enzyme,20230510,pa,1.0,1,16,1,1.0,0.0,yes,../20230510_Glx_B6_HAse/20230510_mouseb6_vtyppa_loc1_roi1_rep1_PRE.nc
195,370.9905395507813,0.6114196104549983,Enzyme,20230510,pa,1.0,2,0,1,1.0,0.0,yes,../20230510_Glx_B6_HAse/20230510_mouseb6_vtyppa_loc1_roi2_rep1_PRE.nc
196,396.0937805175781,0.657321716323235,Enzyme,20230510,pa,1.0,2,1,1,1.0,0.0,yes,../20230510_Glx_B6_HAse/20230510_mouseb6_vtyppa_loc1_roi2_rep1_PRE.nc
197,349.32891845703125,0.7164256517934824,Enzyme,20230510,pa,1.0,2,2,1,1.0,0.0,yes,../20230510_Glx_B6_HAse/20230510_mouseb6_vtyppa_loc1_roi2_rep1_PRE.nc
198,341.9642639160156,0.5357671286249435,Enzyme,20230510,pa,1.0,2,3,1,1.0,0.0,yes,../20230510_Glx_B6_HAse/20230510_mouseb6_vtyppa_loc1_roi2_rep1_PRE.nc
199,352.0127868652344,0.6053198254569487,Enzyme,20230510,pa,1.0,2,4,1,1.0,0.0,yes,../20230510_Glx_B6_HAse/20230510_mouseb6_vtyppa_loc1_roi2_rep1_PRE.nc
200,313.9540710449219,0.5541764502301945,Enzyme,20230510,pa,1.0,2,5,1,1.0,0.0,yes,../20230510_Glx_B6_HAse/20230510_mouseb6_vtyppa_loc1_roi2_rep1_PRE.nc
201,304.13525390625,0.6115108323919856,Enzyme,20230510,pa,1.0,2,6,1,1.0,0.0,yes,../20230510_Glx_B6_HAse/20230510_mouseb6_vtyppa_loc1_roi2_rep1_PRE.nc
202,329.34588623046875,0.5907195762089152,Enzyme,20230510,pa,1.0,2,7,1,1.0,0.0,yes,../20230510_Glx_B6_HAse/20230510_mouseb6_vtyppa_loc1_roi2_rep1_PRE.nc
203,332.5733642578125,0.6326931040930397,Enzyme,20230510,pa,1.0,2,8,1,1.0,0.0,yes,../20230510_Glx_B6_HAse/20230510_mouseb6_vtyppa_loc1_roi2_rep1_PRE.nc
204,322.9373474121094,0.4896652667650372,Enzyme,20230510,pa,1.0,2,9,1,1.0,0.0,yes,../20230510_Glx_B6_HAse/20230510_mouseb6_vtyppa_loc1_roi2_rep1_PRE.nc
205,349.3364562988281,0.5189563707146654,Enzyme,20230510,pa,1.0,2,10,1,1.0,0.0,yes,../20230510_Glx_B6_HAse/20230510_mouseb6_vtyppa_loc1_roi2_rep1_PRE.nc
206,361.822998046875,0.6048043883428136,Enzyme,20230510,pa,1.0,2,11,1,1.0,0.0,yes,../20230510_Glx_B6_HAse/20230510_mouseb6_vtyppa_loc1_roi2_rep1_PRE.nc
207,386.5006713867188,0.5365469373876017,Enzyme,20230510,pa,1.0,2,12,1,1.0,0.0,yes,../20230510_Glx_B6_HAse/20230510_mouseb6_vtyppa_loc1_roi2_rep1_PRE.nc
208,356.60845947265625,0.4848690280711913,Enzyme,20230510,pa,1.0,2,13,1,1.0,0.0,yes,../20230510_Glx_B6_HAse/20230510_mouseb6_vtyppa_loc1_roi2_rep1_PRE.nc
209,418.5885314941406,0.5354004450686283,Enzyme,20230510,pa,1.0,2,14,1,1.0,0.0,yes,../20230510_Glx_B6_HAse/20230510_mouseb6_vtyppa_loc1_roi2_rep1_PRE.nc
210,360.6290893554688,0.7626058765551953,Enzyme,20230510,pa,1.0,2,15,1,1.0,0.0,yes,../20230510_Glx_B6_HAse/20230510_mouseb6_vtyppa_loc1_roi2_rep1_PRE.nc
211,393.323486328125,0.5772521891418343,Enzyme,20230510,pa,1.0,2,16,1,1.0,0.0,yes,../20230510_Glx_B6_HAse/20230510_mouseb6_vtyppa_loc1_roi2_rep1_PRE.nc
212,235.1818084716797,0.6115502887882762,Enzyme,20230510,pa,1.0,3,0,1,1.0,0.0,yes,../20230510_Glx_B6_HAse/20230510_mouseb6_vtyppa_loc1_roi3_rep1_noteendothelial-nucleus_PRE.nc
213,244.51063537597656,0.582729672171503,Enzyme,20230510,pa,1.0,3,1,1,1.0,0.0,yes,../20230510_Glx_B6_HAse/20230510_mouseb6_vtyppa_loc1_roi3_rep1_noteendothelial-nucleus_PRE.nc
214,217.96160888671875,0.6014227790388809,Enzyme,20230510,pa,1.0,3,2,1,1.0,0.0,yes,../20230510_Glx_B6_HAse/20230510_mouseb6_vtyppa_loc1_roi3_rep1_noteendothelial-nucleus_PRE.nc
215,260.4447631835937,0.575771517624176,Enzyme,20230510,pa,1.0,3,3,1,1.0,0.0,yes,../20230510_Glx_B6_HAse/20230510_mouseb6_vtyppa_loc1_roi3_rep1_noteendothelial-nucleus_PRE.nc
216,226.14874267578125,0.6382658780394053,Enzyme,20230510,pa,1.0,3,4,1,1.0,0.0,yes,../20230510_Glx_B6_HAse/20230510_mouseb6_vtyppa_loc1_roi3_rep1_noteendothelial-nucleus_PRE.nc
217,252.27276611328125,0.5652523306770689,Enzyme,20230510,pa,1.0,3,5,1,1.0,0.0,yes,../20230510_Glx_B6_HAse/20230510_mouseb6_vtyppa_loc1_roi3_rep1_noteendothelial-nucleus_PRE.nc
218,246.54193115234372,0.5627529654306684,Enzyme,20230510,pa,1.0,3,6,1,1.0,0.0,yes,../20230510_Glx_B6_HAse/20230510_mouseb6_vtyppa_loc1_roi3_rep1_noteendothelial-nucleus_PRE.nc
219,232.043701171875,0.5495200894610157,Enzyme,20230510,pa,1.0,3,7,1,1.0,0.0,yes,../20230510_Glx_B6_HAse/20230510_mouseb6_vtyppa_loc1_roi3_rep1_noteendothelial-nucleus_PRE.nc
220,241.6348571777344,0.5502362383024391,Enzyme,20230510,pa,1.0,3,8,1,1.0,0.0,yes,../20230510_Glx_B6_HAse/20230510_mouseb6_vtyppa_loc1_roi3_rep1_noteendothelial-nucleus_PRE.nc
221,241.3868865966797,0.6177964810396475,Enzyme,20230510,pa,1.0,3,9,1,1.0,0.0,yes,../20230510_Glx_B6_HAse/20230510_mouseb6_vtyppa_loc1_roi3_rep1_noteendothelial-nucleus_PRE.nc
222,267.655029296875,0.5816659557274448,Enzyme,20230510,pa,1.0,3,10,1,1.0,0.0,yes,../20230510_Glx_B6_HAse/20230510_mouseb6_vtyppa_loc1_roi3_rep1_noteendothelial-nucleus_PRE.nc
223,272.7168884277344,0.5949534469970992,Enzyme,20230510,pa,1.0,3,11,1,1.0,0.0,yes,../20230510_Glx_B6_HAse/20230510_mouseb6_vtyppa_loc1_roi3_rep1_noteendothelial-nucleus_PRE.nc
224,263.2027282714844,0.5369962200374445,Enzyme,20230510,pa,1.0,3,12,1,1.0,0.0,yes,../20230510_Glx_B6_HAse/20230510_mouseb6_vtyppa_loc1_roi3_rep1_noteendothelial-nucleus_PRE.nc
225,256.18719482421875,0.5784306413571727,Enzyme,20230510,pa,1.0,3,13,1,1.0,0.0,yes,../20230510_Glx_B6_HAse/20230510_mouseb6_vtyppa_loc1_roi3_rep1_noteendothelial-nucleus_PRE.nc
226,280.1478576660156,0.5740728555917549,Enzyme,20230510,pa,1.0,3,14,1,1.0,0.0,yes,../20230510_Glx_B6_HAse/20230510_mouseb6_vtyppa_loc1_roi3_rep1_noteendothelial-nucleus_PRE.nc
227,265.2650146484375,0.6325690380108497,Enzyme,20230510,pa,1.0,3,15,1,1.0,0.0,yes,../20230510_Glx_B6_HAse/20230510_mouseb6_vtyppa_loc1_roi3_rep1_noteendothelial-nucleus_PRE.nc
228,254.6270446777344,0.6925554248825492,Enzyme,20230510,pa,1.0,3,16,1,1.0,0.0,yes,../20230510_Glx_B6_HAse/20230510_mouseb6_vtyppa_loc1_roi3_rep1_noteendothelial-nucleus_PRE.nc
229,439.7405700683594,0.5343782312046947,Enzyme,20230510,pa,1.0,4,0,1,1.0,0.0,yes,../20230510_Glx_B6_HAse/20230510_mouseb6_vtyppa_loc1_roi4_rep1_PRE.nc
230,367.76416015625,0.5565345991012762,Enzyme,20230510,pa,1.0,4,1,1,1.0,0.0,yes,../20230510_Glx_B6_HAse/20230510_mouseb6_vtyppa_loc1_roi4_rep1_PRE.nc
231,286.7009582519531,0.5797068831791954,Enzyme,20230510,pa,1.0,4,2,1,1.0,0.0,yes,../20230510_Glx_B6_HAse/20230510_mouseb6_vtyppa_loc1_roi4_rep1_PRE.nc
232,233.05926513671875,0.7733015187414232,Enzyme,20230510,pa,1.0,4,3,1,1.0,0.0,yes,../20230510_Glx_B6_HAse/20230510_mouseb6_vtyppa_loc1_roi4_rep1_PRE.nc
233,322.28173828125,0.5764713103402492,Enzyme,20230510,pa,1.0,4,4,1,1.0,0.0,yes,../20230510_Glx_B6_HAse/20230510_mouseb6_vtyppa_loc1_roi4_rep1_PRE.nc
234,239.8383026123047,0.6712701191460475,Enzyme,20230510,pa,1.0,4,5,1,1.0,0.0,yes,../20230510_Glx_B6_HAse/20230510_mouseb6_vtyppa_loc1_roi4_rep1_PRE.nc
235,238.9010772705078,0.567244051297866,Enzyme,20230510,pa,1.0,4,6,1,1.0,0.0,yes,../20230510_Glx_B6_HAse/20230510_mouseb6_vtyppa_loc1_roi4_rep1_PRE.nc
236,290.60302734375,0.5881903542646292,Enzyme,20230510,pa,1.0,4,7,1,1.0,0.0,yes,../20230510_Glx_B6_HAse/20230510_mouseb6_vtyppa_loc1_roi4_rep1_PRE.nc
237,289.8912353515625,0.5388593311364112,Enzyme,20230510,pa,1.0,4,8,1,1.0,0.0,yes,../20230510_Glx_B6_HAse/20230510_mouseb6_vtyppa_loc1_roi4_rep1_PRE.nc
238,279.2370910644531,0.6906688074766869,Enzyme,20230510,pa,1.0,4,9,1,1.0,0.0,yes,../20230510_Glx_B6_HAse/20230510_mouseb6_vtyppa_loc1_roi4_rep1_PRE.nc
239,276.6757507324219,0.5773847784191837,Enzyme,20230510,pa,1.0,4,10,1,1.0,0.0,yes,../20230510_Glx_B6_HAse/20230510_mouseb6_vtyppa_loc1_roi4_rep1_PRE.nc
240,337.3814697265625,0.6408565444421193,Enzyme,20230510,pa,1.0,4,11,1,1.0,0.0,yes,../20230510_Glx_B6_HAse/20230510_mouseb6_vtyppa_loc1_roi4_rep1_PRE.nc
241,326.7799072265625,0.565438702328958,Enzyme,20230510,pa,1.0,4,12,1,1.0,0.0,yes,../20230510_Glx_B6_HAse/20230510_mouseb6_vtyppa_loc1_roi4_rep1_PRE.nc
242,264.07037353515625,0.7807344174822148,Enzyme,20230510,pa,1.0,4,13,1,1.0,0.0,yes,../20230510_Glx_B6_HAse/20230510_mouseb6_vtyppa_loc1_roi4_rep1_PRE.nc
243,277.0671691894531,0.6430937734675055,Enzyme,20230510,pa,1.0,4,14,1,1.0,0.0,yes,../20230510_Glx_B6_HAse/20230510_mouseb6_vtyppa_loc1_roi4_rep1_PRE.nc
244,235.8813018798828,0.6067497301125968,Enzyme,20230510,pa,1.0,4,15,1,1.0,0.0,yes,../20230510_Glx_B6_HAse/20230510_mouseb6_vtyppa_loc1_roi4_rep1_PRE.nc
245,241.5214385986328,0.5771034496466143,Enzyme,20230510,pa,1.0,4,16,1,1.0,0.0,yes,../20230510_Glx_B6_HAse/20230510_mouseb6_vtyppa_loc1_roi4_rep1_PRE.nc
246,252.9340667724609,0.8411646509360988,Enzyme,20230510,pa,1.0,5,0,1,1.0,0.0,yes,../20230510_Glx_B6_HAse/20230510_mouseb6_vtyppa_loc1_roi5_rep1_PRE.nc
247,256.4783630371094,0.6497732522060353,Enzyme,20230510,pa,1.0,5,1,1,1.0,0.0,yes,../20230510_Glx_B6_HAse/20230510_mouseb6_vtyppa_loc1_roi5_rep1_PRE.nc
248,267.998291015625,0.6490844749397482,Enzyme,20230510,pa,1.0,5,2,1,1.0,0.0,yes,../20230510_Glx_B6_HAse/20230510_mouseb6_vtyppa_loc1_roi5_rep1_PRE.nc
249,260.9703369140625,0.6990708081728769,Enzyme,20230510,pa,1.0,5,3,1,1.0,0.0,yes,../20230510_Glx_B6_HAse/20230510_mouseb6_vtyppa_loc1_roi5_rep1_PRE.nc
250,344.7140808105469,0.5992106121886849,Enzyme,20230510,pa,1.0,5,4,1,1.0,0.0,yes,../20230510_Glx_B6_HAse/20230510_mouseb6_vtyppa_loc1_roi5_rep1_PRE.nc
251,281.2166442871094,0.6933201741878392,Enzyme,20230510,pa,1.0,5,5,1,1.0,0.0,yes,../20230510_Glx_B6_HAse/20230510_mouseb6_vtyppa_loc1_roi5_rep1_PRE.nc
252,297.13397216796875,0.5770052216315804,Enzyme,20230510,pa,1.0,5,6,1,1.0,0.0,yes,../20230510_Glx_B6_HAse/20230510_mouseb6_vtyppa_loc1_roi5_rep1_PRE.nc
253,285.59259033203125,0.5342310606621048,Enzyme,20230510,pa,1.0,5,7,1,1.0,0.0,yes,../20230510_Glx_B6_HAse/20230510_mouseb6_vtyppa_loc1_roi5_rep1_PRE.nc
254,292.4062805175781,0.4571578306122532,Enzyme,20230510,pa,1.0,5,8,1,1.0,0.0,yes,../20230510_Glx_B6_HAse/20230510_mouseb6_vtyppa_loc1_roi5_rep1_PRE.nc
255,279.83673095703125,0.6593078493095703,Enzyme,20230510,pa,1.0,5,9,1,1.0,0.0,yes,../20230510_Glx_B6_HAse/20230510_mouseb6_vtyppa_loc1_roi5_rep1_PRE.nc
256,258.8310241699219,0.4673056329108362,Enzyme,20230510,pa,1.0,5,10,1,1.0,0.0,yes,../20230510_Glx_B6_HAse/20230510_mouseb6_vtyppa_loc1_roi5_rep1_PRE.nc
257,308.4119873046875,0.5423567539805347,Enzyme,20230510,pa,1.0,5,11,1,1.0,0.0,yes,../20230510_Glx_B6_HAse/20230510_mouseb6_vtyppa_loc1_roi5_rep1_PRE.nc
258,298.1649475097656,0.5420550233966068,Enzyme,20230510,pa,1.0,5,12,1,1.0,0.0,yes,../20230510_Glx_B6_HAse/20230510_mouseb6_vtyppa_loc1_roi5_rep1_PRE.nc
259,314.8200378417969,0.7269585422454234,Enzyme,20230510,pa,1.0,5,13,1,1.0,0.0,yes,../20230510_Glx_B6_HAse/20230510_mouseb6_vtyppa_loc1_roi5_rep1_PRE.nc
260,254.42474365234372,0.6145215871532201,Enzyme,20230510,pa,1.0,5,14,1,1.0,0.0,yes,../20230510_Glx_B6_HAse/20230510_mouseb6_vtyppa_loc1_roi5_rep1_PRE.nc
261,274.9215393066406,0.555627051219183,Enzyme,20230510,pa,1.0,5,15,1,1.0,0.0,yes,../20230510_Glx_B6_HAse/20230510_mouseb6_vtyppa_loc1_roi5_rep1_PRE.nc
262,283.927978515625,0.5027189679298338,Enzyme,20230510,pa,1.0,5,16,1,1.0,0.0,yes,../20230510_Glx_B6_HAse/20230510_mouseb6_vtyppa_loc1_roi5_rep1_PRE.nc
263,154.4029541015625,0.5919332937639936,Enzyme,20230510,pea,1.0,1,0,1,1.0,0.0,yes,../20230510_Glx_B6_HAse/20230510_mouseb6_vtyppea_loc1_roi1_rep1_PRE.nc
264,202.5319061279297,0.5124720227694155,Enzyme,20230510,pea,1.0,1,1,1,1.0,0.0,yes,../20230510_Glx_B6_HAse/20230510_mouseb6_vtyppea_loc1_roi1_rep1_PRE.nc
265,174.65350341796875,0.609018944472048,Enzyme,20230510,pea,1.0,1,2,1,1.0,0.0,yes,../20230510_Glx_B6_HAse/20230510_mouseb6_vtyppea_loc1_roi1_rep1_PRE.nc
266,139.04669189453125,0.6215744963967929,Enzyme,20230510,pea,1.0,1,3,1,1.0,0.0,yes,../20230510_Glx_B6_HAse/20230510_mouseb6_vtyppea_loc1_roi1_rep1_PRE.nc
267,139.7766571044922,0.6539158586751306,Enzyme,20230510,pea,1.0,1,4,1,1.0,0.0,yes,../20230510_Glx_B6_HAse/20230510_mouseb6_vtyppea_loc1_roi1_rep1_PRE.nc
268,137.4550323486328,0.6106350837141825,Enzyme,20230510,pea,1.0,1,5,1,1.0,0.0,yes,../20230510_Glx_B6_HAse/20230510_mouseb6_vtyppea_loc1_roi1_rep1_PRE.nc
269,139.98776245117188,0.6072023300844087,Enzyme,20230510,pea,1.0,1,6,1,1.0,0.0,yes,../20230510_Glx_B6_HAse/20230510_mouseb6_vtyppea_loc1_roi1_rep1_PRE.nc
270,157.22653198242188,0.8539156527942602,Enzyme,20230510,pea,1.0,1,7,1,1.0,0.0,yes,../20230510_Glx_B6_HAse/20230510_mouseb6_vtyppea_loc1_roi1_rep1_PRE.nc
271,147.06961059570312,0.7024053372212258,Enzyme,20230510,pea,1.0,1,8,1,1.0,0.0,yes,../20230510_Glx_B6_HAse/20230510_mouseb6_vtyppea_loc1_roi1_rep1_PRE.nc
272,137.90542602539062,0.7225534679468062,Enzyme,20230510,pea,1.0,1,9,1,1.0,0.0,yes,../20230510_Glx_B6_HAse/20230510_mouseb6_vtyppea_loc1_roi1_rep1_PRE.nc
273,146.6378936767578,0.5423817330080389,Enzyme,20230510,pea,1.0,1,10,1,1.0,0.0,yes,../20230510_Glx_B6_HAse/20230510_mouseb6_vtyppea_loc1_roi1_rep1_PRE.nc
274,131.08677673339844,0.5509559123632322,Enzyme,20230510,pea,1.0,1,11,1,1.0,0.0,yes,../20230510_Glx_B6_HAse/20230510_mouseb6_vtyppea_loc1_roi1_rep1_PRE.nc
275,135.47787475585938,0.7082919143578223,Enzyme,20230510,pea,1.0,1,12,1,1.0,0.0,yes,../20230510_Glx_B6_HAse/20230510_mouseb6_vtyppea_loc1_roi1_rep1_PRE.nc
276,126.02325439453124,0.6605611854743323,Enzyme,20230510,pea,1.0,1,13,1,1.0,0.0,yes,../20230510_Glx_B6_HAse/20230510_mouseb6_vtyppea_loc1_roi1_rep1_PRE.nc
277,146.35693359375,0.5995547011881293,Enzyme,20230510,pea,1.0,1,14,1,1.0,0.0,yes,../20230510_Glx_B6_HAse/20230510_mouseb6_vtyppea_loc1_roi1_rep1_PRE.nc
278,147.95458984375,0.5980652840465162,Enzyme,20230510,pea,1.0,1,15,1,1.0,0.0,yes,../20230510_Glx_B6_HAse/20230510_mouseb6_vtyppea_loc1_roi1_rep1_PRE.nc
279,127.49784088134766,0.5803053466142103,Enzyme,20230510,pea,1.0,1,16,1,1.0,0.0,yes,../20230510_Glx_B6_HAse/20230510_mouseb6_vtyppea_loc1_roi1_rep1_PRE.nc
280,256.012451171875,0.8654679331156068,Enzyme,20230510,pea,1.0,2,0,1,1.0,0.0,yes,../20230510_Glx_B6_HAse/20230510_mouseb6_vtyppea_loc1_roi2_rep1_PRE.nc
281,253.53399658203125,0.9358986479580054,Enzyme,20230510,pea,1.0,2,1,1,1.0,0.0,yes,../20230510_Glx_B6_HAse/20230510_mouseb6_vtyppea_loc1_roi2_rep1_PRE.nc
282,226.26109313964844,0.6965136270915906,Enzyme,20230510,pea,1.0,2,2,1,1.0,0.0,yes,../20230510_Glx_B6_HAse/20230510_mouseb6_vtyppea_loc1_roi2_rep1_PRE.nc
283,216.9142608642578,0.7232428182940289,Enzyme,20230510,pea,1.0,2,3,1,1.0,0.0,yes,../20230510_Glx_B6_HAse/20230510_mouseb6_vtyppea_loc1_roi2_rep1_PRE.nc
284,256.1341247558594,0.6367230061473208,Enzyme,20230510,pea,1.0,2,4,1,1.0,0.0,yes,../20230510_Glx_B6_HAse/20230510_mouseb6_vtyppea_loc1_roi2_rep1_PRE.nc
285,264.50323486328125,0.6801435985751603,Enzyme,20230510,pea,1.0,2,5,1,1.0,0.0,yes,../20230510_Glx_B6_HAse/20230510_mouseb6_vtyppea_loc1_roi2_rep1_PRE.nc
286,331.6577453613281,0.4974183309383448,Enzyme,20230510,pea,1.0,2,6,1,1.0,0.0,yes,../20230510_Glx_B6_HAse/20230510_mouseb6_vtyppea_loc1_roi2_rep1_PRE.nc
287,348.3505249023437,0.548529713619061,Enzyme,20230510,pea,1.0,2,7,1,1.0,0.0,yes,../20230510_Glx_B6_HAse/20230510_mouseb6_vtyppea_loc1_roi2_rep1_PRE.nc
288,305.7113647460937,0.560044330575554,Enzyme,20230510,pea,1.0,2,8,1,1.0,0.0,yes,../20230510_Glx_B6_HAse/20230510_mouseb6_vtyppea_loc1_roi2_rep1_PRE.nc
289,285.8270263671875,0.6752402805252906,Enzyme,20230510,pea,1.0,2,9,1,1.0,0.0,yes,../20230510_Glx_B6_HAse/20230510_mouseb6_vtyppea_loc1_roi2_rep1_PRE.nc
290,312.740234375,0.6317086885360226,Enzyme,20230510,pea,1.0,2,10,1,1.0,0.0,yes,../20230510_Glx_B6_HAse/20230510_mouseb6_vtyppea_loc1_roi2_rep1_PRE.nc
291,269.2250061035156,0.6544560168338407,Enzyme,20230510,pea,1.0,2,11,1,1.0,0.0,yes,../20230510_Glx_B6_HAse/20230510_mouseb6_vtyppea_loc1_roi2_rep1_PRE.nc
292,271.7110290527344,0.6200988722598346,Enzyme,20230510,pea,1.0,2,12,1,1.0,0.0,yes,../20230510_Glx_B6_HAse/20230510_mouseb6_vtyppea_loc1_roi2_rep1_PRE.nc
293,264.59478759765625,0.8102031123442437,Enzyme,20230510,pea,1.0,2,13,1,1.0,0.0,yes,../20230510_Glx_B6_HAse/20230510_mouseb6_vtyppea_loc1_roi2_rep1_PRE.nc
294,338.02978515625,0.5171956165344831,Enzyme,20230510,pea,1.0,2,14,1,1.0,0.0,yes,../20230510_Glx_B6_HAse/20230510_mouseb6_vtyppea_loc1_roi2_rep1_PRE.nc
295,270.86651611328125,0.6392197521162508,Enzyme,20230510,pea,1.0,2,15,1,1.0,0.0,yes,../20230510_Glx_B6_HAse/20230510_mouseb6_vtyppea_loc1_roi2_rep1_PRE.nc
296,291.8987731933594,0.6094056373234373,Enzyme,20230510,pea,1.0,2,16,1,1.0,0.0,yes,../20230510_Glx_B6_HAse/20230510_mouseb6_vtyppea_loc1_roi2_rep1_PRE.nc
297,248.63992309570312,0.5417916123838538,Enzyme,20230510,pea,1.0,3,0,1,1.0,0.0,yes,../20230510_Glx_B6_HAse/20230510_mouseb6_vtyppea_loc1_roi3_rep1_PRE.nc
298,243.0880279541016,0.5924644432562616,Enzyme,20230510,pea,1.0,3,1,1,1.0,0.0,yes,../20230510_Glx_B6_HAse/20230510_mouseb6_vtyppea_loc1_roi3_rep1_PRE.nc
299,263.0790100097656,0.5310321083633198,Enzyme,20230510,pea,1.0,3,2,1,1.0,0.0,yes,../20230510_Glx_B6_HAse/20230510_mouseb6_vtyppea_loc1_roi3_rep1_PRE.nc
300,236.3120880126953,0.5499669262581186,Enzyme,20230510,pea,1.0,3,3,1,1.0,0.0,yes,../20230510_Glx_B6_HAse/20230510_mouseb6_vtyppea_loc1_roi3_rep1_PRE.nc
301,189.62838745117188,0.578890381611135,Enzyme,20230510,pea,1.0,3,4,1,1.0,0.0,yes,../20230510_Glx_B6_HAse/20230510_mouseb6_vtyppea_loc1_roi3_rep1_PRE.nc
302,215.3436737060547,0.5179675518316387,Enzyme,20230510,pea,1.0,3,5,1,1.0,0.0,yes,../20230510_Glx_B6_HAse/20230510_mouseb6_vtyppea_loc1_roi3_rep1_PRE.nc
303,230.58067321777344,0.5155684204215589,Enzyme,20230510,pea,1.0,3,6,1,1.0,0.0,yes,../20230510_Glx_B6_HAse/20230510_mouseb6_vtyppea_loc1_roi3_rep1_PRE.nc
304,216.2557373046875,0.5534426429670027,Enzyme,20230510,pea,1.0,3,7,1,1.0,0.0,yes,../20230510_Glx_B6_HAse/20230510_mouseb6_vtyppea_loc1_roi3_rep1_PRE.nc
305,233.6992950439453,0.5614236799528101,Enzyme,20230510,pea,1.0,3,8,1,1.0,0.0,yes,../20230510_Glx_B6_HAse/20230510_mouseb6_vtyppea_loc1_roi3_rep1_PRE.nc
306,248.50552368164065,0.5770217740189381,Enzyme,20230510,pea,1.0,3,9,1,1.0,0.0,yes,../20230510_Glx_B6_HAse/20230510_mouseb6_vtyppea_loc1_roi3_rep1_PRE.nc
307,161.69161987304688,0.7742719540198131,Enzyme,20230510,pea,1.0,4,0,1,1.0,0.0,yes,../20230510_Glx_B6_HAse/20230510_mouseb6_vtyppea_loc1_roi4_rep1_PRE.nc
308,192.65640258789065,0.6684867585877399,Enzyme,20230510,pea,1.0,4,1,1,1.0,0.0,yes,../20230510_Glx_B6_HAse/20230510_mouseb6_vtyppea_loc1_roi4_rep1_PRE.nc
309,202.49777221679688,0.7082889459789712,Enzyme,20230510,pea,1.0,4,2,1,1.0,0.0,yes,../20230510_Glx_B6_HAse/20230510_mouseb6_vtyppea_loc1_roi4_rep1_PRE.nc
310,185.44476318359372,0.702406830459875,Enzyme,20230510,pea,1.0,4,3,1,1.0,0.0,yes,../20230510_Glx_B6_HAse/20230510_mouseb6_vtyppea_loc1_roi4_rep1_PRE.nc
311,196.83319091796875,0.6895620880810718,Enzyme,20230510,pea,1.0,4,4,1,1.0,0.0,yes,../20230510_Glx_B6_HAse/20230510_mouseb6_vtyppea_loc1_roi4_rep1_PRE.nc
312,182.85427856445312,0.5482684463666487,Enzyme,20230510,pea,1.0,4,5,1,1.0,0.0,yes,../20230510_Glx_B6_HAse/20230510_mouseb6_vtyppea_loc1_roi4_rep1_PRE.nc
313,182.16574096679688,0.6546878274450698,Enzyme,20230510,pea,1.0,4,6,1,1.0,0.0,yes,../20230510_Glx_B6_HAse/20230510_mouseb6_vtyppea_loc1_roi4_rep1_PRE.nc
314,128.5457305908203,0.7884855181351327,Enzyme,20230510,pea,1.0,4,7,1,1.0,0.0,yes,../20230510_Glx_B6_HAse/20230510_mouseb6_vtyppea_loc1_roi4_rep1_PRE.nc
315,119.98770904541016,0.6465830105210237,Enzyme,20230510,pea,1.0,4,8,1,1.0,0.0,yes,../20230510_Glx_B6_HAse/20230510_mouseb6_vtyppea_loc1_roi4_rep1_PRE.nc
316,170.6422576904297,0.6040519593030034,Enzyme,20230510,pea,1.0,4,9,1,1.0,0.0,yes,../20230510_Glx_B6_HAse/20230510_mouseb6_vtyppea_loc1_roi4_rep1_PRE.nc
317,198.91384887695312,0.486888322159821,Enzyme,20230510,pea,1.0,4,10,1,1.0,0.0,yes,../20230510_Glx_B6_HAse/20230510_mouseb6_vtyppea_loc1_roi4_rep1_PRE.nc
318,212.8490447998047,0.739640184407822,Enzyme,20230510,pea,1.0,4,11,1,1.0,0.0,yes,../20230510_Glx_B6_HAse/20230510_mouseb6_vtyppea_loc1_roi4_rep1_PRE.nc
319,241.8958282470703,0.590273089527475,Enzyme,20230510,pea,1.0,4,12,1,1.0,0.0,yes,../20230510_Glx_B6_HAse/20230510_mouseb6_vtyppea_loc1_roi4_rep1_PRE.nc
320,193.2403564453125,0.6916576500088816,Enzyme,20230510,pea,1.0,4,13,1,1.0,0.0,yes,../20230510_Glx_B6_HAse/20230510_mouseb6_vtyppea_loc1_roi4_rep1_PRE.nc
321,161.63800048828125,0.8373075879223677,Enzyme,20230510,pea,1.0,5,0,1,1.0,0.0,yes,../20230510_Glx_B6_HAse/20230510_mouseb6_vtyppea_loc1_roi5_rep1_PRE.nc
322,154.05520629882812,1.033781489092359,Enzyme,20230510,pea,1.0,5,1,1,1.0,0.0,yes,../20230510_Glx_B6_HAse/20230510_mouseb6_vtyppea_loc1_roi5_rep1_PRE.nc
323,168.78573608398438,0.9309976726018938,Enzyme,20230510,pea,1.0,5,2,1,1.0,0.0,yes,../20230510_Glx_B6_HAse/20230510_mouseb6_vtyppea_loc1_roi5_rep1_PRE.nc
324,146.9134521484375,1.2223862648786668,Enzyme,20230510,pea,1.0,5,3,1,1.0,0.0,yes,../20230510_Glx_B6_HAse/20230510_mouseb6_vtyppea_loc1_roi5_rep1_PRE.nc
325,166.57733154296875,1.0997980821226516,Enzyme,20230510,pea,1.0,5,4,1,1.0,0.0,yes,../20230510_Glx_B6_HAse/20230510_mouseb6_vtyppea_loc1_roi5_rep1_PRE.nc
326,158.9607696533203,0.7079964065937325,Enzyme,20230510,pea,1.0,5,5,1,1.0,0.0,yes,../20230510_Glx_B6_HAse/20230510_mouseb6_vtyppea_loc1_roi5_rep1_PRE.nc
327,173.65757751464844,0.7516132734182221,Enzyme,20230510,pea,1.0,5,6,1,1.0,0.0,yes,../20230510_Glx_B6_HAse/20230510_mouseb6_vtyppea_loc1_roi5_rep1_PRE.nc
328,176.7030029296875,0.6545475281364013,Enzyme,20230510,pea,1.0,5,7,1,1.0,0.0,yes,../20230510_Glx_B6_HAse/20230510_mouseb6_vtyppea_loc1_roi5_rep1_PRE.nc
329,347.8468933105469,0.5110983480858771,Enzyme,20230510,pea,1.0,6,0,1,1.0,0.0,yes,../20230510_Glx_B6_HAse/20230510_mouseb6_vtyppea_loc1_roi6_rep1_PRE.nc
330,286.87030029296875,0.521207984106276,Enzyme,20230510,pea,1.0,6,1,1,1.0,0.0,yes,../20230510_Glx_B6_HAse/20230510_mouseb6_vtyppea_loc1_roi6_rep1_PRE.nc
331,333.4456787109375,0.5488638633714018,Enzyme,20230510,pea,1.0,6,2,1,1.0,0.0,yes,../20230510_Glx_B6_HAse/20230510_mouseb6_vtyppea_loc1_roi6_rep1_PRE.nc
332,319.88946533203125,0.5301327300729461,Enzyme,20230510,pea,1.0,6,3,1,1.0,0.0,yes,../20230510_Glx_B6_HAse/20230510_mouseb6_vtyppea_loc1_roi6_rep1_PRE.nc
333,281.5763244628906,0.6295127328376822,Enzyme,20230510,pea,1.0,6,4,1,1.0,0.0,yes,../20230510_Glx_B6_HAse/20230510_mouseb6_vtyppea_loc1_roi6_rep1_PRE.nc
334,274.6839599609375,0.5662393151960927,Enzyme,20230510,pea,1.0,6,5,1,1.0,0.0,yes,../20230510_Glx_B6_HAse/20230510_mouseb6_vtyppea_loc1_roi6_rep1_PRE.nc
335,286.28436279296875,0.6419877623881369,Enzyme,20230510,pea,1.0,6,6,1,1.0,0.0,yes,../20230510_Glx_B6_HAse/20230510_mouseb6_vtyppea_loc1_roi6_rep1_PRE.nc
336,256.2182922363281,0.6395142083205521,Enzyme,20230510,pea,1.0,6,7,1,1.0,0.0,yes,../20230510_Glx_B6_HAse/20230510_mouseb6_vtyppea_loc1_roi6_rep1_PRE.nc
337,253.90084838867188,0.6752119972175059,Enzyme,20230511,pa,1.0,1,0,1,1.0,0.0,yes,../20230511_Glx_B6_HAse/20230511_mouseb6_vtyppa_loc1_roi1_rep1_PRE.nc
338,229.11050415039065,0.7802949479431973,Enzyme,20230511,pa,1.0,1,1,1,1.0,0.0,yes,../20230511_Glx_B6_HAse/20230511_mouseb6_vtyppa_loc1_roi1_rep1_PRE.nc
339,229.1692047119141,0.5550244684680941,Enzyme,20230511,pa,1.0,1,2,1,1.0,0.0,yes,../20230511_Glx_B6_HAse/20230511_mouseb6_vtyppa_loc1_roi1_rep1_PRE.nc
340,235.2129364013672,0.6221715870173341,Enzyme,20230511,pa,1.0,1,3,1,1.0,0.0,yes,../20230511_Glx_B6_HAse/20230511_mouseb6_vtyppa_loc1_roi1_rep1_PRE.nc
341,230.9525604248047,0.7189830814161251,Enzyme,20230511,pa,1.0,1,4,1,1.0,0.0,yes,../20230511_Glx_B6_HAse/20230511_mouseb6_vtyppa_loc1_roi1_rep1_PRE.nc
342,241.2163543701172,0.6478662275408631,Enzyme,20230511,pa,1.0,1,5,1,1.0,0.0,yes,../20230511_Glx_B6_HAse/20230511_mouseb6_vtyppa_loc1_roi1_rep1_PRE.nc
343,239.90548706054688,0.7299935012443513,Enzyme,20230511,pa,1.0,1,6,1,1.0,0.0,yes,../20230511_Glx_B6_HAse/20230511_mouseb6_vtyppa_loc1_roi1_rep1_PRE.nc
344,254.45230102539065,0.7397886209694491,Enzyme,20230511,pa,1.0,1,7,1,1.0,0.0,yes,../20230511_Glx_B6_HAse/20230511_mouseb6_vtyppa_loc1_roi1_rep1_PRE.nc
345,229.4973297119141,0.6590645997159505,Enzyme,20230511,pa,1.0,1,8,1,1.0,0.0,yes,../20230511_Glx_B6_HAse/20230511_mouseb6_vtyppa_loc1_roi1_rep1_PRE.nc
346,263.4363098144531,0.6012107869009533,Enzyme,20230511,pa,1.0,1,9,1,1.0,0.0,yes,../20230511_Glx_B6_HAse/20230511_mouseb6_vtyppa_loc1_roi1_rep1_PRE.nc
347,269.9105834960937,0.6043795385820196,Enzyme,20230511,pa,1.0,1,10,1,1.0,0.0,yes,../20230511_Glx_B6_HAse/20230511_mouseb6_vtyppa_loc1_roi1_rep1_PRE.nc
348,231.09396362304688,0.5444256307135369,Enzyme,20230511,pa,1.0,1,11,1,1.0,0.0,yes,../20230511_Glx_B6_HAse/20230511_mouseb6_vtyppa_loc1_roi1_rep1_PRE.nc
349,187.0255584716797,0.6245132850934638,Enzyme,20230511,pa,1.0,1,12,1,1.0,0.0,yes,../20230511_Glx_B6_HAse/20230511_mouseb6_vtyppa_loc1_roi1_rep1_PRE.nc
350,196.44227600097656,0.6275653480805801,Enzyme,20230511,pa,1.0,1,13,1,1.0,0.0,yes,../20230511_Glx_B6_HAse/20230511_mouseb6_vtyppa_loc1_roi1_rep1_PRE.nc
351,204.1485137939453,0.6124589067254256,Enzyme,20230511,pa,1.0,1,14,1,1.0,0.0,yes,../20230511_Glx_B6_HAse/20230511_mouseb6_vtyppa_loc1_roi1_rep1_PRE.nc
352,169.45419311523438,0.8621528763122086,Enzyme,20230511,pa,1.0,1,15,1,1.0,0.0,yes,../20230511_Glx_B6_HAse/20230511_mouseb6_vtyppa_loc1_roi1_rep1_PRE.nc
353,165.49478149414062,0.7937284287838011,Enzyme,20230511,pa,1.0,1,16,1,1.0,0.0,yes,../20230511_Glx_B6_HAse/20230511_mouseb6_vtyppa_loc1_roi1_rep1_PRE.nc
354,283.75689697265625,0.7159272465630071,Enzyme,20230511,pa,1.0,2,0,1,1.0,0.0,yes,../20230511_Glx_B6_HAse/20230511_mouseb6_vtyppa_loc1_roi2_rep1_PRE.nc
355,223.14468383789065,0.7852365377859716,Enzyme,20230511,pa,1.0,2,1,1,1.0,0.0,yes,../20230511_Glx_B6_HAse/20230511_mouseb6_vtyppa_loc1_roi2_rep1_PRE.nc
356,182.9093475341797,0.8879170745214715,Enzyme,20230511,pa,1.0,2,2,1,1.0,0.0,yes,../20230511_Glx_B6_HAse/20230511_mouseb6_vtyppa_loc1_roi2_rep1_PRE.nc
357,128.46714782714844,0.5330309039034393,Enzyme,20230511,pa,1.0,2,3,1,1.0,0.0,yes,../20230511_Glx_B6_HAse/20230511_mouseb6_vtyppa_loc1_roi2_rep1_PRE.nc
358,141.3695831298828,0.6247790077441948,Enzyme,20230511,pa,1.0,2,4,1,1.0,0.0,yes,../20230511_Glx_B6_HAse/20230511_mouseb6_vtyppa_loc1_roi2_rep1_PRE.nc
359,159.55694580078125,0.5365371822659757,Enzyme,20230511,pa,1.0,2,5,1,1.0,0.0,yes,../20230511_Glx_B6_HAse/20230511_mouseb6_vtyppa_loc1_roi2_rep1_PRE.nc
360,162.7158203125,0.6290862609100678,Enzyme,20230511,pa,1.0,2,6,1,1.0,0.0,yes,../20230511_Glx_B6_HAse/20230511_mouseb6_vtyppa_loc1_roi2_rep1_PRE.nc
361,148.1691131591797,0.6018402183192837,Enzyme,20230511,pa,1.0,2,7,1,1.0,0.0,yes,../20230511_Glx_B6_HAse/20230511_mouseb6_vtyppa_loc1_roi2_rep1_PRE.nc
362,142.5322723388672,0.4884058625995955,Enzyme,20230511,pa,1.0,2,8,1,1.0,0.0,yes,../20230511_Glx_B6_HAse/20230511_mouseb6_vtyppa_loc1_roi2_rep1_PRE.nc
363,161.03359985351562,0.5366645550750722,Enzyme,20230511,pa,1.0,2,9,1,1.0,0.0,yes,../20230511_Glx_B6_HAse/20230511_mouseb6_vtyppa_loc1_roi2_rep1_PRE.nc
364,147.62591552734375,0.7812875984822636,Enzyme,20230511,pa,1.0,2,10,1,1.0,0.0,yes,../20230511_Glx_B6_HAse/20230511_mouseb6_vtyppa_loc1_roi2_rep1_PRE.nc
365,164.07432556152344,0.7135175768246924,Enzyme,20230511,pa,1.0,3,0,1,1.0,0.0,yes,../20230511_Glx_B6_HAse/20230511_mouseb6_vtyppa_loc1_roi3_rep1_PRE.nc
366,163.99490356445312,0.6496152738289993,Enzyme,20230511,pa,1.0,3,1,1,1.0,0.0,yes,../20230511_Glx_B6_HAse/20230511_mouseb6_vtyppa_loc1_roi3_rep1_PRE.nc
367,186.7878570556641,0.8510210869306896,Enzyme,20230511,pa,1.0,3,2,1,1.0,0.0,yes,../20230511_Glx_B6_HAse/20230511_mouseb6_vtyppa_loc1_roi3_rep1_PRE.nc
368,201.16976928710935,0.7580527817326903,Enzyme,20230511,pa,1.0,3,3,1,1.0,0.0,yes,../20230511_Glx_B6_HAse/20230511_mouseb6_vtyppa_loc1_roi3_rep1_PRE.nc
369,185.50119018554688,0.7635844540095036,Enzyme,20230511,pa,1.0,3,4,1,1.0,0.0,yes,../20230511_Glx_B6_HAse/20230511_mouseb6_vtyppa_loc1_roi3_rep1_PRE.nc
370,173.69386291503906,0.7182290283833765,Enzyme,20230511,pa,1.0,3,5,1,1.0,0.0,yes,../20230511_Glx_B6_HAse/20230511_mouseb6_vtyppa_loc1_roi3_rep1_PRE.nc
371,167.9536895751953,0.6964609953272038,Enzyme,20230511,pa,1.0,3,6,1,1.0,0.0,yes,../20230511_Glx_B6_HAse/20230511_mouseb6_vtyppa_loc1_roi3_rep1_PRE.nc
372,152.46661376953125,0.839387180202225,Enzyme,20230511,pa,1.0,3,7,1,1.0,0.0,yes,../20230511_Glx_B6_HAse/20230511_mouseb6_vtyppa_loc1_roi3_rep1_PRE.nc
373,162.9195098876953,0.7595016412209397,Enzyme,20230511,pa,1.0,3,8,1,1.0,0.0,yes,../20230511_Glx_B6_HAse/20230511_mouseb6_vtyppa_loc1_roi3_rep1_PRE.nc
374,165.61756896972656,0.6962951520830565,Enzyme,20230511,pa,1.0,3,9,1,1.0,0.0,yes,../20230511_Glx_B6_HAse/20230511_mouseb6_vtyppa_loc1_roi3_rep1_PRE.nc
375,179.21202087402344,0.6778226589224658,Enzyme,20230511,pa,1.0,3,10,1,1.0,0.0,yes,../20230511_Glx_B6_HAse/20230511_mouseb6_vtyppa_loc1_roi3_rep1_PRE.nc
376,176.4484405517578,0.6975978055461471,Enzyme,20230511,pa,1.0,3,11,1,1.0,0.0,yes,../20230511_Glx_B6_HAse/20230511_mouseb6_vtyppa_loc1_roi3_rep1_PRE.nc
377,199.17059326171875,0.7129945600494434,Enzyme,20230511,pa,1.0,3,12,1,1.0,0.0,yes,../20230511_Glx_B6_HAse/20230511_mouseb6_vtyppa_loc1_roi3_rep1_PRE.nc
378,181.4809417724609,0.5681652890306044,Enzyme,20230511,pa,1.0,3,13,1,1.0,0.0,yes,../20230511_Glx_B6_HAse/20230511_mouseb6_vtyppa_loc1_roi3_rep1_PRE.nc
379,196.719970703125,0.5546356854108776,Enzyme,20230511,pa,1.0,3,14,1,1.0,0.0,yes,../20230511_Glx_B6_HAse/20230511_mouseb6_vtyppa_loc1_roi3_rep1_PRE.nc
380,199.71463012695312,0.7156334806393474,Enzyme,20230511,pa,1.0,3,15,1,1.0,0.0,yes,../20230511_Glx_B6_HAse/20230511_mouseb6_vtyppa_loc1_roi3_rep1_PRE.nc
381,236.19696044921875,0.6746727051506536,Enzyme,20230511,pa,1.0,3,16,1,1.0,0.0,yes,../20230511_Glx_B6_HAse/20230511_mouseb6_vtyppa_loc1_roi3_rep1_PRE.nc
382,167.28392028808594,0.664512480048149,Enzyme,20230511,pa,1.0,4,0,1,1.0,0.0,yes,../20230511_Glx_B6_HAse/20230511_mouseb6_vtyppa_loc1_roi4_rep1_PRE.nc
383,155.7830352783203,0.584559862325726,Enzyme,20230511,pa,1.0,4,1,1,1.0,0.0,yes,../20230511_Glx_B6_HAse/20230511_mouseb6_vtyppa_loc1_roi4_rep1_PRE.nc
384,126.38642120361328,0.6438024334684762,Enzyme,20230511,pa,1.0,4,2,1,1.0,0.0,yes,../20230511_Glx_B6_HAse/20230511_mouseb6_vtyppa_loc1_roi4_rep1_PRE.nc
385,138.58975219726562,0.5385284049558265,Enzyme,20230511,pa,1.0,4,3,1,1.0,0.0,yes,../20230511_Glx_B6_HAse/20230511_mouseb6_vtyppa_loc1_roi4_rep1_PRE.nc
386,132.50413513183594,0.5349451611370419,Enzyme,20230511,pa,1.0,4,4,1,1.0,0.0,yes,../20230511_Glx_B6_HAse/20230511_mouseb6_vtyppa_loc1_roi4_rep1_PRE.nc
387,129.85325622558594,0.5647446785064094,Enzyme,20230511,pa,1.0,4,5,1,1.0,0.0,yes,../20230511_Glx_B6_HAse/20230511_mouseb6_vtyppa_loc1_roi4_rep1_PRE.nc
388,116.6468276977539,0.5888877043080463,Enzyme,20230511,pa,1.0,4,6,1,1.0,0.0,yes,../20230511_Glx_B6_HAse/20230511_mouseb6_vtyppa_loc1_roi4_rep1_PRE.nc
389,129.55726623535156,0.490959448094781,Enzyme,20230511,pa,1.0,4,7,1,1.0,0.0,yes,../20230511_Glx_B6_HAse/20230511_mouseb6_vtyppa_loc1_roi4_rep1_PRE.nc
390,133.14486694335938,0.5115662339536602,Enzyme,20230511,pa,1.0,4,8,1,1.0,0.0,yes,../20230511_Glx_B6_HAse/20230511_mouseb6_vtyppa_loc1_roi4_rep1_PRE.nc
391,137.73092651367188,0.5567560397955216,Enzyme,20230511,pa,1.0,4,9,1,1.0,0.0,yes,../20230511_Glx_B6_HAse/20230511_mouseb6_vtyppa_loc1_roi4_rep1_PRE.nc
392,153.69656372070312,0.5534791895979527,Enzyme,20230511,pa,1.0,4,10,1,1.0,0.0,yes,../20230511_Glx_B6_HAse/20230511_mouseb6_vtyppa_loc1_roi4_rep1_PRE.nc
393,136.2012939453125,0.4917278726554652,Enzyme,20230511,pa,1.0,4,11,1,1.0,0.0,yes,../20230511_Glx_B6_HAse/20230511_mouseb6_vtyppa_loc1_roi4_rep1_PRE.nc
394,143.85116577148438,0.4867612301246673,Enzyme,20230511,pa,1.0,4,12,1,1.0,0.0,yes,../20230511_Glx_B6_HAse/20230511_mouseb6_vtyppa_loc1_roi4_rep1_PRE.nc
395,137.46701049804688,0.5702739852090755,Enzyme,20230511,pa,1.0,4,13,1,1.0,0.0,yes,../20230511_Glx_B6_HAse/20230511_mouseb6_vtyppa_loc1_roi4_rep1_PRE.nc
396,142.35015869140625,0.5088025856187048,Enzyme,20230511,pa,1.0,4,14,1,1.0,0.0,yes,../20230511_Glx_B6_HAse/20230511_mouseb6_vtyppa_loc1_roi4_rep1_PRE.nc
397,129.17706298828125,0.6250959699904222,Enzyme,20230511,pa,1.0,4,15,1,1.0,0.0,yes,../20230511_Glx_B6_HAse/20230511_mouseb6_vtyppa_loc1_roi4_rep1_PRE.nc
398,130.83753967285156,0.4731116124311239,Enzyme,20230511,pa,1.0,4,16,1,1.0,0.0,yes,../20230511_Glx_B6_HAse/20230511_mouseb6_vtyppa_loc1_roi4_rep1_PRE.nc
399,178.05838012695312,0.6795146017895171,Enzyme,20230511,pa,1.0,5,0,1,1.0,0.0,yes,../20230511_Glx_B6_HAse/20230511_mouseb6_vtyppa_loc1_roi5_rep1_PRE.nc
400,179.07553100585938,0.8162250890045897,Enzyme,20230511,pa,1.0,5,1,1,1.0,0.0,yes,../20230511_Glx_B6_HAse/20230511_mouseb6_vtyppa_loc1_roi5_rep1_PRE.nc
401,178.17430114746094,0.656263760774646,Enzyme,20230511,pa,1.0,5,2,1,1.0,0.0,yes,../20230511_Glx_B6_HAse/20230511_mouseb6_vtyppa_loc1_roi5_rep1_PRE.nc
402,187.00958251953125,0.6165683375934918,Enzyme,20230511,pa,1.0,5,3,1,1.0,0.0,yes,../20230511_Glx_B6_HAse/20230511_mouseb6_vtyppa_loc1_roi5_rep1_PRE.nc
403,247.5790557861328,0.674503416225047,Enzyme,20230511,pa,1.0,5,4,1,1.0,0.0,yes,../20230511_Glx_B6_HAse/20230511_mouseb6_vtyppa_loc1_roi5_rep1_PRE.nc
404,228.1817321777344,0.6375894959489479,Enzyme,20230511,pa,1.0,5,5,1,1.0,0.0,yes,../20230511_Glx_B6_HAse/20230511_mouseb6_vtyppa_loc1_roi5_rep1_PRE.nc
405,227.8954315185547,0.5474115805476103,Enzyme,20230511,pa,1.0,5,6,1,1.0,0.0,yes,../20230511_Glx_B6_HAse/20230511_mouseb6_vtyppa_loc1_roi5_rep1_PRE.nc
406,224.9720001220703,0.5805546503172607,Enzyme,20230511,pa,1.0,5,7,1,1.0,0.0,yes,../20230511_Glx_B6_HAse/20230511_mouseb6_vtyppa_loc1_roi5_rep1_PRE.nc
407,222.18247985839844,0.6268103852933713,Enzyme,20230511,pa,1.0,5,8,1,1.0,0.0,yes,../20230511_Glx_B6_HAse/20230511_mouseb6_vtyppa_loc1_roi5_rep1_PRE.nc
408,251.78091430664065,0.5893236295220952,Enzyme,20230511,pa,1.0,5,9,1,1.0,0.0,yes,../20230511_Glx_B6_HAse/20230511_mouseb6_vtyppa_loc1_roi5_rep1_PRE.nc
409,234.1444091796875,0.633139999133931,Enzyme,20230511,pa,1.0,5,10,1,1.0,0.0,yes,../20230511_Glx_B6_HAse/20230511_mouseb6_vtyppa_loc1_roi5_rep1_PRE.nc
410,235.0449676513672,0.6338410068924851,Enzyme,20230511,pa,1.0,5,11,1,1.0,0.0,yes,../20230511_Glx_B6_HAse/20230511_mouseb6_vtyppa_loc1_roi5_rep1_PRE.nc
411,122.02477264404295,0.5235797647117373,Enzyme,20230511,pa,1.0,6,0,1,1.0,0.0,yes,../20230511_Glx_B6_HAse/20230511_mouseb6_vtyppa_loc1_roi6_rep1_PRE.nc
412,145.69541931152344,0.4729641316608166,Enzyme,20230511,pa,1.0,6,1,1,1.0,0.0,yes,../20230511_Glx_B6_HAse/20230511_mouseb6_vtyppa_loc1_roi6_rep1_PRE.nc
413,104.45865631103516,0.6332962729412337,Enzyme,20230511,pa,1.0,6,2,1,1.0,0.0,yes,../20230511_Glx_B6_HAse/20230511_mouseb6_vtyppa_loc1_roi6_rep1_PRE.nc
414,124.68739318847656,0.4782336450583919,Enzyme,20230511,pa,1.0,6,3,1,1.0,0.0,yes,../20230511_Glx_B6_HAse/20230511_mouseb6_vtyppa_loc1_roi6_rep1_PRE.nc
415,149.47732543945312,0.4808150984044737,Enzyme,20230511,pa,1.0,6,4,1,1.0,0.0,yes,../20230511_Glx_B6_HAse/20230511_mouseb6_vtyppa_loc1_roi6_rep1_PRE.nc
416,134.64064025878906,0.5090207750685884,Enzyme,20230511,pa,1.0,6,5,1,1.0,0.0,yes,../20230511_Glx_B6_HAse/20230511_mouseb6_vtyppa_loc1_roi6_rep1_PRE.nc
417,132.07696533203125,0.4709941839118698,Enzyme,20230511,pa,1.0,6,6,1,1.0,0.0,yes,../20230511_Glx_B6_HAse/20230511_mouseb6_vtyppa_loc1_roi6_rep1_PRE.nc
418,110.6073989868164,0.497055222458119,Enzyme,20230511,pa,1.0,6,7,1,1.0,0.0,yes,../20230511_Glx_B6_HAse/20230511_mouseb6_vtyppa_loc1_roi6_rep1_PRE.nc
419,120.87847137451172,0.5898681580862082,Enzyme,20230511,pa,1.0,6,8,1,1.0,0.0,yes,../20230511_Glx_B6_HAse/20230511_mouseb6_vtyppa_loc1_roi6_rep1_PRE.nc
420,116.9622802734375,0.5300387780859808,Enzyme,20230511,pa,1.0,6,9,1,1.0,0.0,yes,../20230511_Glx_B6_HAse/20230511_mouseb6_vtyppa_loc1_roi6_rep1_PRE.nc
421,92.85202026367188,0.7707293411573595,Enzyme,20230511,pa,1.0,6,10,1,1.0,0.0,yes,../20230511_Glx_B6_HAse/20230511_mouseb6_vtyppa_loc1_roi6_rep1_PRE.nc
422,254.74093627929688,0.7137382412935303,Saline,20230512,pa,1.0,1,0,1,1.0,0.0,yes,../20230512_Glx_B6_HAse/20230512_mouseb6_vtyppa_loc1_roi1_rep1_PRE.nc
423,214.06158447265625,0.7205019729961855,Saline,20230512,pa,1.0,1,1,1,1.0,0.0,yes,../20230512_Glx_B6_HAse/20230512_mouseb6_vtyppa_loc1_roi1_rep1_PRE.nc
424,217.6273956298828,0.5705275050425129,Saline,20230512,pa,1.0,1,2,1,1.0,0.0,yes,../20230512_Glx_B6_HAse/20230512_mouseb6_vtyppa_loc1_roi1_rep1_PRE.nc
425,243.3924102783203,0.8070769936038964,Saline,20230512,pa,1.0,1,3,1,1.0,0.0,yes,../20230512_Glx_B6_HAse/20230512_mouseb6_vtyppa_loc1_roi1_rep1_PRE.nc
426,184.6902618408203,0.8995670681236803,Saline,20230512,pa,1.0,1,4,1,1.0,0.0,yes,../20230512_Glx_B6_HAse/20230512_mouseb6_vtyppa_loc1_roi1_rep1_PRE.nc
427,187.74533081054688,0.9698978548090552,Saline,20230512,pa,1.0,1,5,1,1.0,0.0,yes,../20230512_Glx_B6_HAse/20230512_mouseb6_vtyppa_loc1_roi1_rep1_PRE.nc
428,211.1778259277344,0.7330130728681965,Saline,20230512,pa,1.0,1,6,1,1.0,0.0,yes,../20230512_Glx_B6_HAse/20230512_mouseb6_vtyppa_loc1_roi1_rep1_PRE.nc
429,234.8849029541016,0.6018972060877026,Saline,20230512,pa,1.0,1,7,1,1.0,0.0,yes,../20230512_Glx_B6_HAse/20230512_mouseb6_vtyppa_loc1_roi1_rep1_PRE.nc
430,217.9873809814453,0.6457269181521639,Saline,20230512,pa,1.0,1,8,1,1.0,0.0,yes,../20230512_Glx_B6_HAse/20230512_mouseb6_vtyppa_loc1_roi1_rep1_PRE.nc
431,261.8633117675781,0.8362197097799076,Saline,20230512,pa,1.0,1,9,1,1.0,0.0,yes,../20230512_Glx_B6_HAse/20230512_mouseb6_vtyppa_loc1_roi1_rep1_PRE.nc
432,242.69509887695312,0.7400853988058209,Saline,20230512,pa,1.0,1,10,1,1.0,0.0,yes,../20230512_Glx_B6_HAse/20230512_mouseb6_vtyppa_loc1_roi1_rep1_PRE.nc
433,242.8305206298828,0.7192983942560147,Saline,20230512,pa,1.0,1,11,1,1.0,0.0,yes,../20230512_Glx_B6_HAse/20230512_mouseb6_vtyppa_loc1_roi1_rep1_PRE.nc
434,215.4788818359375,0.7157407685445456,Saline,20230512,pa,1.0,1,12,1,1.0,0.0,yes,../20230512_Glx_B6_HAse/20230512_mouseb6_vtyppa_loc1_roi1_rep1_PRE.nc
435,226.0497894287109,0.7509946362814226,Saline,20230512,pa,1.0,1,13,1,1.0,0.0,yes,../20230512_Glx_B6_HAse/20230512_mouseb6_vtyppa_loc1_roi1_rep1_PRE.nc
436,196.20030212402344,0.7723395022600279,Saline,20230512,pa,1.0,1,14,1,1.0,0.0,yes,../20230512_Glx_B6_HAse/20230512_mouseb6_vtyppa_loc1_roi1_rep1_PRE.nc
437,221.77532958984372,0.8869915798304042,Saline,20230512,pa,1.0,1,15,1,1.0,0.0,yes,../20230512_Glx_B6_HAse/20230512_mouseb6_vtyppa_loc1_roi1_rep1_PRE.nc
438,263.0841064453125,0.8246723110674914,Saline,20230512,pa,1.0,1,16,1,1.0,0.0,yes,../20230512_Glx_B6_HAse/20230512_mouseb6_vtyppa_loc1_roi1_rep1_PRE.nc
439,243.77194213867188,0.6509398184808681,Saline,20230512,pa,1.0,2,0,1,1.0,0.0,yes,../20230512_Glx_B6_HAse/20230512_mouseb6_vtyppa_loc1_roi2_rep1_PRE.nc
440,204.46282958984372,0.6971625265376673,Saline,20230512,pa,1.0,2,1,1,1.0,0.0,yes,../20230512_Glx_B6_HAse/20230512_mouseb6_vtyppa_loc1_roi2_rep1_PRE.nc
441,209.0611572265625,1.0823224300300751,Saline,20230512,pa,1.0,2,2,1,1.0,0.0,yes,../20230512_Glx_B6_HAse/20230512_mouseb6_vtyppa_loc1_roi2_rep1_PRE.nc
442,212.1130828857422,0.8249789855133827,Saline,20230512,pa,1.0,2,3,1,1.0,0.0,yes,../20230512_Glx_B6_HAse/20230512_mouseb6_vtyppa_loc1_roi2_rep1_PRE.nc
443,214.51792907714844,0.7136558600488847,Saline,20230512,pa,1.0,2,4,1,1.0,0.0,yes,../20230512_Glx_B6_HAse/20230512_mouseb6_vtyppa_loc1_roi2_rep1_PRE.nc
444,213.23516845703125,0.6950872402119082,Saline,20230512,pa,1.0,2,5,1,1.0,0.0,yes,../20230512_Glx_B6_HAse/20230512_mouseb6_vtyppa_loc1_roi2_rep1_PRE.nc
445,229.8262481689453,0.7861398739890539,Saline,20230512,pa,1.0,2,6,1,1.0,0.0,yes,../20230512_Glx_B6_HAse/20230512_mouseb6_vtyppa_loc1_roi2_rep1_PRE.nc
446,184.59629821777344,1.150031124765427,Saline,20230512,pa,1.0,2,7,1,1.0,0.0,yes,../20230512_Glx_B6_HAse/20230512_mouseb6_vtyppa_loc1_roi2_rep1_PRE.nc
447,201.9840087890625,0.7842898569625163,Saline,20230512,pa,1.0,2,8,1,1.0,0.0,yes,../20230512_Glx_B6_HAse/20230512_mouseb6_vtyppa_loc1_roi2_rep1_PRE.nc
448,220.8873291015625,0.6828260006346341,Saline,20230512,pa,1.0,2,9,1,1.0,0.0,yes,../20230512_Glx_B6_HAse/20230512_mouseb6_vtyppa_loc1_roi2_rep1_PRE.nc
449,241.7322540283203,0.6536171955965351,Saline,20230512,pa,1.0,2,10,1,1.0,0.0,yes,../20230512_Glx_B6_HAse/20230512_mouseb6_vtyppa_loc1_roi2_rep1_PRE.nc
450,199.24044799804688,0.6784993648533195,Saline,20230512,pa,1.0,2,11,1,1.0,0.0,yes,../20230512_Glx_B6_HAse/20230512_mouseb6_vtyppa_loc1_roi2_rep1_PRE.nc
451,210.32318115234372,0.911206438611572,Saline,20230512,pa,1.0,2,12,1,1.0,0.0,yes,../20230512_Glx_B6_HAse/20230512_mouseb6_vtyppa_loc1_roi2_rep1_PRE.nc
452,227.9669647216797,0.7471188572672567,Saline,20230512,pa,1.0,2,13,1,1.0,0.0,yes,../20230512_Glx_B6_HAse/20230512_mouseb6_vtyppa_loc1_roi2_rep1_PRE.nc
453,250.4988555908203,0.6241524865592112,Saline,20230512,pa,1.0,2,14,1,1.0,0.0,yes,../20230512_Glx_B6_HAse/20230512_mouseb6_vtyppa_loc1_roi2_rep1_PRE.nc
454,226.8839569091797,0.7193808930746606,Saline,20230512,pa,1.0,2,15,1,1.0,0.0,yes,../20230512_Glx_B6_HAse/20230512_mouseb6_vtyppa_loc1_roi2_rep1_PRE.nc
455,218.8610382080078,0.514935454434827,Saline,20230512,pa,1.0,2,16,1,1.0,0.0,yes,../20230512_Glx_B6_HAse/20230512_mouseb6_vtyppa_loc1_roi2_rep1_PRE.nc
456,334.1192932128906,0.6119089819601555,Saline,20230512,pa,1.0,3,0,1,1.0,0.0,yes,../20230512_Glx_B6_HAse/20230512_mouseb6_vtyppa_loc1_roi3_rep1_PRE.nc
457,300.3240966796875,0.5095378715046248,Saline,20230512,pa,1.0,3,1,1,1.0,0.0,yes,../20230512_Glx_B6_HAse/20230512_mouseb6_vtyppa_loc1_roi3_rep1_PRE.nc
458,346.26470947265625,0.7309973931205871,Saline,20230512,pa,1.0,3,2,1,1.0,0.0,yes,../20230512_Glx_B6_HAse/20230512_mouseb6_vtyppa_loc1_roi3_rep1_PRE.nc
459,392.1982421875,0.8083074151293257,Saline,20230512,pa,1.0,3,3,1,1.0,0.0,yes,../20230512_Glx_B6_HAse/20230512_mouseb6_vtyppa_loc1_roi3_rep1_PRE.nc
460,396.5863952636719,0.589825780081636,Saline,20230512,pa,1.0,3,4,1,1.0,0.0,yes,../20230512_Glx_B6_HAse/20230512_mouseb6_vtyppa_loc1_roi3_rep1_PRE.nc
461,426.41595458984375,0.7255229402242716,Saline,20230512,pa,1.0,3,5,1,1.0,0.0,yes,../20230512_Glx_B6_HAse/20230512_mouseb6_vtyppa_loc1_roi3_rep1_PRE.nc
462,395.1490173339844,0.6653355573586399,Saline,20230512,pa,1.0,3,6,1,1.0,0.0,yes,../20230512_Glx_B6_HAse/20230512_mouseb6_vtyppa_loc1_roi3_rep1_PRE.nc
463,427.7682189941406,0.6569884520857343,Saline,20230512,pa,1.0,3,7,1,1.0,0.0,yes,../20230512_Glx_B6_HAse/20230512_mouseb6_vtyppa_loc1_roi3_rep1_PRE.nc
464,378.072265625,0.6314708194389329,Saline,20230512,pa,1.0,3,8,1,1.0,0.0,yes,../20230512_Glx_B6_HAse/20230512_mouseb6_vtyppa_loc1_roi3_rep1_PRE.nc
465,405.3801879882813,0.606624351699141,Saline,20230512,pa,1.0,3,9,1,1.0,0.0,yes,../20230512_Glx_B6_HAse/20230512_mouseb6_vtyppa_loc1_roi3_rep1_PRE.nc
466,448.8949890136719,0.5816815963393971,Saline,20230512,pa,1.0,3,10,1,1.0,0.0,yes,../20230512_Glx_B6_HAse/20230512_mouseb6_vtyppa_loc1_roi3_rep1_PRE.nc
467,333.6978759765625,0.589911475016569,Saline,20230512,pa,1.0,3,11,1,1.0,0.0,yes,../20230512_Glx_B6_HAse/20230512_mouseb6_vtyppa_loc1_roi3_rep1_PRE.nc
468,367.5707702636719,0.5824445455489737,Saline,20230512,pa,1.0,3,12,1,1.0,0.0,yes,../20230512_Glx_B6_HAse/20230512_mouseb6_vtyppa_loc1_roi3_rep1_PRE.nc
469,341.910400390625,0.5851261644615597,Saline,20230512,pa,1.0,3,13,1,1.0,0.0,yes,../20230512_Glx_B6_HAse/20230512_mouseb6_vtyppa_loc1_roi3_rep1_PRE.nc
470,347.9666442871094,0.5559054623095303,Saline,20230512,pa,1.0,3,14,1,1.0,0.0,yes,../20230512_Glx_B6_HAse/20230512_mouseb6_vtyppa_loc1_roi3_rep1_PRE.nc
471,369.7040100097656,0.6277005667813249,Saline,20230512,pa,1.0,3,15,1,1.0,0.0,yes,../20230512_Glx_B6_HAse/20230512_mouseb6_vtyppa_loc1_roi3_rep1_PRE.nc
472,330.24908447265625,0.6613048024256578,Saline,20230512,pa,1.0,3,16,1,1.0,0.0,yes,../20230512_Glx_B6_HAse/20230512_mouseb6_vtyppa_loc1_roi3_rep1_PRE.nc
473,165.5072479248047,0.8123808482471908,Saline,20230512,pa,1.0,4,0,1,1.0,0.0,yes,../20230512_Glx_B6_HAse/20230512_mouseb6_vtyppa_loc1_roi4_rep1_PRE.nc
474,146.9489288330078,0.6590042225168489,Saline,20230512,pa,1.0,4,1,1,1.0,0.0,yes,../20230512_Glx_B6_HAse/20230512_mouseb6_vtyppa_loc1_roi4_rep1_PRE.nc
475,131.49815368652344,0.8060139699583981,Saline,20230512,pa,1.0,4,2,1,1.0,0.0,yes,../20230512_Glx_B6_HAse/20230512_mouseb6_vtyppa_loc1_roi4_rep1_PRE.nc
476,161.1641082763672,0.7505388479182642,Saline,20230512,pa,1.0,4,3,1,1.0,0.0,yes,../20230512_Glx_B6_HAse/20230512_mouseb6_vtyppa_loc1_roi4_rep1_PRE.nc
477,186.0481719970703,0.5619959684457765,Saline,20230512,pa,1.0,4,4,1,1.0,0.0,yes,../20230512_Glx_B6_HAse/20230512_mouseb6_vtyppa_loc1_roi4_rep1_PRE.nc
478,191.63427734375,0.631312337660562,Saline,20230512,pa,1.0,4,5,1,1.0,0.0,yes,../20230512_Glx_B6_HAse/20230512_mouseb6_vtyppa_loc1_roi4_rep1_PRE.nc
479,176.37591552734375,0.6848149784368918,Saline,20230512,pa,1.0,4,6,1,1.0,0.0,yes,../20230512_Glx_B6_HAse/20230512_mouseb6_vtyppa_loc1_roi4_rep1_PRE.nc
480,157.15139770507812,0.6446652478786419,Saline,20230512,pa,1.0,4,7,1,1.0,0.0,yes,../20230512_Glx_B6_HAse/20230512_mouseb6_vtyppa_loc1_roi4_rep1_PRE.nc
481,166.62966918945312,0.7874875842417985,Saline,20230512,pa,1.0,4,8,1,1.0,0.0,yes,../20230512_Glx_B6_HAse/20230512_mouseb6_vtyppa_loc1_roi4_rep1_PRE.nc
482,156.11322021484375,0.6811662160501673,Saline,20230512,pa,1.0,4,9,1,1.0,0.0,yes,../20230512_Glx_B6_HAse/20230512_mouseb6_vtyppa_loc1_roi4_rep1_PRE.nc
483,165.22958374023438,0.6007806750650424,Saline,20230512,pa,1.0,4,10,1,1.0,0.0,yes,../20230512_Glx_B6_HAse/20230512_mouseb6_vtyppa_loc1_roi4_rep1_PRE.nc
484,142.2357177734375,1.0160845220886063,Saline,20230512,pa,1.0,4,11,1,1.0,0.0,yes,../20230512_Glx_B6_HAse/20230512_mouseb6_vtyppa_loc1_roi4_rep1_PRE.nc
485,152.63233947753906,0.8870126745375462,Saline,20230512,pa,1.0,4,12,1,1.0,0.0,yes,../20230512_Glx_B6_HAse/20230512_mouseb6_vtyppa_loc1_roi4_rep1_PRE.nc
486,155.21517944335938,0.8506888296422819,Saline,20230512,pa,1.0,4,13,1,1.0,0.0,yes,../20230512_Glx_B6_HAse/20230512_mouseb6_vtyppa_loc1_roi4_rep1_PRE.nc
487,171.3649139404297,0.8025468405797191,Saline,20230512,pa,1.0,4,14,1,1.0,0.0,yes,../20230512_Glx_B6_HAse/20230512_mouseb6_vtyppa_loc1_roi4_rep1_PRE.nc
488,173.47080993652344,0.7748283019325068,Saline,20230512,pa,1.0,4,15,1,1.0,0.0,yes,../20230512_Glx_B6_HAse/20230512_mouseb6_vtyppa_loc1_roi4_rep1_PRE.nc
489,139.33132934570312,0.9228500700231894,Saline,20230512,pa,1.0,4,16,1,1.0,0.0,yes,../20230512_Glx_B6_HAse/20230512_mouseb6_vtyppa_loc1_roi4_rep1_PRE.nc
490,259.9902648925781,0.5920318877315758,Saline,20230512,pa,1.0,5,0,1,1.0,0.0,yes,../20230512_Glx_B6_HAse/20230512_mouseb6_vtyppa_loc1_roi5_rep1_PRE.nc
491,260.9950256347656,0.742694869621257,Saline,20230512,pa,1.0,5,1,1,1.0,0.0,yes,../20230512_Glx_B6_HAse/20230512_mouseb6_vtyppa_loc1_roi5_rep1_PRE.nc
492,280.8597106933594,0.6293532568638867,Saline,20230512,pa,1.0,5,2,1,1.0,0.0,yes,../20230512_Glx_B6_HAse/20230512_mouseb6_vtyppa_loc1_roi5_rep1_PRE.nc
493,259.8619079589844,0.5890294936240181,Saline,20230512,pa,1.0,5,3,1,1.0,0.0,yes,../20230512_Glx_B6_HAse/20230512_mouseb6_vtyppa_loc1_roi5_rep1_PRE.nc
494,249.1492462158203,0.5015329207158672,Saline,20230512,pa,1.0,5,4,1,1.0,0.0,yes,../20230512_Glx_B6_HAse/20230512_mouseb6_vtyppa_loc1_roi5_rep1_PRE.nc
495,242.96099853515625,0.6203699202048973,Saline,20230512,pa,1.0,5,5,1,1.0,0.0,yes,../20230512_Glx_B6_HAse/20230512_mouseb6_vtyppa_loc1_roi5_rep1_PRE.nc
496,243.8677673339844,0.614592377830931,Saline,20230512,pa,1.0,5,6,1,1.0,0.0,yes,../20230512_Glx_B6_HAse/20230512_mouseb6_vtyppa_loc1_roi5_rep1_PRE.nc
497,235.3118896484375,0.581741158509832,Saline,20230512,pa,1.0,5,7,1,1.0,0.0,yes,../20230512_Glx_B6_HAse/20230512_mouseb6_vtyppa_loc1_roi5_rep1_PRE.nc
498,214.20030212402344,0.5810351707887023,Saline,20230512,pa,1.0,5,8,1,1.0,0.0,yes,../20230512_Glx_B6_HAse/20230512_mouseb6_vtyppa_loc1_roi5_rep1_PRE.nc
499,239.1021881103516,0.6593811225330413,Saline,20230512,pa,1.0,5,9,1,1.0,0.0,yes,../20230512_Glx_B6_HAse/20230512_mouseb6_vtyppa_loc1_roi5_rep1_PRE.nc
500,233.2076568603516,0.6415309579591941,Saline,20230512,pa,1.0,5,10,1,1.0,0.0,yes,../20230512_Glx_B6_HAse/20230512_mouseb6_vtyppa_loc1_roi5_rep1_PRE.nc
501,218.3988800048828,0.6727158330966461,Saline,20230512,pa,1.0,5,11,1,1.0,0.0,yes,../20230512_Glx_B6_HAse/20230512_mouseb6_vtyppa_loc1_roi5_rep1_PRE.nc
502,207.16099548339844,0.7255988577693095,Saline,20230512,pa,1.0,5,12,1,1.0,0.0,yes,../20230512_Glx_B6_HAse/20230512_mouseb6_vtyppa_loc1_roi5_rep1_PRE.nc
503,205.6101226806641,0.7001235360523559,Saline,20230512,pa,1.0,5,13,1,1.0,0.0,yes,../20230512_Glx_B6_HAse/20230512_mouseb6_vtyppa_loc1_roi5_rep1_PRE.nc
504,202.8929443359375,0.7511616046234195,Saline,20230512,pa,1.0,5,14,1,1.0,0.0,yes,../20230512_Glx_B6_HAse/20230512_mouseb6_vtyppa_loc1_roi5_rep1_PRE.nc
505,238.6559600830078,0.7402144370190022,Saline,20230512,pa,1.0,5,15,1,1.0,0.0,yes,../20230512_Glx_B6_HAse/20230512_mouseb6_vtyppa_loc1_roi5_rep1_PRE.nc
506,222.56044006347656,0.752838109936274,Saline,20230512,pa,1.0,5,16,1,1.0,0.0,yes,../20230512_Glx_B6_HAse/20230512_mouseb6_vtyppa_loc1_roi5_rep1_PRE.nc
507,195.7653350830078,0.8150353682533762,Saline,20230512,pa,1.0,6,0,1,1.0,0.0,yes,../20230512_Glx_B6_HAse/20230512_mouseb6_vtyppa_loc1_roi6_rep1_PRE.nc
508,249.817626953125,0.6936582795543949,Saline,20230512,pa,1.0,6,1,1,1.0,0.0,yes,../20230512_Glx_B6_HAse/20230512_mouseb6_vtyppa_loc1_roi6_rep1_PRE.nc
509,299.19146728515625,0.6133440752610468,Saline,20230512,pa,1.0,6,2,1,1.0,0.0,yes,../20230512_Glx_B6_HAse/20230512_mouseb6_vtyppa_loc1_roi6_rep1_PRE.nc
510,271.5992736816406,0.638891391818543,Saline,20230512,pa,1.0,6,3,1,1.0,0.0,yes,../20230512_Glx_B6_HAse/20230512_mouseb6_vtyppa_loc1_roi6_rep1_PRE.nc
511,207.5511474609375,0.592944627567487,Saline,20230512,pa,1.0,6,4,1,1.0,0.0,yes,../20230512_Glx_B6_HAse/20230512_mouseb6_vtyppa_loc1_roi6_rep1_PRE.nc
512,202.60818481445312,0.5688647795232313,Saline,20230512,pa,1.0,6,5,1,1.0,0.0,yes,../20230512_Glx_B6_HAse/20230512_mouseb6_vtyppa_loc1_roi6_rep1_PRE.nc
513,188.16651916503903,0.6110875952340074,Saline,20230512,pa,1.0,6,6,1,1.0,0.0,yes,../20230512_Glx_B6_HAse/20230512_mouseb6_vtyppa_loc1_roi6_rep1_PRE.nc
514,224.69924926757807,0.6174888044904314,Saline,20230512,pa,1.0,6,7,1,1.0,0.0,yes,../20230512_Glx_B6_HAse/20230512_mouseb6_vtyppa_loc1_roi6_rep1_PRE.nc
515,206.71456909179688,0.7580246930141818,Saline,20230512,pa,1.0,6,8,1,1.0,0.0,yes,../20230512_Glx_B6_HAse/20230512_mouseb6_vtyppa_loc1_roi6_rep1_PRE.nc
516,257.6177978515625,0.6200111258706826,Saline,20230512,pa,1.0,6,9,1,1.0,0.0,yes,../20230512_Glx_B6_HAse/20230512_mouseb6_vtyppa_loc1_roi6_rep1_PRE.nc
517,258.0525207519531,0.7154043419261917,Saline,20230512,pa,1.0,6,10,1,1.0,0.0,yes,../20230512_Glx_B6_HAse/20230512_mouseb6_vtyppa_loc1_roi6_rep1_PRE.nc
518,272.4513244628906,0.6184085740859295,Saline,20230512,pa,1.0,6,11,1,1.0,0.0,yes,../20230512_Glx_B6_HAse/20230512_mouseb6_vtyppa_loc1_roi6_rep1_PRE.nc
519,222.8856658935547,0.6518615485730486,Saline,20230512,pa,1.0,6,12,1,1.0,0.0,yes,../20230512_Glx_B6_HAse/20230512_mouseb6_vtyppa_loc1_roi6_rep1_PRE.nc
520,177.196044921875,0.7590275104697781,Saline,20230512,pa,1.0,6,13,1,1.0,0.0,yes,../20230512_Glx_B6_HAse/20230512_mouseb6_vtyppa_loc1_roi6_rep1_PRE.nc
521,209.10494995117188,0.6620818807542044,Saline,20230512,pa,1.0,6,14,1,1.0,0.0,yes,../20230512_Glx_B6_HAse/20230512_mouseb6_vtyppa_loc1_roi6_rep1_PRE.nc
522,199.62136840820312,0.6646374231457557,Saline,20230512,pa,1.0,6,15,1,1.0,0.0,yes,../20230512_Glx_B6_HAse/20230512_mouseb6_vtyppa_loc1_roi6_rep1_PRE.nc
523,209.7903594970703,0.5871433065942213,Saline,20230512,pa,1.0,6,16,1,1.0,0.0,yes,../20230512_Glx_B6_HAse/20230512_mouseb6_vtyppa_loc1_roi6_rep1_PRE.nc
524,218.1134185791016,0.7059883797485647,Saline,20230512,pea,1.0,1,0,1,1.0,0.0,yes,../20230512_Glx_B6_HAse/20230512_mouseb6_vtyppea_loc1_roi1_rep1_PRE.nc
525,172.99681091308594,0.7877585568152661,Saline,20230512,pea,1.0,1,1,1,1.0,0.0,yes,../20230512_Glx_B6_HAse/20230512_mouseb6_vtyppea_loc1_roi1_rep1_PRE.nc
526,184.91961669921875,0.6629852139835855,Saline,20230512,pea,1.0,1,2,1,1.0,0.0,yes,../20230512_Glx_B6_HAse/20230512_mouseb6_vtyppea_loc1_roi1_rep1_PRE.nc
527,207.72210693359372,0.8148693925246171,Saline,20230512,pea,1.0,1,3,1,1.0,0.0,yes,../20230512_Glx_B6_HAse/20230512_mouseb6_vtyppea_loc1_roi1_rep1_PRE.nc
528,207.0391845703125,0.7844644735048689,Saline,20230512,pea,1.0,1,4,1,1.0,0.0,yes,../20230512_Glx_B6_HAse/20230512_mouseb6_vtyppea_loc1_roi1_rep1_PRE.nc
529,214.5038299560547,0.8475103861619111,Saline,20230512,pea,1.0,1,5,1,1.0,0.0,yes,../20230512_Glx_B6_HAse/20230512_mouseb6_vtyppea_loc1_roi1_rep1_PRE.nc
530,222.8329315185547,0.6273411897604504,Saline,20230512,pea,1.0,1,6,1,1.0,0.0,yes,../20230512_Glx_B6_HAse/20230512_mouseb6_vtyppea_loc1_roi1_rep1_PRE.nc
531,274.5245361328125,0.6416729198642024,Saline,20230512,pea,1.0,1,7,1,1.0,0.0,yes,../20230512_Glx_B6_HAse/20230512_mouseb6_vtyppea_loc1_roi1_rep1_PRE.nc
532,256.4111328125,0.6412681844329171,Saline,20230512,pea,1.0,1,8,1,1.0,0.0,yes,../20230512_Glx_B6_HAse/20230512_mouseb6_vtyppea_loc1_roi1_rep1_PRE.nc
533,169.42161560058594,0.7482806970999896,Saline,20230512,pea,1.0,1,9,1,1.0,0.0,yes,../20230512_Glx_B6_HAse/20230512_mouseb6_vtyppea_loc1_roi1_rep1_PRE.nc
534,238.43118286132807,0.683648903314328,Saline,20230512,pea,1.0,1,10,1,1.0,0.0,yes,../20230512_Glx_B6_HAse/20230512_mouseb6_vtyppea_loc1_roi1_rep1_PRE.nc
535,240.8960418701172,0.7925287233962948,Saline,20230512,pea,1.0,1,11,1,1.0,0.0,yes,../20230512_Glx_B6_HAse/20230512_mouseb6_vtyppea_loc1_roi1_rep1_PRE.nc
536,244.986083984375,0.809935785750298,Saline,20230512,pea,1.0,1,12,1,1.0,0.0,yes,../20230512_Glx_B6_HAse/20230512_mouseb6_vtyppea_loc1_roi1_rep1_PRE.nc
537,210.3111572265625,0.919290157169943,Saline,20230512,pea,1.0,1,13,1,1.0,0.0,yes,../20230512_Glx_B6_HAse/20230512_mouseb6_vtyppea_loc1_roi1_rep1_PRE.nc
538,217.01031494140625,0.7337800475309244,Saline,20230512,pea,1.0,1,14,1,1.0,0.0,yes,../20230512_Glx_B6_HAse/20230512_mouseb6_vtyppea_loc1_roi1_rep1_PRE.nc
539,215.4019470214844,0.8279441328786206,Saline,20230512,pea,1.0,1,15,1,1.0,0.0,yes,../20230512_Glx_B6_HAse/20230512_mouseb6_vtyppea_loc1_roi1_rep1_PRE.nc
540,247.72244262695312,0.9604172997013124,Saline,20230512,pea,1.0,1,16,1,1.0,0.0,yes,../20230512_Glx_B6_HAse/20230512_mouseb6_vtyppea_loc1_roi1_rep1_PRE.nc
541,216.336181640625,0.7048997045651273,Saline,20230512,pea,1.0,2,0,1,1.0,0.0,yes,../20230512_Glx_B6_HAse/20230512_mouseb6_vtyppea_loc1_roi2_rep1_PRE.nc
542,177.07803344726562,0.7068191856390111,Saline,20230512,pea,1.0,2,1,1,1.0,0.0,yes,../20230512_Glx_B6_HAse/20230512_mouseb6_vtyppea_loc1_roi2_rep1_PRE.nc
543,171.32351684570312,0.82426015021111,Saline,20230512,pea,1.0,2,2,1,1.0,0.0,yes,../20230512_Glx_B6_HAse/20230512_mouseb6_vtyppea_loc1_roi2_rep1_PRE.nc
544,177.42420959472656,0.8400746630308813,Saline,20230512,pea,1.0,2,3,1,1.0,0.0,yes,../20230512_Glx_B6_HAse/20230512_mouseb6_vtyppea_loc1_roi2_rep1_PRE.nc
545,184.42984008789065,0.6585097564138902,Saline,20230512,pea,1.0,2,4,1,1.0,0.0,yes,../20230512_Glx_B6_HAse/20230512_mouseb6_vtyppea_loc1_roi2_rep1_PRE.nc
546,174.24264526367188,0.7104182765449405,Saline,20230512,pea,1.0,2,5,1,1.0,0.0,yes,../20230512_Glx_B6_HAse/20230512_mouseb6_vtyppea_loc1_roi2_rep1_PRE.nc
547,149.2609405517578,0.9644429796857974,Saline,20230512,pea,1.0,2,6,1,1.0,0.0,yes,../20230512_Glx_B6_HAse/20230512_mouseb6_vtyppea_loc1_roi2_rep1_PRE.nc
548,185.30938720703125,1.069363362017194,Saline,20230512,pea,1.0,2,7,1,1.0,0.0,yes,../20230512_Glx_B6_HAse/20230512_mouseb6_vtyppea_loc1_roi2_rep1_PRE.nc
549,137.86428833007812,0.9951814163007686,Saline,20230512,pea,1.0,2,8,1,1.0,0.0,yes,../20230512_Glx_B6_HAse/20230512_mouseb6_vtyppea_loc1_roi2_rep1_PRE.nc
550,128.3977508544922,0.7584476685115433,Saline,20230512,pea,1.0,2,9,1,1.0,0.0,yes,../20230512_Glx_B6_HAse/20230512_mouseb6_vtyppea_loc1_roi2_rep1_PRE.nc
551,122.17681121826172,0.8475459479908114,Saline,20230512,pea,1.0,2,10,1,1.0,0.0,yes,../20230512_Glx_B6_HAse/20230512_mouseb6_vtyppea_loc1_roi2_rep1_PRE.nc
552,115.05233001708984,0.794664712530949,Saline,20230512,pea,1.0,2,11,1,1.0,0.0,yes,../20230512_Glx_B6_HAse/20230512_mouseb6_vtyppea_loc1_roi2_rep1_PRE.nc
553,113.5728988647461,0.9746607461436358,Saline,20230512,pea,1.0,2,12,1,1.0,0.0,yes,../20230512_Glx_B6_HAse/20230512_mouseb6_vtyppea_loc1_roi2_rep1_PRE.nc
554,135.64491271972656,0.8415184869796501,Saline,20230512,pea,1.0,2,13,1,1.0,0.0,yes,../20230512_Glx_B6_HAse/20230512_mouseb6_vtyppea_loc1_roi2_rep1_PRE.nc
555,145.4099884033203,0.7022826973849767,Saline,20230512,pea,1.0,2,14,1,1.0,0.0,yes,../20230512_Glx_B6_HAse/20230512_mouseb6_vtyppea_loc1_roi2_rep1_PRE.nc
556,186.7204132080078,0.6523394093363883,Saline,20230512,pea,1.0,3,0,1,1.0,0.0,yes,../20230512_Glx_B6_HAse/20230512_mouseb6_vtyppea_loc1_roi3_rep1_PRE.nc
557,168.8284454345703,0.6696947442691492,Saline,20230512,pea,1.0,3,1,1,1.0,0.0,yes,../20230512_Glx_B6_HAse/20230512_mouseb6_vtyppea_loc1_roi3_rep1_PRE.nc
558,152.48880004882812,0.6296590017963979,Saline,20230512,pea,1.0,3,2,1,1.0,0.0,yes,../20230512_Glx_B6_HAse/20230512_mouseb6_vtyppea_loc1_roi3_rep1_PRE.nc
559,180.58636474609372,0.625849362431179,Saline,20230512,pea,1.0,3,3,1,1.0,0.0,yes,../20230512_Glx_B6_HAse/20230512_mouseb6_vtyppea_loc1_roi3_rep1_PRE.nc
560,188.29315185546875,0.5898644488502516,Saline,20230512,pea,1.0,3,4,1,1.0,0.0,yes,../20230512_Glx_B6_HAse/20230512_mouseb6_vtyppea_loc1_roi3_rep1_PRE.nc
561,164.497314453125,0.6707233249665254,Saline,20230512,pea,1.0,3,5,1,1.0,0.0,yes,../20230512_Glx_B6_HAse/20230512_mouseb6_vtyppea_loc1_roi3_rep1_PRE.nc
562,173.60342407226562,0.6929864732836606,Saline,20230512,pea,1.0,3,6,1,1.0,0.0,yes,../20230512_Glx_B6_HAse/20230512_mouseb6_vtyppea_loc1_roi3_rep1_PRE.nc
563,176.65773010253906,0.701738629211075,Saline,20230512,pea,1.0,3,7,1,1.0,0.0,yes,../20230512_Glx_B6_HAse/20230512_mouseb6_vtyppea_loc1_roi3_rep1_PRE.nc
564,186.76577758789065,0.5513894695457164,Saline,20230512,pea,1.0,3,8,1,1.0,0.0,yes,../20230512_Glx_B6_HAse/20230512_mouseb6_vtyppea_loc1_roi3_rep1_PRE.nc
565,184.9896240234375,0.6309148475783353,Saline,20230512,pea,1.0,3,9,1,1.0,0.0,yes,../20230512_Glx_B6_HAse/20230512_mouseb6_vtyppea_loc1_roi3_rep1_PRE.nc
566,213.5633087158203,0.6045125283773025,Saline,20230512,pea,1.0,3,10,1,1.0,0.0,yes,../20230512_Glx_B6_HAse/20230512_mouseb6_vtyppea_loc1_roi3_rep1_PRE.nc
567,150.85958862304688,0.6509792813606232,Saline,20230512,pea,1.0,3,11,1,1.0,0.0,yes,../20230512_Glx_B6_HAse/20230512_mouseb6_vtyppea_loc1_roi3_rep1_PRE.nc
568,155.00595092773438,0.676480595764545,Saline,20230512,pea,1.0,3,12,1,1.0,0.0,yes,../20230512_Glx_B6_HAse/20230512_mouseb6_vtyppea_loc1_roi3_rep1_PRE.nc
569,147.51181030273438,0.7058532212330189,Saline,20230512,pea,1.0,3,13,1,1.0,0.0,yes,../20230512_Glx_B6_HAse/20230512_mouseb6_vtyppea_loc1_roi3_rep1_PRE.nc
570,209.9849548339844,0.7401558514734745,Saline,20230512,pea,1.0,3,14,1,1.0,0.0,yes,../20230512_Glx_B6_HAse/20230512_mouseb6_vtyppea_loc1_roi3_rep1_PRE.nc
571,153.42642211914062,0.7808117380515949,Saline,20230512,pea,1.0,3,15,1,1.0,0.0,yes,../20230512_Glx_B6_HAse/20230512_mouseb6_vtyppea_loc1_roi3_rep1_PRE.nc
572,165.05050659179688,0.600309634548168,Saline,20230512,pea,1.0,3,16,1,1.0,0.0,yes,../20230512_Glx_B6_HAse/20230512_mouseb6_vtyppea_loc1_roi3_rep1_PRE.nc
573,157.0229949951172,0.7085141054713056,Saline,20230512,pea,1.0,4,0,1,1.0,0.0,yes,../20230512_Glx_B6_HAse/20230512_mouseb6_vtyppea_loc1_roi4_rep1_PRE.nc
574,170.63035583496094,0.626722200915804,Saline,20230512,pea,1.0,4,1,1,1.0,0.0,yes,../20230512_Glx_B6_HAse/20230512_mouseb6_vtyppea_loc1_roi4_rep1_PRE.nc
575,178.86468505859375,0.610805616615469,Saline,20230512,pea,1.0,4,2,1,1.0,0.0,yes,../20230512_Glx_B6_HAse/20230512_mouseb6_vtyppea_loc1_roi4_rep1_PRE.nc
576,200.59759521484372,0.6018605054229571,Saline,20230512,pea,1.0,4,3,1,1.0,0.0,yes,../20230512_Glx_B6_HAse/20230512_mouseb6_vtyppea_loc1_roi4_rep1_PRE.nc
577,203.6920623779297,0.5930428052871459,Saline,20230512,pea,1.0,4,4,1,1.0,0.0,yes,../20230512_Glx_B6_HAse/20230512_mouseb6_vtyppea_loc1_roi4_rep1_PRE.nc
578,181.37599182128903,0.5225116672343777,Saline,20230512,pea,1.0,4,5,1,1.0,0.0,yes,../20230512_Glx_B6_HAse/20230512_mouseb6_vtyppea_loc1_roi4_rep1_PRE.nc
579,208.13723754882807,0.7642738441976213,Saline,20230512,pea,1.0,4,6,1,1.0,0.0,yes,../20230512_Glx_B6_HAse/20230512_mouseb6_vtyppea_loc1_roi4_rep1_PRE.nc
580,205.96258544921875,0.689208061173515,Saline,20230512,pea,1.0,4,7,1,1.0,0.0,yes,../20230512_Glx_B6_HAse/20230512_mouseb6_vtyppea_loc1_roi4_rep1_PRE.nc
581,197.63755798339844,0.6984646563404162,Saline,20230512,pea,1.0,4,8,1,1.0,0.0,yes,../20230512_Glx_B6_HAse/20230512_mouseb6_vtyppea_loc1_roi4_rep1_PRE.nc
582,196.40272521972656,0.5976858872433759,Saline,20230512,pea,1.0,4,9,1,1.0,0.0,yes,../20230512_Glx_B6_HAse/20230512_mouseb6_vtyppea_loc1_roi4_rep1_PRE.nc
583,211.102294921875,0.5555476310434404,Saline,20230512,pea,1.0,4,10,1,1.0,0.0,yes,../20230512_Glx_B6_HAse/20230512_mouseb6_vtyppea_loc1_roi4_rep1_PRE.nc
584,180.17282104492188,0.7266974068732583,Saline,20230512,pea,1.0,4,11,1,1.0,0.0,yes,../20230512_Glx_B6_HAse/20230512_mouseb6_vtyppea_loc1_roi4_rep1_PRE.nc
585,252.6131591796875,0.514289438455922,Saline,20230512,pea,1.0,5,0,1,1.0,0.0,yes,../20230512_Glx_B6_HAse/20230512_mouseb6_vtyppea_loc1_roi5_rep1_PRE.nc
586,233.8774261474609,0.8229466576597648,Saline,20230512,pea,1.0,5,1,1,1.0,0.0,yes,../20230512_Glx_B6_HAse/20230512_mouseb6_vtyppea_loc1_roi5_rep1_PRE.nc
587,261.5316162109375,0.7727983990722791,Saline,20230512,pea,1.0,5,2,1,1.0,0.0,yes,../20230512_Glx_B6_HAse/20230512_mouseb6_vtyppea_loc1_roi5_rep1_PRE.nc
588,233.5130615234375,0.685199133166071,Saline,20230512,pea,1.0,5,3,1,1.0,0.0,yes,../20230512_Glx_B6_HAse/20230512_mouseb6_vtyppea_loc1_roi5_rep1_PRE.nc
589,207.4348907470703,0.6316019858570776,Saline,20230512,pea,1.0,5,4,1,1.0,0.0,yes,../20230512_Glx_B6_HAse/20230512_mouseb6_vtyppea_loc1_roi5_rep1_PRE.nc
590,201.41921997070312,0.7398043112665267,Saline,20230512,pea,1.0,5,5,1,1.0,0.0,yes,../20230512_Glx_B6_HAse/20230512_mouseb6_vtyppea_loc1_roi5_rep1_PRE.nc
591,243.8927001953125,0.6092726406190767,Saline,20230512,pea,1.0,5,6,1,1.0,0.0,yes,../20230512_Glx_B6_HAse/20230512_mouseb6_vtyppea_loc1_roi5_rep1_PRE.nc
592,274.2740173339844,0.6501288010357609,Saline,20230512,pea,1.0,5,7,1,1.0,0.0,yes,../20230512_Glx_B6_HAse/20230512_mouseb6_vtyppea_loc1_roi5_rep1_PRE.nc
593,275.502685546875,0.7156301481089145,Saline,20230512,pea,1.0,5,8,1,1.0,0.0,yes,../20230512_Glx_B6_HAse/20230512_mouseb6_vtyppea_loc1_roi5_rep1_PRE.nc
594,255.24583435058597,0.8859796858278433,Saline,20230512,pea,1.0,5,9,1,1.0,0.0,yes,../20230512_Glx_B6_HAse/20230512_mouseb6_vtyppea_loc1_roi5_rep1_PRE.nc
595,252.73426818847656,0.7690655690341437,Saline,20230512,pea,1.0,5,10,1,1.0,0.0,yes,../20230512_Glx_B6_HAse/20230512_mouseb6_vtyppea_loc1_roi5_rep1_PRE.nc
596,283.8883056640625,0.598828429359239,Saline,20230512,pea,1.0,5,11,1,1.0,0.0,yes,../20230512_Glx_B6_HAse/20230512_mouseb6_vtyppea_loc1_roi5_rep1_PRE.nc
597,287.660400390625,0.6489351385262108,Saline,20230512,pea,1.0,5,12,1,1.0,0.0,yes,../20230512_Glx_B6_HAse/20230512_mouseb6_vtyppea_loc1_roi5_rep1_PRE.nc
598,339.72027587890625,0.7365317985181399,Saline,20230512,pea,1.0,5,13,1,1.0,0.0,yes,../20230512_Glx_B6_HAse/20230512_mouseb6_vtyppea_loc1_roi5_rep1_PRE.nc
599,259.8322448730469,0.7072345406277876,Saline,20230512,pea,1.0,5,14,1,1.0,0.0,yes,../20230512_Glx_B6_HAse/20230512_mouseb6_vtyppea_loc1_roi5_rep1_PRE.nc
600,300.4466552734375,0.5388646753834578,Saline,20230512,pea,1.0,5,15,1,1.0,0.0,yes,../20230512_Glx_B6_HAse/20230512_mouseb6_vtyppea_loc1_roi5_rep1_PRE.nc
601,384.63226318359375,0.6243236823860467,Saline,20230512,pea,1.0,5,16,1,1.0,0.0,yes,../20230512_Glx_B6_HAse/20230512_mouseb6_vtyppea_loc1_roi5_rep1_PRE.nc
602,154.94142150878906,0.737118350400543,Saline,20230512,pea,1.0,6,0,1,1.0,0.0,yes,../20230512_Glx_B6_HAse/20230512_mouseb6_vtyppea_loc1_roi6_rep1_PRE.nc
603,148.7604217529297,0.6447470895912737,Saline,20230512,pea,1.0,6,1,1,1.0,0.0,yes,../20230512_Glx_B6_HAse/20230512_mouseb6_vtyppea_loc1_roi6_rep1_PRE.nc
604,122.2450714111328,0.5869095714307591,Saline,20230512,pea,1.0,6,2,1,1.0,0.0,yes,../20230512_Glx_B6_HAse/20230512_mouseb6_vtyppea_loc1_roi6_rep1_PRE.nc
605,125.90370178222656,0.5505060118518035,Saline,20230512,pea,1.0,6,3,1,1.0,0.0,yes,../20230512_Glx_B6_HAse/20230512_mouseb6_vtyppea_loc1_roi6_rep1_PRE.nc
606,129.7176513671875,0.6322526081924291,Saline,20230512,pea,1.0,6,4,1,1.0,0.0,yes,../20230512_Glx_B6_HAse/20230512_mouseb6_vtyppea_loc1_roi6_rep1_PRE.nc
607,126.9085464477539,0.5876433671030075,Saline,20230512,pea,1.0,6,5,1,1.0,0.0,yes,../20230512_Glx_B6_HAse/20230512_mouseb6_vtyppea_loc1_roi6_rep1_PRE.nc
608,107.23130798339844,0.6226094170890217,Saline,20230512,pea,1.0,6,6,1,1.0,0.0,yes,../20230512_Glx_B6_HAse/20230512_mouseb6_vtyppea_loc1_roi6_rep1_PRE.nc
609,116.99410247802734,0.6315128659185252,Saline,20230512,pea,1.0,6,7,1,1.0,0.0,yes,../20230512_Glx_B6_HAse/20230512_mouseb6_vtyppea_loc1_roi6_rep1_PRE.nc
610,138.9418182373047,0.5266588213875121,Saline,20230512,pea,1.0,6,8,1,1.0,0.0,yes,../20230512_Glx_B6_HAse/20230512_mouseb6_vtyppea_loc1_roi6_rep1_PRE.nc
611,131.63876342773438,0.5993603441160165,Saline,20230512,pea,1.0,6,9,1,1.0,0.0,yes,../20230512_Glx_B6_HAse/20230512_mouseb6_vtyppea_loc1_roi6_rep1_PRE.nc
612,163.5879364013672,0.5989155941264777,Saline,20230512,pea,1.0,6,10,1,1.0,0.0,yes,../20230512_Glx_B6_HAse/20230512_mouseb6_vtyppea_loc1_roi6_rep1_PRE.nc
613,158.27938842773438,0.530063699434633,Saline,20230512,pea,1.0,6,11,1,1.0,0.0,yes,../20230512_Glx_B6_HAse/20230512_mouseb6_vtyppea_loc1_roi6_rep1_PRE.nc
614,163.0181121826172,0.65817329544657,Saline,20230512,pea,1.0,6,12,1,1.0,0.0,yes,../20230512_Glx_B6_HAse/20230512_mouseb6_vtyppea_loc1_roi6_rep1_PRE.nc
615,174.10018920898438,0.5519608110702539,Saline,20230512,pea,1.0,6,13,1,1.0,0.0,yes,../20230512_Glx_B6_HAse/20230512_mouseb6_vtyppea_loc1_roi6_rep1_PRE.nc
616,162.0535888671875,0.6313239568015341,Saline,20230512,pea,1.0,6,14,1,1.0,0.0,yes,../20230512_Glx_B6_HAse/20230512_mouseb6_vtyppea_loc1_roi6_rep1_PRE.nc
617,171.72052001953125,0.5574955878101235,Saline,20230512,pea,1.0,6,15,1,1.0,0.0,yes,../20230512_Glx_B6_HAse/20230512_mouseb6_vtyppea_loc1_roi6_rep1_PRE.nc
618,180.10755920410156,0.5525131519027582,Saline,20230512,pea,1.0,6,16,1,1.0,0.0,yes,../20230512_Glx_B6_HAse/20230512_mouseb6_vtyppea_loc1_roi6_rep1_PRE.nc
619,222.4573211669922,0.9199068199493076,Saline,20230513,pa,1.0,1,0,1,1.0,0.0,yes,../20230513_Glx_B6_HAse/20230512_mouseb6_vtyppa_loc1_roi1_rep1_PRE.nc
620,247.7399139404297,0.8665761374319843,Saline,20230513,pa,1.0,1,1,1,1.0,0.0,yes,../20230513_Glx_B6_HAse/20230512_mouseb6_vtyppa_loc1_roi1_rep1_PRE.nc
621,224.5420837402344,0.7246611864330852,Saline,20230513,pa,1.0,1,2,1,1.0,0.0,yes,../20230513_Glx_B6_HAse/20230512_mouseb6_vtyppa_loc1_roi1_rep1_PRE.nc
622,237.43630981445312,0.7831489784329086,Saline,20230513,pa,1.0,1,3,1,1.0,0.0,yes,../20230513_Glx_B6_HAse/20230512_mouseb6_vtyppa_loc1_roi1_rep1_PRE.nc
623,249.4144744873047,0.6467508983213897,Saline,20230513,pa,1.0,1,4,1,1.0,0.0,yes,../20230513_Glx_B6_HAse/20230512_mouseb6_vtyppa_loc1_roi1_rep1_PRE.nc
624,238.5009613037109,0.5733075591393799,Saline,20230513,pa,1.0,1,5,1,1.0,0.0,yes,../20230513_Glx_B6_HAse/20230512_mouseb6_vtyppa_loc1_roi1_rep1_PRE.nc
625,224.6020050048828,0.951687765350016,Saline,20230513,pa,1.0,1,6,1,1.0,0.0,yes,../20230513_Glx_B6_HAse/20230512_mouseb6_vtyppa_loc1_roi1_rep1_PRE.nc
626,259.1840209960937,0.6888810018231304,Saline,20230513,pa,1.0,1,7,1,1.0,0.0,yes,../20230513_Glx_B6_HAse/20230512_mouseb6_vtyppa_loc1_roi1_rep1_PRE.nc
627,236.7454833984375,0.8183176852670186,Saline,20230513,pa,1.0,1,8,1,1.0,0.0,yes,../20230513_Glx_B6_HAse/20230512_mouseb6_vtyppa_loc1_roi1_rep1_PRE.nc
628,261.97869873046875,0.7145352072969935,Saline,20230513,pa,1.0,1,9,1,1.0,0.0,yes,../20230513_Glx_B6_HAse/20230512_mouseb6_vtyppa_loc1_roi1_rep1_PRE.nc
629,226.58816528320312,0.6729053710969879,Saline,20230513,pa,1.0,1,10,1,1.0,0.0,yes,../20230513_Glx_B6_HAse/20230512_mouseb6_vtyppa_loc1_roi1_rep1_PRE.nc
630,231.3932647705078,0.633969034921158,Saline,20230513,pa,1.0,1,11,1,1.0,0.0,yes,../20230513_Glx_B6_HAse/20230512_mouseb6_vtyppa_loc1_roi1_rep1_PRE.nc
631,212.04876708984372,0.7313233324811463,Saline,20230513,pa,1.0,1,12,1,1.0,0.0,yes,../20230513_Glx_B6_HAse/20230512_mouseb6_vtyppa_loc1_roi1_rep1_PRE.nc
632,215.1796875,0.6396988440587492,Saline,20230513,pa,1.0,1,13,1,1.0,0.0,yes,../20230513_Glx_B6_HAse/20230512_mouseb6_vtyppa_loc1_roi1_rep1_PRE.nc
633,255.88058471679688,0.7487165464160519,Saline,20230513,pa,1.0,1,14,1,1.0,0.0,yes,../20230513_Glx_B6_HAse/20230512_mouseb6_vtyppa_loc1_roi1_rep1_PRE.nc
634,178.3095703125,0.7085292201177733,Saline,20230513,pa,1.0,2,0,1,1.0,0.0,yes,../20230513_Glx_B6_HAse/20230512_mouseb6_vtyppa_loc1_roi2_rep1_PRE.nc
635,192.965576171875,0.6550865688076524,Saline,20230513,pa,1.0,2,1,1,1.0,0.0,yes,../20230513_Glx_B6_HAse/20230512_mouseb6_vtyppa_loc1_roi2_rep1_PRE.nc
636,185.79122924804688,0.6099363736035119,Saline,20230513,pa,1.0,2,2,1,1.0,0.0,yes,../20230513_Glx_B6_HAse/20230512_mouseb6_vtyppa_loc1_roi2_rep1_PRE.nc
637,211.9200439453125,0.5256743890758973,Saline,20230513,pa,1.0,2,3,1,1.0,0.0,yes,../20230513_Glx_B6_HAse/20230512_mouseb6_vtyppa_loc1_roi2_rep1_PRE.nc
638,217.0259704589844,0.6470975999067221,Saline,20230513,pa,1.0,2,4,1,1.0,0.0,yes,../20230513_Glx_B6_HAse/20230512_mouseb6_vtyppa_loc1_roi2_rep1_PRE.nc
639,208.3810577392578,0.6722904946031267,Saline,20230513,pa,1.0,2,5,1,1.0,0.0,yes,../20230513_Glx_B6_HAse/20230512_mouseb6_vtyppa_loc1_roi2_rep1_PRE.nc
640,224.59288024902344,0.5603082438113116,Saline,20230513,pa,1.0,3,0,1,1.0,0.0,yes,../20230513_Glx_B6_HAse/20230512_mouseb6_vtyppa_loc1_roi3_rep1_PRE.nc
641,256.5050964355469,0.4431717777908091,Saline,20230513,pa,1.0,3,1,1,1.0,0.0,yes,../20230513_Glx_B6_HAse/20230512_mouseb6_vtyppa_loc1_roi3_rep1_PRE.nc
642,281.7940673828125,0.5885575428925112,Saline,20230513,pa,1.0,3,2,1,1.0,0.0,yes,../20230513_Glx_B6_HAse/20230512_mouseb6_vtyppa_loc1_roi3_rep1_PRE.nc
643,277.4261474609375,0.5783996124328361,Saline,20230513,pa,1.0,3,3,1,1.0,0.0,yes,../20230513_Glx_B6_HAse/20230512_mouseb6_vtyppa_loc1_roi3_rep1_PRE.nc
644,269.2320861816406,0.6318143729879893,Saline,20230513,pa,1.0,3,4,1,1.0,0.0,yes,../20230513_Glx_B6_HAse/20230512_mouseb6_vtyppa_loc1_roi3_rep1_PRE.nc
645,229.83432006835935,0.7857872341411856,Saline,20230513,pa,1.0,3,5,1,1.0,0.0,yes,../20230513_Glx_B6_HAse/20230512_mouseb6_vtyppa_loc1_roi3_rep1_PRE.nc
646,196.9341735839844,0.6722831927111983,Saline,20230513,pa,1.0,3,6,1,1.0,0.0,yes,../20230513_Glx_B6_HAse/20230512_mouseb6_vtyppa_loc1_roi3_rep1_PRE.nc
647,176.99771118164062,0.9579042984689377,Saline,20230513,pa,1.0,3,7,1,1.0,0.0,yes,../20230513_Glx_B6_HAse/20230512_mouseb6_vtyppa_loc1_roi3_rep1_PRE.nc
648,185.91783142089844,0.6847068038693802,Saline,20230513,pa,1.0,3,8,1,1.0,0.0,yes,../20230513_Glx_B6_HAse/20230512_mouseb6_vtyppa_loc1_roi3_rep1_PRE.nc
649,190.79864501953125,0.7673584830280422,Saline,20230513,pa,1.0,3,9,1,1.0,0.0,yes,../20230513_Glx_B6_HAse/20230512_mouseb6_vtyppa_loc1_roi3_rep1_PRE.nc
650,203.81048583984372,0.6786689021431691,Saline,20230513,pa,1.0,3,10,1,1.0,0.0,yes,../20230513_Glx_B6_HAse/20230512_mouseb6_vtyppa_loc1_roi3_rep1_PRE.nc
651,227.57962036132807,0.69360828832618,Saline,20230513,pa,1.0,3,11,1,1.0,0.0,yes,../20230513_Glx_B6_HAse/20230512_mouseb6_vtyppa_loc1_roi3_rep1_PRE.nc
652,294.4817810058594,0.5974509274624715,Saline,20230513,pa,1.0,3,12,1,1.0,0.0,yes,../20230513_Glx_B6_HAse/20230512_mouseb6_vtyppa_loc1_roi3_rep1_PRE.nc
653,253.30935668945312,0.7648518134178133,Saline,20230513,pa,1.0,4,0,1,1.0,0.0,yes,../20230513_Glx_B6_HAse/20230512_mouseb6_vtyppa_loc1_roi4_rep1_PRE.nc
654,231.8299560546875,0.6246648313082552,Saline,20230513,pa,1.0,4,1,1,1.0,0.0,yes,../20230513_Glx_B6_HAse/20230512_mouseb6_vtyppa_loc1_roi4_rep1_PRE.nc
655,210.4326934814453,0.648555052117878,Saline,20230513,pa,1.0,4,2,1,1.0,0.0,yes,../20230513_Glx_B6_HAse/20230512_mouseb6_vtyppa_loc1_roi4_rep1_PRE.nc
656,204.32032775878903,0.6799704162089633,Saline,20230513,pa,1.0,4,3,1,1.0,0.0,yes,../20230513_Glx_B6_HAse/20230512_mouseb6_vtyppa_loc1_roi4_rep1_PRE.nc
657,216.4736175537109,0.4644346033663353,Saline,20230513,pa,1.0,4,4,1,1.0,0.0,yes,../20230513_Glx_B6_HAse/20230512_mouseb6_vtyppa_loc1_roi4_rep1_PRE.nc
658,233.3627777099609,0.5429467486979682,Saline,20230513,pa,1.0,4,5,1,1.0,0.0,yes,../20230513_Glx_B6_HAse/20230512_mouseb6_vtyppa_loc1_roi4_rep1_PRE.nc
659,231.90887451171875,0.5392870472217588,Saline,20230513,pa,1.0,4,6,1,1.0,0.0,yes,../20230513_Glx_B6_HAse/20230512_mouseb6_vtyppa_loc1_roi4_rep1_PRE.nc
660,266.8247985839844,0.6345062508673216,Saline,20230513,pa,1.0,4,7,1,1.0,0.0,yes,../20230513_Glx_B6_HAse/20230512_mouseb6_vtyppa_loc1_roi4_rep1_PRE.nc
661,271.2607421875,0.6479792947299963,Saline,20230513,pa,1.0,4,8,1,1.0,0.0,yes,../20230513_Glx_B6_HAse/20230512_mouseb6_vtyppa_loc1_roi4_rep1_PRE.nc
662,240.18038940429688,0.6502417333783654,Saline,20230513,pa,1.0,4,9,1,1.0,0.0,yes,../20230513_Glx_B6_HAse/20230512_mouseb6_vtyppa_loc1_roi4_rep1_PRE.nc
663,249.6729736328125,0.5875762630090726,Saline,20230513,pa,1.0,4,10,1,1.0,0.0,yes,../20230513_Glx_B6_HAse/20230512_mouseb6_vtyppa_loc1_roi4_rep1_PRE.nc
664,237.82275390625,0.6373735583189593,Saline,20230513,pa,1.0,4,11,1,1.0,0.0,yes,../20230513_Glx_B6_HAse/20230512_mouseb6_vtyppa_loc1_roi4_rep1_PRE.nc
665,234.8409118652344,0.5449584625098147,Saline,20230513,pa,1.0,4,12,1,1.0,0.0,yes,../20230513_Glx_B6_HAse/20230512_mouseb6_vtyppa_loc1_roi4_rep1_PRE.nc
666,258.45465087890625,0.548052287625616,Saline,20230513,pa,1.0,4,13,1,1.0,0.0,yes,../20230513_Glx_B6_HAse/20230512_mouseb6_vtyppa_loc1_roi4_rep1_PRE.nc
667,235.5755920410156,0.6292347691317968,Saline,20230513,pa,1.0,4,14,1,1.0,0.0,yes,../20230513_Glx_B6_HAse/20230512_mouseb6_vtyppa_loc1_roi4_rep1_PRE.nc
668,261.4710998535156,0.5700415665370766,Saline,20230513,pa,1.0,4,15,1,1.0,0.0,yes,../20230513_Glx_B6_HAse/20230512_mouseb6_vtyppa_loc1_roi4_rep1_PRE.nc
669,243.93646240234372,0.5354190972033326,Saline,20230513,pa,1.0,4,16,1,1.0,0.0,yes,../20230513_Glx_B6_HAse/20230512_mouseb6_vtyppa_loc1_roi4_rep1_PRE.nc
670,333.5313415527344,0.7486419425604769,Saline,20230513,pa,1.0,5,0,1,1.0,0.0,yes,../20230513_Glx_B6_HAse/20230512_mouseb6_vtyppa_loc1_roi5_rep1_PRE.nc
671,350.1972045898437,0.8181419724986032,Saline,20230513,pa,1.0,5,1,1,1.0,0.0,yes,../20230513_Glx_B6_HAse/20230512_mouseb6_vtyppa_loc1_roi5_rep1_PRE.nc
672,399.4010314941406,0.6885670501592589,Saline,20230513,pa,1.0,5,2,1,1.0,0.0,yes,../20230513_Glx_B6_HAse/20230512_mouseb6_vtyppa_loc1_roi5_rep1_PRE.nc
673,431.4274597167969,0.7572945832278251,Saline,20230513,pa,1.0,5,3,1,1.0,0.0,yes,../20230513_Glx_B6_HAse/20230512_mouseb6_vtyppa_loc1_roi5_rep1_PRE.nc
674,420.2754821777344,0.7908536138842983,Saline,20230513,pa,1.0,5,4,1,1.0,0.0,yes,../20230513_Glx_B6_HAse/20230512_mouseb6_vtyppa_loc1_roi5_rep1_PRE.nc
675,434.781982421875,0.601058111512021,Saline,20230513,pa,1.0,5,5,1,1.0,0.0,yes,../20230513_Glx_B6_HAse/20230512_mouseb6_vtyppa_loc1_roi5_rep1_PRE.nc
676,416.3598937988281,0.5817950275462032,Saline,20230513,pa,1.0,5,6,1,1.0,0.0,yes,../20230513_Glx_B6_HAse/20230512_mouseb6_vtyppa_loc1_roi5_rep1_PRE.nc
677,390.76611328125,0.7173767214418483,Saline,20230513,pa,1.0,5,7,1,1.0,0.0,yes,../20230513_Glx_B6_HAse/20230512_mouseb6_vtyppa_loc1_roi5_rep1_PRE.nc
678,317.52374267578125,0.8335432512889724,Saline,20230513,pa,1.0,5,8,1,1.0,0.0,yes,../20230513_Glx_B6_HAse/20230512_mouseb6_vtyppa_loc1_roi5_rep1_PRE.nc
679,355.7274780273437,0.8670907207050647,Saline,20230513,pa,1.0,5,9,1,1.0,0.0,yes,../20230513_Glx_B6_HAse/20230512_mouseb6_vtyppa_loc1_roi5_rep1_PRE.nc
680,309.3526611328125,0.7374565438231429,Saline,20230513,pa,1.0,5,10,1,1.0,0.0,yes,../20230513_Glx_B6_HAse/20230512_mouseb6_vtyppa_loc1_roi5_rep1_PRE.nc
681,282.909423828125,0.8321987353387605,Saline,20230513,pa,1.0,5,11,1,1.0,0.0,yes,../20230513_Glx_B6_HAse/20230512_mouseb6_vtyppa_loc1_roi5_rep1_PRE.nc
682,270.3558959960937,1.2119221680269483,Saline,20230513,pa,1.0,5,12,1,1.0,0.0,yes,../20230513_Glx_B6_HAse/20230512_mouseb6_vtyppa_loc1_roi5_rep1_PRE.nc
683,262.80670166015625,0.9790330169807326,Saline,20230513,pa,1.0,5,13,1,1.0,0.0,yes,../20230513_Glx_B6_HAse/20230512_mouseb6_vtyppa_loc1_roi5_rep1_PRE.nc
684,265.1975402832031,0.9151555254198628,Saline,20230513,pa,1.0,5,14,1,1.0,0.0,yes,../20230513_Glx_B6_HAse/20230512_mouseb6_vtyppa_loc1_roi5_rep1_PRE.nc
685,257.4271545410156,0.7557062708888047,Saline,20230513,pa,1.0,5,15,1,1.0,0.0,yes,../20230513_Glx_B6_HAse/20230512_mouseb6_vtyppa_loc1_roi5_rep1_PRE.nc
686,290.3749389648437,0.643817291881021,Saline,20230513,pa,1.0,5,16,1,1.0,0.0,yes,../20230513_Glx_B6_HAse/20230512_mouseb6_vtyppa_loc1_roi5_rep1_PRE.nc
687,184.20895385742188,0.6944071874739439,Saline,20230513,pa,1.0,6,0,1,1.0,0.0,yes,../20230513_Glx_B6_HAse/20230512_mouseb6_vtyppa_loc1_roi6_rep1_PRE.nc
688,206.87347412109372,0.8354369287869439,Saline,20230513,pa,1.0,6,1,1,1.0,0.0,yes,../20230513_Glx_B6_HAse/20230512_mouseb6_vtyppa_loc1_roi6_rep1_PRE.nc
689,221.0133209228516,0.712636176179771,Saline,20230513,pa,1.0,6,2,1,1.0,0.0,yes,../20230513_Glx_B6_HAse/20230512_mouseb6_vtyppa_loc1_roi6_rep1_PRE.nc
690,213.62222290039065,0.7364674755187401,Saline,20230513,pa,1.0,6,3,1,1.0,0.0,yes,../20230513_Glx_B6_HAse/20230512_mouseb6_vtyppa_loc1_roi6_rep1_PRE.nc
691,219.9024353027344,0.6777575077724478,Saline,20230513,pa,1.0,6,4,1,1.0,0.0,yes,../20230513_Glx_B6_HAse/20230512_mouseb6_vtyppa_loc1_roi6_rep1_PRE.nc
692,276.59918212890625,0.5508001209115179,Saline,20230513,pa,1.0,6,5,1,1.0,0.0,yes,../20230513_Glx_B6_HAse/20230512_mouseb6_vtyppa_loc1_roi6_rep1_PRE.nc
693,311.2365417480469,0.5525799653048544,Saline,20230513,pa,1.0,6,6,1,1.0,0.0,yes,../20230513_Glx_B6_HAse/20230512_mouseb6_vtyppa_loc1_roi6_rep1_PRE.nc
694,334.4814453125,0.5537293676689199,Saline,20230513,pa,1.0,6,7,1,1.0,0.0,yes,../20230513_Glx_B6_HAse/20230512_mouseb6_vtyppa_loc1_roi6_rep1_PRE.nc
695,324.3975830078125,0.5488479919757943,Saline,20230513,pa,1.0,6,8,1,1.0,0.0,yes,../20230513_Glx_B6_HAse/20230512_mouseb6_vtyppa_loc1_roi6_rep1_PRE.nc
696,365.6460571289063,0.5618796962405259,Saline,20230513,pa,1.0,6,9,1,1.0,0.0,yes,../20230513_Glx_B6_HAse/20230512_mouseb6_vtyppa_loc1_roi6_rep1_PRE.nc
697,394.6314392089844,0.537439872554831,Saline,20230513,pa,1.0,6,10,1,1.0,0.0,yes,../20230513_Glx_B6_HAse/20230512_mouseb6_vtyppa_loc1_roi6_rep1_PRE.nc
698,443.3396606445313,0.5827201792854932,Saline,20230513,pa,1.0,6,11,1,1.0,0.0,yes,../20230513_Glx_B6_HAse/20230512_mouseb6_vtyppa_loc1_roi6_rep1_PRE.nc
699,418.8236083984375,0.6376242305448585,Saline,20230513,pa,1.0,6,12,1,1.0,0.0,yes,../20230513_Glx_B6_HAse/20230512_mouseb6_vtyppa_loc1_roi6_rep1_PRE.nc
700,390.3370056152344,0.5950873367058023,Saline,20230513,pa,1.0,6,13,1,1.0,0.0,yes,../20230513_Glx_B6_HAse/20230512_mouseb6_vtyppa_loc1_roi6_rep1_PRE.nc
701,347.0195007324219,0.5142406250914977,Saline,20230513,pa,1.0,6,14,1,1.0,0.0,yes,../20230513_Glx_B6_HAse/20230512_mouseb6_vtyppa_loc1_roi6_rep1_PRE.nc
702,305.8373718261719,0.5622719591573038,Saline,20230513,pa,1.0,6,15,1,1.0,0.0,yes,../20230513_Glx_B6_HAse/20230512_mouseb6_vtyppa_loc1_roi6_rep1_PRE.nc
703,311.7249755859375,0.7486287102435227,Saline,20230513,pa,1.0,6,16,1,1.0,0.0,yes,../20230513_Glx_B6_HAse/20230512_mouseb6_vtyppa_loc1_roi6_rep1_PRE.nc
704,260.35650634765625,0.6409674473799818,Saline,20230513,pea,1.0,1,0,1,1.0,0.0,yes,../20230513_Glx_B6_HAse/20230512_mouseb6_vtyppea_loc1_roi1_rep1_PRE.nc
705,250.03451538085935,0.6175955098381429,Saline,20230513,pea,1.0,1,1,1,1.0,0.0,yes,../20230513_Glx_B6_HAse/20230512_mouseb6_vtyppea_loc1_roi1_rep1_PRE.nc
706,239.71310424804688,0.5820211646367461,Saline,20230513,pea,1.0,1,2,1,1.0,0.0,yes,../20230513_Glx_B6_HAse/20230512_mouseb6_vtyppea_loc1_roi1_rep1_PRE.nc
707,268.620849609375,0.5944637906853458,Saline,20230513,pea,1.0,1,3,1,1.0,0.0,yes,../20230513_Glx_B6_HAse/20230512_mouseb6_vtyppea_loc1_roi1_rep1_PRE.nc
708,243.226318359375,0.6682991107681069,Saline,20230513,pea,1.0,1,4,1,1.0,0.0,yes,../20230513_Glx_B6_HAse/20230512_mouseb6_vtyppea_loc1_roi1_rep1_PRE.nc
709,223.95008850097656,0.7257962267185256,Saline,20230513,pea,1.0,1,5,1,1.0,0.0,yes,../20230513_Glx_B6_HAse/20230512_mouseb6_vtyppea_loc1_roi1_rep1_PRE.nc
710,227.6204833984375,0.4603968071037698,Saline,20230513,pea,1.0,1,6,1,1.0,0.0,yes,../20230513_Glx_B6_HAse/20230512_mouseb6_vtyppea_loc1_roi1_rep1_PRE.nc
711,191.6004638671875,0.5654256219885347,Saline,20230513,pea,1.0,1,7,1,1.0,0.0,yes,../20230513_Glx_B6_HAse/20230512_mouseb6_vtyppea_loc1_roi1_rep1_PRE.nc
712,205.5948028564453,0.4914918158309369,Saline,20230513,pea,1.0,1,8,1,1.0,0.0,yes,../20230513_Glx_B6_HAse/20230512_mouseb6_vtyppea_loc1_roi1_rep1_PRE.nc
713,186.9843597412109,0.4891254883570575,Saline,20230513,pea,1.0,1,9,1,1.0,0.0,yes,../20230513_Glx_B6_HAse/20230512_mouseb6_vtyppea_loc1_roi1_rep1_PRE.nc
714,200.7767639160156,0.6412636726562759,Saline,20230513,pea,1.0,1,10,1,1.0,0.0,yes,../20230513_Glx_B6_HAse/20230512_mouseb6_vtyppea_loc1_roi1_rep1_PRE.nc
715,259.1946105957031,0.6142396024713879,Saline,20230513,pea,1.0,2,0,1,1.0,0.0,yes,../20230513_Glx_B6_HAse/20230512_mouseb6_vtyppea_loc1_roi2_rep1_PRE.nc
716,255.27239990234372,0.5775877461379775,Saline,20230513,pea,1.0,2,1,1,1.0,0.0,yes,../20230513_Glx_B6_HAse/20230512_mouseb6_vtyppea_loc1_roi2_rep1_PRE.nc
717,255.67807006835935,0.5254961413138606,Saline,20230513,pea,1.0,2,2,1,1.0,0.0,yes,../20230513_Glx_B6_HAse/20230512_mouseb6_vtyppea_loc1_roi2_rep1_PRE.nc
718,270.3611145019531,0.5322718146996976,Saline,20230513,pea,1.0,2,3,1,1.0,0.0,yes,../20230513_Glx_B6_HAse/20230512_mouseb6_vtyppea_loc1_roi2_rep1_PRE.nc
719,252.65911865234372,0.4851375348374311,Saline,20230513,pea,1.0,2,4,1,1.0,0.0,yes,../20230513_Glx_B6_HAse/20230512_mouseb6_vtyppea_loc1_roi2_rep1_PRE.nc
720,262.1152648925781,0.5981939494204696,Saline,20230513,pea,1.0,2,5,1,1.0,0.0,yes,../20230513_Glx_B6_HAse/20230512_mouseb6_vtyppea_loc1_roi2_rep1_PRE.nc
721,290.2040405273437,0.5101679250469804,Saline,20230513,pea,1.0,2,6,1,1.0,0.0,yes,../20230513_Glx_B6_HAse/20230512_mouseb6_vtyppea_loc1_roi2_rep1_PRE.nc
722,269.1576538085937,0.4746203013264924,Saline,20230513,pea,1.0,2,7,1,1.0,0.0,yes,../20230513_Glx_B6_HAse/20230512_mouseb6_vtyppea_loc1_roi2_rep1_PRE.nc
723,261.70770263671875,0.6055451004937211,Saline,20230513,pea,1.0,2,8,1,1.0,0.0,yes,../20230513_Glx_B6_HAse/20230512_mouseb6_vtyppea_loc1_roi2_rep1_PRE.nc
724,309.9877014160156,0.6121473732721014,Saline,20230513,pea,1.0,2,9,1,1.0,0.0,yes,../20230513_Glx_B6_HAse/20230512_mouseb6_vtyppea_loc1_roi2_rep1_PRE.nc
725,236.22911071777344,0.8407602171351574,Saline,20230513,pea,1.0,2,10,1,1.0,0.0,yes,../20230513_Glx_B6_HAse/20230512_mouseb6_vtyppea_loc1_roi2_rep1_PRE.nc
726,280.4989929199219,0.7822968451202605,Saline,20230513,pea,1.0,2,11,1,1.0,0.0,yes,../20230513_Glx_B6_HAse/20230512_mouseb6_vtyppea_loc1_roi2_rep1_PRE.nc
727,261.1063537597656,0.6993823754856106,Saline,20230513,pea,1.0,2,12,1,1.0,0.0,yes,../20230513_Glx_B6_HAse/20230512_mouseb6_vtyppea_loc1_roi2_rep1_PRE.nc
728,255.66238403320312,0.6332002113388064,Saline,20230513,pea,1.0,2,13,1,1.0,0.0,yes,../20230513_Glx_B6_HAse/20230512_mouseb6_vtyppea_loc1_roi2_rep1_PRE.nc
729,244.22833251953125,0.6387522346836079,Saline,20230513,pea,1.0,2,14,1,1.0,0.0,yes,../20230513_Glx_B6_HAse/20230512_mouseb6_vtyppea_loc1_roi2_rep1_PRE.nc
730,216.0171356201172,0.8798573596554427,Saline,20230513,pea,1.0,2,15,1,1.0,0.0,yes,../20230513_Glx_B6_HAse/20230512_mouseb6_vtyppea_loc1_roi2_rep1_PRE.nc
731,237.28298950195312,0.8627714752099109,Saline,20230513,pea,1.0,2,16,1,1.0,0.0,yes,../20230513_Glx_B6_HAse/20230512_mouseb6_vtyppea_loc1_roi2_rep1_PRE.nc
732,258.843994140625,0.6170164433021377,Saline,20230513,pea,1.0,3,0,1,1.0,0.0,yes,../20230513_Glx_B6_HAse/20230512_mouseb6_vtyppea_loc1_roi3_rep1_PRE.nc
733,251.4547119140625,0.551203308430523,Saline,20230513,pea,1.0,3,1,1,1.0,0.0,yes,../20230513_Glx_B6_HAse/20230512_mouseb6_vtyppea_loc1_roi3_rep1_PRE.nc
734,204.469970703125,0.5633942041944842,Saline,20230513,pea,1.0,3,2,1,1.0,0.0,yes,../20230513_Glx_B6_HAse/20230512_mouseb6_vtyppea_loc1_roi3_rep1_PRE.nc
735,190.3459014892578,0.6496826231996522,Saline,20230513,pea,1.0,3,3,1,1.0,0.0,yes,../20230513_Glx_B6_HAse/20230512_mouseb6_vtyppea_loc1_roi3_rep1_PRE.nc
736,196.35841369628903,0.621720698282207,Saline,20230513,pea,1.0,3,4,1,1.0,0.0,yes,../20230513_Glx_B6_HAse/20230512_mouseb6_vtyppea_loc1_roi3_rep1_PRE.nc
737,227.5153350830078,0.5285729548405484,Saline,20230513,pea,1.0,3,5,1,1.0,0.0,yes,../20230513_Glx_B6_HAse/20230512_mouseb6_vtyppea_loc1_roi3_rep1_PRE.nc
738,240.8269500732422,0.4860525778500815,Saline,20230513,pea,1.0,3,6,1,1.0,0.0,yes,../20230513_Glx_B6_HAse/20230512_mouseb6_vtyppea_loc1_roi3_rep1_PRE.nc
739,216.640625,0.6753640023001211,Saline,20230513,pea,1.0,3,7,1,1.0,0.0,yes,../20230513_Glx_B6_HAse/20230512_mouseb6_vtyppea_loc1_roi3_rep1_PRE.nc
740,197.4110565185547,0.9402754336041356,Saline,20230513,pea,1.0,3,8,1,1.0,0.0,yes,../20230513_Glx_B6_HAse/20230512_mouseb6_vtyppea_loc1_roi3_rep1_PRE.nc
741,226.52523803710935,0.6612209508602938,Saline,20230513,pea,1.0,3,9,1,1.0,0.0,yes,../20230513_Glx_B6_HAse/20230512_mouseb6_vtyppea_loc1_roi3_rep1_PRE.nc
742,238.6605224609375,0.5168289717092875,Saline,20230513,pea,1.0,3,10,1,1.0,0.0,yes,../20230513_Glx_B6_HAse/20230512_mouseb6_vtyppea_loc1_roi3_rep1_PRE.nc
743,235.92909240722656,0.5411206416743468,Saline,20230513,pea,1.0,3,11,1,1.0,0.0,yes,../20230513_Glx_B6_HAse/20230512_mouseb6_vtyppea_loc1_roi3_rep1_PRE.nc
744,267.95538330078125,0.4797672481764934,Saline,20230513,pea,1.0,3,12,1,1.0,0.0,yes,../20230513_Glx_B6_HAse/20230512_mouseb6_vtyppea_loc1_roi3_rep1_PRE.nc
745,219.9515838623047,0.652045638926726,Saline,20230513,pea,1.0,3,13,1,1.0,0.0,yes,../20230513_Glx_B6_HAse/20230512_mouseb6_vtyppea_loc1_roi3_rep1_PRE.nc
746,217.49139404296875,0.6231668458012756,Saline,20230513,pea,1.0,3,14,1,1.0,0.0,yes,../20230513_Glx_B6_HAse/20230512_mouseb6_vtyppea_loc1_roi3_rep1_PRE.nc
747,172.54856872558594,0.8460814701026962,Saline,20230513,pea,1.0,3,15,1,1.0,0.0,yes,../20230513_Glx_B6_HAse/20230512_mouseb6_vtyppea_loc1_roi3_rep1_PRE.nc
748,180.67405700683597,0.6797068178877872,Saline,20230513,pea,1.0,3,16,1,1.0,0.0,yes,../20230513_Glx_B6_HAse/20230512_mouseb6_vtyppea_loc1_roi3_rep1_PRE.nc
749,297.8654479980469,0.5562172603710671,Saline,20230513,pea,1.0,4,0,1,1.0,0.0,yes,../20230513_Glx_B6_HAse/20230512_mouseb6_vtyppea_loc1_roi4_rep1_PRE.nc
750,327.4190979003906,0.5593736376907117,Saline,20230513,pea,1.0,4,1,1,1.0,0.0,yes,../20230513_Glx_B6_HAse/20230512_mouseb6_vtyppea_loc1_roi4_rep1_PRE.nc
751,308.9106750488281,0.6347077486266528,Saline,20230513,pea,1.0,4,2,1,1.0,0.0,yes,../20230513_Glx_B6_HAse/20230512_mouseb6_vtyppea_loc1_roi4_rep1_PRE.nc
752,298.88995361328125,0.6096438442621128,Saline,20230513,pea,1.0,4,3,1,1.0,0.0,yes,../20230513_Glx_B6_HAse/20230512_mouseb6_vtyppea_loc1_roi4_rep1_PRE.nc
753,271.56939697265625,0.5341912231622921,Saline,20230513,pea,1.0,4,4,1,1.0,0.0,yes,../20230513_Glx_B6_HAse/20230512_mouseb6_vtyppea_loc1_roi4_rep1_PRE.nc
754,287.8037414550781,0.4782866146529514,Saline,20230513,pea,1.0,4,5,1,1.0,0.0,yes,../20230513_Glx_B6_HAse/20230512_mouseb6_vtyppea_loc1_roi4_rep1_PRE.nc
755,236.59152221679688,0.519361430369937,Saline,20230513,pea,1.0,4,6,1,1.0,0.0,yes,../20230513_Glx_B6_HAse/20230512_mouseb6_vtyppea_loc1_roi4_rep1_PRE.nc
756,225.25262451171875,0.507449161219018,Saline,20230513,pea,1.0,4,7,1,1.0,0.0,yes,../20230513_Glx_B6_HAse/20230512_mouseb6_vtyppea_loc1_roi4_rep1_PRE.nc
757,242.64974975585935,0.5073489154605788,Saline,20230513,pea,1.0,4,8,1,1.0,0.0,yes,../20230513_Glx_B6_HAse/20230512_mouseb6_vtyppea_loc1_roi4_rep1_PRE.nc
758,236.5038146972656,0.577329686555359,Saline,20230513,pea,1.0,4,9,1,1.0,0.0,yes,../20230513_Glx_B6_HAse/20230512_mouseb6_vtyppea_loc1_roi4_rep1_PRE.nc
759,244.81396484375,0.6002762299419047,Saline,20230513,pea,1.0,4,10,1,1.0,0.0,yes,../20230513_Glx_B6_HAse/20230512_mouseb6_vtyppea_loc1_roi4_rep1_PRE.nc
760,215.7876892089844,0.7228976022075457,Saline,20230513,pea,1.0,4,11,1,1.0,0.0,yes,../20230513_Glx_B6_HAse/20230512_mouseb6_vtyppea_loc1_roi4_rep1_PRE.nc
761,228.7569732666016,0.4860764628374383,Saline,20230513,pea,1.0,4,12,1,1.0,0.0,yes,../20230513_Glx_B6_HAse/20230512_mouseb6_vtyppea_loc1_roi4_rep1_PRE.nc
762,227.7647857666016,0.4909771095671509,Saline,20230513,pea,1.0,4,13,1,1.0,0.0,yes,../20230513_Glx_B6_HAse/20230512_mouseb6_vtyppea_loc1_roi4_rep1_PRE.nc
763,228.33042907714844,0.5894748340579028,Saline,20230513,pea,1.0,4,14,1,1.0,0.0,yes,../20230513_Glx_B6_HAse/20230512_mouseb6_vtyppea_loc1_roi4_rep1_PRE.nc
764,243.31935119628903,0.5287362304860892,Saline,20230513,pea,1.0,4,15,1,1.0,0.0,yes,../20230513_Glx_B6_HAse/20230512_mouseb6_vtyppea_loc1_roi4_rep1_PRE.nc
765,211.32325744628903,0.7844533558476563,Saline,20230513,pea,1.0,4,16,1,1.0,0.0,yes,../20230513_Glx_B6_HAse/20230512_mouseb6_vtyppea_loc1_roi4_rep1_PRE.nc
766,269.73406982421875,0.6073466659458333,Saline,20230513,pea,1.0,5,0,1,1.0,0.0,yes,../20230513_Glx_B6_HAse/20230512_mouseb6_vtyppea_loc1_roi5_rep1_PRE.nc
767,192.91590881347656,0.7240076686563448,Saline,20230513,pea,1.0,5,1,1,1.0,0.0,yes,../20230513_Glx_B6_HAse/20230512_mouseb6_vtyppea_loc1_roi5_rep1_PRE.nc
768,202.29684448242188,0.6903572035791896,Saline,20230513,pea,1.0,5,2,1,1.0,0.0,yes,../20230513_Glx_B6_HAse/20230512_mouseb6_vtyppea_loc1_roi5_rep1_PRE.nc
769,256.1514892578125,0.6593545702259682,Saline,20230513,pea,1.0,5,3,1,1.0,0.0,yes,../20230513_Glx_B6_HAse/20230512_mouseb6_vtyppea_loc1_roi5_rep1_PRE.nc
770,253.9734344482422,0.5689206199404797,Saline,20230513,pea,1.0,5,4,1,1.0,0.0,yes,../20230513_Glx_B6_HAse/20230512_mouseb6_vtyppea_loc1_roi5_rep1_PRE.nc
771,249.88087463378903,0.5157280645482061,Saline,20230513,pea,1.0,5,5,1,1.0,0.0,yes,../20230513_Glx_B6_HAse/20230512_mouseb6_vtyppea_loc1_roi5_rep1_PRE.nc
772,241.67498779296875,0.5048827352386898,Saline,20230513,pea,1.0,5,6,1,1.0,0.0,yes,../20230513_Glx_B6_HAse/20230512_mouseb6_vtyppea_loc1_roi5_rep1_PRE.nc
773,259.3158569335937,0.5879800698892268,Saline,20230513,pea,1.0,5,7,1,1.0,0.0,yes,../20230513_Glx_B6_HAse/20230512_mouseb6_vtyppea_loc1_roi5_rep1_PRE.nc
774,258.9024963378906,0.6447726800233973,Saline,20230513,pea,1.0,5,8,1,1.0,0.0,yes,../20230513_Glx_B6_HAse/20230512_mouseb6_vtyppea_loc1_roi5_rep1_PRE.nc
775,267.4257202148437,0.5749015482606161,Saline,20230513,pea,1.0,5,9,1,1.0,0.0,yes,../20230513_Glx_B6_HAse/20230512_mouseb6_vtyppea_loc1_roi5_rep1_PRE.nc
776,296.9472045898437,0.5847324879959714,Saline,20230513,pea,1.0,5,10,1,1.0,0.0,yes,../20230513_Glx_B6_HAse/20230512_mouseb6_vtyppea_loc1_roi5_rep1_PRE.nc
777,239.3636779785156,0.7955878759016173,Saline,20230513,pea,1.0,5,11,1,1.0,0.0,yes,../20230513_Glx_B6_HAse/20230512_mouseb6_vtyppea_loc1_roi5_rep1_PRE.nc
778,238.63137817382807,0.6166751789438045,Saline,20230513,pea,1.0,5,12,1,1.0,0.0,yes,../20230513_Glx_B6_HAse/20230512_mouseb6_vtyppea_loc1_roi5_rep1_PRE.nc
779,227.7696075439453,0.6980494132665598,Saline,20230513,pea,1.0,5,13,1,1.0,0.0,yes,../20230513_Glx_B6_HAse/20230512_mouseb6_vtyppea_loc1_roi5_rep1_PRE.nc
780,225.9085998535156,0.756263014111747,Saline,20230513,pea,1.0,5,14,1,1.0,0.0,yes,../20230513_Glx_B6_HAse/20230512_mouseb6_vtyppea_loc1_roi5_rep1_PRE.nc
781,226.38113403320312,0.5801098598716052,Saline,20230513,pea,1.0,5,15,1,1.0,0.0,yes,../20230513_Glx_B6_HAse/20230512_mouseb6_vtyppea_loc1_roi5_rep1_PRE.nc
782,252.34295654296875,0.5335004934625118,Saline,20230513,pea,1.0,5,16,1,1.0,0.0,yes,../20230513_Glx_B6_HAse/20230512_mouseb6_vtyppea_loc1_roi5_rep1_PRE.nc
783,155.89752197265625,0.7231515566404951,Saline,20230513,pea,1.0,6,0,1,1.0,0.0,yes,../20230513_Glx_B6_HAse/20230512_mouseb6_vtyppea_loc1_roi6_rep1_PRE.nc
784,187.03375244140625,0.5059492454349979,Saline,20230513,pea,1.0,6,1,1,1.0,0.0,yes,../20230513_Glx_B6_HAse/20230512_mouseb6_vtyppea_loc1_roi6_rep1_PRE.nc
785,162.7096710205078,0.612006835309213,Saline,20230513,pea,1.0,6,2,1,1.0,0.0,yes,../20230513_Glx_B6_HAse/20230512_mouseb6_vtyppea_loc1_roi6_rep1_PRE.nc
786,176.10401916503906,0.5283386853395555,Saline,20230513,pea,1.0,6,3,1,1.0,0.0,yes,../20230513_Glx_B6_HAse/20230512_mouseb6_vtyppea_loc1_roi6_rep1_PRE.nc
787,169.08392333984375,0.5236841187991566,Saline,20230513,pea,1.0,6,4,1,1.0,0.0,yes,../20230513_Glx_B6_HAse/20230512_mouseb6_vtyppea_loc1_roi6_rep1_PRE.nc
788,173.6016845703125,0.6676158896875073,Saline,20230513,pea,1.0,6,5,1,1.0,0.0,yes,../20230513_Glx_B6_HAse/20230512_mouseb6_vtyppea_loc1_roi6_rep1_PRE.nc
789,173.9570770263672,0.5737479589548009,Saline,20230513,pea,1.0,6,6,1,1.0,0.0,yes,../20230513_Glx_B6_HAse/20230512_mouseb6_vtyppea_loc1_roi6_rep1_PRE.nc
790,167.43838500976562,0.6088117697344018,Saline,20230513,pea,1.0,6,7,1,1.0,0.0,yes,../20230513_Glx_B6_HAse/20230512_mouseb6_vtyppea_loc1_roi6_rep1_PRE.nc
791,185.26075744628903,0.4957207648310309,Saline,20230513,pea,1.0,6,8,1,1.0,0.0,yes,../20230513_Glx_B6_HAse/20230512_mouseb6_vtyppea_loc1_roi6_rep1_PRE.nc
792,187.18170166015625,0.5180507713662443,Saline,20230513,pea,1.0,6,9,1,1.0,0.0,yes,../20230513_Glx_B6_HAse/20230512_mouseb6_vtyppea_loc1_roi6_rep1_PRE.nc
793,187.29067993164065,0.6006121862449874,Saline,20230513,pea,1.0,6,10,1,1.0,0.0,yes,../20230513_Glx_B6_HAse/20230512_mouseb6_vtyppea_loc1_roi6_rep1_PRE.nc
794,205.13595581054688,0.4892421163923686,Saline,20230513,pea,1.0,6,11,1,1.0,0.0,yes,../20230513_Glx_B6_HAse/20230512_mouseb6_vtyppea_loc1_roi6_rep1_PRE.nc
795,197.08868408203125,0.4498398954281768,Saline,20230513,pea,1.0,6,12,1,1.0,0.0,yes,../20230513_Glx_B6_HAse/20230512_mouseb6_vtyppea_loc1_roi6_rep1_PRE.nc
796,196.8063201904297,0.5419752714426878,Saline,20230513,pea,1.0,6,13,1,1.0,0.0,yes,../20230513_Glx_B6_HAse/20230512_mouseb6_vtyppea_loc1_roi6_rep1_PRE.nc
797,230.6701812744141,0.5406714470267779,Saline,20230513,pea,1.0,6,14,1,1.0,0.0,yes,../20230513_Glx_B6_HAse/20230512_mouseb6_vtyppea_loc1_roi6_rep1_PRE.nc
798,212.4138336181641,0.51201668267408,Saline,20230513,pea,1.0,6,15,1,1.0,0.0,yes,../20230513_Glx_B6_HAse/20230512_mouseb6_vtyppea_loc1_roi6_rep1_PRE.nc
799,222.59146118164065,0.5141782659799823,Saline,20230513,pea,1.0,6,16,1,1.0,0.0,yes,../20230513_Glx_B6_HAse/20230512_mouseb6_vtyppea_loc1_roi6_rep1_PRE.nc
800,155.73988342285156,0.6845195149987298,Saline,20230517,pa,1.0,1,0,1,1.0,0.0,yes,../20230517_Glx_B6_HAse/20230517_mouseb6_vtyppa_loc1_roi1_rep1_PRE.nc
801,178.99903869628906,0.6468529994714736,Saline,20230517,pa,1.0,1,1,1,1.0,0.0,yes,../20230517_Glx_B6_HAse/20230517_mouseb6_vtyppa_loc1_roi1_rep1_PRE.nc
802,221.99388122558597,0.5104709768787927,Saline,20230517,pa,1.0,1,2,1,1.0,0.0,yes,../20230517_Glx_B6_HAse/20230517_mouseb6_vtyppa_loc1_roi1_rep1_PRE.nc
803,190.62681579589844,0.6167034121161521,Saline,20230517,pa,1.0,1,3,1,1.0,0.0,yes,../20230517_Glx_B6_HAse/20230517_mouseb6_vtyppa_loc1_roi1_rep1_PRE.nc
804,156.5401611328125,0.6523775372921996,Saline,20230517,pa,1.0,1,4,1,1.0,0.0,yes,../20230517_Glx_B6_HAse/20230517_mouseb6_vtyppa_loc1_roi1_rep1_PRE.nc
805,167.8917236328125,0.6193796790733828,Saline,20230517,pa,1.0,1,5,1,1.0,0.0,yes,../20230517_Glx_B6_HAse/20230517_mouseb6_vtyppa_loc1_roi1_rep1_PRE.nc
806,182.13009643554688,0.644368053624607,Saline,20230517,pa,1.0,1,6,1,1.0,0.0,yes,../20230517_Glx_B6_HAse/20230517_mouseb6_vtyppa_loc1_roi1_rep1_PRE.nc
807,139.1308135986328,0.6579545014079748,Saline,20230517,pa,1.0,1,7,1,1.0,0.0,yes,../20230517_Glx_B6_HAse/20230517_mouseb6_vtyppa_loc1_roi1_rep1_PRE.nc
808,153.20693969726562,0.6449746270724397,Saline,20230517,pa,1.0,1,8,1,1.0,0.0,yes,../20230517_Glx_B6_HAse/20230517_mouseb6_vtyppa_loc1_roi1_rep1_PRE.nc
809,151.16000366210938,0.6453965734153897,Saline,20230517,pa,1.0,1,9,1,1.0,0.0,yes,../20230517_Glx_B6_HAse/20230517_mouseb6_vtyppa_loc1_roi1_rep1_PRE.nc
810,155.35595703125,0.644663220518467,Saline,20230517,pa,1.0,1,10,1,1.0,0.0,yes,../20230517_Glx_B6_HAse/20230517_mouseb6_vtyppa_loc1_roi1_rep1_PRE.nc
811,144.5530548095703,0.6602898661402214,Saline,20230517,pa,1.0,1,11,1,1.0,0.0,yes,../20230517_Glx_B6_HAse/20230517_mouseb6_vtyppa_loc1_roi1_rep1_PRE.nc
812,153.07044982910156,0.6684186307546618,Saline,20230517,pa,1.0,1,12,1,1.0,0.0,yes,../20230517_Glx_B6_HAse/20230517_mouseb6_vtyppa_loc1_roi1_rep1_PRE.nc
813,133.1692352294922,0.6519967736833472,Saline,20230517,pa,1.0,1,13,1,1.0,0.0,yes,../20230517_Glx_B6_HAse/20230517_mouseb6_vtyppa_loc1_roi1_rep1_PRE.nc
814,195.477294921875,0.681297345811771,Saline,20230517,pa,1.0,2,0,1,1.0,0.0,yes,../20230517_Glx_B6_HAse/20230517_mouseb6_vtyppa_loc1_roi2_rep1_PRE.nc
815,240.1483154296875,0.541146265018142,Saline,20230517,pa,1.0,2,1,1,1.0,0.0,yes,../20230517_Glx_B6_HAse/20230517_mouseb6_vtyppa_loc1_roi2_rep1_PRE.nc
816,208.1328582763672,0.5869941449690579,Saline,20230517,pa,1.0,2,2,1,1.0,0.0,yes,../20230517_Glx_B6_HAse/20230517_mouseb6_vtyppa_loc1_roi2_rep1_PRE.nc
817,235.37857055664065,0.5466426731004717,Saline,20230517,pa,1.0,2,3,1,1.0,0.0,yes,../20230517_Glx_B6_HAse/20230517_mouseb6_vtyppa_loc1_roi2_rep1_PRE.nc
818,154.76565551757812,0.5503476727714869,Saline,20230517,pa,1.0,2,4,1,1.0,0.0,yes,../20230517_Glx_B6_HAse/20230517_mouseb6_vtyppa_loc1_roi2_rep1_PRE.nc
819,151.60215759277344,0.6230736828923931,Saline,20230517,pa,1.0,2,5,1,1.0,0.0,yes,../20230517_Glx_B6_HAse/20230517_mouseb6_vtyppa_loc1_roi2_rep1_PRE.nc
820,145.2398681640625,0.5353288590297609,Saline,20230517,pa,1.0,2,6,1,1.0,0.0,yes,../20230517_Glx_B6_HAse/20230517_mouseb6_vtyppa_loc1_roi2_rep1_PRE.nc
821,142.73460388183594,0.5477044176999257,Saline,20230517,pa,1.0,2,7,1,1.0,0.0,yes,../20230517_Glx_B6_HAse/20230517_mouseb6_vtyppa_loc1_roi2_rep1_PRE.nc
822,160.8205108642578,0.6251075583126031,Saline,20230517,pa,1.0,2,8,1,1.0,0.0,yes,../20230517_Glx_B6_HAse/20230517_mouseb6_vtyppa_loc1_roi2_rep1_PRE.nc
823,157.66867065429688,0.6133136144912577,Saline,20230517,pa,1.0,3,0,1,1.0,0.0,yes,../20230517_Glx_B6_HAse/20230517_mouseb6_vtyppa_loc1_roi3_rep1_PRE.nc
824,153.4392547607422,0.5337164427754466,Saline,20230517,pa,1.0,3,1,1,1.0,0.0,yes,../20230517_Glx_B6_HAse/20230517_mouseb6_vtyppa_loc1_roi3_rep1_PRE.nc
825,173.3132781982422,0.5108233367852684,Saline,20230517,pa,1.0,3,2,1,1.0,0.0,yes,../20230517_Glx_B6_HAse/20230517_mouseb6_vtyppa_loc1_roi3_rep1_PRE.nc
826,165.10377502441406,0.4704680517665771,Saline,20230517,pa,1.0,3,3,1,1.0,0.0,yes,../20230517_Glx_B6_HAse/20230517_mouseb6_vtyppa_loc1_roi3_rep1_PRE.nc
827,144.90402221679688,0.5037975035155569,Saline,20230517,pa,1.0,3,4,1,1.0,0.0,yes,../20230517_Glx_B6_HAse/20230517_mouseb6_vtyppa_loc1_roi3_rep1_PRE.nc
828,152.49822998046875,0.515745402423569,Saline,20230517,pa,1.0,3,5,1,1.0,0.0,yes,../20230517_Glx_B6_HAse/20230517_mouseb6_vtyppa_loc1_roi3_rep1_PRE.nc
829,157.5692901611328,0.6352587786768531,Saline,20230517,pa,1.0,3,6,1,1.0,0.0,yes,../20230517_Glx_B6_HAse/20230517_mouseb6_vtyppa_loc1_roi3_rep1_PRE.nc
830,136.3828887939453,0.5136094760873213,Saline,20230517,pa,1.0,3,7,1,1.0,0.0,yes,../20230517_Glx_B6_HAse/20230517_mouseb6_vtyppa_loc1_roi3_rep1_PRE.nc
831,153.9932098388672,0.6109938577272658,Saline,20230517,pa,1.0,3,8,1,1.0,0.0,yes,../20230517_Glx_B6_HAse/20230517_mouseb6_vtyppa_loc1_roi3_rep1_PRE.nc
832,147.0331573486328,0.6712851522051935,Saline,20230517,pa,1.0,3,9,1,1.0,0.0,yes,../20230517_Glx_B6_HAse/20230517_mouseb6_vtyppa_loc1_roi3_rep1_PRE.nc
833,109.61164093017578,0.5997074123700479,Saline,20230517,pa,1.0,3,10,1,1.0,0.0,yes,../20230517_Glx_B6_HAse/20230517_mouseb6_vtyppa_loc1_roi3_rep1_PRE.nc
834,122.39258575439452,0.7770079372200662,Saline,20230517,pa,1.0,3,11,1,1.0,0.0,yes,../20230517_Glx_B6_HAse/20230517_mouseb6_vtyppa_loc1_roi3_rep1_PRE.nc
835,133.9837188720703,0.5313727668705006,Saline,20230517,pa,1.0,3,12,1,1.0,0.0,yes,../20230517_Glx_B6_HAse/20230517_mouseb6_vtyppa_loc1_roi3_rep1_PRE.nc
836,147.20501708984375,0.6527068987197531,Saline,20230517,pa,1.0,3,13,1,1.0,0.0,yes,../20230517_Glx_B6_HAse/20230517_mouseb6_vtyppa_loc1_roi3_rep1_PRE.nc
837,140.91502380371094,0.6337842806799472,Saline,20230517,pa,1.0,3,14,1,1.0,0.0,yes,../20230517_Glx_B6_HAse/20230517_mouseb6_vtyppa_loc1_roi3_rep1_PRE.nc
838,134.71533203125,0.5979525275933995,Saline,20230517,pa,1.0,3,15,1,1.0,0.0,yes,../20230517_Glx_B6_HAse/20230517_mouseb6_vtyppa_loc1_roi3_rep1_PRE.nc
839,152.35508728027344,0.5403090553151522,Saline,20230517,pa,1.0,3,16,1,1.0,0.0,yes,../20230517_Glx_B6_HAse/20230517_mouseb6_vtyppa_loc1_roi3_rep1_PRE.nc
840,228.940673828125,0.5536408651311184,Saline,20230517,pa,1.0,4,0,1,1.0,0.0,yes,../20230517_Glx_B6_HAse/20230517_mouseb6_vtyppa_loc1_roi4_rep1_PRE.nc
841,240.3366851806641,0.5688780498236401,Saline,20230517,pa,1.0,4,1,1,1.0,0.0,yes,../20230517_Glx_B6_HAse/20230517_mouseb6_vtyppa_loc1_roi4_rep1_PRE.nc
842,229.21360778808597,0.6126350674738301,Saline,20230517,pa,1.0,4,2,1,1.0,0.0,yes,../20230517_Glx_B6_HAse/20230517_mouseb6_vtyppa_loc1_roi4_rep1_PRE.nc
843,208.73492431640625,0.6268562631577286,Saline,20230517,pa,1.0,4,3,1,1.0,0.0,yes,../20230517_Glx_B6_HAse/20230517_mouseb6_vtyppa_loc1_roi4_rep1_PRE.nc
844,211.78468322753903,0.6532718646481346,Saline,20230517,pa,1.0,4,4,1,1.0,0.0,yes,../20230517_Glx_B6_HAse/20230517_mouseb6_vtyppa_loc1_roi4_rep1_PRE.nc
845,212.78033447265625,0.6921894458175526,Saline,20230517,pa,1.0,4,5,1,1.0,0.0,yes,../20230517_Glx_B6_HAse/20230517_mouseb6_vtyppa_loc1_roi4_rep1_PRE.nc
846,216.4279022216797,0.5892140614271355,Saline,20230517,pa,1.0,4,6,1,1.0,0.0,yes,../20230517_Glx_B6_HAse/20230517_mouseb6_vtyppa_loc1_roi4_rep1_PRE.nc
847,238.3101348876953,0.647727714282949,Saline,20230517,pa,1.0,4,7,1,1.0,0.0,yes,../20230517_Glx_B6_HAse/20230517_mouseb6_vtyppa_loc1_roi4_rep1_PRE.nc
848,227.00503540039065,0.7657516561612301,Saline,20230517,pa,1.0,4,8,1,1.0,0.0,yes,../20230517_Glx_B6_HAse/20230517_mouseb6_vtyppa_loc1_roi4_rep1_PRE.nc
849,212.23326110839844,0.7981763907052901,Saline,20230517,pa,1.0,4,9,1,1.0,0.0,yes,../20230517_Glx_B6_HAse/20230517_mouseb6_vtyppa_loc1_roi4_rep1_PRE.nc
850,197.8975067138672,0.7889576877008668,Saline,20230517,pa,1.0,4,10,1,1.0,0.0,yes,../20230517_Glx_B6_HAse/20230517_mouseb6_vtyppa_loc1_roi4_rep1_PRE.nc
851,205.2263946533203,0.6819552976862209,Saline,20230517,pa,1.0,4,11,1,1.0,0.0,yes,../20230517_Glx_B6_HAse/20230517_mouseb6_vtyppa_loc1_roi4_rep1_PRE.nc
852,213.4047393798828,0.7845506068560741,Saline,20230517,pa,1.0,4,12,1,1.0,0.0,yes,../20230517_Glx_B6_HAse/20230517_mouseb6_vtyppa_loc1_roi4_rep1_PRE.nc
853,227.6130523681641,0.6223191705389475,Saline,20230517,pa,1.0,4,13,1,1.0,0.0,yes,../20230517_Glx_B6_HAse/20230517_mouseb6_vtyppa_loc1_roi4_rep1_PRE.nc
854,228.7018280029297,0.598132039218445,Saline,20230517,pa,1.0,4,14,1,1.0,0.0,yes,../20230517_Glx_B6_HAse/20230517_mouseb6_vtyppa_loc1_roi4_rep1_PRE.nc
855,204.2058868408203,0.7080019852490214,Saline,20230517,pa,1.0,4,15,1,1.0,0.0,yes,../20230517_Glx_B6_HAse/20230517_mouseb6_vtyppa_loc1_roi4_rep1_PRE.nc
856,171.7272491455078,0.563911102821443,Saline,20230517,pa,1.0,4,16,1,1.0,0.0,yes,../20230517_Glx_B6_HAse/20230517_mouseb6_vtyppa_loc1_roi4_rep1_PRE.nc
857,199.9405212402344,0.7473687366369219,Saline,20230517,pa,1.0,5,0,1,1.0,0.0,yes,../20230517_Glx_B6_HAse/20230517_mouseb6_vtyppa_loc1_roi5_rep1_PRE.nc
858,222.0993804931641,0.6929747874086338,Saline,20230517,pa,1.0,5,1,1,1.0,0.0,yes,../20230517_Glx_B6_HAse/20230517_mouseb6_vtyppa_loc1_roi5_rep1_PRE.nc
859,154.76856994628906,0.8552319189583599,Saline,20230517,pa,1.0,5,2,1,1.0,0.0,yes,../20230517_Glx_B6_HAse/20230517_mouseb6_vtyppa_loc1_roi5_rep1_PRE.nc
860,149.06564331054688,0.8500913406054345,Saline,20230517,pa,1.0,5,3,1,1.0,0.0,yes,../20230517_Glx_B6_HAse/20230517_mouseb6_vtyppa_loc1_roi5_rep1_PRE.nc
861,172.85519409179688,0.5847422369152575,Saline,20230517,pa,1.0,5,4,1,1.0,0.0,yes,../20230517_Glx_B6_HAse/20230517_mouseb6_vtyppa_loc1_roi5_rep1_PRE.nc
862,141.8154296875,0.7096485879844892,Saline,20230517,pa,1.0,5,5,1,1.0,0.0,yes,../20230517_Glx_B6_HAse/20230517_mouseb6_vtyppa_loc1_roi5_rep1_PRE.nc
863,176.61813354492188,0.6029621605407911,Saline,20230517,pa,1.0,5,6,1,1.0,0.0,yes,../20230517_Glx_B6_HAse/20230517_mouseb6_vtyppa_loc1_roi5_rep1_PRE.nc
864,165.75917053222656,0.4839254676334761,Saline,20230517,pa,1.0,5,7,1,1.0,0.0,yes,../20230517_Glx_B6_HAse/20230517_mouseb6_vtyppa_loc1_roi5_rep1_PRE.nc
865,168.1079559326172,0.6457361181139021,Saline,20230517,pa,1.0,5,8,1,1.0,0.0,yes,../20230517_Glx_B6_HAse/20230517_mouseb6_vtyppa_loc1_roi5_rep1_PRE.nc
866,136.40170288085938,0.6397785489575085,Saline,20230517,pa,1.0,5,9,1,1.0,0.0,yes,../20230517_Glx_B6_HAse/20230517_mouseb6_vtyppa_loc1_roi5_rep1_PRE.nc
867,144.6886444091797,0.4717460698653397,Saline,20230517,pa,1.0,5,10,1,1.0,0.0,yes,../20230517_Glx_B6_HAse/20230517_mouseb6_vtyppa_loc1_roi5_rep1_PRE.nc
868,159.89915466308594,0.5550753548280412,Saline,20230517,pa,1.0,5,11,1,1.0,0.0,yes,../20230517_Glx_B6_HAse/20230517_mouseb6_vtyppa_loc1_roi5_rep1_PRE.nc
869,179.2607879638672,0.5554095399608308,Saline,20230517,pa,1.0,5,12,1,1.0,0.0,yes,../20230517_Glx_B6_HAse/20230517_mouseb6_vtyppa_loc1_roi5_rep1_PRE.nc
870,168.84471130371094,0.6582877239839604,Saline,20230517,pa,1.0,5,13,1,1.0,0.0,yes,../20230517_Glx_B6_HAse/20230517_mouseb6_vtyppa_loc1_roi5_rep1_PRE.nc
871,156.44485473632812,0.9381520204098804,Saline,20230517,pa,1.0,5,14,1,1.0,0.0,yes,../20230517_Glx_B6_HAse/20230517_mouseb6_vtyppa_loc1_roi5_rep1_PRE.nc
872,155.8574981689453,0.7964535502495913,Saline,20230517,pa,1.0,5,15,1,1.0,0.0,yes,../20230517_Glx_B6_HAse/20230517_mouseb6_vtyppa_loc1_roi5_rep1_PRE.nc
873,187.6657867431641,0.9462952133913768,Saline,20230517,pa,1.0,5,16,1,1.0,0.0,yes,../20230517_Glx_B6_HAse/20230517_mouseb6_vtyppa_loc1_roi5_rep1_PRE.nc
874,140.71896362304688,0.9446762086434326,Saline,20230517,pa,1.0,6,0,1,1.0,0.0,yes,../20230517_Glx_B6_HAse/20230517_mouseb6_vtyppa_loc1_roi6_rep1_PRE.nc
875,158.36825561523438,0.8812856170329688,Saline,20230517,pa,1.0,6,1,1,1.0,0.0,yes,../20230517_Glx_B6_HAse/20230517_mouseb6_vtyppa_loc1_roi6_rep1_PRE.nc
876,160.1318817138672,0.9433203536728278,Saline,20230517,pa,1.0,6,2,1,1.0,0.0,yes,../20230517_Glx_B6_HAse/20230517_mouseb6_vtyppa_loc1_roi6_rep1_PRE.nc
877,174.5978546142578,0.6118098081515342,Saline,20230517,pa,1.0,6,3,1,1.0,0.0,yes,../20230517_Glx_B6_HAse/20230517_mouseb6_vtyppa_loc1_roi6_rep1_PRE.nc
878,197.08859252929688,0.6382720082345834,Saline,20230517,pa,1.0,6,4,1,1.0,0.0,yes,../20230517_Glx_B6_HAse/20230517_mouseb6_vtyppa_loc1_roi6_rep1_PRE.nc
879,203.9337310791016,0.5282833992425324,Saline,20230517,pa,1.0,6,5,1,1.0,0.0,yes,../20230517_Glx_B6_HAse/20230517_mouseb6_vtyppa_loc1_roi6_rep1_PRE.nc
880,171.23098754882812,0.6653380263451574,Saline,20230517,pa,1.0,6,6,1,1.0,0.0,yes,../20230517_Glx_B6_HAse/20230517_mouseb6_vtyppa_loc1_roi6_rep1_PRE.nc
881,181.10797119140625,0.6799773448146453,Saline,20230517,pa,1.0,6,7,1,1.0,0.0,yes,../20230517_Glx_B6_HAse/20230517_mouseb6_vtyppa_loc1_roi6_rep1_PRE.nc
882,112.73468017578124,0.6409521200597084,Saline,20230517,pea,1.0,1,0,1,1.0,0.0,yes,../20230517_Glx_B6_HAse/20230517_mouseb6_vtyppea_loc1_roi1_rep1_PRE.nc
883,115.8970718383789,0.5806788818335065,Saline,20230517,pea,1.0,1,1,1,1.0,0.0,yes,../20230517_Glx_B6_HAse/20230517_mouseb6_vtyppea_loc1_roi1_rep1_PRE.nc
884,122.40187072753906,0.6583882416843174,Saline,20230517,pea,1.0,1,2,1,1.0,0.0,yes,../20230517_Glx_B6_HAse/20230517_mouseb6_vtyppea_loc1_roi1_rep1_PRE.nc
885,110.18248748779295,0.7639014710965277,Saline,20230517,pea,1.0,1,3,1,1.0,0.0,yes,../20230517_Glx_B6_HAse/20230517_mouseb6_vtyppea_loc1_roi1_rep1_PRE.nc
886,118.0943374633789,0.6259323080743577,Saline,20230517,pea,1.0,1,4,1,1.0,0.0,yes,../20230517_Glx_B6_HAse/20230517_mouseb6_vtyppea_loc1_roi1_rep1_PRE.nc
887,114.69508361816406,0.6367167076544646,Saline,20230517,pea,1.0,1,5,1,1.0,0.0,yes,../20230517_Glx_B6_HAse/20230517_mouseb6_vtyppea_loc1_roi1_rep1_PRE.nc
888,100.30664825439452,0.5626444033096867,Saline,20230517,pea,1.0,1,6,1,1.0,0.0,yes,../20230517_Glx_B6_HAse/20230517_mouseb6_vtyppea_loc1_roi1_rep1_PRE.nc
889,101.42221069335938,0.7918974371668597,Saline,20230517,pea,1.0,1,7,1,1.0,0.0,yes,../20230517_Glx_B6_HAse/20230517_mouseb6_vtyppea_loc1_roi1_rep1_PRE.nc
890,111.0782241821289,0.6676232488839347,Saline,20230517,pea,1.0,1,8,1,1.0,0.0,yes,../20230517_Glx_B6_HAse/20230517_mouseb6_vtyppea_loc1_roi1_rep1_PRE.nc
891,119.30611419677734,0.7808905970264419,Saline,20230517,pea,1.0,1,9,1,1.0,0.0,yes,../20230517_Glx_B6_HAse/20230517_mouseb6_vtyppea_loc1_roi1_rep1_PRE.nc
892,110.45848846435548,0.8538892648178624,Saline,20230517,pea,1.0,1,10,1,1.0,0.0,yes,../20230517_Glx_B6_HAse/20230517_mouseb6_vtyppea_loc1_roi1_rep1_PRE.nc
893,122.62171936035156,0.835321647919276,Saline,20230517,pea,1.0,1,11,1,1.0,0.0,yes,../20230517_Glx_B6_HAse/20230517_mouseb6_vtyppea_loc1_roi1_rep1_PRE.nc
894,169.21490478515625,0.5504773182296745,Saline,20230517,pea,1.0,2,0,1,1.0,0.0,yes,../20230517_Glx_B6_HAse/20230517_mouseb6_vtyppea_loc1_roi2_rep1_PRE.nc
895,191.8194732666016,0.6761013646658451,Saline,20230517,pea,1.0,2,1,1,1.0,0.0,yes,../20230517_Glx_B6_HAse/20230517_mouseb6_vtyppea_loc1_roi2_rep1_PRE.nc
896,172.73944091796875,0.5903175428155336,Saline,20230517,pea,1.0,2,2,1,1.0,0.0,yes,../20230517_Glx_B6_HAse/20230517_mouseb6_vtyppea_loc1_roi2_rep1_PRE.nc
897,191.274169921875,0.5184815831354754,Saline,20230517,pea,1.0,2,3,1,1.0,0.0,yes,../20230517_Glx_B6_HAse/20230517_mouseb6_vtyppea_loc1_roi2_rep1_PRE.nc
898,190.3527069091797,0.5515917941398687,Saline,20230517,pea,1.0,2,4,1,1.0,0.0,yes,../20230517_Glx_B6_HAse/20230517_mouseb6_vtyppea_loc1_roi2_rep1_PRE.nc
899,169.87753295898438,0.6407825209756908,Saline,20230517,pea,1.0,2,5,1,1.0,0.0,yes,../20230517_Glx_B6_HAse/20230517_mouseb6_vtyppea_loc1_roi2_rep1_PRE.nc
900,213.19174194335935,0.5030569250666854,Saline,20230517,pea,1.0,2,6,1,1.0,0.0,yes,../20230517_Glx_B6_HAse/20230517_mouseb6_vtyppea_loc1_roi2_rep1_PRE.nc
901,224.9364318847656,0.6287554866541907,Saline,20230517,pea,1.0,2,7,1,1.0,0.0,yes,../20230517_Glx_B6_HAse/20230517_mouseb6_vtyppea_loc1_roi2_rep1_PRE.nc
902,198.98284912109372,0.5364375245303368,Saline,20230517,pea,1.0,2,8,1,1.0,0.0,yes,../20230517_Glx_B6_HAse/20230517_mouseb6_vtyppea_loc1_roi2_rep1_PRE.nc
903,206.2142639160156,0.5395075317622755,Saline,20230517,pea,1.0,2,9,1,1.0,0.0,yes,../20230517_Glx_B6_HAse/20230517_mouseb6_vtyppea_loc1_roi2_rep1_PRE.nc
904,183.57717895507807,0.6339172414570449,Saline,20230517,pea,1.0,2,10,1,1.0,0.0,yes,../20230517_Glx_B6_HAse/20230517_mouseb6_vtyppea_loc1_roi2_rep1_PRE.nc
905,212.2661590576172,0.586417030834463,Saline,20230517,pea,1.0,2,11,1,1.0,0.0,yes,../20230517_Glx_B6_HAse/20230517_mouseb6_vtyppea_loc1_roi2_rep1_PRE.nc
906,184.1044006347656,0.7117437156975335,Saline,20230517,pea,1.0,2,12,1,1.0,0.0,yes,../20230517_Glx_B6_HAse/20230517_mouseb6_vtyppea_loc1_roi2_rep1_PRE.nc
907,236.2573699951172,0.51092645998731,Saline,20230517,pea,1.0,2,13,1,1.0,0.0,yes,../20230517_Glx_B6_HAse/20230517_mouseb6_vtyppea_loc1_roi2_rep1_PRE.nc
908,260.6184997558594,0.7851333434072352,Saline,20230517,pea,1.0,2,14,1,1.0,0.0,yes,../20230517_Glx_B6_HAse/20230517_mouseb6_vtyppea_loc1_roi2_rep1_PRE.nc
909,142.60597229003906,0.8879301585336155,Saline,20230517,pea,1.0,2,15,1,1.0,0.0,yes,../20230517_Glx_B6_HAse/20230517_mouseb6_vtyppea_loc1_roi2_rep1_PRE.nc
910,159.302978515625,0.8908562055065321,Saline,20230517,pea,1.0,2,16,1,1.0,0.0,yes,../20230517_Glx_B6_HAse/20230517_mouseb6_vtyppea_loc1_roi2_rep1_PRE.nc
911,217.3405303955078,0.563948798464807,Saline,20230517,pea,1.0,3,0,1,1.0,0.0,yes,../20230517_Glx_B6_HAse/20230517_mouseb6_vtyppea_loc1_roi3_rep1_PRE.nc
912,222.92784118652344,0.5809832188750192,Saline,20230517,pea,1.0,3,1,1,1.0,0.0,yes,../20230517_Glx_B6_HAse/20230517_mouseb6_vtyppea_loc1_roi3_rep1_PRE.nc
913,190.10232543945312,0.5955416003370075,Saline,20230517,pea,1.0,3,2,1,1.0,0.0,yes,../20230517_Glx_B6_HAse/20230517_mouseb6_vtyppea_loc1_roi3_rep1_PRE.nc
914,189.63821411132807,0.652565302358358,Saline,20230517,pea,1.0,3,3,1,1.0,0.0,yes,../20230517_Glx_B6_HAse/20230517_mouseb6_vtyppea_loc1_roi3_rep1_PRE.nc
915,212.87600708007807,0.631583188763333,Saline,20230517,pea,1.0,3,4,1,1.0,0.0,yes,../20230517_Glx_B6_HAse/20230517_mouseb6_vtyppea_loc1_roi3_rep1_PRE.nc
916,235.91156005859372,0.6556235667918529,Saline,20230517,pea,1.0,3,5,1,1.0,0.0,yes,../20230517_Glx_B6_HAse/20230517_mouseb6_vtyppea_loc1_roi3_rep1_PRE.nc
917,174.84368896484375,0.8809196035034681,Saline,20230517,pea,1.0,3,6,1,1.0,0.0,yes,../20230517_Glx_B6_HAse/20230517_mouseb6_vtyppea_loc1_roi3_rep1_PRE.nc
918,198.2210693359375,0.6623654990899261,Saline,20230517,pea,1.0,3,7,1,1.0,0.0,yes,../20230517_Glx_B6_HAse/20230517_mouseb6_vtyppea_loc1_roi3_rep1_PRE.nc
919,193.087646484375,0.7102417096032809,Saline,20230517,pea,1.0,3,8,1,1.0,0.0,yes,../20230517_Glx_B6_HAse/20230517_mouseb6_vtyppea_loc1_roi3_rep1_PRE.nc
920,214.90480041503903,0.786993656071477,Saline,20230517,pea,1.0,3,9,1,1.0,0.0,yes,../20230517_Glx_B6_HAse/20230517_mouseb6_vtyppea_loc1_roi3_rep1_PRE.nc
921,229.8197784423828,0.8245906772719884,Saline,20230517,pea,1.0,3,10,1,1.0,0.0,yes,../20230517_Glx_B6_HAse/20230517_mouseb6_vtyppea_loc1_roi3_rep1_PRE.nc
922,202.92376708984372,0.7586534396747098,Saline,20230517,pea,1.0,3,11,1,1.0,0.0,yes,../20230517_Glx_B6_HAse/20230517_mouseb6_vtyppea_loc1_roi3_rep1_PRE.nc
923,233.9923553466797,0.912873924687716,Saline,20230517,pea,1.0,3,12,1,1.0,0.0,yes,../20230517_Glx_B6_HAse/20230517_mouseb6_vtyppea_loc1_roi3_rep1_PRE.nc
924,209.24700927734372,0.8288552099963837,Saline,20230517,pea,1.0,3,13,1,1.0,0.0,yes,../20230517_Glx_B6_HAse/20230517_mouseb6_vtyppea_loc1_roi3_rep1_PRE.nc
925,159.34164428710938,0.7369828429305905,Saline,20230517,pea,1.0,3,14,1,1.0,0.0,yes,../20230517_Glx_B6_HAse/20230517_mouseb6_vtyppea_loc1_roi3_rep1_PRE.nc
926,160.59608459472656,0.6938228364054453,Saline,20230517,pea,1.0,3,15,1,1.0,0.0,yes,../20230517_Glx_B6_HAse/20230517_mouseb6_vtyppea_loc1_roi3_rep1_PRE.nc
927,177.8954620361328,0.7733251653364412,Saline,20230517,pea,1.0,3,16,1,1.0,0.0,yes,../20230517_Glx_B6_HAse/20230517_mouseb6_vtyppea_loc1_roi3_rep1_PRE.nc
928,119.3388900756836,0.509296254568607,Saline,20230517,pea,1.0,4,0,1,1.0,0.0,yes,../20230517_Glx_B6_HAse/20230517_mouseb6_vtyppea_loc1_roi4_rep1_PRE.nc
929,119.14519500732422,0.7107826855760138,Saline,20230517,pea,1.0,4,1,1,1.0,0.0,yes,../20230517_Glx_B6_HAse/20230517_mouseb6_vtyppea_loc1_roi4_rep1_PRE.nc
930,95.6174087524414,0.7078249211922856,Saline,20230517,pea,1.0,4,2,1,1.0,0.0,yes,../20230517_Glx_B6_HAse/20230517_mouseb6_vtyppea_loc1_roi4_rep1_PRE.nc
931,97.23925018310548,0.7184272219553947,Saline,20230517,pea,1.0,4,3,1,1.0,0.0,yes,../20230517_Glx_B6_HAse/20230517_mouseb6_vtyppea_loc1_roi4_rep1_PRE.nc
932,115.2158660888672,0.603203137018804,Saline,20230517,pea,1.0,4,4,1,1.0,0.0,yes,../20230517_Glx_B6_HAse/20230517_mouseb6_vtyppea_loc1_roi4_rep1_PRE.nc
933,100.27561950683594,0.7970282652718623,Saline,20230517,pea,1.0,4,5,1,1.0,0.0,yes,../20230517_Glx_B6_HAse/20230517_mouseb6_vtyppea_loc1_roi4_rep1_PRE.nc
934,175.7708740234375,0.5316781320957418,Saline,20230517,pea,1.0,5,0,1,1.0,0.0,yes,../20230517_Glx_B6_HAse/20230517_mouseb6_vtyppea_loc1_roi5_rep1_PRE.nc
935,136.71978759765625,0.6719655340101163,Saline,20230517,pea,1.0,5,1,1,1.0,0.0,yes,../20230517_Glx_B6_HAse/20230517_mouseb6_vtyppea_loc1_roi5_rep1_PRE.nc
936,151.58773803710938,0.6697903439917781,Saline,20230517,pea,1.0,5,2,1,1.0,0.0,yes,../20230517_Glx_B6_HAse/20230517_mouseb6_vtyppea_loc1_roi5_rep1_PRE.nc
937,165.52655029296875,0.6048654496090506,Saline,20230517,pea,1.0,5,3,1,1.0,0.0,yes,../20230517_Glx_B6_HAse/20230517_mouseb6_vtyppea_loc1_roi5_rep1_PRE.nc
938,172.04296875,0.7632627869312998,Saline,20230517,pea,1.0,5,4,1,1.0,0.0,yes,../20230517_Glx_B6_HAse/20230517_mouseb6_vtyppea_loc1_roi5_rep1_PRE.nc
939,153.5706024169922,0.5667095236296973,Saline,20230517,pea,1.0,5,5,1,1.0,0.0,yes,../20230517_Glx_B6_HAse/20230517_mouseb6_vtyppea_loc1_roi5_rep1_PRE.nc
940,130.6041717529297,0.631831238823942,Saline,20230517,pea,1.0,5,6,1,1.0,0.0,yes,../20230517_Glx_B6_HAse/20230517_mouseb6_vtyppea_loc1_roi5_rep1_PRE.nc
941,122.202392578125,0.6962465377267293,Saline,20230517,pea,1.0,5,7,1,1.0,0.0,yes,../20230517_Glx_B6_HAse/20230517_mouseb6_vtyppea_loc1_roi5_rep1_PRE.nc
942,144.83778381347656,0.6318278413393763,Saline,20230517,pea,1.0,5,8,1,1.0,0.0,yes,../20230517_Glx_B6_HAse/20230517_mouseb6_vtyppea_loc1_roi5_rep1_PRE.nc
943,144.7420654296875,0.5656980934308926,Saline,20230517,pea,1.0,5,9,1,1.0,0.0,yes,../20230517_Glx_B6_HAse/20230517_mouseb6_vtyppea_loc1_roi5_rep1_PRE.nc
944,144.61004638671875,0.6563589267245362,Saline,20230517,pea,1.0,5,10,1,1.0,0.0,yes,../20230517_Glx_B6_HAse/20230517_mouseb6_vtyppea_loc1_roi5_rep1_PRE.nc
945,169.74729919433594,0.5411302544039742,Saline,20230517,pea,1.0,5,11,1,1.0,0.0,yes,../20230517_Glx_B6_HAse/20230517_mouseb6_vtyppea_loc1_roi5_rep1_PRE.nc
946,146.00706481933594,0.7752988010987956,Saline,20230517,pea,1.0,5,12,1,1.0,0.0,yes,../20230517_Glx_B6_HAse/20230517_mouseb6_vtyppea_loc1_roi5_rep1_PRE.nc
947,148.70468139648438,0.7801301997342058,Saline,20230517,pea,1.0,5,13,1,1.0,0.0,yes,../20230517_Glx_B6_HAse/20230517_mouseb6_vtyppea_loc1_roi5_rep1_PRE.nc
948,144.93218994140625,0.6290077033970505,Saline,20230517,pea,1.0,5,14,1,1.0,0.0,yes,../20230517_Glx_B6_HAse/20230517_mouseb6_vtyppea_loc1_roi5_rep1_PRE.nc
949,148.89230346679688,0.6300161206971779,Saline,20230517,pea,1.0,5,15,1,1.0,0.0,yes,../20230517_Glx_B6_HAse/20230517_mouseb6_vtyppea_loc1_roi5_rep1_PRE.nc
950,136.08071899414062,0.6394908403579578,Saline,20230517,pea,1.0,5,16,1,1.0,0.0,yes,../20230517_Glx_B6_HAse/20230517_mouseb6_vtyppea_loc1_roi5_rep1_PRE.nc
951,263.6283874511719,0.6659186822696626,Enzyme,20230523,pa,1.0,1,0,1,1.0,0.0,yes,../20230523_Glx_B6_HAse/20230523_mouseb6_vtyppa_loc1_roi1_rep1_PRE.nc
952,245.6044921875,0.6438359294482616,Enzyme,20230523,pa,1.0,1,1,1,1.0,0.0,yes,../20230523_Glx_B6_HAse/20230523_mouseb6_vtyppa_loc1_roi1_rep1_PRE.nc
953,221.04617309570312,0.5624246377160702,Enzyme,20230523,pa,1.0,1,2,1,1.0,0.0,yes,../20230523_Glx_B6_HAse/20230523_mouseb6_vtyppa_loc1_roi1_rep1_PRE.nc
954,281.11688232421875,0.6023294674922823,Enzyme,20230523,pa,1.0,1,3,1,1.0,0.0,yes,../20230523_Glx_B6_HAse/20230523_mouseb6_vtyppa_loc1_roi1_rep1_PRE.nc
955,233.92111206054688,0.6512017766598781,Enzyme,20230523,pa,1.0,1,4,1,1.0,0.0,yes,../20230523_Glx_B6_HAse/20230523_mouseb6_vtyppa_loc1_roi1_rep1_PRE.nc
956,241.65798950195312,0.5247934550019693,Enzyme,20230523,pa,1.0,1,5,1,1.0,0.0,yes,../20230523_Glx_B6_HAse/20230523_mouseb6_vtyppa_loc1_roi1_rep1_PRE.nc
957,229.0976409912109,0.5683239529408155,Enzyme,20230523,pa,1.0,1,6,1,1.0,0.0,yes,../20230523_Glx_B6_HAse/20230523_mouseb6_vtyppa_loc1_roi1_rep1_PRE.nc
958,236.6465301513672,0.6713866753204627,Enzyme,20230523,pa,1.0,1,7,1,1.0,0.0,yes,../20230523_Glx_B6_HAse/20230523_mouseb6_vtyppa_loc1_roi1_rep1_PRE.nc
959,243.4932861328125,0.5493554159130376,Enzyme,20230523,pa,1.0,1,8,1,1.0,0.0,yes,../20230523_Glx_B6_HAse/20230523_mouseb6_vtyppa_loc1_roi1_rep1_PRE.nc
960,273.905517578125,0.587267406499592,Enzyme,20230523,pa,1.0,1,9,1,1.0,0.0,yes,../20230523_Glx_B6_HAse/20230523_mouseb6_vtyppa_loc1_roi1_rep1_PRE.nc
961,277.4309387207031,0.5959241218079754,Enzyme,20230523,pa,1.0,1,10,1,1.0,0.0,yes,../20230523_Glx_B6_HAse/20230523_mouseb6_vtyppa_loc1_roi1_rep1_PRE.nc
962,260.7157287597656,0.65045102454134,Enzyme,20230523,pa,1.0,1,11,1,1.0,0.0,yes,../20230523_Glx_B6_HAse/20230523_mouseb6_vtyppa_loc1_roi1_rep1_PRE.nc
963,300.8132629394531,0.5878084834525943,Enzyme,20230523,pa,1.0,1,12,1,1.0,0.0,yes,../20230523_Glx_B6_HAse/20230523_mouseb6_vtyppa_loc1_roi1_rep1_PRE.nc
964,274.1230163574219,0.540158635560438,Enzyme,20230523,pa,1.0,1,13,1,1.0,0.0,yes,../20230523_Glx_B6_HAse/20230523_mouseb6_vtyppa_loc1_roi1_rep1_PRE.nc
965,274.547607421875,0.5340087272571914,Enzyme,20230523,pa,1.0,1,14,1,1.0,0.0,yes,../20230523_Glx_B6_HAse/20230523_mouseb6_vtyppa_loc1_roi1_rep1_PRE.nc
966,270.6964416503906,0.5341631370856845,Enzyme,20230523,pa,1.0,1,15,1,1.0,0.0,yes,../20230523_Glx_B6_HAse/20230523_mouseb6_vtyppa_loc1_roi1_rep1_PRE.nc
967,190.60333251953125,0.770314682528209,Enzyme,20230523,pa,1.0,2,0,1,1.0,0.0,yes,../20230523_Glx_B6_HAse/20230523_mouseb6_vtyppa_loc1_roi2_rep1_PRE.nc
968,196.09886169433597,0.7714053279671766,Enzyme,20230523,pa,1.0,2,1,1,1.0,0.0,yes,../20230523_Glx_B6_HAse/20230523_mouseb6_vtyppa_loc1_roi2_rep1_PRE.nc
969,249.9553985595703,0.6127808718081518,Enzyme,20230523,pa,1.0,2,2,1,1.0,0.0,yes,../20230523_Glx_B6_HAse/20230523_mouseb6_vtyppa_loc1_roi2_rep1_PRE.nc
970,233.22120666503903,0.6993052318097952,Enzyme,20230523,pa,1.0,2,3,1,1.0,0.0,yes,../20230523_Glx_B6_HAse/20230523_mouseb6_vtyppa_loc1_roi2_rep1_PRE.nc
971,192.8013916015625,0.4953096314842931,Enzyme,20230523,pa,1.0,2,4,1,1.0,0.0,yes,../20230523_Glx_B6_HAse/20230523_mouseb6_vtyppa_loc1_roi2_rep1_PRE.nc
972,180.9585418701172,0.5162210809716932,Enzyme,20230523,pa,1.0,2,5,1,1.0,0.0,yes,../20230523_Glx_B6_HAse/20230523_mouseb6_vtyppa_loc1_roi2_rep1_PRE.nc
973,242.1074676513672,0.6469295396633328,Enzyme,20230523,pa,1.0,2,6,1,1.0,0.0,yes,../20230523_Glx_B6_HAse/20230523_mouseb6_vtyppa_loc1_roi2_rep1_PRE.nc
974,168.9580535888672,0.6062721234250503,Enzyme,20230523,pa,1.0,2,7,1,1.0,0.0,yes,../20230523_Glx_B6_HAse/20230523_mouseb6_vtyppa_loc1_roi2_rep1_PRE.nc
975,188.80044555664065,0.6277399909898875,Enzyme,20230523,pa,1.0,2,8,1,1.0,0.0,yes,../20230523_Glx_B6_HAse/20230523_mouseb6_vtyppa_loc1_roi2_rep1_PRE.nc
976,195.1526641845703,0.6929841760387276,Enzyme,20230523,pa,1.0,2,9,1,1.0,0.0,yes,../20230523_Glx_B6_HAse/20230523_mouseb6_vtyppa_loc1_roi2_rep1_PRE.nc
977,184.92495727539065,0.561022804254474,Enzyme,20230523,pa,1.0,2,10,1,1.0,0.0,yes,../20230523_Glx_B6_HAse/20230523_mouseb6_vtyppa_loc1_roi2_rep1_PRE.nc
978,229.8954620361328,0.7603237163249013,Enzyme,20230523,pa,1.0,3,0,1,1.0,0.0,yes,../20230523_Glx_B6_HAse/20230523_mouseb6_vtyppa_loc1_roi3_rep1_PRE.nc
979,203.7642974853516,0.7427765794224364,Enzyme,20230523,pa,1.0,3,1,1,1.0,0.0,yes,../20230523_Glx_B6_HAse/20230523_mouseb6_vtyppa_loc1_roi3_rep1_PRE.nc
980,219.7820281982422,0.6899305720102831,Enzyme,20230523,pa,1.0,3,2,1,1.0,0.0,yes,../20230523_Glx_B6_HAse/20230523_mouseb6_vtyppa_loc1_roi3_rep1_PRE.nc
981,191.57395935058597,0.6801433116572788,Enzyme,20230523,pa,1.0,3,3,1,1.0,0.0,yes,../20230523_Glx_B6_HAse/20230523_mouseb6_vtyppa_loc1_roi3_rep1_PRE.nc
982,217.38766479492188,0.6738905695499824,Enzyme,20230523,pa,1.0,3,4,1,1.0,0.0,yes,../20230523_Glx_B6_HAse/20230523_mouseb6_vtyppa_loc1_roi3_rep1_PRE.nc
983,266.2243957519531,0.5240651493757831,Enzyme,20230523,pa,1.0,3,5,1,1.0,0.0,yes,../20230523_Glx_B6_HAse/20230523_mouseb6_vtyppa_loc1_roi3_rep1_PRE.nc
984,218.09274291992188,0.7264198776977864,Enzyme,20230523,pa,1.0,3,6,1,1.0,0.0,yes,../20230523_Glx_B6_HAse/20230523_mouseb6_vtyppa_loc1_roi3_rep1_PRE.nc
985,270.7685241699219,0.5511662662131194,Enzyme,20230523,pa,1.0,3,7,1,1.0,0.0,yes,../20230523_Glx_B6_HAse/20230523_mouseb6_vtyppa_loc1_roi3_rep1_PRE.nc
986,233.7071990966797,0.6652828949379881,Enzyme,20230523,pa,1.0,3,8,1,1.0,0.0,yes,../20230523_Glx_B6_HAse/20230523_mouseb6_vtyppa_loc1_roi3_rep1_PRE.nc
987,231.945556640625,0.6338402628518267,Enzyme,20230523,pa,1.0,3,9,1,1.0,0.0,yes,../20230523_Glx_B6_HAse/20230523_mouseb6_vtyppa_loc1_roi3_rep1_PRE.nc
988,224.718017578125,0.77889987874509,Enzyme,20230523,pa,1.0,3,10,1,1.0,0.0,yes,../20230523_Glx_B6_HAse/20230523_mouseb6_vtyppa_loc1_roi3_rep1_PRE.nc
989,247.4670867919922,0.804035823788471,Enzyme,20230523,pa,1.0,3,11,1,1.0,0.0,yes,../20230523_Glx_B6_HAse/20230523_mouseb6_vtyppa_loc1_roi3_rep1_PRE.nc
990,241.3047790527344,0.9117371325827044,Enzyme,20230523,pa,1.0,3,12,1,1.0,0.0,yes,../20230523_Glx_B6_HAse/20230523_mouseb6_vtyppa_loc1_roi3_rep1_PRE.nc
991,213.88673400878903,1.1178812440482346,Enzyme,20230523,pa,1.0,3,13,1,1.0,0.0,yes,../20230523_Glx_B6_HAse/20230523_mouseb6_vtyppa_loc1_roi3_rep1_PRE.nc
992,286.9034423828125,0.6728001226660965,Enzyme,20230523,pa,1.0,3,14,1,1.0,0.0,yes,../20230523_Glx_B6_HAse/20230523_mouseb6_vtyppa_loc1_roi3_rep1_PRE.nc
993,286.7164001464844,0.6371863954402208,Enzyme,20230523,pa,1.0,3,15,1,1.0,0.0,yes,../20230523_Glx_B6_HAse/20230523_mouseb6_vtyppa_loc1_roi3_rep1_PRE.nc
994,224.7363128662109,0.9103636083281224,Enzyme,20230523,pa,1.0,3,16,1,1.0,0.0,yes,../20230523_Glx_B6_HAse/20230523_mouseb6_vtyppa_loc1_roi3_rep1_PRE.nc
995,202.27256774902344,0.8153858089957424,Enzyme,20230523,pa,1.0,4,0,1,1.0,0.0,yes,../20230523_Glx_B6_HAse/20230523_mouseb6_vtyppa_loc1_roi4_rep1_PRE.nc
996,187.68722534179688,0.8360436253289585,Enzyme,20230523,pa,1.0,4,1,1,1.0,0.0,yes,../20230523_Glx_B6_HAse/20230523_mouseb6_vtyppa_loc1_roi4_rep1_PRE.nc
997,182.194580078125,0.958563318307874,Enzyme,20230523,pa,1.0,4,2,1,1.0,0.0,yes,../20230523_Glx_B6_HAse/20230523_mouseb6_vtyppa_loc1_roi4_rep1_PRE.nc
998,184.29200744628903,0.8537611026376766,Enzyme,20230523,pa,1.0,4,3,1,1.0,0.0,yes,../20230523_Glx_B6_HAse/20230523_mouseb6_vtyppa_loc1_roi4_rep1_PRE.nc
999,195.9872894287109,0.7927816426842007,Enzyme,20230523,pa,1.0,4,4,1,1.0,0.0,yes,../20230523_Glx_B6_HAse/20230523_mouseb6_vtyppa_loc1_roi4_rep1_PRE.nc
1000,199.2730865478516,0.8022367296677473,Enzyme,20230523,pa,1.0,4,5,1,1.0,0.0,yes,../20230523_Glx_B6_HAse/20230523_mouseb6_vtyppa_loc1_roi4_rep1_PRE.nc
1001,212.77288818359372,0.9116182749920084,Enzyme,20230523,pa,1.0,4,6,1,1.0,0.0,yes,../20230523_Glx_B6_HAse/20230523_mouseb6_vtyppa_loc1_roi4_rep1_PRE.nc
1002,195.26751708984372,0.7078662204227619,Enzyme,20230523,pa,1.0,4,7,1,1.0,0.0,yes,../20230523_Glx_B6_HAse/20230523_mouseb6_vtyppa_loc1_roi4_rep1_PRE.nc
1003,194.1904144287109,0.7203739505731619,Enzyme,20230523,pa,1.0,4,8,1,1.0,0.0,yes,../20230523_Glx_B6_HAse/20230523_mouseb6_vtyppa_loc1_roi4_rep1_PRE.nc
1004,198.07135009765625,0.7227197577905926,Enzyme,20230523,pa,1.0,4,9,1,1.0,0.0,yes,../20230523_Glx_B6_HAse/20230523_mouseb6_vtyppa_loc1_roi4_rep1_PRE.nc
1005,202.34071350097656,0.6975226119683029,Enzyme,20230523,pa,1.0,4,10,1,1.0,0.0,yes,../20230523_Glx_B6_HAse/20230523_mouseb6_vtyppa_loc1_roi4_rep1_PRE.nc
1006,239.1369781494141,0.7404028027294594,Enzyme,20230523,pa,1.0,4,11,1,1.0,0.0,yes,../20230523_Glx_B6_HAse/20230523_mouseb6_vtyppa_loc1_roi4_rep1_PRE.nc
1007,211.95132446289065,0.729186515444809,Enzyme,20230523,pa,1.0,4,12,1,1.0,0.0,yes,../20230523_Glx_B6_HAse/20230523_mouseb6_vtyppa_loc1_roi4_rep1_PRE.nc
1008,241.54714965820312,0.7080352301668569,Enzyme,20230523,pa,1.0,4,13,1,1.0,0.0,yes,../20230523_Glx_B6_HAse/20230523_mouseb6_vtyppa_loc1_roi4_rep1_PRE.nc
1009,228.4013671875,0.6450818697242227,Enzyme,20230523,pa,1.0,4,14,1,1.0,0.0,yes,../20230523_Glx_B6_HAse/20230523_mouseb6_vtyppa_loc1_roi4_rep1_PRE.nc
1010,235.9728546142578,0.6097767413613475,Enzyme,20230523,pa,1.0,4,15,1,1.0,0.0,yes,../20230523_Glx_B6_HAse/20230523_mouseb6_vtyppa_loc1_roi4_rep1_PRE.nc
1011,221.79440307617188,0.6117286818642818,Enzyme,20230523,pa,1.0,4,16,1,1.0,0.0,yes,../20230523_Glx_B6_HAse/20230523_mouseb6_vtyppa_loc1_roi4_rep1_PRE.nc
1012,228.77882385253903,0.6797879781265515,Enzyme,20230523,pa,1.0,5,0,1,1.0,0.0,yes,../20230523_Glx_B6_HAse/20230523_mouseb6_vtyppa_loc1_roi5_rep1_PRE.nc
1013,229.51084899902344,0.6339571395435861,Enzyme,20230523,pa,1.0,5,1,1,1.0,0.0,yes,../20230523_Glx_B6_HAse/20230523_mouseb6_vtyppa_loc1_roi5_rep1_PRE.nc
1014,208.72732543945312,0.6372123962885681,Enzyme,20230523,pa,1.0,5,2,1,1.0,0.0,yes,../20230523_Glx_B6_HAse/20230523_mouseb6_vtyppa_loc1_roi5_rep1_PRE.nc
1015,196.2551422119141,0.8250536216063793,Enzyme,20230523,pa,1.0,5,3,1,1.0,0.0,yes,../20230523_Glx_B6_HAse/20230523_mouseb6_vtyppa_loc1_roi5_rep1_PRE.nc
1016,211.96826171875,0.6557551892730196,Enzyme,20230523,pa,1.0,5,4,1,1.0,0.0,yes,../20230523_Glx_B6_HAse/20230523_mouseb6_vtyppa_loc1_roi5_rep1_PRE.nc
1017,196.59127807617188,0.6358177711409319,Enzyme,20230523,pa,1.0,5,5,1,1.0,0.0,yes,../20230523_Glx_B6_HAse/20230523_mouseb6_vtyppa_loc1_roi5_rep1_PRE.nc
1018,150.62216186523438,0.7795939694899694,Enzyme,20230523,pa,1.0,5,6,1,1.0,0.0,yes,../20230523_Glx_B6_HAse/20230523_mouseb6_vtyppa_loc1_roi5_rep1_PRE.nc
1019,202.64434814453125,0.8800244658598899,Enzyme,20230523,pa,2.0,1,0,1,1.0,0.0,yes,../20230523_Glx_B6_HAse/20230523_mouseb6_vtyppa_loc2_roi1_rep1_notelarger-diam_PRE.nc
1020,242.3762664794922,0.750107333661898,Enzyme,20230523,pa,2.0,1,1,1,1.0,0.0,yes,../20230523_Glx_B6_HAse/20230523_mouseb6_vtyppa_loc2_roi1_rep1_notelarger-diam_PRE.nc
1021,206.7302703857422,0.8566438350101073,Enzyme,20230523,pa,2.0,1,2,1,1.0,0.0,yes,../20230523_Glx_B6_HAse/20230523_mouseb6_vtyppa_loc2_roi1_rep1_notelarger-diam_PRE.nc
1022,205.1499938964844,0.8682519489889202,Enzyme,20230523,pa,2.0,1,3,1,1.0,0.0,yes,../20230523_Glx_B6_HAse/20230523_mouseb6_vtyppa_loc2_roi1_rep1_notelarger-diam_PRE.nc
1023,167.64492797851562,0.8936936028112008,Enzyme,20230523,pa,2.0,1,4,1,1.0,0.0,yes,../20230523_Glx_B6_HAse/20230523_mouseb6_vtyppa_loc2_roi1_rep1_notelarger-diam_PRE.nc
1024,169.999755859375,0.9112824297482014,Enzyme,20230523,pea,1.0,1,0,1,1.0,0.0,yes,../20230523_Glx_B6_HAse/20230523_mouseb6_vtyppea_loc1_roi1_rep1_PRE.nc
1025,148.90631103515625,0.816075557357145,Enzyme,20230523,pea,1.0,1,1,1,1.0,0.0,yes,../20230523_Glx_B6_HAse/20230523_mouseb6_vtyppea_loc1_roi1_rep1_PRE.nc
1026,162.2277374267578,0.8856768559856896,Enzyme,20230523,pea,1.0,1,2,1,1.0,0.0,yes,../20230523_Glx_B6_HAse/20230523_mouseb6_vtyppea_loc1_roi1_rep1_PRE.nc
1027,142.8883514404297,0.8377050488287026,Enzyme,20230523,pea,1.0,1,3,1,1.0,0.0,yes,../20230523_Glx_B6_HAse/20230523_mouseb6_vtyppea_loc1_roi1_rep1_PRE.nc
1028,132.29595947265625,0.9326551428272084,Enzyme,20230523,pea,1.0,1,4,1,1.0,0.0,yes,../20230523_Glx_B6_HAse/20230523_mouseb6_vtyppea_loc1_roi1_rep1_PRE.nc
1029,152.20140075683594,1.0237189981943686,Enzyme,20230523,pea,1.0,1,5,1,1.0,0.0,yes,../20230523_Glx_B6_HAse/20230523_mouseb6_vtyppea_loc1_roi1_rep1_PRE.nc
1030,171.34657287597656,0.7485793623411716,Enzyme,20230523,pea,1.0,1,6,1,1.0,0.0,yes,../20230523_Glx_B6_HAse/20230523_mouseb6_vtyppea_loc1_roi1_rep1_PRE.nc
1031,153.39317321777344,1.0054150114454463,Enzyme,20230523,pea,1.0,1,7,1,1.0,0.0,yes,../20230523_Glx_B6_HAse/20230523_mouseb6_vtyppea_loc1_roi1_rep1_PRE.nc
1032,171.96151733398438,0.6145617303906512,Enzyme,20230523,pea,1.0,1,8,1,1.0,0.0,yes,../20230523_Glx_B6_HAse/20230523_mouseb6_vtyppea_loc1_roi1_rep1_PRE.nc
1033,166.71409606933594,0.792895238920007,Enzyme,20230523,pea,1.0,1,9,1,1.0,0.0,yes,../20230523_Glx_B6_HAse/20230523_mouseb6_vtyppea_loc1_roi1_rep1_PRE.nc
1034,156.64170837402344,0.7778237524321288,Enzyme,20230523,pea,1.0,1,10,1,1.0,0.0,yes,../20230523_Glx_B6_HAse/20230523_mouseb6_vtyppea_loc1_roi1_rep1_PRE.nc
1035,188.1517791748047,0.6901349935608607,Enzyme,20230523,pea,1.0,2,0,1,1.0,0.0,yes,../20230523_Glx_B6_HAse/20230523_mouseb6_vtyppea_loc1_roi2_rep1_PRE.nc
1036,188.8152008056641,0.7786342131650876,Enzyme,20230523,pea,1.0,2,1,1,1.0,0.0,yes,../20230523_Glx_B6_HAse/20230523_mouseb6_vtyppea_loc1_roi2_rep1_PRE.nc
1037,195.80496215820312,0.6890178715955191,Enzyme,20230523,pea,1.0,2,2,1,1.0,0.0,yes,../20230523_Glx_B6_HAse/20230523_mouseb6_vtyppea_loc1_roi2_rep1_PRE.nc
1038,201.21453857421875,0.6616761329526604,Enzyme,20230523,pea,1.0,2,3,1,1.0,0.0,yes,../20230523_Glx_B6_HAse/20230523_mouseb6_vtyppea_loc1_roi2_rep1_PRE.nc
1039,208.8743896484375,0.782702078854788,Enzyme,20230523,pea,1.0,2,4,1,1.0,0.0,yes,../20230523_Glx_B6_HAse/20230523_mouseb6_vtyppea_loc1_roi2_rep1_PRE.nc
1040,193.7500457763672,0.7420474152249739,Enzyme,20230523,pea,1.0,2,5,1,1.0,0.0,yes,../20230523_Glx_B6_HAse/20230523_mouseb6_vtyppea_loc1_roi2_rep1_PRE.nc
1041,215.8217315673828,0.7785944136791283,Enzyme,20230523,pea,1.0,2,6,1,1.0,0.0,yes,../20230523_Glx_B6_HAse/20230523_mouseb6_vtyppea_loc1_roi2_rep1_PRE.nc
1042,197.1024169921875,0.7498902442896185,Enzyme,20230523,pea,1.0,2,7,1,1.0,0.0,yes,../20230523_Glx_B6_HAse/20230523_mouseb6_vtyppea_loc1_roi2_rep1_PRE.nc
1043,201.62208557128903,0.8772884065508713,Enzyme,20230523,pea,1.0,3,0,1,1.0,0.0,yes,../20230523_Glx_B6_HAse/20230523_mouseb6_vtyppea_loc1_roi3_rep1_PRE.nc
1044,212.57823181152344,0.9304437198891762,Enzyme,20230523,pea,1.0,3,1,1,1.0,0.0,yes,../20230523_Glx_B6_HAse/20230523_mouseb6_vtyppea_loc1_roi3_rep1_PRE.nc
1045,149.9373016357422,0.93486653117845,Enzyme,20230523,pea,1.0,3,2,1,1.0,0.0,yes,../20230523_Glx_B6_HAse/20230523_mouseb6_vtyppea_loc1_roi3_rep1_PRE.nc
1046,146.5023956298828,0.8168574221884484,Enzyme,20230523,pea,1.0,3,3,1,1.0,0.0,yes,../20230523_Glx_B6_HAse/20230523_mouseb6_vtyppea_loc1_roi3_rep1_PRE.nc
1047,180.36715698242188,0.9119671616506936,Enzyme,20230523,pea,1.0,3,4,1,1.0,0.0,yes,../20230523_Glx_B6_HAse/20230523_mouseb6_vtyppea_loc1_roi3_rep1_PRE.nc
1048,191.86068725585935,0.9709246108981802,Enzyme,20230523,pea,1.0,3,5,1,1.0,0.0,yes,../20230523_Glx_B6_HAse/20230523_mouseb6_vtyppea_loc1_roi3_rep1_PRE.nc
1049,158.1632537841797,1.0506219734507063,Enzyme,20230523,pea,1.0,3,6,1,1.0,0.0,yes,../20230523_Glx_B6_HAse/20230523_mouseb6_vtyppea_loc1_roi3_rep1_PRE.nc
1050,156.81520080566406,0.944911714362906,Enzyme,20230523,pea,1.0,3,7,1,1.0,0.0,yes,../20230523_Glx_B6_HAse/20230523_mouseb6_vtyppea_loc1_roi3_rep1_PRE.nc
1051,213.8318023681641,0.692720349696053,Enzyme,20230523,pea,1.0,3,8,1,1.0,0.0,yes,../20230523_Glx_B6_HAse/20230523_mouseb6_vtyppea_loc1_roi3_rep1_PRE.nc
1052,176.42611694335938,0.7242902103977897,Enzyme,20230523,pea,1.0,3,9,1,1.0,0.0,yes,../20230523_Glx_B6_HAse/20230523_mouseb6_vtyppea_loc1_roi3_rep1_PRE.nc
1053,146.53433227539062,0.8017290228222649,Enzyme,20230523,pea,1.0,3,10,1,1.0,0.0,yes,../20230523_Glx_B6_HAse/20230523_mouseb6_vtyppea_loc1_roi3_rep1_PRE.nc
1054,157.81346130371094,0.5322199639140912,Enzyme,20230523,pea,1.0,3,11,1,1.0,0.0,yes,../20230523_Glx_B6_HAse/20230523_mouseb6_vtyppea_loc1_roi3_rep1_PRE.nc
1055,159.10635375976562,0.5733381539208509,Enzyme,20230523,pea,1.0,3,12,1,1.0,0.0,yes,../20230523_Glx_B6_HAse/20230523_mouseb6_vtyppea_loc1_roi3_rep1_PRE.nc
1056,157.10617065429688,0.6242787135155261,Enzyme,20230523,pea,1.0,3,13,1,1.0,0.0,yes,../20230523_Glx_B6_HAse/20230523_mouseb6_vtyppea_loc1_roi3_rep1_PRE.nc
1057,166.0861358642578,0.7133647242095762,Enzyme,20230523,pea,1.0,3,14,1,1.0,0.0,yes,../20230523_Glx_B6_HAse/20230523_mouseb6_vtyppea_loc1_roi3_rep1_PRE.nc
1058,129.0617218017578,0.7520486707795833,Enzyme,20230523,pea,1.0,3,15,1,1.0,0.0,yes,../20230523_Glx_B6_HAse/20230523_mouseb6_vtyppea_loc1_roi3_rep1_PRE.nc
1059,124.93700408935548,1.0087084895518077,Enzyme,20230523,pea,1.0,3,16,1,1.0,0.0,yes,../20230523_Glx_B6_HAse/20230523_mouseb6_vtyppea_loc1_roi3_rep1_PRE.nc
1060,217.34141540527344,0.8779355493163443,Enzyme,20230523,pea,1.0,4,0,1,1.0,0.0,yes,../20230523_Glx_B6_HAse/20230523_mouseb6_vtyppea_loc1_roi4_rep1_PRE.nc
1061,174.57659912109375,0.7923364665933583,Enzyme,20230523,pea,1.0,4,1,1,1.0,0.0,yes,../20230523_Glx_B6_HAse/20230523_mouseb6_vtyppea_loc1_roi4_rep1_PRE.nc
1062,192.5091094970703,1.0133711344979923,Enzyme,20230523,pea,1.0,5,0,1,1.0,0.0,yes,../20230523_Glx_B6_HAse/20230523_mouseb6_vtyppea_loc1_roi5_rep1_PRE.nc
1063,167.531494140625,0.8971985228170389,Enzyme,20230523,pea,1.0,5,1,1,1.0,0.0,yes,../20230523_Glx_B6_HAse/20230523_mouseb6_vtyppea_loc1_roi5_rep1_PRE.nc
1064,164.91943359375,1.041456767099687,Enzyme,20230523,pea,1.0,5,2,1,1.0,0.0,yes,../20230523_Glx_B6_HAse/20230523_mouseb6_vtyppea_loc1_roi5_rep1_PRE.nc
1065,168.1293487548828,0.901585917034362,Enzyme,20230523,pea,1.0,5,3,1,1.0,0.0,yes,../20230523_Glx_B6_HAse/20230523_mouseb6_vtyppea_loc1_roi5_rep1_PRE.nc
1066,198.3468475341797,1.015427946576514,Enzyme,20230523,pea,1.0,5,4,1,1.0,0.0,yes,../20230523_Glx_B6_HAse/20230523_mouseb6_vtyppea_loc1_roi5_rep1_PRE.nc
1067,190.32237243652344,0.7816575856038721,Enzyme,20230523,pea,1.0,5,5,1,1.0,0.0,yes,../20230523_Glx_B6_HAse/20230523_mouseb6_vtyppea_loc1_roi5_rep1_PRE.nc
1068,187.68963623046875,0.9237917755262792,Enzyme,20230523,pea,1.0,5,6,1,1.0,0.0,yes,../20230523_Glx_B6_HAse/20230523_mouseb6_vtyppea_loc1_roi5_rep1_PRE.nc
1069,190.79241943359372,0.8684129003151444,Enzyme,20230523,pea,1.0,5,7,1,1.0,0.0,yes,../20230523_Glx_B6_HAse/20230523_mouseb6_vtyppea_loc1_roi5_rep1_PRE.nc
1070,171.15432739257812,0.7439818436893688,Enzyme,20230523,pea,1.0,5,8,1,1.0,0.0,yes,../20230523_Glx_B6_HAse/20230523_mouseb6_vtyppea_loc1_roi5_rep1_PRE.nc
1071,182.0128631591797,0.8709761594136207,Enzyme,20230523,pea,1.0,5,9,1,1.0,0.0,yes,../20230523_Glx_B6_HAse/20230523_mouseb6_vtyppea_loc1_roi5_rep1_PRE.nc
1072,294.7025146484375,0.7490290501452783,Enzyme,20230523,pea,1.0,6,0,1,1.0,0.0,yes,../20230523_Glx_B6_HAse/20230523_mouseb6_vtyppea_loc1_roi6_rep1_PRE.nc
1073,225.84255981445312,0.6982900386213622,Enzyme,20230523,pea,1.0,6,1,1,1.0,0.0,yes,../20230523_Glx_B6_HAse/20230523_mouseb6_vtyppea_loc1_roi6_rep1_PRE.nc
1074,215.2324066162109,0.7880198186948739,Enzyme,20230523,pea,1.0,6,2,1,1.0,0.0,yes,../20230523_Glx_B6_HAse/20230523_mouseb6_vtyppea_loc1_roi6_rep1_PRE.nc
1075,178.6146697998047,0.7723501310043197,Enzyme,20230523,pea,1.0,6,3,1,1.0,0.0,yes,../20230523_Glx_B6_HAse/20230523_mouseb6_vtyppea_loc1_roi6_rep1_PRE.nc
1076,178.31031799316406,0.7432699589295133,Enzyme,20230523,pea,1.0,6,4,1,1.0,0.0,yes,../20230523_Glx_B6_HAse/20230523_mouseb6_vtyppea_loc1_roi6_rep1_PRE.nc
1077,197.72271728515625,0.750105370882757,Enzyme,20230523,pea,1.0,6,5,1,1.0,0.0,yes,../20230523_Glx_B6_HAse/20230523_mouseb6_vtyppea_loc1_roi6_rep1_PRE.nc
1078,225.9167022705078,0.8247474187025539,Enzyme,20230523,pea,1.0,6,6,1,1.0,0.0,yes,../20230523_Glx_B6_HAse/20230523_mouseb6_vtyppea_loc1_roi6_rep1_PRE.nc
1079,290.1313781738281,0.8361616605144704,Enzyme,20230523,pea,1.0,6,7,1,1.0,0.0,yes,../20230523_Glx_B6_HAse/20230523_mouseb6_vtyppea_loc1_roi6_rep1_PRE.nc
1080,308.6948547363281,0.8762796477738988,Enzyme,20230523,pea,1.0,6,8,1,1.0,0.0,yes,../20230523_Glx_B6_HAse/20230523_mouseb6_vtyppea_loc1_roi6_rep1_PRE.nc
1081,267.1339416503906,1.0283645947288775,Enzyme,20230523,pea,1.0,6,9,1,1.0,0.0,yes,../20230523_Glx_B6_HAse/20230523_mouseb6_vtyppea_loc1_roi6_rep1_PRE.nc
1082,278.3296203613281,0.701544585479084,Enzyme,20230523,pea,1.0,6,10,1,1.0,0.0,yes,../20230523_Glx_B6_HAse/20230523_mouseb6_vtyppea_loc1_roi6_rep1_PRE.nc
1083,260.48406982421875,0.8953060663084713,Enzyme,20230523,pea,1.0,6,11,1,1.0,0.0,yes,../20230523_Glx_B6_HAse/20230523_mouseb6_vtyppea_loc1_roi6_rep1_PRE.nc
1084,241.6978454589844,0.8414519176094224,Enzyme,20230523,pea,1.0,6,12,1,1.0,0.0,yes,../20230523_Glx_B6_HAse/20230523_mouseb6_vtyppea_loc1_roi6_rep1_PRE.nc
1085,219.34539794921875,0.9826833020390104,Enzyme,20230523,pea,1.0,6,13,1,1.0,0.0,yes,../20230523_Glx_B6_HAse/20230523_mouseb6_vtyppea_loc1_roi6_rep1_PRE.nc
1086,251.41639709472656,0.8530614390807472,Enzyme,20230523,pea,1.0,6,14,1,1.0,0.0,yes,../20230523_Glx_B6_HAse/20230523_mouseb6_vtyppea_loc1_roi6_rep1_PRE.nc
1087,272.8280944824219,0.6952643166088919,Enzyme,20230523,pea,1.0,6,15,1,1.0,0.0,yes,../20230523_Glx_B6_HAse/20230523_mouseb6_vtyppea_loc1_roi6_rep1_PRE.nc
1088,450.3064270019531,0.76988720671892,Enzyme,20230523,pea,1.0,6,16,1,1.0,0.0,yes,../20230523_Glx_B6_HAse/20230523_mouseb6_vtyppea_loc1_roi6_rep1_PRE.nc
1089,311.189697265625,0.6546915371693576,Saline,20230524,pa,1.0,1,0,1,1.0,0.0,yes,../20230524_Glx_B6_HAse/20230524_mouseb6_vtyppa_loc1_roi1_rep1_PRE.nc
1090,271.61376953125,0.6888035344633678,Saline,20230524,pa,1.0,1,1,1,1.0,0.0,yes,../20230524_Glx_B6_HAse/20230524_mouseb6_vtyppa_loc1_roi1_rep1_PRE.nc
1091,273.872802734375,0.6221944954428,Saline,20230524,pa,1.0,1,2,1,1.0,0.0,yes,../20230524_Glx_B6_HAse/20230524_mouseb6_vtyppa_loc1_roi1_rep1_PRE.nc
1092,257.95281982421875,0.6752319598762355,Saline,20230524,pa,1.0,1,3,1,1.0,0.0,yes,../20230524_Glx_B6_HAse/20230524_mouseb6_vtyppa_loc1_roi1_rep1_PRE.nc
1093,238.7641448974609,0.6411239410087539,Saline,20230524,pa,1.0,1,4,1,1.0,0.0,yes,../20230524_Glx_B6_HAse/20230524_mouseb6_vtyppa_loc1_roi1_rep1_PRE.nc
1094,244.26339721679688,0.775315909520156,Saline,20230524,pa,1.0,1,5,1,1.0,0.0,yes,../20230524_Glx_B6_HAse/20230524_mouseb6_vtyppa_loc1_roi1_rep1_PRE.nc
1095,254.1674652099609,0.5817878279663287,Saline,20230524,pa,1.0,1,6,1,1.0,0.0,yes,../20230524_Glx_B6_HAse/20230524_mouseb6_vtyppa_loc1_roi1_rep1_PRE.nc
1096,243.5195159912109,0.6635407115131251,Saline,20230524,pa,1.0,1,7,1,1.0,0.0,yes,../20230524_Glx_B6_HAse/20230524_mouseb6_vtyppa_loc1_roi1_rep1_PRE.nc
1097,247.5299072265625,0.8624291460504665,Saline,20230524,pa,1.0,1,8,1,1.0,0.0,yes,../20230524_Glx_B6_HAse/20230524_mouseb6_vtyppa_loc1_roi1_rep1_PRE.nc
1098,256.6519775390625,0.7502616854045492,Saline,20230524,pa,1.0,1,9,1,1.0,0.0,yes,../20230524_Glx_B6_HAse/20230524_mouseb6_vtyppa_loc1_roi1_rep1_PRE.nc
1099,258.8214111328125,0.7310691994260168,Saline,20230524,pa,1.0,1,10,1,1.0,0.0,yes,../20230524_Glx_B6_HAse/20230524_mouseb6_vtyppa_loc1_roi1_rep1_PRE.nc
1100,265.1025390625,0.7180057386226615,Saline,20230524,pa,1.0,1,11,1,1.0,0.0,yes,../20230524_Glx_B6_HAse/20230524_mouseb6_vtyppa_loc1_roi1_rep1_PRE.nc
1101,275.1953430175781,0.658402430753382,Saline,20230524,pa,1.0,1,12,1,1.0,0.0,yes,../20230524_Glx_B6_HAse/20230524_mouseb6_vtyppa_loc1_roi1_rep1_PRE.nc
1102,296.14263916015625,0.6114185992569272,Saline,20230524,pa,1.0,1,13,1,1.0,0.0,yes,../20230524_Glx_B6_HAse/20230524_mouseb6_vtyppa_loc1_roi1_rep1_PRE.nc
1103,268.8417663574219,0.7521241894246238,Saline,20230524,pa,1.0,1,14,1,1.0,0.0,yes,../20230524_Glx_B6_HAse/20230524_mouseb6_vtyppa_loc1_roi1_rep1_PRE.nc
1104,287.4588317871094,0.7020636681968071,Saline,20230524,pa,1.0,1,15,1,1.0,0.0,yes,../20230524_Glx_B6_HAse/20230524_mouseb6_vtyppa_loc1_roi1_rep1_PRE.nc
1105,255.81011962890625,0.9268572114655652,Saline,20230524,pa,1.0,1,16,1,1.0,0.0,yes,../20230524_Glx_B6_HAse/20230524_mouseb6_vtyppa_loc1_roi1_rep1_PRE.nc
1106,365.3816223144531,1.015035151136377,Saline,20230524,pa,1.0,2,0,1,1.0,0.0,yes,../20230524_Glx_B6_HAse/20230524_mouseb6_vtyppa_loc1_roi2_rep1_PRE.nc
1107,292.30450439453125,0.9729996558269304,Saline,20230524,pa,1.0,2,1,1,1.0,0.0,yes,../20230524_Glx_B6_HAse/20230524_mouseb6_vtyppa_loc1_roi2_rep1_PRE.nc
1108,292.7577819824219,1.0446357000406543,Saline,20230524,pa,1.0,2,2,1,1.0,0.0,yes,../20230524_Glx_B6_HAse/20230524_mouseb6_vtyppa_loc1_roi2_rep1_PRE.nc
1109,296.4595642089844,0.9447022676686724,Saline,20230524,pa,1.0,2,3,1,1.0,0.0,yes,../20230524_Glx_B6_HAse/20230524_mouseb6_vtyppa_loc1_roi2_rep1_PRE.nc
1110,260.5067443847656,0.8201231121477832,Saline,20230524,pa,1.0,2,4,1,1.0,0.0,yes,../20230524_Glx_B6_HAse/20230524_mouseb6_vtyppa_loc1_roi2_rep1_PRE.nc
1111,283.0098876953125,0.8700165920467224,Saline,20230524,pa,1.0,2,5,1,1.0,0.0,yes,../20230524_Glx_B6_HAse/20230524_mouseb6_vtyppa_loc1_roi2_rep1_PRE.nc
1112,305.7560729980469,0.6725980591220466,Saline,20230524,pa,1.0,2,6,1,1.0,0.0,yes,../20230524_Glx_B6_HAse/20230524_mouseb6_vtyppa_loc1_roi2_rep1_PRE.nc
1113,280.736328125,0.8216988410711181,Saline,20230524,pa,1.0,2,7,1,1.0,0.0,yes,../20230524_Glx_B6_HAse/20230524_mouseb6_vtyppa_loc1_roi2_rep1_PRE.nc
1114,321.0359191894531,0.9039790749765668,Saline,20230524,pa,1.0,2,8,1,1.0,0.0,yes,../20230524_Glx_B6_HAse/20230524_mouseb6_vtyppa_loc1_roi2_rep1_PRE.nc
1115,323.0849304199219,0.640316557291019,Saline,20230524,pa,1.0,2,9,1,1.0,0.0,yes,../20230524_Glx_B6_HAse/20230524_mouseb6_vtyppa_loc1_roi2_rep1_PRE.nc
1116,311.278076171875,0.6144346372143126,Saline,20230524,pa,1.0,2,10,1,1.0,0.0,yes,../20230524_Glx_B6_HAse/20230524_mouseb6_vtyppa_loc1_roi2_rep1_PRE.nc
1117,340.2086181640625,0.6757377734119565,Saline,20230524,pa,1.0,2,11,1,1.0,0.0,yes,../20230524_Glx_B6_HAse/20230524_mouseb6_vtyppa_loc1_roi2_rep1_PRE.nc
1118,297.2068176269531,0.867268055962505,Saline,20230524,pa,1.0,2,12,1,1.0,0.0,yes,../20230524_Glx_B6_HAse/20230524_mouseb6_vtyppa_loc1_roi2_rep1_PRE.nc
1119,313.4161071777344,0.7734672028214131,Saline,20230524,pa,1.0,2,13,1,1.0,0.0,yes,../20230524_Glx_B6_HAse/20230524_mouseb6_vtyppa_loc1_roi2_rep1_PRE.nc
1120,327.0104064941406,0.6808266561449798,Saline,20230524,pa,1.0,2,14,1,1.0,0.0,yes,../20230524_Glx_B6_HAse/20230524_mouseb6_vtyppa_loc1_roi2_rep1_PRE.nc
1121,238.68898010253903,1.090566664927909,Saline,20230524,pa,1.0,3,0,1,1.0,0.0,yes,../20230524_Glx_B6_HAse/20230524_mouseb6_vtyppa_loc1_roi3_rep1_PRE.nc
1122,214.719970703125,0.9798350687171472,Saline,20230524,pa,1.0,3,1,1,1.0,0.0,yes,../20230524_Glx_B6_HAse/20230524_mouseb6_vtyppa_loc1_roi3_rep1_PRE.nc
1123,219.1082000732422,0.9946775181072524,Saline,20230524,pa,1.0,3,2,1,1.0,0.0,yes,../20230524_Glx_B6_HAse/20230524_mouseb6_vtyppa_loc1_roi3_rep1_PRE.nc
1124,248.63088989257807,0.9742500737574796,Saline,20230524,pa,1.0,3,3,1,1.0,0.0,yes,../20230524_Glx_B6_HAse/20230524_mouseb6_vtyppa_loc1_roi3_rep1_PRE.nc
1125,246.9013214111328,1.0837807910870172,Saline,20230524,pa,1.0,3,4,1,1.0,0.0,yes,../20230524_Glx_B6_HAse/20230524_mouseb6_vtyppa_loc1_roi3_rep1_PRE.nc
1126,253.27069091796875,1.0407402254281397,Saline,20230524,pa,1.0,3,5,1,1.0,0.0,yes,../20230524_Glx_B6_HAse/20230524_mouseb6_vtyppa_loc1_roi3_rep1_PRE.nc
1127,248.0616455078125,1.0424728700355583,Saline,20230524,pa,1.0,3,6,1,1.0,0.0,yes,../20230524_Glx_B6_HAse/20230524_mouseb6_vtyppa_loc1_roi3_rep1_PRE.nc
1128,291.7645263671875,0.7378311902190156,Saline,20230524,pa,1.0,3,7,1,1.0,0.0,yes,../20230524_Glx_B6_HAse/20230524_mouseb6_vtyppa_loc1_roi3_rep1_PRE.nc
1129,262.1952209472656,0.8337246089244132,Saline,20230524,pa,1.0,3,8,1,1.0,0.0,yes,../20230524_Glx_B6_HAse/20230524_mouseb6_vtyppa_loc1_roi3_rep1_PRE.nc
1130,255.6995391845703,0.6878272311437783,Saline,20230524,pa,1.0,3,9,1,1.0,0.0,yes,../20230524_Glx_B6_HAse/20230524_mouseb6_vtyppa_loc1_roi3_rep1_PRE.nc
1131,260.958984375,0.7711839166764349,Saline,20230524,pa,1.0,3,10,1,1.0,0.0,yes,../20230524_Glx_B6_HAse/20230524_mouseb6_vtyppa_loc1_roi3_rep1_PRE.nc
1132,250.5872344970703,0.8838785778049463,Saline,20230524,pa,1.0,3,11,1,1.0,0.0,yes,../20230524_Glx_B6_HAse/20230524_mouseb6_vtyppa_loc1_roi3_rep1_PRE.nc
1133,264.9695739746094,0.8628629887823127,Saline,20230524,pa,1.0,3,12,1,1.0,0.0,yes,../20230524_Glx_B6_HAse/20230524_mouseb6_vtyppa_loc1_roi3_rep1_PRE.nc
1134,261.6908874511719,0.8545934699527944,Saline,20230524,pa,1.0,3,13,1,1.0,0.0,yes,../20230524_Glx_B6_HAse/20230524_mouseb6_vtyppa_loc1_roi3_rep1_PRE.nc
1135,307.1398010253906,0.7061989527209782,Saline,20230524,pa,1.0,3,14,1,1.0,0.0,yes,../20230524_Glx_B6_HAse/20230524_mouseb6_vtyppa_loc1_roi3_rep1_PRE.nc
1136,296.0752868652344,0.6974225499830133,Saline,20230524,pa,1.0,4,0,1,1.0,0.0,yes,../20230524_Glx_B6_HAse/20230524_mouseb6_vtyppa_loc1_roi4_rep1_PRE.nc
1137,234.26878356933597,0.6615100483697525,Saline,20230524,pa,1.0,4,1,1,1.0,0.0,yes,../20230524_Glx_B6_HAse/20230524_mouseb6_vtyppa_loc1_roi4_rep1_PRE.nc
1138,239.65884399414065,0.7378438621242083,Saline,20230524,pa,1.0,4,2,1,1.0,0.0,yes,../20230524_Glx_B6_HAse/20230524_mouseb6_vtyppa_loc1_roi4_rep1_PRE.nc
1139,250.2671813964844,0.5938681018067271,Saline,20230524,pa,1.0,4,3,1,1.0,0.0,yes,../20230524_Glx_B6_HAse/20230524_mouseb6_vtyppa_loc1_roi4_rep1_PRE.nc
1140,267.5931701660156,0.8462378907985801,Saline,20230524,pa,1.0,4,4,1,1.0,0.0,yes,../20230524_Glx_B6_HAse/20230524_mouseb6_vtyppa_loc1_roi4_rep1_PRE.nc
1141,334.7552490234375,0.78816884731717,Saline,20230524,pa,1.0,4,5,1,1.0,0.0,yes,../20230524_Glx_B6_HAse/20230524_mouseb6_vtyppa_loc1_roi4_rep1_PRE.nc
1142,340.1252136230469,0.7849840038190408,Saline,20230524,pa,1.0,4,6,1,1.0,0.0,yes,../20230524_Glx_B6_HAse/20230524_mouseb6_vtyppa_loc1_roi4_rep1_PRE.nc
1143,347.117919921875,0.848129174312426,Saline,20230524,pa,1.0,4,7,1,1.0,0.0,yes,../20230524_Glx_B6_HAse/20230524_mouseb6_vtyppa_loc1_roi4_rep1_PRE.nc
1144,276.6015014648437,0.742333868848938,Saline,20230524,pa,1.0,4,8,1,1.0,0.0,yes,../20230524_Glx_B6_HAse/20230524_mouseb6_vtyppa_loc1_roi4_rep1_PRE.nc
1145,292.8423156738281,0.964827678340825,Saline,20230524,pa,1.0,4,9,1,1.0,0.0,yes,../20230524_Glx_B6_HAse/20230524_mouseb6_vtyppa_loc1_roi4_rep1_PRE.nc
1146,252.59005737304688,0.9407590310171124,Saline,20230524,pa,1.0,4,10,1,1.0,0.0,yes,../20230524_Glx_B6_HAse/20230524_mouseb6_vtyppa_loc1_roi4_rep1_PRE.nc
1147,245.3281707763672,0.8130264370367328,Saline,20230524,pa,1.0,4,11,1,1.0,0.0,yes,../20230524_Glx_B6_HAse/20230524_mouseb6_vtyppa_loc1_roi4_rep1_PRE.nc
1148,256.6709289550781,0.7584126539431217,Saline,20230524,pa,1.0,4,12,1,1.0,0.0,yes,../20230524_Glx_B6_HAse/20230524_mouseb6_vtyppa_loc1_roi4_rep1_PRE.nc
1149,264.19189453125,0.8086692918823069,Saline,20230524,pa,1.0,4,13,1,1.0,0.0,yes,../20230524_Glx_B6_HAse/20230524_mouseb6_vtyppa_loc1_roi4_rep1_PRE.nc
1150,295.1766357421875,0.8452161064519075,Saline,20230524,pa,1.0,4,14,1,1.0,0.0,yes,../20230524_Glx_B6_HAse/20230524_mouseb6_vtyppa_loc1_roi4_rep1_PRE.nc
1151,286.3423156738281,0.8019589979600781,Saline,20230524,pa,1.0,4,15,1,1.0,0.0,yes,../20230524_Glx_B6_HAse/20230524_mouseb6_vtyppa_loc1_roi4_rep1_PRE.nc
1152,230.1904296875,0.7961151523273067,Saline,20230524,pa,1.0,4,16,1,1.0,0.0,yes,../20230524_Glx_B6_HAse/20230524_mouseb6_vtyppa_loc1_roi4_rep1_PRE.nc
1153,238.94851684570312,1.1910552448363223,Saline,20230524,pa,1.0,6,0,1,1.0,0.0,yes,../20230524_Glx_B6_HAse/20230524_mouseb6_vtyppa_loc1_roi6_rep1_PRE.nc
1154,266.6350402832031,0.9613983114186836,Saline,20230524,pa,1.0,6,1,1,1.0,0.0,yes,../20230524_Glx_B6_HAse/20230524_mouseb6_vtyppa_loc1_roi6_rep1_PRE.nc
1155,282.57672119140625,0.9319579018974888,Saline,20230524,pa,1.0,6,2,1,1.0,0.0,yes,../20230524_Glx_B6_HAse/20230524_mouseb6_vtyppa_loc1_roi6_rep1_PRE.nc
1156,293.4956970214844,0.6769563296264973,Saline,20230524,pa,1.0,6,3,1,1.0,0.0,yes,../20230524_Glx_B6_HAse/20230524_mouseb6_vtyppa_loc1_roi6_rep1_PRE.nc
1157,274.0914306640625,0.7261487922801688,Saline,20230524,pa,1.0,6,4,1,1.0,0.0,yes,../20230524_Glx_B6_HAse/20230524_mouseb6_vtyppa_loc1_roi6_rep1_PRE.nc
1158,318.5496826171875,0.7826950945525599,Saline,20230524,pa,1.0,6,5,1,1.0,0.0,yes,../20230524_Glx_B6_HAse/20230524_mouseb6_vtyppa_loc1_roi6_rep1_PRE.nc
1159,290.880615234375,0.708254323952568,Saline,20230524,pa,1.0,6,6,1,1.0,0.0,yes,../20230524_Glx_B6_HAse/20230524_mouseb6_vtyppa_loc1_roi6_rep1_PRE.nc
1160,290.01727294921875,0.7485303014815532,Saline,20230524,pa,1.0,6,7,1,1.0,0.0,yes,../20230524_Glx_B6_HAse/20230524_mouseb6_vtyppa_loc1_roi6_rep1_PRE.nc
1161,278.55548095703125,0.7148422692395116,Saline,20230524,pa,1.0,6,8,1,1.0,0.0,yes,../20230524_Glx_B6_HAse/20230524_mouseb6_vtyppa_loc1_roi6_rep1_PRE.nc
1162,307.3706359863281,0.7001089999555479,Saline,20230524,pa,1.0,6,9,1,1.0,0.0,yes,../20230524_Glx_B6_HAse/20230524_mouseb6_vtyppa_loc1_roi6_rep1_PRE.nc
1163,355.8519287109375,0.7142394256111544,Saline,20230524,pa,1.0,6,10,1,1.0,0.0,yes,../20230524_Glx_B6_HAse/20230524_mouseb6_vtyppa_loc1_roi6_rep1_PRE.nc
1164,358.6251525878906,1.0261576843444598,Saline,20230524,pa,1.0,6,11,1,1.0,0.0,yes,../20230524_Glx_B6_HAse/20230524_mouseb6_vtyppa_loc1_roi6_rep1_PRE.nc
1165,385.2568664550781,0.9642935275646582,Saline,20230524,pa,1.0,6,12,1,1.0,0.0,yes,../20230524_Glx_B6_HAse/20230524_mouseb6_vtyppa_loc1_roi6_rep1_PRE.nc
1166,430.0086364746094,1.105178877853234,Saline,20230524,pa,1.0,6,13,1,1.0,0.0,yes,../20230524_Glx_B6_HAse/20230524_mouseb6_vtyppa_loc1_roi6_rep1_PRE.nc
1167,208.04910278320312,0.7009747098692074,Saline,20230524,pea,1.0,1,0,1,1.0,0.0,yes,../20230524_Glx_B6_HAse/20230524_mouseb6_vtyppea_loc1_roi1_rep1_PRE.nc
1168,242.125,0.7530697644069484,Saline,20230524,pea,1.0,1,1,1,1.0,0.0,yes,../20230524_Glx_B6_HAse/20230524_mouseb6_vtyppea_loc1_roi1_rep1_PRE.nc
1169,211.8363037109375,0.8030190461536826,Saline,20230524,pea,1.0,1,2,1,1.0,0.0,yes,../20230524_Glx_B6_HAse/20230524_mouseb6_vtyppea_loc1_roi1_rep1_PRE.nc
1170,191.16842651367188,0.7795081084100985,Saline,20230524,pea,1.0,1,3,1,1.0,0.0,yes,../20230524_Glx_B6_HAse/20230524_mouseb6_vtyppea_loc1_roi1_rep1_PRE.nc
1171,219.15611267089844,0.7718085716637866,Saline,20230524,pea,1.0,1,4,1,1.0,0.0,yes,../20230524_Glx_B6_HAse/20230524_mouseb6_vtyppea_loc1_roi1_rep1_PRE.nc
1172,224.10337829589844,0.6909687166759593,Saline,20230524,pea,1.0,1,5,1,1.0,0.0,yes,../20230524_Glx_B6_HAse/20230524_mouseb6_vtyppea_loc1_roi1_rep1_PRE.nc
1173,221.81907653808597,0.8405824395660737,Saline,20230524,pea,1.0,1,6,1,1.0,0.0,yes,../20230524_Glx_B6_HAse/20230524_mouseb6_vtyppea_loc1_roi1_rep1_PRE.nc
1174,253.25303649902344,0.656774173371053,Saline,20230524,pea,1.0,1,7,1,1.0,0.0,yes,../20230524_Glx_B6_HAse/20230524_mouseb6_vtyppea_loc1_roi1_rep1_PRE.nc
1175,261.3659362792969,0.6646264340915202,Saline,20230524,pea,1.0,1,8,1,1.0,0.0,yes,../20230524_Glx_B6_HAse/20230524_mouseb6_vtyppea_loc1_roi1_rep1_PRE.nc
1176,280.2417907714844,0.7111425520355183,Saline,20230524,pea,1.0,1,9,1,1.0,0.0,yes,../20230524_Glx_B6_HAse/20230524_mouseb6_vtyppea_loc1_roi1_rep1_PRE.nc
1177,277.8736877441406,0.6337624651479565,Saline,20230524,pea,1.0,1,10,1,1.0,0.0,yes,../20230524_Glx_B6_HAse/20230524_mouseb6_vtyppea_loc1_roi1_rep1_PRE.nc
1178,165.4687042236328,0.7527475438419309,Saline,20230524,pea,1.0,2,0,1,1.0,0.0,yes,../20230524_Glx_B6_HAse/20230524_mouseb6_vtyppea_loc1_roi2_rep1_PRE.nc
1179,180.85980224609372,0.7658335899426234,Saline,20230524,pea,1.0,2,1,1,1.0,0.0,yes,../20230524_Glx_B6_HAse/20230524_mouseb6_vtyppea_loc1_roi2_rep1_PRE.nc
1180,191.03646850585935,0.7680472748607485,Saline,20230524,pea,1.0,2,2,1,1.0,0.0,yes,../20230524_Glx_B6_HAse/20230524_mouseb6_vtyppea_loc1_roi2_rep1_PRE.nc
1181,188.2174224853516,0.6671399521940344,Saline,20230524,pea,1.0,2,3,1,1.0,0.0,yes,../20230524_Glx_B6_HAse/20230524_mouseb6_vtyppea_loc1_roi2_rep1_PRE.nc
1182,159.65921020507812,0.6570930662727932,Saline,20230524,pea,1.0,2,4,1,1.0,0.0,yes,../20230524_Glx_B6_HAse/20230524_mouseb6_vtyppea_loc1_roi2_rep1_PRE.nc
1183,180.16845703125,0.7430180429227669,Saline,20230524,pea,1.0,2,5,1,1.0,0.0,yes,../20230524_Glx_B6_HAse/20230524_mouseb6_vtyppea_loc1_roi2_rep1_PRE.nc
1184,205.7543487548828,0.6416244084134988,Saline,20230524,pea,1.0,2,6,1,1.0,0.0,yes,../20230524_Glx_B6_HAse/20230524_mouseb6_vtyppea_loc1_roi2_rep1_PRE.nc
1185,167.9423065185547,0.7197380463154275,Saline,20230524,pea,1.0,2,7,1,1.0,0.0,yes,../20230524_Glx_B6_HAse/20230524_mouseb6_vtyppea_loc1_roi2_rep1_PRE.nc
1186,352.9186706542969,1.0543649460783016,Saline,20230524,pea,1.0,3,0,1,1.0,0.0,yes,../20230524_Glx_B6_HAse/20230524_mouseb6_vtyppea_loc1_roi3_rep1_PRE.nc
1187,437.3105773925781,0.7349149782912967,Saline,20230524,pea,1.0,3,1,1,1.0,0.0,yes,../20230524_Glx_B6_HAse/20230524_mouseb6_vtyppea_loc1_roi3_rep1_PRE.nc
1188,310.2636413574219,0.900602256371803,Saline,20230524,pea,1.0,3,2,1,1.0,0.0,yes,../20230524_Glx_B6_HAse/20230524_mouseb6_vtyppea_loc1_roi3_rep1_PRE.nc
1189,364.445068359375,0.6702757289181935,Saline,20230524,pea,1.0,3,3,1,1.0,0.0,yes,../20230524_Glx_B6_HAse/20230524_mouseb6_vtyppea_loc1_roi3_rep1_PRE.nc
1190,313.3190612792969,0.7004055821756712,Saline,20230524,pea,1.0,3,4,1,1.0,0.0,yes,../20230524_Glx_B6_HAse/20230524_mouseb6_vtyppea_loc1_roi3_rep1_PRE.nc
1191,304.9787292480469,0.6117291351954375,Saline,20230524,pea,1.0,3,5,1,1.0,0.0,yes,../20230524_Glx_B6_HAse/20230524_mouseb6_vtyppea_loc1_roi3_rep1_PRE.nc
1192,314.61962890625,0.7162510477391155,Saline,20230524,pea,1.0,3,6,1,1.0,0.0,yes,../20230524_Glx_B6_HAse/20230524_mouseb6_vtyppea_loc1_roi3_rep1_PRE.nc
1193,339.0747375488281,0.7141834140095202,Saline,20230524,pea,1.0,3,7,1,1.0,0.0,yes,../20230524_Glx_B6_HAse/20230524_mouseb6_vtyppea_loc1_roi3_rep1_PRE.nc
1194,330.4604187011719,0.5877060794791618,Saline,20230524,pea,1.0,3,8,1,1.0,0.0,yes,../20230524_Glx_B6_HAse/20230524_mouseb6_vtyppea_loc1_roi3_rep1_PRE.nc
1195,344.3153686523437,0.6321022814209023,Saline,20230524,pea,1.0,3,9,1,1.0,0.0,yes,../20230524_Glx_B6_HAse/20230524_mouseb6_vtyppea_loc1_roi3_rep1_PRE.nc
1196,255.8352203369141,0.7599600842081067,Saline,20230524,pea,1.0,4,0,1,1.0,0.0,yes,../20230524_Glx_B6_HAse/20230524_mouseb6_vtyppea_loc1_roi4_rep1_PRE.nc
1197,256.6685485839844,0.7345730888008575,Saline,20230524,pea,1.0,4,1,1,1.0,0.0,yes,../20230524_Glx_B6_HAse/20230524_mouseb6_vtyppea_loc1_roi4_rep1_PRE.nc
1198,262.59210205078125,0.733295982870807,Saline,20230524,pea,1.0,4,2,1,1.0,0.0,yes,../20230524_Glx_B6_HAse/20230524_mouseb6_vtyppea_loc1_roi4_rep1_PRE.nc
1199,300.9258728027344,0.7376905632655628,Saline,20230524,pea,1.0,4,3,1,1.0,0.0,yes,../20230524_Glx_B6_HAse/20230524_mouseb6_vtyppea_loc1_roi4_rep1_PRE.nc
1200,342.3912658691406,0.6360024523907626,Saline,20230524,pea,1.0,4,4,1,1.0,0.0,yes,../20230524_Glx_B6_HAse/20230524_mouseb6_vtyppea_loc1_roi4_rep1_PRE.nc
1201,309.8879089355469,0.707171104773721,Saline,20230524,pea,1.0,4,5,1,1.0,0.0,yes,../20230524_Glx_B6_HAse/20230524_mouseb6_vtyppea_loc1_roi4_rep1_PRE.nc
1202,338.15936279296875,0.6791416112359059,Saline,20230524,pea,1.0,4,6,1,1.0,0.0,yes,../20230524_Glx_B6_HAse/20230524_mouseb6_vtyppea_loc1_roi4_rep1_PRE.nc
1203,321.276611328125,0.7246945041158455,Saline,20230524,pea,1.0,4,7,1,1.0,0.0,yes,../20230524_Glx_B6_HAse/20230524_mouseb6_vtyppea_loc1_roi4_rep1_PRE.nc
1204,313.5955810546875,0.6240515902959416,Saline,20230524,pea,1.0,4,8,1,1.0,0.0,yes,../20230524_Glx_B6_HAse/20230524_mouseb6_vtyppea_loc1_roi4_rep1_PRE.nc
1205,295.3387756347656,0.6082827765876964,Saline,20230524,pea,1.0,4,9,1,1.0,0.0,yes,../20230524_Glx_B6_HAse/20230524_mouseb6_vtyppea_loc1_roi4_rep1_PRE.nc
1206,318.8467712402344,0.7615005546732405,Saline,20230524,pea,1.0,4,10,1,1.0,0.0,yes,../20230524_Glx_B6_HAse/20230524_mouseb6_vtyppea_loc1_roi4_rep1_PRE.nc
1207,310.5688781738281,0.8259950798960318,Saline,20230524,pea,1.0,4,11,1,1.0,0.0,yes,../20230524_Glx_B6_HAse/20230524_mouseb6_vtyppea_loc1_roi4_rep1_PRE.nc
1208,290.76025390625,0.7994987550260504,Saline,20230524,pea,1.0,4,12,1,1.0,0.0,yes,../20230524_Glx_B6_HAse/20230524_mouseb6_vtyppea_loc1_roi4_rep1_PRE.nc
1209,290.63104248046875,0.7817181443236265,Saline,20230524,pea,1.0,4,13,1,1.0,0.0,yes,../20230524_Glx_B6_HAse/20230524_mouseb6_vtyppea_loc1_roi4_rep1_PRE.nc
1210,301.5208435058594,0.779635827294598,Saline,20230524,pea,1.0,4,14,1,1.0,0.0,yes,../20230524_Glx_B6_HAse/20230524_mouseb6_vtyppea_loc1_roi4_rep1_PRE.nc
1211,253.77764892578125,0.8523832875205386,Saline,20230524,pea,1.0,4,15,1,1.0,0.0,yes,../20230524_Glx_B6_HAse/20230524_mouseb6_vtyppea_loc1_roi4_rep1_PRE.nc
1212,265.8411560058594,0.7772238731175101,Saline,20230524,pea,1.0,4,16,1,1.0,0.0,yes,../20230524_Glx_B6_HAse/20230524_mouseb6_vtyppea_loc1_roi4_rep1_PRE.nc
1213,295.10382080078125,0.8139270030663255,Enzyme,20230526,pa,2.0,1,0,2,1.0,0.0,yes,../20230526_Glx_B6_HAse/20230526_mouseb6_vtyppa_loc2_roi1_rep2_noteactivealignment_PRE.nc
1214,296.9895935058594,0.6687075032795562,Enzyme,20230526,pa,2.0,1,1,2,1.0,0.0,yes,../20230526_Glx_B6_HAse/20230526_mouseb6_vtyppa_loc2_roi1_rep2_noteactivealignment_PRE.nc
1215,294.1576232910156,0.7425325008448027,Enzyme,20230526,pa,2.0,1,2,2,1.0,0.0,yes,../20230526_Glx_B6_HAse/20230526_mouseb6_vtyppa_loc2_roi1_rep2_noteactivealignment_PRE.nc
1216,302.9869384765625,0.7420155283155268,Enzyme,20230526,pa,2.0,1,3,2,1.0,0.0,yes,../20230526_Glx_B6_HAse/20230526_mouseb6_vtyppa_loc2_roi1_rep2_noteactivealignment_PRE.nc
1217,283.9302062988281,0.8250922764171449,Enzyme,20230526,pa,2.0,1,4,2,1.0,0.0,yes,../20230526_Glx_B6_HAse/20230526_mouseb6_vtyppa_loc2_roi1_rep2_noteactivealignment_PRE.nc
1218,319.1856994628906,0.797975561391322,Enzyme,20230526,pa,2.0,1,5,2,1.0,0.0,yes,../20230526_Glx_B6_HAse/20230526_mouseb6_vtyppa_loc2_roi1_rep2_noteactivealignment_PRE.nc
1219,325.28436279296875,0.7640591507968395,Enzyme,20230526,pa,2.0,1,6,2,1.0,0.0,yes,../20230526_Glx_B6_HAse/20230526_mouseb6_vtyppa_loc2_roi1_rep2_noteactivealignment_PRE.nc
1220,108.01290893554688,0.7924001229869475,Enzyme,20230526,pea,1.0,1,0,2,1.0,0.0,yes,../20230526_Glx_B6_HAse/20230526_mouseb6_vtyppea_loc1_roi1_rep2_noteactivealignment_PRE.nc
1221,182.3242950439453,0.6870257409056091,Enzyme,20230526,pea,2.0,1,0,2,1.0,0.0,yes,../20230526_Glx_B6_HAse/20230526_mouseb6_vtyppea_loc2_roi1_rep2_noteactivealignment_PRE.nc
1222,175.66152954101562,0.6223861848855403,Enzyme,20230526,pea,2.0,1,1,2,1.0,0.0,yes,../20230526_Glx_B6_HAse/20230526_mouseb6_vtyppea_loc2_roi1_rep2_noteactivealignment_PRE.nc
1223,148.81410217285156,0.6862039250864846,Enzyme,20230526,pea,2.0,1,2,2,1.0,0.0,yes,../20230526_Glx_B6_HAse/20230526_mouseb6_vtyppea_loc2_roi1_rep2_noteactivealignment_PRE.nc
1224,191.1305389404297,0.6255548046483774,Enzyme,20230526,pea,2.0,1,3,2,1.0,0.0,yes,../20230526_Glx_B6_HAse/20230526_mouseb6_vtyppea_loc2_roi1_rep2_noteactivealignment_PRE.nc
1225,165.0880584716797,0.7526417517249921,Enzyme,20230526,pea,2.0,1,4,2,1.0,0.0,yes,../20230526_Glx_B6_HAse/20230526_mouseb6_vtyppea_loc2_roi1_rep2_noteactivealignment_PRE.nc
1226,406.3234558105469,0.684145379354753,Enzyme,20230527,pa,1.0,1,0,1,1.0,0.0,yes,../20230527_Glx_B6_HAse/20230527_mouseb6_vtyppa_loc1_roi1_rep1_PRE.nc
1227,366.0620422363281,0.7843040058442323,Enzyme,20230527,pa,1.0,1,1,1,1.0,0.0,yes,../20230527_Glx_B6_HAse/20230527_mouseb6_vtyppa_loc1_roi1_rep1_PRE.nc
1228,359.7227478027344,0.7250769515993003,Enzyme,20230527,pa,1.0,1,2,1,1.0,0.0,yes,../20230527_Glx_B6_HAse/20230527_mouseb6_vtyppa_loc1_roi1_rep1_PRE.nc
1229,356.529541015625,0.772971978595729,Enzyme,20230527,pa,1.0,1,3,1,1.0,0.0,yes,../20230527_Glx_B6_HAse/20230527_mouseb6_vtyppa_loc1_roi1_rep1_PRE.nc
1230,377.7129211425781,0.6101023375431964,Enzyme,20230527,pa,1.0,1,4,1,1.0,0.0,yes,../20230527_Glx_B6_HAse/20230527_mouseb6_vtyppa_loc1_roi1_rep1_PRE.nc
1231,356.81207275390625,0.6477250901333367,Enzyme,20230527,pa,1.0,1,5,1,1.0,0.0,yes,../20230527_Glx_B6_HAse/20230527_mouseb6_vtyppa_loc1_roi1_rep1_PRE.nc
1232,342.80389404296875,0.6980081604710691,Enzyme,20230527,pa,1.0,1,6,1,1.0,0.0,yes,../20230527_Glx_B6_HAse/20230527_mouseb6_vtyppa_loc1_roi1_rep1_PRE.nc
1233,316.3561096191406,0.7303935684769218,Enzyme,20230527,pa,1.0,1,7,1,1.0,0.0,yes,../20230527_Glx_B6_HAse/20230527_mouseb6_vtyppa_loc1_roi1_rep1_PRE.nc
1234,300.3984375,0.6790018412462917,Enzyme,20230527,pa,1.0,1,8,1,1.0,0.0,yes,../20230527_Glx_B6_HAse/20230527_mouseb6_vtyppa_loc1_roi1_rep1_PRE.nc
1235,285.8094787597656,0.929182322720436,Enzyme,20230527,pa,1.0,3,0,1,1.0,0.0,yes,../20230527_Glx_B6_HAse/20230527_mouseb6_vtyppa_loc1_roi3_rep1_PRE.nc
1236,351.6259460449219,0.854399522299726,Enzyme,20230527,pa,1.0,3,1,1,1.0,0.0,yes,../20230527_Glx_B6_HAse/20230527_mouseb6_vtyppa_loc1_roi3_rep1_PRE.nc
1237,313.9509582519531,0.979147055949106,Enzyme,20230527,pa,1.0,3,2,1,1.0,0.0,yes,../20230527_Glx_B6_HAse/20230527_mouseb6_vtyppa_loc1_roi3_rep1_PRE.nc
1238,310.7841796875,0.9894741775556072,Enzyme,20230527,pa,1.0,3,3,1,1.0,0.0,yes,../20230527_Glx_B6_HAse/20230527_mouseb6_vtyppa_loc1_roi3_rep1_PRE.nc
1239,350.4437561035156,0.6148794723937065,Enzyme,20230527,pa,1.0,3,4,1,1.0,0.0,yes,../20230527_Glx_B6_HAse/20230527_mouseb6_vtyppa_loc1_roi3_rep1_PRE.nc
1240,287.2851257324219,0.8019229276536848,Enzyme,20230527,pa,1.0,3,5,1,1.0,0.0,yes,../20230527_Glx_B6_HAse/20230527_mouseb6_vtyppa_loc1_roi3_rep1_PRE.nc
1241,397.5585632324219,0.7422187615118041,Enzyme,20230527,pa,1.0,3,6,1,1.0,0.0,yes,../20230527_Glx_B6_HAse/20230527_mouseb6_vtyppa_loc1_roi3_rep1_PRE.nc
1242,293.21630859375,0.9529304661174648,Enzyme,20230527,pa,1.0,3,7,1,1.0,0.0,yes,../20230527_Glx_B6_HAse/20230527_mouseb6_vtyppa_loc1_roi3_rep1_PRE.nc
1243,276.9310302734375,0.7787279815368144,Enzyme,20230527,pa,1.0,3,8,1,1.0,0.0,yes,../20230527_Glx_B6_HAse/20230527_mouseb6_vtyppa_loc1_roi3_rep1_PRE.nc
1244,269.9332275390625,0.9369406017949088,Enzyme,20230527,pa,1.0,3,9,1,1.0,0.0,yes,../20230527_Glx_B6_HAse/20230527_mouseb6_vtyppa_loc1_roi3_rep1_PRE.nc
1245,259.0213623046875,0.9590268131227404,Enzyme,20230527,pa,1.0,3,10,1,1.0,0.0,yes,../20230527_Glx_B6_HAse/20230527_mouseb6_vtyppa_loc1_roi3_rep1_PRE.nc
1246,296.4127197265625,0.5869545953265138,Enzyme,20230527,pa,1.0,3,11,1,1.0,0.0,yes,../20230527_Glx_B6_HAse/20230527_mouseb6_vtyppa_loc1_roi3_rep1_PRE.nc
1247,316.3992004394531,0.7337662915307064,Enzyme,20230527,pa,1.0,3,12,1,1.0,0.0,yes,../20230527_Glx_B6_HAse/20230527_mouseb6_vtyppa_loc1_roi3_rep1_PRE.nc
1248,367.7070007324219,0.6537105216984465,Enzyme,20230527,pa,1.0,3,13,1,1.0,0.0,yes,../20230527_Glx_B6_HAse/20230527_mouseb6_vtyppa_loc1_roi3_rep1_PRE.nc
1249,443.1226501464844,0.8714596661198861,Enzyme,20230527,pa,1.0,3,14,1,1.0,0.0,yes,../20230527_Glx_B6_HAse/20230527_mouseb6_vtyppa_loc1_roi3_rep1_PRE.nc
1250,458.6919860839844,0.8037043517375793,Enzyme,20230527,pa,1.0,3,15,1,1.0,0.0,yes,../20230527_Glx_B6_HAse/20230527_mouseb6_vtyppa_loc1_roi3_rep1_PRE.nc
1251,595.9551391601562,0.6967302676240266,Enzyme,20230527,pa,1.0,3,16,1,1.0,0.0,yes,../20230527_Glx_B6_HAse/20230527_mouseb6_vtyppa_loc1_roi3_rep1_PRE.nc
1252,408.3924560546875,0.5950629162335517,Enzyme,20230527,pa,1.0,4,0,1,1.0,0.0,yes,../20230527_Glx_B6_HAse/20230527_mouseb6_vtyppa_loc1_roi4_rep1_PRE.nc
1253,407.2949523925781,0.5864682829777212,Enzyme,20230527,pa,1.0,4,1,1,1.0,0.0,yes,../20230527_Glx_B6_HAse/20230527_mouseb6_vtyppa_loc1_roi4_rep1_PRE.nc
1254,404.7398681640625,0.6803047693870976,Enzyme,20230527,pa,1.0,4,2,1,1.0,0.0,yes,../20230527_Glx_B6_HAse/20230527_mouseb6_vtyppa_loc1_roi4_rep1_PRE.nc
1255,461.25335693359375,0.7422926553954721,Enzyme,20230527,pa,1.0,4,3,1,1.0,0.0,yes,../20230527_Glx_B6_HAse/20230527_mouseb6_vtyppa_loc1_roi4_rep1_PRE.nc
1256,409.4079284667969,0.827998714189869,Enzyme,20230527,pa,1.0,4,4,1,1.0,0.0,yes,../20230527_Glx_B6_HAse/20230527_mouseb6_vtyppa_loc1_roi4_rep1_PRE.nc
1257,473.3819580078125,0.7966868380399355,Enzyme,20230527,pa,1.0,4,5,1,1.0,0.0,yes,../20230527_Glx_B6_HAse/20230527_mouseb6_vtyppa_loc1_roi4_rep1_PRE.nc
1258,465.88134765625,0.7557500181861698,Enzyme,20230527,pa,1.0,4,6,1,1.0,0.0,yes,../20230527_Glx_B6_HAse/20230527_mouseb6_vtyppa_loc1_roi4_rep1_PRE.nc
1259,509.43951416015625,0.8842754751503001,Enzyme,20230527,pa,1.0,4,7,1,1.0,0.0,yes,../20230527_Glx_B6_HAse/20230527_mouseb6_vtyppa_loc1_roi4_rep1_PRE.nc
1260,431.8760070800781,0.663642030021169,Enzyme,20230527,pa,1.0,4,8,1,1.0,0.0,yes,../20230527_Glx_B6_HAse/20230527_mouseb6_vtyppa_loc1_roi4_rep1_PRE.nc
1261,347.3617248535156,0.7626164972934717,Enzyme,20230527,pa,1.0,4,9,1,1.0,0.0,yes,../20230527_Glx_B6_HAse/20230527_mouseb6_vtyppa_loc1_roi4_rep1_PRE.nc
1262,368.2630615234375,0.8101577248198062,Enzyme,20230527,pa,1.0,4,10,1,1.0,0.0,yes,../20230527_Glx_B6_HAse/20230527_mouseb6_vtyppa_loc1_roi4_rep1_PRE.nc
1263,205.32418823242188,1.0352107448650203,Enzyme,20230527,pea,1.0,1,0,1,1.0,0.0,yes,../20230527_Glx_B6_HAse/20230527_mouseb6_vtyppea_loc1_roi1_rep1_PRE.nc
1264,183.77134704589844,0.791213305778637,Enzyme,20230527,pea,1.0,1,1,1,1.0,0.0,yes,../20230527_Glx_B6_HAse/20230527_mouseb6_vtyppea_loc1_roi1_rep1_PRE.nc
1265,187.06321716308597,0.7764080410779997,Enzyme,20230527,pea,1.0,1,2,1,1.0,0.0,yes,../20230527_Glx_B6_HAse/20230527_mouseb6_vtyppea_loc1_roi1_rep1_PRE.nc
1266,148.42291259765625,0.7723108656503985,Enzyme,20230527,pea,1.0,1,3,1,1.0,0.0,yes,../20230527_Glx_B6_HAse/20230527_mouseb6_vtyppea_loc1_roi1_rep1_PRE.nc
1267,140.8459014892578,0.6959419535816878,Enzyme,20230527,pea,1.0,1,4,1,1.0,0.0,yes,../20230527_Glx_B6_HAse/20230527_mouseb6_vtyppea_loc1_roi1_rep1_PRE.nc
1268,188.77444458007807,0.6519654739426777,Enzyme,20230527,pea,1.0,1,5,1,1.0,0.0,yes,../20230527_Glx_B6_HAse/20230527_mouseb6_vtyppea_loc1_roi1_rep1_PRE.nc
1269,165.46409606933594,0.7401657034113889,Enzyme,20230527,pea,1.0,1,6,1,1.0,0.0,yes,../20230527_Glx_B6_HAse/20230527_mouseb6_vtyppea_loc1_roi1_rep1_PRE.nc
1270,183.7227478027344,0.808958683250637,Enzyme,20230527,pea,1.0,1,7,1,1.0,0.0,yes,../20230527_Glx_B6_HAse/20230527_mouseb6_vtyppea_loc1_roi1_rep1_PRE.nc
1271,214.38829040527344,0.80744986751181,Enzyme,20230527,pea,1.0,1,8,1,1.0,0.0,yes,../20230527_Glx_B6_HAse/20230527_mouseb6_vtyppea_loc1_roi1_rep1_PRE.nc
1272,169.35572814941406,1.0960716657872125,Enzyme,20230527,pea,1.0,1,9,1,1.0,0.0,yes,../20230527_Glx_B6_HAse/20230527_mouseb6_vtyppea_loc1_roi1_rep1_PRE.nc
1273,187.2621612548828,0.9208140574014508,Enzyme,20230527,pea,1.0,1,10,1,1.0,0.0,yes,../20230527_Glx_B6_HAse/20230527_mouseb6_vtyppea_loc1_roi1_rep1_PRE.nc
1274,193.974609375,1.0061484886089165,Enzyme,20230527,pea,1.0,1,11,1,1.0,0.0,yes,../20230527_Glx_B6_HAse/20230527_mouseb6_vtyppea_loc1_roi1_rep1_PRE.nc
1275,129.7816162109375,0.8857806893760092,Enzyme,20230527,pea,1.0,1,12,1,1.0,0.0,yes,../20230527_Glx_B6_HAse/20230527_mouseb6_vtyppea_loc1_roi1_rep1_PRE.nc
1276,181.35528564453125,0.6862277697075232,Enzyme,20230527,pea,1.0,1,13,1,1.0,0.0,yes,../20230527_Glx_B6_HAse/20230527_mouseb6_vtyppea_loc1_roi1_rep1_PRE.nc
1277,182.4994964599609,0.8301206523305318,Enzyme,20230527,pea,1.0,1,14,1,1.0,0.0,yes,../20230527_Glx_B6_HAse/20230527_mouseb6_vtyppea_loc1_roi1_rep1_PRE.nc
1278,153.92434692382812,0.901111195500425,Enzyme,20230527,pea,1.0,1,15,1,1.0,0.0,yes,../20230527_Glx_B6_HAse/20230527_mouseb6_vtyppea_loc1_roi1_rep1_PRE.nc
1279,185.77084350585935,1.0938515658663943,Enzyme,20230527,pea,1.0,1,16,1,1.0,0.0,yes,../20230527_Glx_B6_HAse/20230527_mouseb6_vtyppea_loc1_roi1_rep1_PRE.nc
1280,153.39755249023438,0.698111625477976,Enzyme,20230527,pea,1.0,2,0,1,1.0,0.0,yes,../20230527_Glx_B6_HAse/20230527_mouseb6_vtyppea_loc1_roi2_rep1_PRE.nc
1281,141.06622314453125,0.7227895945635581,Enzyme,20230527,pea,1.0,2,1,1,1.0,0.0,yes,../20230527_Glx_B6_HAse/20230527_mouseb6_vtyppea_loc1_roi2_rep1_PRE.nc
1282,157.3140869140625,0.7935473081148015,Enzyme,20230527,pea,1.0,2,2,1,1.0,0.0,yes,../20230527_Glx_B6_HAse/20230527_mouseb6_vtyppea_loc1_roi2_rep1_PRE.nc
1283,165.2602996826172,0.7091664383240612,Enzyme,20230527,pea,1.0,2,3,1,1.0,0.0,yes,../20230527_Glx_B6_HAse/20230527_mouseb6_vtyppea_loc1_roi2_rep1_PRE.nc
1284,134.12374877929688,0.8103741751592359,Enzyme,20230527,pea,1.0,2,4,1,1.0,0.0,yes,../20230527_Glx_B6_HAse/20230527_mouseb6_vtyppea_loc1_roi2_rep1_PRE.nc
1285,139.750244140625,0.910072681550048,Enzyme,20230527,pea,1.0,2,5,1,1.0,0.0,yes,../20230527_Glx_B6_HAse/20230527_mouseb6_vtyppea_loc1_roi2_rep1_PRE.nc
1286,132.00860595703125,0.6952517188568947,Enzyme,20230527,pea,1.0,2,6,1,1.0,0.0,yes,../20230527_Glx_B6_HAse/20230527_mouseb6_vtyppea_loc1_roi2_rep1_PRE.nc
1287,155.13258361816406,0.6150611154246253,Enzyme,20230527,pea,1.0,2,7,1,1.0,0.0,yes,../20230527_Glx_B6_HAse/20230527_mouseb6_vtyppea_loc1_roi2_rep1_PRE.nc
1288,169.91445922851562,0.6867725958510498,Enzyme,20230527,pea,1.0,2,8,1,1.0,0.0,yes,../20230527_Glx_B6_HAse/20230527_mouseb6_vtyppea_loc1_roi2_rep1_PRE.nc
1289,167.43617248535156,0.696944603696954,Enzyme,20230527,pea,1.0,2,9,1,1.0,0.0,yes,../20230527_Glx_B6_HAse/20230527_mouseb6_vtyppea_loc1_roi2_rep1_PRE.nc
1290,177.49354553222656,0.6846174612555824,Enzyme,20230527,pea,1.0,2,10,1,1.0,0.0,yes,../20230527_Glx_B6_HAse/20230527_mouseb6_vtyppea_loc1_roi2_rep1_PRE.nc
1291,169.51055908203125,0.6223741756371126,Enzyme,20230527,pea,1.0,2,11,1,1.0,0.0,yes,../20230527_Glx_B6_HAse/20230527_mouseb6_vtyppea_loc1_roi2_rep1_PRE.nc
1292,166.38641357421875,0.7832761207193641,Enzyme,20230527,pea,1.0,2,12,1,1.0,0.0,yes,../20230527_Glx_B6_HAse/20230527_mouseb6_vtyppea_loc1_roi2_rep1_PRE.nc
1293,167.4384002685547,0.6497608590548385,Enzyme,20230527,pea,1.0,2,13,1,1.0,0.0,yes,../20230527_Glx_B6_HAse/20230527_mouseb6_vtyppea_loc1_roi2_rep1_PRE.nc
1294,162.6685028076172,0.7548654710122662,Enzyme,20230527,pea,1.0,2,14,1,1.0,0.0,yes,../20230527_Glx_B6_HAse/20230527_mouseb6_vtyppea_loc1_roi2_rep1_PRE.nc
1295,211.47210693359372,0.8378738523010725,Enzyme,20230527,pea,1.0,2,15,1,1.0,0.0,yes,../20230527_Glx_B6_HAse/20230527_mouseb6_vtyppea_loc1_roi2_rep1_PRE.nc
1296,209.1403045654297,0.6999453292666473,Enzyme,20230527,pea,1.0,2,16,1,1.0,0.0,yes,../20230527_Glx_B6_HAse/20230527_mouseb6_vtyppea_loc1_roi2_rep1_PRE.nc
1297,135.48098754882812,1.0134276294098008,Enzyme,20230527,pea,1.0,3,0,1,1.0,0.0,yes,../20230527_Glx_B6_HAse/20230527_mouseb6_vtyppea_loc1_roi3_rep1_PRE.nc
1298,121.08917999267578,0.993885594777467,Enzyme,20230527,pea,1.0,3,1,1,1.0,0.0,yes,../20230527_Glx_B6_HAse/20230527_mouseb6_vtyppea_loc1_roi3_rep1_PRE.nc
1299,122.84782409667967,0.9163136725027918,Enzyme,20230527,pea,1.0,3,2,1,1.0,0.0,yes,../20230527_Glx_B6_HAse/20230527_mouseb6_vtyppea_loc1_roi3_rep1_PRE.nc
1300,135.52142333984375,0.991268545858933,Enzyme,20230527,pea,1.0,3,3,1,1.0,0.0,yes,../20230527_Glx_B6_HAse/20230527_mouseb6_vtyppea_loc1_roi3_rep1_PRE.nc
1301,149.91036987304688,1.1238194332575944,Enzyme,20230527,pea,1.0,3,4,1,1.0,0.0,yes,../20230527_Glx_B6_HAse/20230527_mouseb6_vtyppea_loc1_roi3_rep1_PRE.nc
1302,151.75289916992188,0.990075976504862,Enzyme,20230527,pea,1.0,3,5,1,1.0,0.0,yes,../20230527_Glx_B6_HAse/20230527_mouseb6_vtyppea_loc1_roi3_rep1_PRE.nc
1303,137.43016052246094,0.9290971059160498,Enzyme,20230527,pea,1.0,3,6,1,1.0,0.0,yes,../20230527_Glx_B6_HAse/20230527_mouseb6_vtyppea_loc1_roi3_rep1_PRE.nc
1304,103.73085021972656,0.9136718245496382,Enzyme,20230527,pea,1.0,3,7,1,1.0,0.0,yes,../20230527_Glx_B6_HAse/20230527_mouseb6_vtyppea_loc1_roi3_rep1_PRE.nc
1305,135.61505126953125,0.8269038061022798,Enzyme,20230527,pea,1.0,3,8,1,1.0,0.0,yes,../20230527_Glx_B6_HAse/20230527_mouseb6_vtyppea_loc1_roi3_rep1_PRE.nc
1306,147.06971740722656,0.6837799070460271,Enzyme,20230527,pea,1.0,3,9,1,1.0,0.0,yes,../20230527_Glx_B6_HAse/20230527_mouseb6_vtyppea_loc1_roi3_rep1_PRE.nc
1307,157.46554565429688,0.8858197668722632,Enzyme,20230527,pea,1.0,3,10,1,1.0,0.0,yes,../20230527_Glx_B6_HAse/20230527_mouseb6_vtyppea_loc1_roi3_rep1_PRE.nc
1308,145.74403381347656,0.9860534735769556,Enzyme,20230527,pea,1.0,3,11,1,1.0,0.0,yes,../20230527_Glx_B6_HAse/20230527_mouseb6_vtyppea_loc1_roi3_rep1_PRE.nc
1309,138.40457153320312,0.8351585379099014,Enzyme,20230527,pea,1.0,4,0,1,1.0,0.0,yes,../20230527_Glx_B6_HAse/20230527_mouseb6_vtyppea_loc1_roi4_rep1_PRE.nc
1310,141.68296813964844,0.8490657483356259,Enzyme,20230527,pea,1.0,4,1,1,1.0,0.0,yes,../20230527_Glx_B6_HAse/20230527_mouseb6_vtyppea_loc1_roi4_rep1_PRE.nc
1311,129.71090698242188,1.042186767801205,Enzyme,20230527,pea,1.0,4,2,1,1.0,0.0,yes,../20230527_Glx_B6_HAse/20230527_mouseb6_vtyppea_loc1_roi4_rep1_PRE.nc
1312,160.88758850097656,0.7257574431167804,Enzyme,20230527,pea,1.0,4,3,1,1.0,0.0,yes,../20230527_Glx_B6_HAse/20230527_mouseb6_vtyppea_loc1_roi4_rep1_PRE.nc
1313,143.89588928222656,0.7641599890719775,Enzyme,20230527,pea,1.0,4,4,1,1.0,0.0,yes,../20230527_Glx_B6_HAse/20230527_mouseb6_vtyppea_loc1_roi4_rep1_PRE.nc
1314,144.88543701171875,1.0217410852301363,Enzyme,20230527,pea,1.0,4,5,1,1.0,0.0,yes,../20230527_Glx_B6_HAse/20230527_mouseb6_vtyppea_loc1_roi4_rep1_PRE.nc
1315,148.6728973388672,0.8658321299777221,Enzyme,20230527,pea,1.0,4,6,1,1.0,0.0,yes,../20230527_Glx_B6_HAse/20230527_mouseb6_vtyppea_loc1_roi4_rep1_PRE.nc
1316,128.60781860351562,1.037250076513388,Enzyme,20230527,pea,1.0,4,7,1,1.0,0.0,yes,../20230527_Glx_B6_HAse/20230527_mouseb6_vtyppea_loc1_roi4_rep1_PRE.nc
1317,127.78423309326172,0.7885583117540484,Enzyme,20230527,pea,1.0,4,8,1,1.0,0.0,yes,../20230527_Glx_B6_HAse/20230527_mouseb6_vtyppea_loc1_roi4_rep1_PRE.nc
1318,118.87043762207033,0.968282762813054,Enzyme,20230527,pea,1.0,4,9,1,1.0,0.0,yes,../20230527_Glx_B6_HAse/20230527_mouseb6_vtyppea_loc1_roi4_rep1_PRE.nc
1319,128.21762084960938,1.1288572116214652,Enzyme,20230527,pea,1.0,4,10,1,1.0,0.0,yes,../20230527_Glx_B6_HAse/20230527_mouseb6_vtyppea_loc1_roi4_rep1_PRE.nc
1320,131.3612060546875,0.8681110740074622,Enzyme,20230527,pea,1.0,4,11,1,1.0,0.0,yes,../20230527_Glx_B6_HAse/20230527_mouseb6_vtyppea_loc1_roi4_rep1_PRE.nc
1321,167.80300903320312,0.7509729277081512,Enzyme,20230527,pea,1.0,4,12,1,1.0,0.0,yes,../20230527_Glx_B6_HAse/20230527_mouseb6_vtyppea_loc1_roi4_rep1_PRE.nc
1322,143.60462951660156,0.8294601313788803,Enzyme,20230527,pea,1.0,4,13,1,1.0,0.0,yes,../20230527_Glx_B6_HAse/20230527_mouseb6_vtyppea_loc1_roi4_rep1_PRE.nc
1323,148.02813720703125,1.0170291426920637,Enzyme,20230527,pea,1.0,4,14,1,1.0,0.0,yes,../20230527_Glx_B6_HAse/20230527_mouseb6_vtyppea_loc1_roi4_rep1_PRE.nc
1324,136.89573669433594,0.9026299917902776,Enzyme,20230527,pea,1.0,4,15,1,1.0,0.0,yes,../20230527_Glx_B6_HAse/20230527_mouseb6_vtyppea_loc1_roi4_rep1_PRE.nc
1325,105.243896484375,0.9054727728387276,Enzyme,20230527,pea,1.0,4,16,1,1.0,0.0,yes,../20230527_Glx_B6_HAse/20230527_mouseb6_vtyppea_loc1_roi4_rep1_PRE.nc
1326,49.63433456420898,0.5090392493420399,Enzyme,20230504,c,1.0,1,0,1,2.0,,yes,../20230504_mouseb6_vtypc_loc1_roi1_rep1_PRE.nc
1327,55.139427185058594,0.5337204017197585,Enzyme,20230504,c,4.0,1,0,1,1.5,82.1,yes,../20230504_mouseb6_vtypc_loc4_roi1_rep1_notedepth81.2_PRE.nc
1328,52.60593795776367,0.6015862932485874,Enzyme,20230504,c,4.0,1,1,1,1.5,82.1,yes,../20230504_mouseb6_vtypc_loc4_roi1_rep1_notedepth81.2_PRE.nc
1329,47.01692581176758,0.6040212587175979,Enzyme,20230504,c,4.0,1,2,1,1.6000000000000014,82.1,yes,../20230504_mouseb6_vtypc_loc4_roi1_rep1_notedepth81.2_PRE.nc
1330,48.76842498779297,0.4852098402327911,Enzyme,20230504,c,4.0,1,3,1,1.4000000000000004,82.1,yes,../20230504_mouseb6_vtypc_loc4_roi1_rep1_notedepth81.2_PRE.nc
1331,71.29525756835938,0.5672404366455357,Enzyme,20230504,c,5.0,1,0,1,3.0,17.6,no,../20230504_mouseb6_vtypc_loc5_roi1_rep1_notedepth17.6_PRE.nc
1332,64.89103698730469,0.5404339582150435,Enzyme,20230504,c,5.0,1,1,1,3.0,17.6,no,../20230504_mouseb6_vtypc_loc5_roi1_rep1_notedepth17.6_PRE.nc
1333,73.583984375,0.4898076598089549,Enzyme,20230504,c,5.0,1,2,1,4.0,17.6,no,../20230504_mouseb6_vtypc_loc5_roi1_rep1_notedepth17.6_PRE.nc
1334,61.15666961669922,0.5212227711968218,Enzyme,20230504,c,5.0,1,3,1,3.0,17.6,no,../20230504_mouseb6_vtypc_loc5_roi1_rep1_notedepth17.6_PRE.nc
1335,67.98699188232422,0.4974848227088948,Enzyme,20230504,c,5.0,1,4,1,3.0,17.6,no,../20230504_mouseb6_vtypc_loc5_roi1_rep1_notedepth17.6_PRE.nc
1336,75.05278778076172,0.4779944898015422,Enzyme,20230504,c,5.0,1,5,1,4.0,17.6,no,../20230504_mouseb6_vtypc_loc5_roi1_rep1_notedepth17.6_PRE.nc
1337,52.95089340209961,0.4130197946575222,Enzyme,20230504,c,6.0,1,0,1,1.3000000000000007,79.6,yes,../20230504_mouseb6_vtypc_loc6_roi1_rep1_notedepth79.6_PRE.nc
1338,61.8857307434082,0.704337638310939,Enzyme,20230504,pv,1.0,1,0,1,1.2999999999999998,0.0,yes,../20230504_mouseb6_vtyppv_loc1_roi1_rep1_PRE.nc
1339,57.11111068725586,0.7700519295685027,Enzyme,20230504,pv,1.0,1,1,1,1.4000000000000004,0.0,yes,../20230504_mouseb6_vtyppv_loc1_roi1_rep1_PRE.nc
1340,73.75935363769531,0.764248786799449,Enzyme,20230504,pv,1.0,1,2,1,1.7999999999999998,0.0,yes,../20230504_mouseb6_vtyppv_loc1_roi1_rep1_PRE.nc
1341,56.25670623779297,0.7828147945068089,Enzyme,20230504,pv,1.0,1,3,1,2.0,0.0,yes,../20230504_mouseb6_vtyppv_loc1_roi1_rep1_PRE.nc
1342,70.01359558105469,0.5887363162883048,Enzyme,20230504,pv,1.0,1,4,1,2.0,0.0,yes,../20230504_mouseb6_vtyppv_loc1_roi1_rep1_PRE.nc
1343,110.88037109375,0.6336537613818898,Enzyme,20230504,pv,1.0,1,5,1,2.0,0.0,yes,../20230504_mouseb6_vtyppv_loc1_roi1_rep1_PRE.nc
1344,69.32818603515625,0.5139287098462049,Enzyme,20230504,pv,1.0,1,6,1,1.0,0.0,yes,../20230504_mouseb6_vtyppv_loc1_roi1_rep1_PRE.nc
1345,99.75708770751952,0.5682908680330563,Enzyme,20230504,pv,1.0,1,7,1,1.0,0.0,yes,../20230504_mouseb6_vtyppv_loc1_roi1_rep1_PRE.nc
1346,76.2889175415039,0.7221530595576624,Enzyme,20230504,pv,1.0,2,0,1,2.0,0.0,yes,../20230504_mouseb6_vtyppv_loc1_roi2_rep1_PRE.nc
1347,77.95201873779297,0.7067960073382125,Enzyme,20230504,pv,1.0,2,1,1,2.0,0.0,yes,../20230504_mouseb6_vtyppv_loc1_roi2_rep1_PRE.nc
1348,60.98845291137695,0.7343898058066287,Enzyme,20230504,pv,1.0,2,2,1,1.7000000000000002,0.0,yes,../20230504_mouseb6_vtyppv_loc1_roi2_rep1_PRE.nc
1349,67.37141418457031,0.6917747026298251,Enzyme,20230504,pv,1.0,2,3,1,2.5,0.0,yes,../20230504_mouseb6_vtyppv_loc1_roi2_rep1_PRE.nc
1350,56.61995315551758,0.7506105273729915,Enzyme,20230504,pv,1.0,2,4,1,1.0,0.0,yes,../20230504_mouseb6_vtyppv_loc1_roi2_rep1_PRE.nc
1351,77.37345886230469,0.6280144824446108,Enzyme,20230504,pv,1.0,3,0,1,1.0,0.0,yes,../20230504_mouseb6_vtyppv_loc1_roi3_rep1_PRE.nc
1352,72.58428955078125,0.6029684489077738,Enzyme,20230504,pv,1.0,3,1,1,1.5,0.0,yes,../20230504_mouseb6_vtyppv_loc1_roi3_rep1_PRE.nc
1353,111.5459442138672,0.4629497261021349,Enzyme,20230504,pv,1.0,3,2,1,0.7999999999999998,0.0,yes,../20230504_mouseb6_vtyppv_loc1_roi3_rep1_PRE.nc
1354,90.26496124267578,0.5115204703907974,Enzyme,20230504,pv,1.0,3,3,1,0.7999999999999998,0.0,yes,../20230504_mouseb6_vtyppv_loc1_roi3_rep1_PRE.nc
1355,77.58939361572266,0.4430589585773621,Enzyme,20230504,pv,1.0,3,4,1,1.1999999999999993,0.0,yes,../20230504_mouseb6_vtyppv_loc1_roi3_rep1_PRE.nc
1356,64.27885437011719,0.5290359025887224,Enzyme,20230504,pv,1.0,3,5,1,1.5,0.0,yes,../20230504_mouseb6_vtyppv_loc1_roi3_rep1_PRE.nc
1357,63.218448638916016,0.7711662257427303,Enzyme,20230504,pv,1.0,4,0,1,0.7,0.0,yes,../20230504_mouseb6_vtyppv_loc1_roi4_rep1_PRE.nc
1358,92.98431396484376,0.7921838425831087,Enzyme,20230504,pv,1.0,4,1,1,2.2,0.0,yes,../20230504_mouseb6_vtyppv_loc1_roi4_rep1_PRE.nc
1359,73.17890167236328,0.7137446927533979,Enzyme,20230504,pv,1.0,4,2,1,1.9000000000000004,0.0,yes,../20230504_mouseb6_vtyppv_loc1_roi4_rep1_PRE.nc
1360,59.48017883300781,0.6337820728897583,Enzyme,20230504,pv,1.0,4,3,1,2.1999999999999997,0.0,yes,../20230504_mouseb6_vtyppv_loc1_roi4_rep1_PRE.nc
1361,41.54864883422852,0.6822673875612644,Enzyme,20230504,pv,1.0,5,0,1,2.0,0.0,yes,../20230504_mouseb6_vtyppv_loc1_roi5_rep1_PRE.nc
1362,45.18083572387695,0.4936629778799997,Enzyme,20230504,pv,1.0,5,1,1,2.0,0.0,yes,../20230504_mouseb6_vtyppv_loc1_roi5_rep1_PRE.nc
1363,50.304176330566406,0.6504754887366211,Enzyme,20230504,pv,1.0,5,2,1,2.0,0.0,yes,../20230504_mouseb6_vtyppv_loc1_roi5_rep1_PRE.nc
1364,54.25263214111328,0.6796144115591503,Enzyme,20230504,pv,1.0,5,3,1,2.0,0.0,yes,../20230504_mouseb6_vtyppv_loc1_roi5_rep1_PRE.nc
1365,43.95676803588867,0.7480754073379217,Enzyme,20230504,pv,1.0,6,0,1,4.0,0.0,yes,../20230504_mouseb6_vtyppv_loc1_roi6_rep1_PRE.nc
1366,47.363502502441406,0.7287640877502533,Enzyme,20230504,pv,1.0,6,1,1,2.0,0.0,yes,../20230504_mouseb6_vtyppv_loc1_roi6_rep1_PRE.nc
1367,97.30670928955078,0.6048198221835026,Enzyme,20230510,c,3.0,1,0,1,1.2000000000000002,52.6,no,../20230510_mouseb6_vtypc_loc3_roi1_rep1_notedepth52-6_PRE.nc
1368,112.0355453491211,0.5175969567234606,Enzyme,20230510,c,3.0,1,1,1,1.3999999999999997,52.6,no,../20230510_mouseb6_vtypc_loc3_roi1_rep1_notedepth52-6_PRE.nc
1369,76.93012237548828,0.5926367931083654,Enzyme,20230510,c,3.0,1,2,1,1.2000000000000002,52.6,no,../20230510_mouseb6_vtypc_loc3_roi1_rep1_notedepth52-6_PRE.nc
1370,92.85499572753906,0.4993835793290877,Enzyme,20230510,c,3.0,1,3,1,1.7999999999999998,52.6,no,../20230510_mouseb6_vtypc_loc3_roi1_rep1_notedepth52-6_PRE.nc
1371,79.416259765625,0.559278003954498,Enzyme,20230510,c,6.0,1,0,1,1.0500000000000005,85.2,yes,../20230510_mouseb6_vtypc_loc6_roi1_rep1_notedepth85-2_PRE.nc
1372,67.91753387451172,0.6242360361018502,Enzyme,20230510,c,6.0,1,1,1,0.5499999999999998,85.2,yes,../20230510_mouseb6_vtypc_loc6_roi1_rep1_notedepth85-2_PRE.nc
1373,68.23633575439453,0.4871118650084671,Enzyme,20230510,c,6.0,1,2,1,0.6000000000000005,85.2,yes,../20230510_mouseb6_vtypc_loc6_roi1_rep1_notedepth85-2_PRE.nc
1374,86.24369812011719,0.5161586321242648,Enzyme,20230510,c,6.0,1,3,1,0.5999999999999996,85.2,yes,../20230510_mouseb6_vtypc_loc6_roi1_rep1_notedepth85-2_PRE.nc
1375,73.90113067626953,0.4866700789522085,Enzyme,20230510,c,6.0,1,4,1,0.6000000000000005,85.2,yes,../20230510_mouseb6_vtypc_loc6_roi1_rep1_notedepth85-2_PRE.nc
1376,104.04630279541016,0.5615353474969993,Enzyme,20230510,c,6.0,1,5,1,0.6999999999999993,85.2,yes,../20230510_mouseb6_vtypc_loc6_roi1_rep1_notedepth85-2_PRE.nc
1377,32.666385650634766,0.5528106042131657,Enzyme,20230510,c,7.0,1,0,1,2.8,126.0,no,../20230510_mouseb6_vtypc_loc7_roi1_rep1_notedepth126-0_PRE.nc
1378,24.82005500793457,0.5825011052586433,Enzyme,20230510,c,7.0,1,1,1,2.0,126.0,no,../20230510_mouseb6_vtypc_loc7_roi1_rep1_notedepth126-0_PRE.nc
1379,22.47576141357422,0.422606389573211,Enzyme,20230510,c,7.0,1,2,1,2.0,126.0,no,../20230510_mouseb6_vtypc_loc7_roi1_rep1_notedepth126-0_PRE.nc
1380,24.44803047180176,0.5194258046017133,Enzyme,20230510,c,7.0,1,3,1,6.0,126.0,no,../20230510_mouseb6_vtypc_loc7_roi1_rep1_notedepth126-0_PRE.nc
1381,22.521804809570312,0.5181213357395293,Enzyme,20230510,c,7.0,1,4,1,5.0,126.0,no,../20230510_mouseb6_vtypc_loc7_roi1_rep1_notedepth126-0_PRE.nc
1382,66.99358367919922,0.7674377965958605,Enzyme,20230510,pv,1.0,1,0,1,1.1709999999999994,0.0,yes,../20230510_mouseb6_vtyppv_loc1_roi1_rep1_PRE.nc
1383,59.57163619995117,0.6977315712981778,Enzyme,20230510,pv,1.0,1,1,1,1.9000000000000004,0.0,yes,../20230510_mouseb6_vtyppv_loc1_roi1_rep1_PRE.nc
1384,75.46326446533203,0.6749431180657268,Enzyme,20230510,pv,1.0,1,2,1,1.0,0.0,yes,../20230510_mouseb6_vtyppv_loc1_roi1_rep1_PRE.nc
1385,140.83511352539062,0.6845115594645357,Enzyme,20230510,pv,1.0,1,3,1,0.7000000000000011,0.0,yes,../20230510_mouseb6_vtyppv_loc1_roi1_rep1_PRE.nc
1386,98.35314178466795,0.6747342648016641,Enzyme,20230510,pv,1.0,1,4,1,2.3,0.0,yes,../20230510_mouseb6_vtyppv_loc1_roi1_rep1_PRE.nc
1387,83.79906463623047,0.6429939683958636,Enzyme,20230510,pv,1.0,1,5,1,1.2000000000000002,0.0,yes,../20230510_mouseb6_vtyppv_loc1_roi1_rep1_PRE.nc
1388,57.64277648925781,0.5040686500636333,Enzyme,20230510,pv,1.0,2,0,1,2.7,0.0,yes,../20230510_mouseb6_vtyppv_loc1_roi2_rep1_PRE.nc
1389,50.982120513916016,0.5405638077148822,Enzyme,20230510,pv,1.0,2,1,1,0.7999999999999998,0.0,yes,../20230510_mouseb6_vtyppv_loc1_roi2_rep1_PRE.nc
1390,64.97132110595703,0.5958327320997476,Enzyme,20230510,pv,1.0,3,0,1,1.7999999999999998,0.0,yes,../20230510_mouseb6_vtyppv_loc1_roi3_rep1_PRE.nc
1391,47.21548080444336,0.7499957811365654,Enzyme,20230510,pv,1.0,3,1,1,3.4000000000000004,0.0,yes,../20230510_mouseb6_vtyppv_loc1_roi3_rep1_PRE.nc
1392,34.85250473022461,0.4840850381584545,Enzyme,20230510,pv,1.0,4,0,1,1.7000000000000002,0.0,yes,../20230510_mouseb6_vtyppv_loc1_roi4_rep1_PRE.nc
1393,36.5692253112793,0.5869578715459234,Enzyme,20230510,pv,1.0,4,1,1,1.5,0.0,yes,../20230510_mouseb6_vtyppv_loc1_roi4_rep1_PRE.nc
1394,41.281192779541016,0.6161909595168353,Enzyme,20230510,pv,1.0,4,2,1,1.1999999999999993,0.0,yes,../20230510_mouseb6_vtyppv_loc1_roi4_rep1_PRE.nc
1395,62.01532745361328,0.6188710224652993,Enzyme,20230510,pv,1.0,5,0,1,1.5,0.0,yes,../20230510_mouseb6_vtyppv_loc1_roi5_rep1_PRE.nc
1396,48.62276840209961,0.6995221893089756,Enzyme,20230510,pv,1.0,5,1,1,1.9000000000000004,0.0,yes,../20230510_mouseb6_vtyppv_loc1_roi5_rep1_PRE.nc
1397,59.31106185913086,0.5592240746015236,Enzyme,20230510,pv,1.0,5,2,1,1.299999999999999,0.0,yes,../20230510_mouseb6_vtyppv_loc1_roi5_rep1_PRE.nc
1398,82.6573715209961,0.5408973039284888,Enzyme,20230510,pv,1.0,5,3,1,1.0,0.0,yes,../20230510_mouseb6_vtyppv_loc1_roi5_rep1_PRE.nc
1399,61.38710403442383,0.6434508087975175,Enzyme,20230510,pv,1.0,5,4,1,1.8000000000000007,0.0,yes,../20230510_mouseb6_vtyppv_loc1_roi5_rep1_PRE.nc
1400,71.39274597167969,0.5198449859016243,Enzyme,20230510,pv,1.0,6,0,1,0.6000000000000001,0.0,yes,../20230510_mouseb6_vtyppv_loc1_roi6_rep1_PRE.nc
1401,66.1601333618164,0.4691630091610541,Enzyme,20230510,pv,1.0,6,1,1,0.8999999999999999,0.0,yes,../20230510_mouseb6_vtyppv_loc1_roi6_rep1_PRE.nc
1402,61.19823455810547,0.4974102173586825,Enzyme,20230511,c,1.0,1,0,1,2.2,17.2,no,../20230511_mouseb6_vtypc_loc1_roi1_rep1_notedepth17-2_PRE.nc
1403,72.15000915527344,0.6796977216865336,Enzyme,20230511,c,1.0,1,1,1,0.5,17.2,no,../20230511_mouseb6_vtypc_loc1_roi1_rep1_notedepth17-2_PRE.nc
1404,71.18335723876953,0.6056358614508603,Enzyme,20230511,c,1.0,1,2,1,1.9000000000000004,17.2,no,../20230511_mouseb6_vtypc_loc1_roi1_rep1_notedepth17-2_PRE.nc
1405,68.70197296142578,0.6235071635361074,Enzyme,20230511,c,1.0,1,3,1,1.6999999999999993,17.2,no,../20230511_mouseb6_vtypc_loc1_roi1_rep1_notedepth17-2_PRE.nc
1406,81.97718048095703,0.6402896365034998,Enzyme,20230511,c,1.0,1,4,1,1.5,17.2,no,../20230511_mouseb6_vtypc_loc1_roi1_rep1_notedepth17-2_PRE.nc
1407,75.69368743896484,0.6858594320983933,Enzyme,20230511,c,1.0,1,5,1,0.6999999999999993,17.2,no,../20230511_mouseb6_vtypc_loc1_roi1_rep1_notedepth17-2_PRE.nc
1408,450.4280090332031,0.5322767005570554,Enzyme,20230511,c,3.0,1,0,1,0.9000000000000004,47.4,no,../20230511_mouseb6_vtypc_loc3_roi1_rep1_notedepth47-4-brightlabeling_PRE.nc
1409,458.76171875,0.4642011750810297,Enzyme,20230511,c,3.0,1,1,1,0.4000000000000003,47.4,no,../20230511_mouseb6_vtypc_loc3_roi1_rep1_notedepth47-4-brightlabeling_PRE.nc
1410,351.8216857910156,0.5684840771736148,Enzyme,20230511,c,3.0,1,2,1,1.5,47.4,no,../20230511_mouseb6_vtypc_loc3_roi1_rep1_notedepth47-4-brightlabeling_PRE.nc
1411,344.00604248046875,0.5448587443701562,Enzyme,20230511,c,3.0,1,3,1,1.6000000000000014,47.4,no,../20230511_mouseb6_vtypc_loc3_roi1_rep1_notedepth47-4-brightlabeling_PRE.nc
1412,409.48779296875,0.5689090663586214,Enzyme,20230511,c,3.0,1,4,1,1.3999999999999986,47.4,no,../20230511_mouseb6_vtypc_loc3_roi1_rep1_notedepth47-4-brightlabeling_PRE.nc
1413,84.10913848876953,0.5349797387370003,Enzyme,20230511,c,4.0,1,0,1,1.5000000000000009,76.8,no,../20230511_mouseb6_vtypc_loc4_roi1_rep1_notedepth76-8-cellsstuck_PRE.nc
1414,88.19093322753906,0.4624417673545906,Enzyme,20230511,c,4.0,1,1,1,1.8999999999999984,76.8,no,../20230511_mouseb6_vtypc_loc4_roi1_rep1_notedepth76-8-cellsstuck_PRE.nc
1415,27.60918617248535,0.7540003790065377,Enzyme,20230511,c,5.0,1,0,1,2.5,91.4,yes,../20230511_mouseb6_vtypc_loc5_roi1_rep1_notedepth91-4_PRE.nc
1416,21.828351974487305,0.5263708294126861,Enzyme,20230511,c,5.0,1,1,1,3.6000000000000005,91.4,yes,../20230511_mouseb6_vtypc_loc5_roi1_rep1_notedepth91-4_PRE.nc
1417,24.897016525268555,0.6287671263505494,Enzyme,20230511,c,5.0,1,2,1,5.699999999999999,91.4,yes,../20230511_mouseb6_vtypc_loc5_roi1_rep1_notedepth91-4_PRE.nc
1418,27.892820358276367,0.6760267902463255,Enzyme,20230511,c,5.0,1,3,1,2.5,91.4,yes,../20230511_mouseb6_vtypc_loc5_roi1_rep1_notedepth91-4_PRE.nc
1419,27.09630012512207,0.5050993162572155,Enzyme,20230511,c,5.0,1,4,1,1.7999999999999998,91.4,yes,../20230511_mouseb6_vtypc_loc5_roi1_rep1_notedepth91-4_PRE.nc
1420,23.14422035217285,0.7191793584184865,Enzyme,20230511,c,5.0,1,5,1,5.0,91.4,yes,../20230511_mouseb6_vtypc_loc5_roi1_rep1_notedepth91-4_PRE.nc
1421,70.45487976074219,0.5192176858406139,Enzyme,20230511,c,6.0,1,0,1,1.6999999999999993,97.0,yes,../20230511_mouseb6_vtypc_loc6_roi1_rep1_notedepth97_PRE.nc
1422,74.13551330566406,0.5674925993890909,Enzyme,20230511,c,6.0,1,1,1,1.3000000000000007,97.0,yes,../20230511_mouseb6_vtypc_loc6_roi1_rep1_notedepth97_PRE.nc
1423,40.1534538269043,0.6308213310420712,Enzyme,20230511,c,7.0,1,0,1,3.3,90.0,yes,../20230511_mouseb6_vtypc_loc7_roi1_rep1_notedepth90_PRE.nc
1424,35.99057388305664,0.657132840549199,Enzyme,20230511,c,7.0,1,1,1,3.8,90.0,yes,../20230511_mouseb6_vtypc_loc7_roi1_rep1_notedepth90_PRE.nc
1425,64.84725189208984,0.5636061895472082,Enzyme,20230511,c,7.0,1,2,1,2.0,90.0,yes,../20230511_mouseb6_vtypc_loc7_roi1_rep1_notedepth90_PRE.nc
1426,48.56158065795898,0.5124254042920757,Enzyme,20230511,c,7.0,1,3,1,2.0,90.0,yes,../20230511_mouseb6_vtypc_loc7_roi1_rep1_notedepth90_PRE.nc
1427,87.28227233886719,0.4580038362094853,Enzyme,20230511,c,7.0,1,4,1,0.8000000000000007,90.0,yes,../20230511_mouseb6_vtypc_loc7_roi1_rep1_notedepth90_PRE.nc
1428,73.05882263183594,0.5841666489216735,Enzyme,20230511,c,7.0,1,5,1,0.6999999999999993,90.0,yes,../20230511_mouseb6_vtypc_loc7_roi1_rep1_notedepth90_PRE.nc
1429,47.64291000366211,0.64517433417749,Enzyme,20230511,pv,1.0,1,0,1,1.2,0.0,yes,../20230511_mouseb6_vtyppv_loc1_roi1_rep1_PRE.nc
1430,41.45915985107422,0.528292007833409,Enzyme,20230511,pv,1.0,1,1,1,0.8000000000000003,0.0,yes,../20230511_mouseb6_vtyppv_loc1_roi1_rep1_PRE.nc
1431,35.0129508972168,0.6640313940497542,Enzyme,20230511,pv,1.0,1,2,1,1.2000000000000002,0.0,yes,../20230511_mouseb6_vtyppv_loc1_roi1_rep1_PRE.nc
1432,38.6526985168457,0.6923964776391305,Enzyme,20230511,pv,1.0,1,3,1,0.8999999999999995,0.0,yes,../20230511_mouseb6_vtyppv_loc1_roi1_rep1_PRE.nc
1433,40.177337646484375,0.6604034465213697,Enzyme,20230511,pv,1.0,1,4,1,2.2,0.0,yes,../20230511_mouseb6_vtyppv_loc1_roi1_rep1_PRE.nc
1434,41.26451110839844,0.7847803261496029,Enzyme,20230511,pv,1.0,1,5,1,1.5,0.0,yes,../20230511_mouseb6_vtyppv_loc1_roi1_rep1_PRE.nc
1435,35.917579650878906,1.0049750956473318,Enzyme,20230511,pv,1.0,1,6,1,1.5,0.0,yes,../20230511_mouseb6_vtyppv_loc1_roi1_rep1_PRE.nc
1436,54.90914916992188,0.7367013320107674,Enzyme,20230511,pv,1.0,2,0,1,0.9000000000000001,0.0,yes,../20230511_mouseb6_vtyppv_loc1_roi2_rep1_PRE.nc
1437,76.05326080322266,0.6100200276975443,Enzyme,20230511,pv,1.0,2,1,1,1.9,0.0,yes,../20230511_mouseb6_vtyppv_loc1_roi2_rep1_PRE.nc
1438,67.85955047607422,0.6380009409395946,Enzyme,20230511,pv,1.0,2,2,1,0.7999999999999998,0.0,yes,../20230511_mouseb6_vtyppv_loc1_roi2_rep1_PRE.nc
1439,57.55546951293945,0.5140509223011485,Enzyme,20230511,pv,1.0,2,3,1,1.3000000000000007,0.0,yes,../20230511_mouseb6_vtyppv_loc1_roi2_rep1_PRE.nc
1440,63.489967346191406,0.6963031281791814,Enzyme,20230511,pv,1.0,3,0,1,2.0,0.0,yes,../20230511_mouseb6_vtyppv_loc1_roi3_rep1_PRE.nc
1441,65.59557342529297,0.6642045366879685,Enzyme,20230511,pv,1.0,3,1,1,2.1999999999999997,0.0,yes,../20230511_mouseb6_vtyppv_loc1_roi3_rep1_PRE.nc
1442,54.83810806274414,0.7255995677312654,Enzyme,20230511,pv,1.0,3,2,1,2.1000000000000014,0.0,yes,../20230511_mouseb6_vtyppv_loc1_roi3_rep1_PRE.nc
1443,46.025840759277344,0.8939007401327395,Enzyme,20230511,pv,1.0,4,0,1,1.5,0.0,yes,../20230511_mouseb6_vtyppv_loc1_roi4_rep1_PRE.nc
1444,44.291786193847656,0.7881417808036204,Enzyme,20230511,pv,1.0,4,1,1,3.0,0.0,yes,../20230511_mouseb6_vtyppv_loc1_roi4_rep1_PRE.nc
1445,41.00390625,0.78794453921466,Enzyme,20230511,pv,1.0,6,0,1,2.0,0.0,yes,../20230511_mouseb6_vtyppv_loc1_roi6_rep1_PRE.nc
1446,41.84139633178711,0.7641295716738128,Enzyme,20230511,pv,1.0,6,1,1,2.0,0.0,yes,../20230511_mouseb6_vtyppv_loc1_roi6_rep1_PRE.nc
1447,40.93803024291992,0.5980530264596204,Enzyme,20230511,pv,1.0,6,2,1,1.5,0.0,yes,../20230511_mouseb6_vtyppv_loc1_roi6_rep1_PRE.nc
1448,46.1403923034668,0.8609395093654335,Enzyme,20230511,pv,1.0,6,3,1,3.4000000000000004,0.0,yes,../20230511_mouseb6_vtyppv_loc1_roi6_rep1_PRE.nc
1449,48.04903411865234,0.608587856843176,Enzyme,20230511,pv,1.0,7,0,1,1.7,0.0,yes,../20230511_mouseb6_vtyppv_loc1_roi7_rep1_PRE.nc
1450,57.75993347167969,0.6511649237025381,Enzyme,20230511,pv,1.0,7,1,1,1.4,0.0,yes,../20230511_mouseb6_vtyppv_loc1_roi7_rep1_PRE.nc
1451,36.60538101196289,0.5947118000684224,Enzyme,20230511,pv,1.0,7,2,1,2.1,0.0,yes,../20230511_mouseb6_vtyppv_loc1_roi7_rep1_PRE.nc
1452,46.47093200683594,0.6523282817684475,Enzyme,20230511,pv,1.0,7,3,1,3.7,0.0,yes,../20230511_mouseb6_vtyppv_loc1_roi7_rep1_PRE.nc
1453,38.00870132446289,0.5735843626952146,Enzyme,20230511,pv,1.0,7,4,1,1.6999999999999993,0.0,yes,../20230511_mouseb6_vtyppv_loc1_roi7_rep1_PRE.nc
1454,56.33629608154297,0.6540852998711877,Saline,20230512,c,1.0,1,0,1,1.0999999999999996,,yes,../20230512_mouseb6_vtypc_loc1_roi1_rep1_PRE.nc
1455,61.903133392333984,0.5676361929860647,Saline,20230512,c,1.0,1,1,1,0.8000000000000007,,yes,../20230512_mouseb6_vtypc_loc1_roi1_rep1_PRE.nc
1456,47.84622573852539,0.5129204496850548,Saline,20230512,c,1.0,1,0,1,0.7999999999999998,,yes,../20230512_mouseb6_vtypc_loc2_roi1_rep1_notesamecap-as-loc1_PRE.nc
1457,56.81078338623047,0.4774414276020167,Saline,20230512,c,1.0,1,1,1,1.1999999999999993,,yes,../20230512_mouseb6_vtypc_loc2_roi1_rep1_notesamecap-as-loc1_PRE.nc
1458,72.912353515625,0.4989676583502387,Saline,20230512,c,1.0,1,2,1,0.7999999999999998,,yes,../20230512_mouseb6_vtypc_loc2_roi1_rep1_notesamecap-as-loc1_PRE.nc
1459,76.13430786132812,0.646143230756639,Saline,20230512,c,1.0,1,3,1,0.5999999999999996,,yes,../20230512_mouseb6_vtypc_loc2_roi1_rep1_notesamecap-as-loc1_PRE.nc
1460,88.3665542602539,0.584249784151325,Saline,20230512,c,1.0,1,4,1,0.6000000000000014,,yes,../20230512_mouseb6_vtypc_loc2_roi1_rep1_notesamecap-as-loc1_PRE.nc
1461,138.66641235351562,0.5345251635859238,Saline,20230512,c,3.0,1,0,1,3.0,,no,../20230512_mouseb6_vtypc_loc3_roi1_rep1_PRE.nc
1462,120.57003021240234,0.4908015253675977,Saline,20230512,c,3.0,1,1,1,2.0,,no,../20230512_mouseb6_vtypc_loc3_roi1_rep1_PRE.nc
1463,141.12498474121094,0.5264429561886939,Saline,20230512,c,3.0,1,2,1,2.0,,no,../20230512_mouseb6_vtypc_loc3_roi1_rep1_PRE.nc
1464,110.90113830566406,0.4431723465045039,Saline,20230512,c,3.0,1,3,1,1.1999999999999993,,no,../20230512_mouseb6_vtypc_loc3_roi1_rep1_PRE.nc
1465,128.7376708984375,0.4787191092153584,Saline,20230512,c,3.0,1,4,1,1.8000000000000007,,no,../20230512_mouseb6_vtypc_loc3_roi1_rep1_PRE.nc
1466,123.62627410888672,0.4896674823531199,Saline,20230512,c,3.0,1,5,1,0.6999999999999993,,no,../20230512_mouseb6_vtypc_loc3_roi1_rep1_PRE.nc
1467,117.55486297607422,0.47967580878543,Saline,20230512,c,3.0,1,6,1,1.2,,no,../20230512_mouseb6_vtypc_loc3_roi1_rep1_PRE.nc
1468,126.38639068603516,0.5190229682241068,Saline,20230512,c,3.0,1,7,1,1.2999999999999998,,no,../20230512_mouseb6_vtypc_loc3_roi1_rep1_PRE.nc
1469,152.43478393554688,0.4413783966682523,Saline,20230512,c,3.0,1,8,1,0.8999999999999999,,no,../20230512_mouseb6_vtypc_loc3_roi1_rep1_PRE.nc
1470,126.11579132080078,0.4827124050856106,Saline,20230512,c,3.0,1,9,1,1.2000000000000002,,no,../20230512_mouseb6_vtypc_loc3_roi1_rep1_PRE.nc
1471,139.54180908203125,0.435214304381418,Saline,20230512,c,3.0,1,10,1,1.0000000000000009,,no,../20230512_mouseb6_vtypc_loc3_roi1_rep1_PRE.nc
1472,102.91399383544922,0.5467703109463642,Saline,20230512,c,3.0,1,11,1,1.3000000000000007,,no,../20230512_mouseb6_vtypc_loc3_roi1_rep1_PRE.nc
1473,114.52043914794922,0.5295076209533782,Saline,20230512,c,3.0,1,12,1,0.8999999999999986,,no,../20230512_mouseb6_vtypc_loc3_roi1_rep1_PRE.nc
1474,43.811065673828125,0.5083277811327989,Saline,20230512,c,4.0,1,0,1,4.0,,yes,../20230512_mouseb6_vtypc_loc4_roi1_rep1_PRE.nc
1475,46.45405197143555,0.5432094179786411,Saline,20230512,c,4.0,1,1,1,1.5,,yes,../20230512_mouseb6_vtypc_loc4_roi1_rep1_PRE.nc
1476,43.004486083984375,0.5022687071307192,Saline,20230512,c,4.0,1,2,1,1.3000000000000007,,yes,../20230512_mouseb6_vtypc_loc4_roi1_rep1_PRE.nc
1477,40.7126579284668,0.578838685429151,Saline,20230512,c,4.0,1,3,1,1.4,,yes,../20230512_mouseb6_vtypc_loc4_roi1_rep1_PRE.nc
1478,50.44531631469727,0.5099215490049964,Saline,20230512,c,4.0,1,4,1,2.0,,yes,../20230512_mouseb6_vtypc_loc4_roi1_rep1_PRE.nc
1479,39.67284393310547,0.7037428347640002,Saline,20230512,c,4.0,1,5,1,3.0,,yes,../20230512_mouseb6_vtypc_loc4_roi1_rep1_PRE.nc
1480,144.09617614746094,0.5810433482951982,Saline,20230512,c,6.0,1,0,1,0.7999999999999998,,no,../20230512_mouseb6_vtypc_loc6_roi1_rep1_PRE.nc
1481,130.28067016601562,0.6063197583084516,Saline,20230512,c,6.0,1,1,1,1.4000000000000004,,no,../20230512_mouseb6_vtypc_loc6_roi1_rep1_PRE.nc
1482,215.684326171875,0.5552888502704398,Saline,20230512,c,6.0,1,2,1,1.5999999999999996,,no,../20230512_mouseb6_vtypc_loc6_roi1_rep1_PRE.nc
1483,155.4993438720703,0.5070495850261292,Saline,20230512,c,6.0,1,3,1,1.0,,no,../20230512_mouseb6_vtypc_loc6_roi1_rep1_PRE.nc
1484,158.54222106933594,0.4832305091241107,Saline,20230512,c,6.0,1,4,1,1.5999999999999996,,no,../20230512_mouseb6_vtypc_loc6_roi1_rep1_PRE.nc
1485,110.28177642822266,0.5841788874810661,Saline,20230512,c,6.0,1,5,1,1.0,,no,../20230512_mouseb6_vtypc_loc6_roi1_rep1_PRE.nc
1486,50.2921142578125,0.6190771535217792,Saline,20230512,c,6.0,1,6,1,3.299999999999999,,no,../20230512_mouseb6_vtypc_loc6_roi1_rep1_PRE.nc
1487,77.50080108642578,0.6340414286374916,Saline,20230512,c,6.0,1,7,1,1.8000000000000007,,no,../20230512_mouseb6_vtypc_loc6_roi1_rep1_PRE.nc
1488,63.75492477416992,0.5107987779527079,Saline,20230512,c,6.0,1,8,1,1.3000000000000007,,no,../20230512_mouseb6_vtypc_loc6_roi1_rep1_PRE.nc
1489,55.486907958984375,0.5055784171299642,Saline,20230512,c,7.0,1,0,1,2.8,,no,../20230512_mouseb6_vtypc_loc7_roi1_rep1_PRE.nc
1490,64.45631408691406,0.5296698461272324,Saline,20230512,c,7.0,1,1,1,3.1999999999999997,,no,../20230512_mouseb6_vtypc_loc7_roi1_rep1_PRE.nc
1491,69.57069396972656,0.5573798547289215,Saline,20230512,c,7.0,1,2,1,1.5,,no,../20230512_mouseb6_vtypc_loc7_roi1_rep1_PRE.nc
1492,89.9826431274414,0.5365503588404827,Saline,20230512,c,7.0,1,3,1,0.5999999999999999,,no,../20230512_mouseb6_vtypc_loc7_roi1_rep1_PRE.nc
1493,53.003517150878906,0.6370584673073658,Saline,20230512,c,7.0,1,4,1,1.2000000000000002,,no,../20230512_mouseb6_vtypc_loc7_roi1_rep1_PRE.nc
1494,52.424896240234375,0.5351847686625142,Saline,20230512,c,7.0,1,5,1,2.5,,no,../20230512_mouseb6_vtypc_loc7_roi1_rep1_PRE.nc
1495,66.15824890136719,0.5245460964603268,Saline,20230512,c,7.0,1,6,1,2.0,,no,../20230512_mouseb6_vtypc_loc7_roi1_rep1_PRE.nc
1496,59.68564987182617,0.6410121120321435,Saline,20230512,c,7.0,1,7,1,2.6,,no,../20230512_mouseb6_vtypc_loc7_roi1_rep1_PRE.nc
1497,58.32099914550781,0.8336694249726904,Saline,20230512,pv,1.0,1,0,1,1.5,0.0,yes,../20230512_mouseb6_vtyppv_loc1_roi1_rep1_PRE.nc
1498,51.85966873168945,0.7229910881083903,Saline,20230512,pv,1.0,1,1,1,1.5,0.0,yes,../20230512_mouseb6_vtyppv_loc1_roi1_rep1_PRE.nc
1499,60.09033203125,0.46338499383587,Saline,20230512,pv,1.0,1,2,1,1.8999999999999984,0.0,yes,../20230512_mouseb6_vtyppv_loc1_roi1_rep1_PRE.nc
1500,72.57164764404297,0.6477829208302808,Saline,20230512,pv,1.0,1,3,1,1.0999999999999996,0.0,yes,../20230512_mouseb6_vtyppv_loc1_roi1_rep1_PRE.nc
1501,61.176231384277344,0.5971687864095845,Saline,20230512,pv,1.0,2,0,1,2.8,0.0,yes,../20230512_mouseb6_vtyppv_loc1_roi2_rep1_PRE.nc
1502,50.32408905029297,0.5008864066447707,Saline,20230512,pv,1.0,2,1,1,0.9000000000000004,0.0,yes,../20230512_mouseb6_vtyppv_loc1_roi2_rep1_PRE.nc
1503,65.10897827148438,0.690733464112089,Saline,20230512,pv,1.0,2,2,1,1.0,0.0,yes,../20230512_mouseb6_vtyppv_loc1_roi2_rep1_PRE.nc
1504,64.72718048095703,0.740302053419688,Saline,20230512,pv,1.0,2,3,1,3.0,0.0,yes,../20230512_mouseb6_vtyppv_loc1_roi2_rep1_PRE.nc
1505,43.87406539916992,0.6131133771086184,Saline,20230512,pv,1.0,4,0,1,1.7999999999999998,0.0,yes,../20230512_mouseb6_vtyppv_loc1_roi4_rep1_PRE.nc
1506,43.80303192138672,0.7837864770360206,Saline,20230512,pv,1.0,4,1,1,2.0,0.0,yes,../20230512_mouseb6_vtyppv_loc1_roi4_rep1_PRE.nc
1507,43.71685791015625,0.5496587585378592,Saline,20230512,pv,1.0,4,2,1,2.6999999999999997,0.0,yes,../20230512_mouseb6_vtyppv_loc1_roi4_rep1_PRE.nc
1508,42.72487258911133,0.5016217970296974,Saline,20230512,pv,1.0,4,3,1,3.0,0.0,yes,../20230512_mouseb6_vtyppv_loc1_roi4_rep1_PRE.nc
1509,47.19593048095703,0.6951752901312034,Saline,20230512,pv,1.0,6,0,1,1.9000000000000004,0.0,yes,../20230512_mouseb6_vtyppv_loc1_roi6_rep1_PRE.nc
1510,90.94505310058594,0.5411492525793626,Saline,20230513,c,1.0,1,0,1,1.2000000000000002,,yes,../20230512_mouseb6_vtypc_loc1_roi1_rep1_PRE.nc
1511,56.59662628173828,0.6968656326157046,Saline,20230513,c,1.0,1,1,1,1.2000000000000002,,yes,../20230512_mouseb6_vtypc_loc1_roi1_rep1_PRE.nc
1512,73.99375915527344,0.4706199305839558,Saline,20230513,c,3.0,1,0,1,1.5,,yes,../20230512_mouseb6_vtypc_loc3_roi1_rep1_PRE.nc
1513,62.14533996582031,0.5310169989294096,Saline,20230513,c,3.0,1,1,1,1.5,,yes,../20230512_mouseb6_vtypc_loc3_roi1_rep1_PRE.nc
1514,62.225284576416016,0.4526006327660568,Saline,20230513,c,6.0,1,0,1,1.0,91.8,yes,../20230512_mouseb6_vtypc_loc6_roi1_rep1_notedepth-91-8_PRE.nc
1515,51.41944885253906,0.5947176593689569,Saline,20230513,c,6.0,1,1,1,1.0,91.8,yes,../20230512_mouseb6_vtypc_loc6_roi1_rep1_notedepth-91-8_PRE.nc
1516,56.67555618286133,0.5286251133665445,Saline,20230513,c,7.0,1,0,1,1.0,95.0,no,../20230512_mouseb6_vtypc_loc7_roi1_rep1_notedepth-95-0_PRE.nc
1517,60.89421081542969,0.5178883032423656,Saline,20230513,c,7.0,1,1,1,1.2000000000000002,95.0,no,../20230512_mouseb6_vtypc_loc7_roi1_rep1_notedepth-95-0_PRE.nc
1518,82.31741333007812,0.5091634748198999,Saline,20230513,c,7.0,1,2,1,0.7999999999999998,95.0,no,../20230512_mouseb6_vtypc_loc7_roi1_rep1_notedepth-95-0_PRE.nc
1519,79.82235717773438,0.4780114289653667,Saline,20230513,c,7.0,1,3,1,1.6000000000000003,95.0,no,../20230512_mouseb6_vtypc_loc7_roi1_rep1_notedepth-95-0_PRE.nc
1520,69.48153686523438,0.4533424291717551,Saline,20230513,c,7.0,1,4,1,0.8999999999999995,95.0,no,../20230512_mouseb6_vtypc_loc7_roi1_rep1_notedepth-95-0_PRE.nc
1521,65.24221801757812,0.6889432467240599,Saline,20230513,pv,1.0,1,0,1,1.5,0.0,yes,../20230512_mouseb6_vtyppv_loc1_roi1_rep1_PRE.nc
1522,59.80113220214844,0.7525711969543707,Saline,20230513,pv,1.0,1,1,1,1.7000000000000002,0.0,yes,../20230512_mouseb6_vtyppv_loc1_roi1_rep1_PRE.nc
1523,65.68948364257812,0.71957583870722,Saline,20230513,pv,1.0,1,2,1,1.5,0.0,yes,../20230512_mouseb6_vtyppv_loc1_roi1_rep1_PRE.nc
1524,89.678955078125,0.7268526544159961,Saline,20230513,pv,1.0,1,3,1,1.1000000000000014,0.0,yes,../20230512_mouseb6_vtyppv_loc1_roi1_rep1_PRE.nc
1525,59.97266387939453,0.8661629482820548,Saline,20230513,pv,1.0,1,4,1,2.6999999999999997,0.0,yes,../20230512_mouseb6_vtyppv_loc1_roi1_rep1_PRE.nc
1526,49.81705856323242,0.7967191352288054,Saline,20230513,pv,1.0,2,0,1,1.5,0.0,yes,../20230512_mouseb6_vtyppv_loc1_roi2_rep1_PRE.nc
1527,48.701202392578125,0.7244030956909704,Saline,20230513,pv,1.0,2,1,1,2.5,0.0,yes,../20230512_mouseb6_vtyppv_loc1_roi2_rep1_PRE.nc
1528,47.63072204589844,0.6897333257413436,Saline,20230513,pv,1.0,2,2,1,2.0,0.0,yes,../20230512_mouseb6_vtyppv_loc1_roi2_rep1_PRE.nc
1529,48.52280426025391,0.9915596743346208,Saline,20230513,pv,1.0,3,0,1,1.5999999999999996,0.0,yes,../20230512_mouseb6_vtyppv_loc1_roi3_rep1_PRE.nc
1530,54.51361846923828,0.5857155408172972,Saline,20230513,pv,1.0,3,1,1,2.0,0.0,yes,../20230512_mouseb6_vtyppv_loc1_roi3_rep1_PRE.nc
1531,52.40545654296875,0.913247348513906,Saline,20230513,pv,1.0,3,2,1,1.5,0.0,yes,../20230512_mouseb6_vtyppv_loc1_roi3_rep1_PRE.nc
1532,107.63013458251952,0.8277946882051062,Saline,20230513,pv,1.0,4,0,1,1.2999999999999998,0.0,yes,../20230512_mouseb6_vtyppv_loc1_roi4_rep1_PRE.nc
1533,68.27682495117188,0.591529975788923,Saline,20230513,pv,1.0,4,1,1,1.1999999999999993,0.0,yes,../20230512_mouseb6_vtyppv_loc1_roi4_rep1_PRE.nc
1534,71.38752746582031,0.8114658001772206,Saline,20230513,pv,1.0,4,2,1,2.8000000000000007,0.0,yes,../20230512_mouseb6_vtyppv_loc1_roi4_rep1_PRE.nc
1535,84.74620056152344,0.9392453054414672,Saline,20230513,pv,1.0,4,3,1,2.0,0.0,yes,../20230512_mouseb6_vtyppv_loc1_roi4_rep1_PRE.nc
1536,34.83323669433594,0.7255344763097966,Saline,20230513,pv,1.0,5,0,1,1.0,0.0,yes,../20230512_mouseb6_vtyppv_loc1_roi5_rep1_PRE.nc
1537,53.321250915527344,0.6524034856656407,Saline,20230513,pv,1.0,5,1,1,2.0,0.0,yes,../20230512_mouseb6_vtyppv_loc1_roi5_rep1_PRE.nc
1538,43.95635223388672,0.8313715187643069,Saline,20230513,pv,1.0,5,2,1,3.0,0.0,yes,../20230512_mouseb6_vtyppv_loc1_roi5_rep1_PRE.nc
1539,49.20395278930664,0.6542942565702319,Saline,20230513,pv,1.0,5,3,1,1.0,0.0,yes,../20230512_mouseb6_vtyppv_loc1_roi5_rep1_PRE.nc
1540,48.848106384277344,0.5745919504192827,Saline,20230513,pv,1.0,6,0,1,1.0,0.0,yes,../20230512_mouseb6_vtyppv_loc1_roi6_rep1_PRE.nc
1541,53.83342361450195,0.6999279646722982,Saline,20230513,pv,1.0,6,1,1,1.1999999999999993,0.0,yes,../20230512_mouseb6_vtyppv_loc1_roi6_rep1_PRE.nc
1542,72.4457778930664,0.5389803723913431,Saline,20230517,c,1.0,1,0,1,2.0,61.4,no,../20230517_mouseb6_vtypc_loc1_roi1_rep1_notedepth61-4_PRE.nc
1543,85.17769622802734,0.5186728400218854,Saline,20230517,c,1.0,1,1,1,2.0,61.4,no,../20230517_mouseb6_vtypc_loc1_roi1_rep1_notedepth61-4_PRE.nc
1544,78.57549285888672,0.5353181552833632,Saline,20230517,c,1.0,1,2,1,2.5,61.4,no,../20230517_mouseb6_vtypc_loc1_roi1_rep1_notedepth61-4_PRE.nc
1545,91.00467681884766,0.4954299032433198,Saline,20230517,c,4.0,1,0,1,0.4000000000000003,36.2,yes,../20230517_mouseb6_vtypc_loc4_roi1_rep1_notedepth36-2_PRE.nc
1546,66.36726379394531,0.4496340870700752,Saline,20230517,c,5.0,1,0,1,1.2999999999999998,57.2,no,../20230517_mouseb6_vtypc_loc5_roi1_rep1_notedepth57-2_PRE.nc
1547,64.73592376708984,0.513109869611732,Saline,20230517,c,5.0,1,1,1,0.7000000000000002,57.2,no,../20230517_mouseb6_vtypc_loc5_roi1_rep1_notedepth57-2_PRE.nc
1548,48.38719940185547,0.4978918611569511,Saline,20230517,c,5.0,1,2,1,1.2999999999999998,57.2,no,../20230517_mouseb6_vtypc_loc5_roi1_rep1_notedepth57-2_PRE.nc
1549,46.5991096496582,0.5273238672207636,Saline,20230517,c,5.0,1,3,1,1.7000000000000002,57.2,no,../20230517_mouseb6_vtypc_loc5_roi1_rep1_notedepth57-2_PRE.nc
1550,83.3233413696289,0.5739039991186452,Saline,20230517,c,5.0,1,4,1,0.9999999999999996,57.2,no,../20230517_mouseb6_vtypc_loc5_roi1_rep1_notedepth57-2_PRE.nc
1551,48.36114883422852,0.4964260806969136,Saline,20230517,c,5.0,1,5,1,2.3000000000000007,57.2,no,../20230517_mouseb6_vtypc_loc5_roi1_rep1_notedepth57-2_PRE.nc
1552,46.248779296875,0.6049400492531749,Saline,20230517,c,6.0,1,0,1,2.6999999999999997,71.4,yes,../20230517_mouseb6_vtypc_loc6_roi1_rep1_notedepth71-4_PRE.nc
1553,26.72171211242676,0.6055054667611355,Saline,20230517,c,6.0,1,1,1,2.8,71.4,yes,../20230517_mouseb6_vtypc_loc6_roi1_rep1_notedepth71-4_PRE.nc
1554,31.83314514160156,0.6590015542472436,Saline,20230517,c,6.0,1,2,1,1.2000000000000002,71.4,yes,../20230517_mouseb6_vtypc_loc6_roi1_rep1_notedepth71-4_PRE.nc
1555,46.04522705078125,0.634563490582174,Saline,20230517,pv,1.0,1,0,1,1.4000000000000004,0.0,yes,../20230517_mouseb6_vtyppv_loc1_roi1_rep1_PRE.nc
1556,39.48025131225586,0.6311809340433747,Saline,20230517,pv,1.0,1,1,1,1.1999999999999993,0.0,yes,../20230517_mouseb6_vtyppv_loc1_roi1_rep1_PRE.nc
1557,73.84705352783203,0.6139853559051112,Saline,20230517,pv,1.0,1,2,1,1.3000000000000007,0.0,yes,../20230517_mouseb6_vtyppv_loc1_roi1_rep1_PRE.nc
1558,42.71503448486328,1.1709996093608162,Saline,20230517,pv,1.0,2,0,1,2.3000000000000007,0.0,yes,../20230517_mouseb6_vtyppv_loc1_roi2_rep1_PRE.nc
1559,44.88096237182617,0.6904541804568183,Saline,20230517,pv,1.0,2,1,1,2.1999999999999997,0.0,yes,../20230517_mouseb6_vtyppv_loc1_roi2_rep1_PRE.nc
1560,42.078216552734375,0.8103796789096194,Saline,20230517,pv,1.0,3,0,1,2.0,0.0,yes,../20230517_mouseb6_vtyppv_loc1_roi3_rep1_PRE.nc
1561,44.12269973754883,0.7687038572400944,Saline,20230517,pv,1.0,3,1,1,1.5,0.0,yes,../20230517_mouseb6_vtyppv_loc1_roi3_rep1_PRE.nc
1562,67.22895812988281,0.651032530270367,Saline,20230517,pv,1.0,4,0,1,1.2999999999999998,0.0,yes,../20230517_mouseb6_vtyppv_loc1_roi4_rep1_PRE.nc
1563,45.41661071777344,0.7426691452353218,Saline,20230517,pv,1.0,4,1,1,3.0,0.0,yes,../20230517_mouseb6_vtyppv_loc1_roi4_rep1_PRE.nc
1564,39.36687850952149,0.5242892275231785,Enzyme,20230523,c,1.0,1,0,1,0.5,,yes,../20230523_mouseb6_vtypc_loc1_roi1_rep1_PRE.nc
1565,46.2277946472168,0.4713189638925872,Enzyme,20230523,c,1.0,1,1,1,0.7999999999999998,,yes,../20230523_mouseb6_vtypc_loc1_roi1_rep1_PRE.nc
1566,41.00104522705078,0.5858607186699807,Enzyme,20230523,c,1.0,1,2,1,0.5,,yes,../20230523_mouseb6_vtypc_loc1_roi1_rep1_PRE.nc
1567,70.48565673828125,0.4894547004063554,Enzyme,20230523,c,2.0,1,0,1,0.6999999999999997,18.2,no,../20230523_mouseb6_vtypc_loc2_roi1_rep1_notedepth-18-2_PRE.nc
1568,64.55650329589844,0.668942937231904,Enzyme,20230523,c,2.0,1,1,1,1.5,18.2,no,../20230523_mouseb6_vtypc_loc2_roi1_rep1_notedepth-18-2_PRE.nc
1569,88.7113265991211,0.593827743261734,Enzyme,20230523,c,2.0,1,2,1,0.7000000000000002,18.2,no,../20230523_mouseb6_vtypc_loc2_roi1_rep1_notedepth-18-2_PRE.nc
1570,79.7108154296875,0.7277080976056407,Enzyme,20230523,c,2.0,1,3,1,1.1999999999999993,18.2,no,../20230523_mouseb6_vtypc_loc2_roi1_rep1_notedepth-18-2_PRE.nc
1571,76.79887390136719,0.5736296506989564,Enzyme,20230523,c,2.0,1,4,1,0.8000000000000007,18.2,no,../20230523_mouseb6_vtypc_loc2_roi1_rep1_notedepth-18-2_PRE.nc
1572,72.98921203613281,0.5922571160998391,Enzyme,20230523,c,2.0,1,5,1,1.4000000000000004,18.2,no,../20230523_mouseb6_vtypc_loc2_roi1_rep1_notedepth-18-2_PRE.nc
1573,85.74779510498047,0.526986133804968,Enzyme,20230523,c,2.0,1,6,1,0.6999999999999993,18.2,no,../20230523_mouseb6_vtypc_loc2_roi1_rep1_notedepth-18-2_PRE.nc
1574,86.02790832519531,0.5053737870255066,Enzyme,20230523,c,3.0,1,0,1,0.5000000000000002,30.9,yes,../20230523_mouseb6_vtypc_loc3_roi1_rep1_notedepth-30-9_PRE.nc
1575,85.58431243896484,0.511184507399264,Enzyme,20230523,c,3.0,1,1,1,0.6000000000000001,30.9,yes,../20230523_mouseb6_vtypc_loc3_roi1_rep1_notedepth-30-9_PRE.nc
1576,50.9164924621582,0.3925042299011281,Enzyme,20230523,c,3.0,1,2,1,0.9000000000000001,30.9,yes,../20230523_mouseb6_vtypc_loc3_roi1_rep1_notedepth-30-9_PRE.nc
1577,58.81781005859375,0.6460355149015164,Enzyme,20230523,pv,1.0,1,0,1,1.5,0.0,yes,../20230523_mouseb6_vtyppv_loc1_roi1_rep1_PRE.nc
1578,61.13370132446289,0.6924089045069763,Enzyme,20230523,pv,1.0,1,1,1,1.2000000000000002,0.0,yes,../20230523_mouseb6_vtyppv_loc1_roi1_rep1_PRE.nc
1579,49.39271926879883,0.9738360726936044,Enzyme,20230523,pv,1.0,2,0,1,1.2000000000000002,0.0,yes,../20230523_mouseb6_vtyppv_loc1_roi2_rep1_PRE.nc
1580,59.72227096557617,0.5665020143667849,Enzyme,20230523,pv,1.0,2,1,1,0.7999999999999998,0.0,yes,../20230523_mouseb6_vtyppv_loc1_roi2_rep1_PRE.nc
1581,33.39884185791016,0.7741303108919286,Enzyme,20230523,pv,1.0,2,2,1,2.0,0.0,yes,../20230523_mouseb6_vtyppv_loc1_roi2_rep1_PRE.nc
1582,42.82256317138672,0.7123294339353112,Enzyme,20230523,pv,1.0,2,3,1,2.0,0.0,yes,../20230523_mouseb6_vtyppv_loc1_roi2_rep1_PRE.nc
1583,52.9962158203125,0.900199506928864,Enzyme,20230523,pv,1.0,3,0,1,1.5,0.0,yes,../20230523_mouseb6_vtyppv_loc1_roi3_rep1_PRE.nc
1584,52.2225227355957,0.7825741493698182,Enzyme,20230523,pv,1.0,3,1,1,1.0,0.0,yes,../20230523_mouseb6_vtyppv_loc1_roi3_rep1_PRE.nc
1585,54.249488830566406,0.7054317659737315,Enzyme,20230523,pv,1.0,4,0,1,2.0,0.0,yes,../20230523_mouseb6_vtyppv_loc1_roi4_rep1_PRE.nc
1586,38.62495803833008,0.8211487598539424,Enzyme,20230523,pv,1.0,4,1,1,2.0,0.0,yes,../20230523_mouseb6_vtyppv_loc1_roi4_rep1_PRE.nc
1587,36.97019577026367,0.761751896019021,Enzyme,20230523,pv,1.0,5,0,1,3.0,0.0,yes,../20230523_mouseb6_vtyppv_loc1_roi5_rep1_PRE.nc
1588,38.42119598388672,0.5543893763948518,Enzyme,20230523,pv,1.0,5,1,1,1.2000000000000002,0.0,yes,../20230523_mouseb6_vtyppv_loc1_roi5_rep1_PRE.nc
1589,42.60051345825195,0.6410717523811797,Enzyme,20230523,pv,1.0,5,2,1,1.5,0.0,yes,../20230523_mouseb6_vtyppv_loc1_roi5_rep1_PRE.nc
1590,36.57081985473633,0.6122193274511929,Enzyme,20230523,pv,1.0,5,3,1,1.0999999999999996,0.0,yes,../20230523_mouseb6_vtyppv_loc1_roi5_rep1_PRE.nc
1591,34.71158981323242,0.646070447556923,Enzyme,20230523,pv,1.0,5,4,1,2.6,0.0,yes,../20230523_mouseb6_vtyppv_loc1_roi5_rep1_PRE.nc
1592,33.30589294433594,0.7913668927930075,Enzyme,20230523,pv,1.0,6,0,1,1.8,0.0,yes,../20230523_mouseb6_vtyppv_loc1_roi6_rep1_PRE.nc
1593,49.8170166015625,0.9005571043539433,Enzyme,20230523,pv,1.0,6,1,1,2.7,0.0,yes,../20230523_mouseb6_vtyppv_loc1_roi6_rep1_PRE.nc
1594,48.91593551635742,0.5996205804916599,Enzyme,20230523,pv,1.0,6,2,1,1.5,0.0,yes,../20230523_mouseb6_vtyppv_loc1_roi6_rep1_PRE.nc
1595,106.52176666259766,0.5222926112584716,Saline,20230524,c,2.0,1,0,1,1.0,38.4,no,../20230524_mouseb6_vtypc_loc2_roi1_rep1_notedepth-38-4_PRE.nc
1596,101.45228576660156,0.5288280612500849,Saline,20230524,c,2.0,1,1,1,1.0,38.4,no,../20230524_mouseb6_vtypc_loc2_roi1_rep1_notedepth-38-4_PRE.nc
1597,111.13219451904295,0.6143091005284536,Saline,20230524,c,2.0,1,2,1,1.0,38.4,no,../20230524_mouseb6_vtypc_loc2_roi1_rep1_notedepth-38-4_PRE.nc
1598,90.77989196777344,0.5611983647833476,Saline,20230524,c,2.0,1,3,1,2.0,38.4,no,../20230524_mouseb6_vtypc_loc2_roi1_rep1_notedepth-38-4_PRE.nc
1599,166.18344116210938,0.5326710077650727,Saline,20230524,c,3.0,1,0,1,1.2000000000000002,40.6,yes,../20230524_mouseb6_vtypc_loc3_roi1_rep1_notedepth-40-6_PRE.nc
1600,163.5034637451172,0.545246164872788,Saline,20230524,c,3.0,1,1,1,0.6999999999999993,40.6,yes,../20230524_mouseb6_vtypc_loc3_roi1_rep1_notedepth-40-6_PRE.nc
1601,142.5309295654297,0.6070725212170736,Saline,20230524,c,3.0,1,2,1,1.9000000000000004,40.6,yes,../20230524_mouseb6_vtypc_loc3_roi1_rep1_notedepth-40-6_PRE.nc
1602,69.1034927368164,0.4425626368289119,Saline,20230524,c,4.0,1,0,1,1.7999999999999998,65.8,no,../20230524_mouseb6_vtypc_loc4_roi1_rep1_notedepth-65-8_PRE.nc
1603,106.06014251708984,0.5564869794463068,Saline,20230524,c,4.0,1,1,1,1.5,65.8,no,../20230524_mouseb6_vtypc_loc4_roi1_rep1_notedepth-65-8_PRE.nc
1604,98.0226058959961,0.4394691124456145,Saline,20230524,c,4.0,1,2,1,2.0,65.8,no,../20230524_mouseb6_vtypc_loc4_roi1_rep1_notedepth-65-8_PRE.nc
1605,116.32112121582033,0.5718137980779083,Saline,20230524,c,4.0,1,3,1,1.1999999999999993,65.8,no,../20230524_mouseb6_vtypc_loc4_roi1_rep1_notedepth-65-8_PRE.nc
1606,81.42398071289062,0.6005345073857882,Saline,20230524,c,4.0,1,4,1,1.2000000000000002,65.8,no,../20230524_mouseb6_vtypc_loc4_roi1_rep1_notedepth-65-8_PRE.nc
1607,77.25456237792969,0.5076231086689873,Saline,20230524,c,5.0,1,0,1,0.8,62.0,yes,../20230524_mouseb6_vtypc_loc5_roi1_rep1_notedepth-62_PRE.nc
1608,137.64283752441406,0.5544833915512193,Saline,20230524,c,5.0,1,1,1,0.8,62.0,yes,../20230524_mouseb6_vtypc_loc5_roi1_rep1_notedepth-62_PRE.nc
1609,95.4676742553711,0.4687084773793959,Saline,20230524,c,5.0,1,2,1,0.5000000000000002,62.0,yes,../20230524_mouseb6_vtypc_loc5_roi1_rep1_notedepth-62_PRE.nc
1610,97.82024383544922,0.6622965617851087,Saline,20230524,c,5.0,1,3,1,0.5000000000000002,62.0,yes,../20230524_mouseb6_vtypc_loc5_roi1_rep1_notedepth-62_PRE.nc
1611,97.19416046142578,0.5264748881665948,Saline,20230524,c,5.0,1,4,1,0.6000000000000005,62.0,yes,../20230524_mouseb6_vtypc_loc5_roi1_rep1_notedepth-62_PRE.nc
1612,89.41658020019531,0.6301028573852996,Saline,20230524,c,5.0,1,5,1,0.6000000000000005,62.0,yes,../20230524_mouseb6_vtypc_loc5_roi1_rep1_notedepth-62_PRE.nc
1613,85.59352111816406,0.501061353322644,Saline,20230524,c,5.0,1,6,1,1.0,62.0,yes,../20230524_mouseb6_vtypc_loc5_roi1_rep1_notedepth-62_PRE.nc
1614,89.46843719482422,0.7196800010244431,Saline,20230524,c,5.0,1,7,1,1.0,62.0,yes,../20230524_mouseb6_vtypc_loc5_roi1_rep1_notedepth-62_PRE.nc
1615,87.00588989257812,0.553185877292897,Saline,20230524,c,5.0,1,8,1,1.0,62.0,yes,../20230524_mouseb6_vtypc_loc5_roi1_rep1_notedepth-62_PRE.nc
1616,70.8192367553711,0.6523828430209129,Saline,20230524,c,6.0,1,0,1,1.5,102.8,no,../20230524_mouseb6_vtypc_loc6_roi1_rep1_notedepth-102-8_PRE.nc
1617,60.02631759643555,0.5520673033969494,Saline,20230524,c,6.0,1,1,1,1.5,102.8,no,../20230524_mouseb6_vtypc_loc6_roi1_rep1_notedepth-102-8_PRE.nc
1618,57.796417236328125,0.493148687029258,Saline,20230524,c,6.0,1,2,1,2.3000000000000007,102.8,no,../20230524_mouseb6_vtypc_loc6_roi1_rep1_notedepth-102-8_PRE.nc
1619,44.2816162109375,0.6678716673603411,Saline,20230524,c,6.0,1,3,1,4.0,102.8,no,../20230524_mouseb6_vtypc_loc6_roi1_rep1_notedepth-102-8_PRE.nc
1620,82.62518310546875,1.1062564124403078,Saline,20230524,pv,1.0,1,0,1,2.4,0.0,yes,../20230524_mouseb6_vtyppv_loc1_roi1_rep1_PRE.nc
1621,64.63885498046875,0.8803452149060185,Saline,20230524,pv,1.0,1,1,1,2.3000000000000007,0.0,yes,../20230524_mouseb6_vtyppv_loc1_roi1_rep1_PRE.nc
1622,54.75336456298828,0.7201676385450781,Saline,20230524,pv,1.0,1,2,1,2.1999999999999997,0.0,yes,../20230524_mouseb6_vtyppv_loc1_roi1_rep1_PRE.nc
1623,80.21764373779297,0.5980500865540819,Saline,20230524,pv,1.0,2,0,1,1.0,0.0,yes,../20230524_mouseb6_vtyppv_loc1_roi2_rep1_PRE.nc
1624,77.95188903808594,0.7086788786840383,Saline,20230524,pv,1.0,2,1,1,1.0999999999999996,0.0,yes,../20230524_mouseb6_vtyppv_loc1_roi2_rep1_PRE.nc
1625,92.01270294189452,0.8987485043675552,Saline,20230524,pv,1.0,2,2,1,1.0999999999999996,0.0,yes,../20230524_mouseb6_vtyppv_loc1_roi2_rep1_PRE.nc
1626,104.82212829589844,0.7260177183598557,Saline,20230524,pv,1.0,2,3,1,1.5,0.0,yes,../20230524_mouseb6_vtyppv_loc1_roi2_rep1_PRE.nc
1627,97.75770568847656,0.653216954705087,Saline,20230524,pv,1.0,2,4,1,1.4000000000000004,0.0,yes,../20230524_mouseb6_vtyppv_loc1_roi2_rep1_PRE.nc
1628,122.93737030029295,0.6561932138624513,Saline,20230524,pv,1.0,2,5,1,0.5999999999999996,0.0,yes,../20230524_mouseb6_vtyppv_loc1_roi2_rep1_PRE.nc
1629,136.4810333251953,0.6207637356931617,Saline,20230524,pv,1.0,2,6,1,1.5,0.0,yes,../20230524_mouseb6_vtyppv_loc1_roi2_rep1_PRE.nc
1630,84.5155029296875,0.6230439039849465,Saline,20230524,pv,1.0,3,0,1,0.9,0.0,yes,../20230524_mouseb6_vtyppv_loc1_roi3_rep1_PRE.nc
1631,63.66764450073242,0.809103427270145,Saline,20230524,pv,1.0,3,1,1,1.1,0.0,yes,../20230524_mouseb6_vtyppv_loc1_roi3_rep1_PRE.nc
1632,74.74071502685547,0.7463252233312723,Saline,20230524,pv,1.0,3,2,1,1.0,0.0,yes,../20230524_mouseb6_vtyppv_loc1_roi3_rep1_PRE.nc
1633,75.70191192626953,0.6966455390074202,Saline,20230524,pv,1.0,3,3,1,0.7999999999999998,0.0,yes,../20230524_mouseb6_vtyppv_loc1_roi3_rep1_PRE.nc
1634,71.01655578613281,1.048940951782484,Saline,20230524,pv,1.0,3,4,1,3.0,0.0,yes,../20230524_mouseb6_vtyppv_loc1_roi3_rep1_PRE.nc
1635,95.47362518310548,0.7141605213956517,Saline,20230524,pv,1.0,4,0,1,1.2999999999999998,0.0,yes,../20230524_mouseb6_vtyppv_loc1_roi4_rep1_PRE.nc
1636,106.4839096069336,0.6382063553242077,Saline,20230524,pv,1.0,4,1,1,1.5,0.0,yes,../20230524_mouseb6_vtyppv_loc1_roi4_rep1_PRE.nc
1637,80.3897933959961,0.7962525627531498,Saline,20230524,pv,1.0,5,0,1,1.5,0.0,yes,../20230524_mouseb6_vtyppv_loc1_roi5_rep1_PRE.nc
1638,71.95555877685547,0.6796131784832902,Saline,20230524,pv,1.0,5,1,1,1.2000000000000002,0.0,yes,../20230524_mouseb6_vtyppv_loc1_roi5_rep1_PRE.nc
1639,103.93113708496094,0.6831418762725825,Saline,20230524,pv,1.0,5,2,1,1.0,0.0,yes,../20230524_mouseb6_vtyppv_loc1_roi5_rep1_PRE.nc
1640,105.50341796875,0.6851812068795446,Saline,20230524,pv,1.0,5,3,1,1.2000000000000002,0.0,yes,../20230524_mouseb6_vtyppv_loc1_roi5_rep1_PRE.nc
1641,28.62530899047852,0.5102078296940817,Enzyme,20230526,c,1.0,1,0,1,1.5,52.8,no,../20230526_mouseb6_vtypc_loc1_roi1_rep1_notedepth-52-8-activealignment_PRE.nc
1642,25.229820251464844,0.545074517209688,Enzyme,20230526,c,1.0,1,1,1,2.5,52.8,no,../20230526_mouseb6_vtypc_loc1_roi1_rep1_notedepth-52-8-activealignment_PRE.nc
1643,27.83314323425293,0.4477078819017954,Enzyme,20230526,c,1.0,1,2,1,2.0,52.8,no,../20230526_mouseb6_vtypc_loc1_roi1_rep1_notedepth-52-8-activealignment_PRE.nc
1644,22.6242790222168,0.5267926124075082,Enzyme,20230526,c,1.0,1,3,1,2.0,52.8,no,../20230526_mouseb6_vtypc_loc1_roi1_rep1_notedepth-52-8-activealignment_PRE.nc
1645,27.693849563598636,0.5587831254930009,Enzyme,20230526,c,1.0,1,4,1,2.5,52.8,no,../20230526_mouseb6_vtypc_loc1_roi1_rep1_notedepth-52-8-activealignment_PRE.nc
1646,33.46086883544922,0.4815124991088115,Enzyme,20230526,c,1.0,1,5,1,2.0,52.8,no,../20230526_mouseb6_vtypc_loc1_roi1_rep1_notedepth-52-8-activealignment_PRE.nc
1647,35.01054763793945,0.5065188334686486,Enzyme,20230526,c,1.0,1,6,1,2.0,52.8,no,../20230526_mouseb6_vtypc_loc1_roi1_rep1_notedepth-52-8-activealignment_PRE.nc
1648,28.55192756652832,0.6062764923792958,Enzyme,20230526,c,1.0,1,7,1,3.0,52.8,no,../20230526_mouseb6_vtypc_loc1_roi1_rep1_notedepth-52-8-activealignment_PRE.nc
1649,41.04402923583984,0.3980853180596249,Enzyme,20230526,c,4.0,1,0,1,0.6999999999999993,63.8,yes,../20230526_mouseb6_vtypc_loc4_roi1_rep1_notedepth-63-8-activealignment_PRE.nc
1650,27.063594818115234,0.3963992265708391,Enzyme,20230526,c,4.0,1,1,1,0.7999999999999989,63.8,yes,../20230526_mouseb6_vtypc_loc4_roi1_rep1_notedepth-63-8-activealignment_PRE.nc
1651,35.8446159362793,0.617208486468094,Enzyme,20230526,c,4.0,1,2,1,0.8999999999999995,63.8,yes,../20230526_mouseb6_vtypc_loc4_roi1_rep1_notedepth-63-8-activealignment_PRE.nc
1652,26.65132522583008,0.6830250406295075,Enzyme,20230526,c,4.0,1,3,1,0.8999999999999995,63.8,yes,../20230526_mouseb6_vtypc_loc4_roi1_rep1_notedepth-63-8-activealignment_PRE.nc
1653,24.264184951782227,0.8784691352479435,Enzyme,20230526,pv,2.0,1,0,2,2.0,0.0,yes,../20230526_mouseb6_vtyppv_loc2_roi1_rep2_noteactivealignment_PRE.nc
1654,30.13933563232422,0.6776512502638123,Enzyme,20230526,pv,2.0,1,1,2,1.0,0.0,yes,../20230526_mouseb6_vtyppv_loc2_roi1_rep2_noteactivealignment_PRE.nc
1655,37.94644927978516,0.7231286407706392,Enzyme,20230526,pv,2.0,1,2,2,0.5999999999999996,0.0,yes,../20230526_mouseb6_vtyppv_loc2_roi1_rep2_noteactivealignment_PRE.nc
1656,33.59123611450195,0.5840764652127532,Enzyme,20230526,pv,2.0,1,3,2,1.9000000000000004,0.0,yes,../20230526_mouseb6_vtyppv_loc2_roi1_rep2_noteactivealignment_PRE.nc
1657,31.549440383911133,0.4994201090924157,Enzyme,20230526,pv,2.0,1,4,2,3.0,0.0,yes,../20230526_mouseb6_vtyppv_loc2_roi1_rep2_noteactivealignment_PRE.nc
1658,42.05698776245117,0.5211889605596589,Enzyme,20230526,pv,2.0,1,5,2,1.5,0.0,yes,../20230526_mouseb6_vtyppv_loc2_roi1_rep2_noteactivealignment_PRE.nc
1659,89.62373352050781,0.5534512349160465,Enzyme,20230527,c,2.0,1,0,1,0.9,79.6,yes,../20230527_mouseb6_vtypc_loc2_roi1_rep1_notedepth-79-6_PRE.nc
1660,60.92021560668945,0.5912082020856531,Enzyme,20230527,c,2.0,1,1,1,0.8,79.6,yes,../20230527_mouseb6_vtypc_loc2_roi1_rep1_notedepth-79-6_PRE.nc
1661,67.90123748779297,0.5371786716027742,Enzyme,20230527,c,2.0,1,2,1,1.1,79.6,yes,../20230527_mouseb6_vtypc_loc2_roi1_rep1_notedepth-79-6_PRE.nc
1662,88.77095794677734,0.6239262929499159,Enzyme,20230527,c,2.0,1,3,1,1.0999999999999996,79.6,yes,../20230527_mouseb6_vtypc_loc2_roi1_rep1_notedepth-79-6_PRE.nc
1663,106.46058654785156,0.7686086404833148,Enzyme,20230527,c,2.0,1,4,1,1.0999999999999996,79.6,yes,../20230527_mouseb6_vtypc_loc2_roi1_rep1_notedepth-79-6_PRE.nc
1664,162.12449645996094,0.5911818856913502,Enzyme,20230527,c,3.0,1,0,1,0.8,49.4,yes,../20230527_mouseb6_vtypc_loc3_roi1_rep1_notedepth-49-4_PRE.nc
1665,140.10946655273438,0.6397733092662268,Enzyme,20230527,c,3.0,1,1,1,1.7,49.4,yes,../20230527_mouseb6_vtypc_loc3_roi1_rep1_notedepth-49-4_PRE.nc
1666,105.17861938476562,0.8055342740867921,Enzyme,20230527,c,3.0,1,2,1,1.2,49.4,yes,../20230527_mouseb6_vtypc_loc3_roi1_rep1_notedepth-49-4_PRE.nc
1667,70.65634155273438,0.5845495754472818,Enzyme,20230527,pv,1.0,1,0,1,1.0,0.0,yes,../20230527_mouseb6_vtyppv_loc1_roi1_rep1_PRE.nc
1668,53.372318267822266,0.8760808500743185,Enzyme,20230527,pv,1.0,1,1,1,2.0,0.0,yes,../20230527_mouseb6_vtyppv_loc1_roi1_rep1_PRE.nc
1669,64.46272277832031,0.7840948145905351,Enzyme,20230527,pv,1.0,1,2,1,1.5,0.0,yes,../20230527_mouseb6_vtyppv_loc1_roi1_rep1_PRE.nc
1670,53.3759651184082,0.8750523336773774,Enzyme,20230527,pv,1.0,1,3,1,2.6999999999999997,0.0,yes,../20230527_mouseb6_vtyppv_loc1_roi1_rep1_PRE.nc
1671,83.47493743896484,0.7605439726963859,Enzyme,20230527,pv,1.0,2,0,1,0.7999999999999998,0.0,yes,../20230527_mouseb6_vtyppv_loc1_roi2_rep1_PRE.nc
1672,74.15796661376953,0.5746280772338146,Enzyme,20230527,pv,1.0,2,1,1,0.7000000000000002,0.0,yes,../20230527_mouseb6_vtyppv_loc1_roi2_rep1_PRE.nc
1673,77.35750579833984,0.5088126726159174,Enzyme,20230527,pv,1.0,3,0,1,1.1999999999999993,0.0,yes,../20230527_mouseb6_vtyppv_loc1_roi3_rep1_PRE.nc
1674,98.11774444580078,0.6546699158923239,Enzyme,20230527,pv,1.0,3,1,1,0.8000000000000007,0.0,yes,../20230527_mouseb6_vtyppv_loc1_roi3_rep1_PRE.nc
1675,82.82142639160156,0.6204965371203173,Enzyme,20230527,pv,1.0,3,2,1,1.0999999999999996,0.0,yes,../20230527_mouseb6_vtyppv_loc1_roi3_rep1_PRE.nc
1676,54.18206787109375,0.7423234467592774,Enzyme,20230527,pv,1.0,4,0,1,1.5,0.0,yes,../20230527_mouseb6_vtyppv_loc1_roi4_rep1_PRE.nc
1677,57.94685363769531,0.6427403296218444,Enzyme,20230527,pv,1.0,4,1,1,1.2000000000000002,0.0,yes,../20230527_mouseb6_vtyppv_loc1_roi4_rep1_PRE.nc
1678,40.84715270996094,0.8877930831765415,Enzyme,20230527,pv,1.0,4,2,1,1.4000000000000004,0.0,yes,../20230527_mouseb6_vtyppv_loc1_roi4_rep1_PRE.nc
