,mouse,image,profile,vessel_type,vessel,region_in_vessel,repetition,i_max,width,depth,rbc_flow,y_bin_width,treatment
0,20230504,0.0,0,pa,1.0,,1,180.90182495117188,0.6440442977292058,0.0,,1.0,Enzyme
1,20230504,0.0,1,pa,1.0,,1,183.3826904296875,0.7513892811926759,0.0,,1.0,Enzyme
2,20230504,0.0,2,pa,1.0,,1,164.51351928710938,0.8133299669315228,0.0,,1.0,Enzyme
3,20230504,0.0,3,pa,1.0,,1,159.63397216796875,0.7159218400202079,0.0,,1.0,Enzyme
4,20230504,1.0,0,pa,1.0,,2,196.8757476806641,0.9015293499407192,0.0,,1.0,Enzyme
5,20230504,1.0,1,pa,1.0,,2,187.91555786132807,0.8115964312479766,0.0,,1.0,Enzyme
6,20230504,1.0,2,pa,1.0,,2,174.00299072265625,0.8487316020771098,0.0,,1.0,Enzyme
7,20230504,1.0,3,pa,1.0,,2,165.2088623046875,1.0338960438465783,0.0,,1.0,Enzyme
8,20230504,2.0,0,pa,1.0,,2,166.4932098388672,0.6923609808977078,0.0,,1.0,Enzyme
9,20230504,2.0,1,pa,1.0,,2,163.11314392089844,0.7036956543132389,0.0,,1.0,Enzyme
10,20230504,2.0,2,pa,1.0,,2,148.45933532714844,0.6728023439583248,0.0,,1.0,Enzyme
11,20230504,2.0,3,pa,1.0,,2,149.0576171875,0.7522112876600104,0.0,,1.0,Enzyme
12,20230504,3.0,0,pa,1.0,,2,102.5107421875,0.651717088947894,0.0,,1.0,Enzyme
13,20230504,3.0,1,pa,1.0,,2,97.86387634277344,0.7511324496661134,0.0,,1.0,Enzyme
14,20230504,3.0,2,pa,1.0,,2,91.80060577392578,0.9170462032066472,0.0,,1.0,Enzyme
15,20230504,3.0,3,pa,1.0,,2,94.4394989013672,0.917822617124961,0.0,,1.0,Enzyme
16,20230504,4.0,0,pa,1.0,,2,180.1024932861328,0.6254824198359152,0.0,,1.0,Enzyme
17,20230504,4.0,1,pa,1.0,,2,156.88185119628906,0.5666716444596132,0.0,,1.0,Enzyme
18,20230504,4.0,2,pa,1.0,,2,144.40963745117188,0.864514089475799,0.0,,1.0,Enzyme
19,20230504,4.0,3,pa,1.0,,2,168.77711486816406,0.6481343117227025,0.0,,1.0,Enzyme
20,20230510,0.0,0,pa,1.0,1,1,188.9195347136516,0.6147076049093254,0.0,,1.0,Enzyme
21,20230510,0.0,1,pa,1.0,1,1,184.85566022213004,0.5706074062872073,0.0,,1.0,Enzyme
22,20230510,0.0,2,pa,1.0,1,1,174.88962566844842,0.7450987344265858,0.0,,1.0,Enzyme
23,20230510,0.0,3,pa,1.0,1,1,206.51781160016364,0.7280668855109163,0.0,,1.0,Enzyme
24,20230510,0.0,4,pa,1.0,1,1,203.58122583298965,0.7472073144970199,0.0,,1.0,Enzyme
25,20230510,0.0,5,pa,1.0,1,1,210.1501192924713,0.6643763211703657,0.0,,1.0,Enzyme
26,20230510,0.0,6,pa,1.0,1,1,218.56562731386165,0.7308792531556545,0.0,,1.0,Enzyme
27,20230510,0.0,7,pa,1.0,1,1,200.02789798436768,0.81638694104522,0.0,,1.0,Enzyme
28,20230511,0.0,0,pa,1.0,1,1,116.80969422734076,0.6762292129758807,0.0,,1.0,Enzyme
29,20230511,0.0,1,pa,1.0,1,1,113.07080213903694,0.6021413813485887,0.0,,1.0,Enzyme
30,20230511,0.0,2,pa,1.0,1,1,104.57888111888066,0.6782556696585571,0.0,,1.0,Enzyme
31,20230511,0.0,3,pa,1.0,1,1,103.28805429864208,0.7340872718120117,0.0,,1.0,Enzyme
32,20230511,0.0,4,pa,1.0,1,1,100.2403126285475,0.7848380348306048,0.0,,1.0,Enzyme
33,20230511,0.0,5,pa,1.0,1,1,100.24209790209744,0.7513148912831076,0.0,,1.0,Enzyme
34,20230511,0.0,6,pa,1.0,1,1,101.50196626902468,0.7531579875824663,0.0,,1.0,Enzyme
35,20230511,0.0,7,pa,1.0,1,1,100.298116001645,0.7257564059564743,0.0,,1.0,Enzyme
36,20230512,0.0,0,pa,2.0,1,1,374.5419031948428,0.5613934048675215,0.0,,1.0,Saline
37,20230512,0.0,1,pa,2.0,1,1,387.4366639243093,0.6149840740482837,0.0,,1.0,Saline
38,20230512,0.0,2,pa,2.0,1,1,390.74205265322746,0.5875102193259654,0.0,,1.0,Saline
39,20230512,0.0,3,pa,2.0,1,1,371.5242780748648,0.5570751781043057,0.0,,1.0,Saline
40,20230512,0.0,4,pa,2.0,1,1,358.258148909912,0.6834159534671311,0.0,,1.0,Saline
41,20230512,0.0,5,pa,2.0,1,1,370.8137679967076,0.5734582525288658,0.0,,1.0,Saline
42,20230512,0.0,6,pa,2.0,1,1,359.83615384615234,0.5726203533822343,0.0,,1.0,Saline
43,20230512,0.0,7,pa,2.0,1,1,339.37688605511994,0.6911878817442005,0.0,,1.0,Saline
44,20230512,1.0,0,pa,2.0,1,2,276.24727364139005,0.5711811303578251,0.0,,1.0,Saline
45,20230512,1.0,1,pa,2.0,1,2,290.8539819004511,0.7535747204519723,0.0,,1.0,Saline
46,20230512,1.0,2,pa,2.0,1,2,297.60610859728376,0.7536416340460708,0.0,,1.0,Saline
47,20230512,1.0,3,pa,2.0,1,2,270.81413821472535,0.662915356861939,0.0,,1.0,Saline
48,20230512,1.0,4,pa,2.0,1,2,271.2825174825163,0.7349435700159965,0.0,,1.0,Saline
49,20230512,1.0,5,pa,2.0,1,2,267.72130810365985,0.73323737385366,0.0,,1.0,Saline
50,20230512,1.0,6,pa,2.0,1,2,246.47640065816427,0.7268760449782956,0.0,,1.0,Saline
51,20230512,1.0,7,pa,2.0,1,2,238.26308515014287,0.8099836955460162,0.0,,1.0,Saline
52,20230512,2.0,0,pa,2.0,1,3,292.253421088714,0.5877965040781064,0.0,,1.0,Saline
53,20230512,2.0,1,pa,2.0,1,3,325.8181489099122,0.6168506404775922,0.0,,1.0,Saline
54,20230512,2.0,2,pa,2.0,1,3,288.3944549568066,0.6919388197365866,0.0,,1.0,Saline
55,20230512,2.0,3,pa,2.0,1,3,246.929609214314,0.8679237988626358,0.0,,1.0,Saline
56,20230512,2.0,4,pa,2.0,1,3,361.1080995475097,0.696276471620628,0.0,,1.0,Saline
57,20230512,2.0,5,pa,2.0,1,3,359.18251748251583,0.7633830764361473,0.0,,1.0,Saline
58,20230512,2.0,6,pa,2.0,1,3,432.10737967914247,0.7910083315202439,0.0,,1.0,Saline
59,20230512,2.0,7,pa,2.0,1,3,448.6956355409277,0.7111211395675419,0.0,,1.0,Saline
60,20230513,0.0,0,pa,1.0,1,1,116.42427898898438,0.7302561146180455,0.0,,1.0,Saline
61,20230513,0.0,1,pa,1.0,1,1,126.32854792266504,0.6956742465339332,0.0,,1.0,Saline
62,20230513,0.0,2,pa,1.0,1,1,140.87471822295288,0.6157804709575547,0.0,,1.0,Saline
63,20230513,0.0,3,pa,1.0,1,1,151.1364047716982,0.5820399805498262,0.0,,1.0,Saline
64,20230513,0.0,4,pa,1.0,1,1,133.87080213903687,0.5622938375996238,0.0,,1.0,Saline
65,20230513,0.0,5,pa,1.0,1,1,128.33957219251283,0.6826134830671879,0.0,,1.0,Saline
66,20230513,0.0,6,pa,1.0,1,1,126.35409296585716,0.5471783924779157,0.0,,1.0,Saline
67,20230513,0.0,7,pa,1.0,1,1,123.65641299876545,0.6366109750861,0.0,,1.0,Saline
68,20230513,1.0,0,pa,1.0,2,1,114.95542300836368,0.7158262765156884,0.0,,1.0,Saline
69,20230513,1.0,1,pa,1.0,2,1,134.1054997943227,0.7850752234345482,0.0,,1.0,Saline
70,20230513,1.0,2,pa,1.0,2,1,124.4517030028789,0.7318219517464897,0.0,,1.0,Saline
71,20230513,1.0,3,pa,1.0,2,1,109.5029411764701,0.837794792172005,0.0,,1.0,Saline
72,20230513,1.0,4,pa,1.0,2,1,132.27084327437206,0.776780973372615,0.0,,1.0,Saline
73,20230513,1.0,5,pa,1.0,2,1,125.6874496092138,0.6280961120836288,0.0,,1.0,Saline
74,20230513,1.0,6,pa,1.0,2,1,100.53347182229489,0.9131958030500442,0.0,,1.0,Saline
75,20230513,1.0,7,pa,1.0,2,1,101.75635952282968,0.7352583168142832,0.0,,1.0,Saline
76,20230517,0.0,0,pa,2.0,1,1,184.1728095433969,0.9306528213574516,0.0,,1.0,Saline
77,20230517,0.0,1,pa,2.0,1,1,206.50350061702912,0.9599524807364794,0.0,,1.0,Saline
78,20230517,0.0,2,pa,2.0,1,1,221.55392842451565,1.1515665034961238,0.0,,1.0,Saline
79,20230517,0.0,3,pa,2.0,1,1,199.29628547922573,1.2749067629037274,0.0,,1.0,Saline
80,20230517,0.0,4,pa,2.0,1,1,213.5503702180163,0.9526296630252348,0.0,,1.0,Saline
81,20230517,0.0,5,pa,2.0,1,1,194.86467708761737,1.1667957603417474,0.0,,1.0,Saline
82,20230517,0.0,6,pa,2.0,1,1,222.38602221308005,0.8150850852446272,0.0,,1.0,Saline
83,20230517,0.0,7,pa,2.0,1,1,232.74468942821775,0.7965089589389951,0.0,,1.0,Saline
84,20230517,1.0,0,pa,2.0,2,1,134.19465697700932,1.2886122342962008,0.0,,1.0,Saline
85,20230517,1.0,1,pa,2.0,2,1,151.00993829699647,0.7718239419510287,0.0,,1.0,Saline
86,20230517,1.0,2,pa,2.0,2,1,150.3207322089668,0.9066774117758404,0.0,,1.0,Saline
87,20230517,1.0,3,pa,2.0,2,1,150.57570135746545,0.6515076401409932,0.0,,1.0,Saline
88,20230523,0.0,0,pa,1.0,1,,209.71007815713605,0.7546068537430912,0.0,,1.0,Enzyme
89,20230523,0.0,1,pa,1.0,1,,182.1091855203612,0.8167194566994631,0.0,,1.0,Enzyme
90,20230523,0.0,2,pa,1.0,1,,177.13310160427727,0.8543536334541475,0.0,,1.0,Enzyme
91,20230523,0.0,3,pa,1.0,1,,176.74613739201894,0.8355864682250607,0.0,,1.0,Enzyme
92,20230523,0.0,4,pa,1.0,1,,189.5467708761817,0.8354851201030726,0.0,,1.0,Enzyme
93,20230523,0.0,5,pa,1.0,1,,193.20204853969477,0.8169839220867612,0.0,,1.0,Enzyme
94,20230523,0.0,6,pa,1.0,1,,188.82177293294856,0.8030743418384239,0.0,,1.0,Enzyme
95,20230523,0.0,7,pa,1.0,1,,182.45965857671655,0.7040681568241034,0.0,,1.0,Enzyme
96,20230523,1.0,0,pa,1.0,2,,147.60269664975485,0.6347850650565814,0.0,,1.0,Enzyme
97,20230523,1.0,1,pa,1.0,2,,132.34953105717744,0.5896271972465392,0.0,,1.0,Enzyme
98,20230523,1.0,2,pa,1.0,2,,135.17036199094963,0.7172179945292845,0.0,,1.0,Enzyme
99,20230523,1.0,3,pa,1.0,2,,121.45957219251284,0.7133012729965973,0.0,,1.0,Enzyme
100,20230523,1.0,4,pa,1.0,2,,133.38245989304752,0.6008422871022168,0.0,,1.0,Enzyme
101,20230523,1.0,5,pa,1.0,2,,143.94083916083855,0.726823073338112,0.0,,1.0,Enzyme
102,20230523,1.0,6,pa,1.0,2,,149.8735870012334,0.7556127800598631,0.0,,1.0,Enzyme
103,20230523,1.0,7,pa,1.0,2,,110.47991772932905,0.5863196989372135,0.0,,1.0,Enzyme
104,20230524,0.0,0,pa,1.0,1,,260.2871612048071,0.80196507794893,0.0,,1.0,Saline
105,20230524,0.0,1,pa,1.0,1,,245.4733401892215,0.629082660443359,0.0,,1.0,Saline
106,20230524,0.0,2,pa,1.0,1,,258.03438914027043,0.6001130371834158,0.0,,1.0,Saline
107,20230524,0.0,3,pa,1.0,1,,248.75711229946413,0.7580589517284544,0.0,,1.0,Saline
108,20230524,0.0,4,pa,1.0,1,,220.947392019744,0.8009687030023702,0.0,,1.0,Saline
109,20230524,0.0,5,pa,1.0,1,,242.65246400658063,0.7399701989353602,0.0,,1.0,Saline
110,20230524,0.0,6,pa,1.0,1,,242.69206910736216,0.8081701390917679,0.0,,1.0,Saline
111,20230524,0.0,7,pa,1.0,1,,229.5420979020969,0.7432379541399641,0.0,,1.0,Saline
112,20230524,1.0,0,pa,1.0,1,,236.34276703688369,0.732056278786116,0.0,,1.0,Saline
113,20230524,1.0,1,pa,1.0,1,,209.85229123817265,0.7142371506033403,0.0,,1.0,Saline
114,20230524,1.0,2,pa,1.0,1,,228.3949609214305,0.815431716691684,0.0,,1.0,Saline
115,20230524,1.0,3,pa,1.0,1,,234.15893870834944,0.6532767478257462,0.0,,1.0,Saline
116,20230524,1.0,4,pa,1.0,1,,253.56714932126584,0.6450165785799946,0.0,,1.0,Saline
117,20230524,1.0,5,pa,1.0,1,,208.5082805429855,0.9643196018147736,0.0,,1.0,Saline
118,20230524,1.0,6,pa,1.0,1,,185.80789387083428,0.8493011483668713,0.0,,1.0,Saline
119,20230524,1.0,7,pa,1.0,1,,230.49768408062425,0.8892175388818222,0.0,,1.0,Saline
120,20230526,0.0,0,pa,1.0,1,1,227.9509575391918,0.8897024416886072,0.0,,1.0,Enzyme
121,20230526,0.0,1,pa,1.0,1,1,201.7503537638823,0.9158121281116304,0.0,,1.0,Enzyme
122,20230526,0.0,2,pa,1.0,1,1,182.20521184697571,0.9513441220370566,0.0,,1.0,Enzyme
123,20230526,0.0,3,pa,1.0,1,1,177.4322583299046,0.8668291193898732,0.0,,1.0,Enzyme
124,20230526,0.0,4,pa,1.0,1,1,156.45479638008985,0.9671711088218052,0.0,,1.0,Enzyme
125,20230526,0.0,5,pa,1.0,1,1,169.79564376799593,0.9266444204616544,0.0,,1.0,Enzyme
126,20230526,0.0,6,pa,1.0,1,1,183.77600575894616,1.1897886111149545,0.0,,1.0,Enzyme
127,20230526,0.0,7,pa,1.0,1,1,178.45366515837028,0.9493686156186368,0.0,,1.0,Enzyme
128,20230527,0.0,0,pa,1.0,,,363.5663741487255,0.7737321880604764,0.0,,1.0,Enzyme
129,20230527,0.0,1,pa,1.0,,,380.05046482928674,0.6511542779197157,0.0,,1.0,Enzyme
130,20230527,0.0,2,pa,1.0,,,325.6672603866707,0.6969993263829402,0.0,,1.0,Enzyme
131,20230527,0.0,3,pa,1.0,,,355.5320649938281,0.6983266305559823,0.0,,1.0,Enzyme
132,20230527,0.0,4,pa,1.0,,,353.93229946523905,0.6990634916163536,0.0,,1.0,Enzyme
133,20230527,0.0,5,pa,1.0,,,357.54736322500867,0.732078274127991,0.0,,1.0,Enzyme
134,20230527,0.0,6,pa,1.0,,,347.2525133689824,0.7254973443931245,0.0,,1.0,Enzyme
135,20230527,0.0,7,pa,1.0,,,374.0607733443012,0.6613206724917333,0.0,,1.0,Enzyme
136,20230504,5.0,0,pa,1.0,1,1,219.698974609375,0.7591767992122538,0.0,,1.0,Enzyme
137,20230504,5.0,1,pa,1.0,1,1,227.126708984375,0.6469955623411234,0.0,,1.0,Enzyme
138,20230504,5.0,2,pa,1.0,1,1,231.87884521484372,0.7080075818186877,0.0,,1.0,Enzyme
139,20230504,5.0,3,pa,1.0,1,1,243.9230194091797,0.7043039010461349,0.0,,1.0,Enzyme
140,20230504,5.0,4,pa,1.0,1,1,244.28927612304688,0.6409208868755609,0.0,,1.0,Enzyme
141,20230504,5.0,5,pa,1.0,1,1,242.6549530029297,0.5663592969482618,0.0,,1.0,Enzyme
142,20230504,5.0,6,pa,1.0,1,1,208.852294921875,0.6819200084114598,0.0,,1.0,Enzyme
143,20230504,5.0,7,pa,1.0,1,1,204.130126953125,0.63982151458233,0.0,,1.0,Enzyme
144,20230504,5.0,8,pa,1.0,1,1,223.2367248535156,0.6752222807496508,0.0,,1.0,Enzyme
145,20230504,5.0,9,pa,1.0,1,1,211.5841064453125,0.68862481159751,0.0,,1.0,Enzyme
146,20230504,5.0,10,pa,1.0,1,1,200.09536743164065,0.6484985126620373,0.0,,1.0,Enzyme
147,20230504,5.0,11,pa,1.0,1,1,221.9357147216797,0.7364767486470782,0.0,,1.0,Enzyme
148,20230504,5.0,12,pa,1.0,1,1,251.0692596435547,0.6268621212530441,0.0,,1.0,Enzyme
149,20230504,5.0,13,pa,1.0,1,1,315.60015869140625,0.5942270192352339,0.0,,1.0,Enzyme
150,20230504,6.0,0,pa,1.0,2,1,237.8067626953125,0.6807244535701997,0.0,,1.0,Enzyme
151,20230504,6.0,1,pa,1.0,2,1,260.1622619628906,0.6816322650874476,0.0,,1.0,Enzyme
152,20230504,6.0,2,pa,1.0,2,1,244.57757568359372,0.5994996549095752,0.0,,1.0,Enzyme
153,20230504,6.0,3,pa,1.0,2,1,231.2575836181641,0.6696798669288775,0.0,,1.0,Enzyme
154,20230504,6.0,4,pa,1.0,2,1,236.9051055908203,0.6261200966280178,0.0,,1.0,Enzyme
155,20230504,7.0,0,pa,1.0,4,1,240.7415008544922,0.6497765437635366,0.0,,1.0,Enzyme
156,20230504,7.0,1,pa,1.0,4,1,220.1530303955078,0.5745563531553248,0.0,,1.0,Enzyme
157,20230504,7.0,2,pa,1.0,4,1,266.4559936523437,0.5642250040798835,0.0,,1.0,Enzyme
158,20230504,7.0,3,pa,1.0,4,1,246.0401611328125,0.6599739763993817,0.0,,1.0,Enzyme
159,20230504,7.0,4,pa,1.0,4,1,198.52935791015625,0.6141744120385972,0.0,,1.0,Enzyme
160,20230504,7.0,5,pa,1.0,4,1,176.44590759277344,0.8020025435016898,0.0,,1.0,Enzyme
161,20230504,7.0,6,pa,1.0,4,1,167.8203125,0.7841112905417127,0.0,,1.0,Enzyme
162,20230504,7.0,7,pa,1.0,4,1,184.2326812744141,0.7087360876671411,0.0,,1.0,Enzyme
163,20230504,7.0,8,pa,1.0,4,1,190.5174560546875,0.8257093260721575,0.0,,1.0,Enzyme
164,20230504,7.0,9,pa,1.0,4,1,182.75863647460935,0.7725371110575967,0.0,,1.0,Enzyme
165,20230504,8.0,0,pa,1.0,5,1,182.9212951660156,0.6145142737730449,0.0,,1.0,Enzyme
166,20230504,8.0,1,pa,1.0,5,1,192.50152587890625,0.6411339665833005,0.0,,1.0,Enzyme
167,20230504,9.0,0,pa,1.0,6,1,235.6682281494141,0.598373588003426,0.0,,1.0,Enzyme
168,20230504,9.0,1,pa,1.0,6,1,227.73223876953125,0.5153944638205807,0.0,,1.0,Enzyme
169,20230504,9.0,2,pa,1.0,6,1,163.661865234375,0.807163501252699,0.0,,1.0,Enzyme
170,20230504,9.0,3,pa,1.0,6,1,227.88624572753903,0.6622019763297651,0.0,,1.0,Enzyme
171,20230504,9.0,4,pa,1.0,6,1,247.04660034179688,0.5284059784079638,0.0,,1.0,Enzyme
172,20230504,9.0,5,pa,1.0,6,1,241.66775512695312,0.6225005021348586,0.0,,1.0,Enzyme
173,20230504,9.0,6,pa,1.0,6,1,292.5675354003906,0.5857058046623607,0.0,,1.0,Enzyme
174,20230504,9.0,7,pa,1.0,6,1,243.09002685546875,0.5150405382111174,0.0,,1.0,Enzyme
175,20230504,9.0,8,pa,1.0,6,1,240.47494506835935,0.5150745699375037,0.0,,1.0,Enzyme
176,20230504,9.0,9,pa,1.0,6,1,284.8325500488281,0.4995044005347182,0.0,,1.0,Enzyme
177,20230504,9.0,10,pa,1.0,6,1,289.78985595703125,0.6514097470932931,0.0,,1.0,Enzyme
178,20230510,1.0,0,pa,1.0,1,1,233.6137237548828,0.6705583100819652,0.0,,1.0,Enzyme
179,20230510,1.0,1,pa,1.0,1,1,229.81808471679688,0.6624465374068684,0.0,,1.0,Enzyme
180,20230510,1.0,2,pa,1.0,1,1,247.15765380859372,0.57627234790613,0.0,,1.0,Enzyme
181,20230510,1.0,3,pa,1.0,1,1,240.8006591796875,0.7227002641508378,0.0,,1.0,Enzyme
182,20230510,1.0,4,pa,1.0,1,1,246.58697509765625,0.6645035057206456,0.0,,1.0,Enzyme
183,20230510,1.0,5,pa,1.0,1,1,244.82655334472656,0.7234643321783167,0.0,,1.0,Enzyme
184,20230510,1.0,6,pa,1.0,1,1,255.5916290283203,0.8641628815108007,0.0,,1.0,Enzyme
185,20230510,1.0,7,pa,1.0,1,1,294.5168762207031,0.8434680439554683,0.0,,1.0,Enzyme
186,20230510,1.0,8,pa,1.0,1,1,298.8851928710937,0.5814534225806227,0.0,,1.0,Enzyme
187,20230510,1.0,9,pa,1.0,1,1,262.60723876953125,0.5718237108575082,0.0,,1.0,Enzyme
188,20230510,1.0,10,pa,1.0,1,1,289.8458251953125,0.5813800665056874,0.0,,1.0,Enzyme
189,20230510,1.0,11,pa,1.0,1,1,280.17218017578125,0.5888415951767989,0.0,,1.0,Enzyme
190,20230510,1.0,12,pa,1.0,1,1,269.19464111328125,0.6066984174488468,0.0,,1.0,Enzyme
191,20230510,1.0,13,pa,1.0,1,1,234.4817047119141,0.6664757399579528,0.0,,1.0,Enzyme
192,20230510,1.0,14,pa,1.0,1,1,243.4134826660156,0.5251747543923706,0.0,,1.0,Enzyme
193,20230510,1.0,15,pa,1.0,1,1,283.7670593261719,0.5711166962564569,0.0,,1.0,Enzyme
194,20230510,1.0,16,pa,1.0,1,1,322.96954345703125,0.6308319076773721,0.0,,1.0,Enzyme
195,20230510,2.0,0,pa,1.0,2,1,370.9905395507813,0.6114196104549983,0.0,,1.0,Enzyme
196,20230510,2.0,1,pa,1.0,2,1,396.0937805175781,0.657321716323235,0.0,,1.0,Enzyme
197,20230510,2.0,2,pa,1.0,2,1,349.32891845703125,0.7164256517934824,0.0,,1.0,Enzyme
198,20230510,2.0,3,pa,1.0,2,1,341.9642639160156,0.5357671286249435,0.0,,1.0,Enzyme
199,20230510,2.0,4,pa,1.0,2,1,352.0127868652344,0.6053198254569487,0.0,,1.0,Enzyme
200,20230510,2.0,5,pa,1.0,2,1,313.9540710449219,0.5541764502301945,0.0,,1.0,Enzyme
201,20230510,2.0,6,pa,1.0,2,1,304.13525390625,0.6115108323919856,0.0,,1.0,Enzyme
202,20230510,2.0,7,pa,1.0,2,1,329.34588623046875,0.5907195762089152,0.0,,1.0,Enzyme
203,20230510,2.0,8,pa,1.0,2,1,332.5733642578125,0.6326931040930397,0.0,,1.0,Enzyme
204,20230510,2.0,9,pa,1.0,2,1,322.9373474121094,0.4896652667650372,0.0,,1.0,Enzyme
205,20230510,2.0,10,pa,1.0,2,1,349.3364562988281,0.5189563707146654,0.0,,1.0,Enzyme
206,20230510,2.0,11,pa,1.0,2,1,361.822998046875,0.6048043883428136,0.0,,1.0,Enzyme
207,20230510,2.0,12,pa,1.0,2,1,386.5006713867188,0.5365469373876017,0.0,,1.0,Enzyme
208,20230510,2.0,13,pa,1.0,2,1,356.60845947265625,0.4848690280711913,0.0,,1.0,Enzyme
209,20230510,2.0,14,pa,1.0,2,1,418.5885314941406,0.5354004450686283,0.0,,1.0,Enzyme
210,20230510,2.0,15,pa,1.0,2,1,360.6290893554688,0.7626058765551953,0.0,,1.0,Enzyme
211,20230510,2.0,16,pa,1.0,2,1,393.323486328125,0.5772521891418343,0.0,,1.0,Enzyme
212,20230510,3.0,0,pa,1.0,3,1,235.1818084716797,0.6115502887882762,0.0,,1.0,Enzyme
213,20230510,3.0,1,pa,1.0,3,1,244.51063537597656,0.582729672171503,0.0,,1.0,Enzyme
214,20230510,3.0,2,pa,1.0,3,1,217.96160888671875,0.6014227790388809,0.0,,1.0,Enzyme
215,20230510,3.0,3,pa,1.0,3,1,260.4447631835937,0.575771517624176,0.0,,1.0,Enzyme
216,20230510,3.0,4,pa,1.0,3,1,226.14874267578125,0.6382658780394053,0.0,,1.0,Enzyme
217,20230510,3.0,5,pa,1.0,3,1,252.27276611328125,0.5652523306770689,0.0,,1.0,Enzyme
218,20230510,3.0,6,pa,1.0,3,1,246.54193115234372,0.5627529654306684,0.0,,1.0,Enzyme
219,20230510,3.0,7,pa,1.0,3,1,232.043701171875,0.5495200894610157,0.0,,1.0,Enzyme
220,20230510,3.0,8,pa,1.0,3,1,241.6348571777344,0.5502362383024391,0.0,,1.0,Enzyme
221,20230510,3.0,9,pa,1.0,3,1,241.3868865966797,0.6177964810396475,0.0,,1.0,Enzyme
222,20230510,3.0,10,pa,1.0,3,1,267.655029296875,0.5816659557274448,0.0,,1.0,Enzyme
223,20230510,3.0,11,pa,1.0,3,1,272.7168884277344,0.5949534469970992,0.0,,1.0,Enzyme
224,20230510,3.0,12,pa,1.0,3,1,263.2027282714844,0.5369962200374445,0.0,,1.0,Enzyme
225,20230510,3.0,13,pa,1.0,3,1,256.18719482421875,0.5784306413571727,0.0,,1.0,Enzyme
226,20230510,3.0,14,pa,1.0,3,1,280.1478576660156,0.5740728555917549,0.0,,1.0,Enzyme
227,20230510,3.0,15,pa,1.0,3,1,265.2650146484375,0.6325690380108497,0.0,,1.0,Enzyme
228,20230510,3.0,16,pa,1.0,3,1,254.6270446777344,0.6925554248825492,0.0,,1.0,Enzyme
229,20230510,4.0,0,pa,1.0,4,1,439.7405700683594,0.5343782312046947,0.0,,1.0,Enzyme
230,20230510,4.0,1,pa,1.0,4,1,367.76416015625,0.5565345991012762,0.0,,1.0,Enzyme
231,20230510,4.0,2,pa,1.0,4,1,286.7009582519531,0.5797068831791954,0.0,,1.0,Enzyme
232,20230510,4.0,3,pa,1.0,4,1,233.05926513671875,0.7733015187414232,0.0,,1.0,Enzyme
233,20230510,4.0,4,pa,1.0,4,1,322.28173828125,0.5764713103402492,0.0,,1.0,Enzyme
234,20230510,4.0,5,pa,1.0,4,1,239.8383026123047,0.6712701191460475,0.0,,1.0,Enzyme
235,20230510,4.0,6,pa,1.0,4,1,238.9010772705078,0.567244051297866,0.0,,1.0,Enzyme
236,20230510,4.0,7,pa,1.0,4,1,290.60302734375,0.5881903542646292,0.0,,1.0,Enzyme
237,20230510,4.0,8,pa,1.0,4,1,289.8912353515625,0.5388593311364112,0.0,,1.0,Enzyme
238,20230510,4.0,9,pa,1.0,4,1,279.2370910644531,0.6906688074766869,0.0,,1.0,Enzyme
239,20230510,4.0,10,pa,1.0,4,1,276.6757507324219,0.5773847784191837,0.0,,1.0,Enzyme
240,20230510,4.0,11,pa,1.0,4,1,337.3814697265625,0.6408565444421193,0.0,,1.0,Enzyme
241,20230510,4.0,12,pa,1.0,4,1,326.7799072265625,0.565438702328958,0.0,,1.0,Enzyme
242,20230510,4.0,13,pa,1.0,4,1,264.07037353515625,0.7807344174822148,0.0,,1.0,Enzyme
243,20230510,4.0,14,pa,1.0,4,1,277.0671691894531,0.6430937734675055,0.0,,1.0,Enzyme
244,20230510,4.0,15,pa,1.0,4,1,235.8813018798828,0.6067497301125968,0.0,,1.0,Enzyme
245,20230510,4.0,16,pa,1.0,4,1,241.5214385986328,0.5771034496466143,0.0,,1.0,Enzyme
246,20230510,5.0,0,pa,1.0,5,1,252.9340667724609,0.8411646509360988,0.0,,1.0,Enzyme
247,20230510,5.0,1,pa,1.0,5,1,256.4783630371094,0.6497732522060353,0.0,,1.0,Enzyme
248,20230510,5.0,2,pa,1.0,5,1,267.998291015625,0.6490844749397482,0.0,,1.0,Enzyme
249,20230510,5.0,3,pa,1.0,5,1,260.9703369140625,0.6990708081728769,0.0,,1.0,Enzyme
250,20230510,5.0,4,pa,1.0,5,1,344.7140808105469,0.5992106121886849,0.0,,1.0,Enzyme
251,20230510,5.0,5,pa,1.0,5,1,281.2166442871094,0.6933201741878392,0.0,,1.0,Enzyme
252,20230510,5.0,6,pa,1.0,5,1,297.13397216796875,0.5770052216315804,0.0,,1.0,Enzyme
253,20230510,5.0,7,pa,1.0,5,1,285.59259033203125,0.5342310606621048,0.0,,1.0,Enzyme
254,20230510,5.0,8,pa,1.0,5,1,292.4062805175781,0.4571578306122532,0.0,,1.0,Enzyme
255,20230510,5.0,9,pa,1.0,5,1,279.83673095703125,0.6593078493095703,0.0,,1.0,Enzyme
256,20230510,5.0,10,pa,1.0,5,1,258.8310241699219,0.4673056329108362,0.0,,1.0,Enzyme
257,20230510,5.0,11,pa,1.0,5,1,308.4119873046875,0.5423567539805347,0.0,,1.0,Enzyme
258,20230510,5.0,12,pa,1.0,5,1,298.1649475097656,0.5420550233966068,0.0,,1.0,Enzyme
259,20230510,5.0,13,pa,1.0,5,1,314.8200378417969,0.7269585422454234,0.0,,1.0,Enzyme
260,20230510,5.0,14,pa,1.0,5,1,254.42474365234372,0.6145215871532201,0.0,,1.0,Enzyme
261,20230510,5.0,15,pa,1.0,5,1,274.9215393066406,0.555627051219183,0.0,,1.0,Enzyme
262,20230510,5.0,16,pa,1.0,5,1,283.927978515625,0.5027189679298338,0.0,,1.0,Enzyme
263,20230510,6.0,0,pa,1.0,6,1,173.91151428222656,0.6976381050485472,0.0,,1.0,Enzyme
264,20230510,6.0,1,pa,1.0,6,1,172.462158203125,1.0628200545871245,0.0,,1.0,Enzyme
265,20230510,6.0,2,pa,1.0,6,1,189.3734588623047,1.0408271988552542,0.0,,1.0,Enzyme
266,20230510,6.0,3,pa,1.0,6,1,195.2681121826172,0.8040152140623036,0.0,,1.0,Enzyme
267,20230510,6.0,4,pa,1.0,6,1,195.12432861328125,0.8063583953500384,0.0,,1.0,Enzyme
268,20230510,6.0,5,pa,1.0,6,1,188.35487365722656,0.5615628887606459,0.0,,1.0,Enzyme
269,20230510,6.0,6,pa,1.0,6,1,172.68988037109375,0.6902452833367487,0.0,,1.0,Enzyme
270,20230510,6.0,7,pa,1.0,6,1,199.54293823242188,0.5290705318817057,0.0,,1.0,Enzyme
271,20230510,6.0,8,pa,1.0,6,1,189.9596405029297,0.6057613555437253,0.0,,1.0,Enzyme
272,20230510,6.0,9,pa,1.0,6,1,162.37379455566406,0.6096606057639775,0.0,,1.0,Enzyme
273,20230510,6.0,10,pa,1.0,6,1,161.33302307128906,0.5201493974633085,0.0,,1.0,Enzyme
274,20230510,6.0,11,pa,1.0,6,1,179.09107971191406,0.5200741367480575,0.0,,1.0,Enzyme
275,20230510,6.0,12,pa,1.0,6,1,189.1151885986328,0.582441833296885,0.0,,1.0,Enzyme
276,20230510,6.0,13,pa,1.0,6,1,198.82571411132807,0.5717537514585036,0.0,,1.0,Enzyme
277,20230510,6.0,14,pa,1.0,6,1,189.38934326171875,0.5668744826507393,0.0,,1.0,Enzyme
278,20230510,7.0,0,pea,1.0,1,1,154.4029541015625,0.5919332937639936,0.0,,1.0,Enzyme
279,20230510,7.0,1,pea,1.0,1,1,202.5319061279297,0.5124720227694155,0.0,,1.0,Enzyme
280,20230510,7.0,2,pea,1.0,1,1,174.65350341796875,0.609018944472048,0.0,,1.0,Enzyme
281,20230510,7.0,3,pea,1.0,1,1,139.04669189453125,0.6215744963967929,0.0,,1.0,Enzyme
282,20230510,7.0,4,pea,1.0,1,1,139.7766571044922,0.6539158586751306,0.0,,1.0,Enzyme
283,20230510,7.0,5,pea,1.0,1,1,137.4550323486328,0.6106350837141825,0.0,,1.0,Enzyme
284,20230510,7.0,6,pea,1.0,1,1,139.98776245117188,0.6072023300844087,0.0,,1.0,Enzyme
285,20230510,7.0,7,pea,1.0,1,1,157.22653198242188,0.8539156527942602,0.0,,1.0,Enzyme
286,20230510,7.0,8,pea,1.0,1,1,147.06961059570312,0.7024053372212258,0.0,,1.0,Enzyme
287,20230510,7.0,9,pea,1.0,1,1,137.90542602539062,0.7225534679468062,0.0,,1.0,Enzyme
288,20230510,7.0,10,pea,1.0,1,1,146.6378936767578,0.5423817330080389,0.0,,1.0,Enzyme
289,20230510,7.0,11,pea,1.0,1,1,131.08677673339844,0.5509559123632322,0.0,,1.0,Enzyme
290,20230510,7.0,12,pea,1.0,1,1,135.47787475585938,0.7082919143578223,0.0,,1.0,Enzyme
291,20230510,7.0,13,pea,1.0,1,1,126.02325439453124,0.6605611854743323,0.0,,1.0,Enzyme
292,20230510,7.0,14,pea,1.0,1,1,146.35693359375,0.5995547011881293,0.0,,1.0,Enzyme
293,20230510,7.0,15,pea,1.0,1,1,147.95458984375,0.5980652840465162,0.0,,1.0,Enzyme
294,20230510,7.0,16,pea,1.0,1,1,127.49784088134766,0.5803053466142103,0.0,,1.0,Enzyme
295,20230510,8.0,0,pea,1.0,2,1,256.012451171875,0.8654679331156068,0.0,,1.0,Enzyme
296,20230510,8.0,1,pea,1.0,2,1,253.53399658203125,0.9358986479580054,0.0,,1.0,Enzyme
297,20230510,8.0,2,pea,1.0,2,1,226.26109313964844,0.6965136270915906,0.0,,1.0,Enzyme
298,20230510,8.0,3,pea,1.0,2,1,216.9142608642578,0.7232428182940289,0.0,,1.0,Enzyme
299,20230510,8.0,4,pea,1.0,2,1,256.1341247558594,0.6367230061473208,0.0,,1.0,Enzyme
300,20230510,8.0,5,pea,1.0,2,1,264.50323486328125,0.6801435985751603,0.0,,1.0,Enzyme
301,20230510,8.0,6,pea,1.0,2,1,331.6577453613281,0.4974183309383448,0.0,,1.0,Enzyme
302,20230510,8.0,7,pea,1.0,2,1,348.3505249023437,0.548529713619061,0.0,,1.0,Enzyme
303,20230510,8.0,8,pea,1.0,2,1,305.7113647460937,0.560044330575554,0.0,,1.0,Enzyme
304,20230510,8.0,9,pea,1.0,2,1,285.8270263671875,0.6752402805252906,0.0,,1.0,Enzyme
305,20230510,8.0,10,pea,1.0,2,1,312.740234375,0.6317086885360226,0.0,,1.0,Enzyme
306,20230510,8.0,11,pea,1.0,2,1,269.2250061035156,0.6544560168338407,0.0,,1.0,Enzyme
307,20230510,8.0,12,pea,1.0,2,1,271.7110290527344,0.6200988722598346,0.0,,1.0,Enzyme
308,20230510,8.0,13,pea,1.0,2,1,264.59478759765625,0.8102031123442437,0.0,,1.0,Enzyme
309,20230510,8.0,14,pea,1.0,2,1,338.02978515625,0.5171956165344831,0.0,,1.0,Enzyme
310,20230510,8.0,15,pea,1.0,2,1,270.86651611328125,0.6392197521162508,0.0,,1.0,Enzyme
311,20230510,8.0,16,pea,1.0,2,1,291.8987731933594,0.6094056373234373,0.0,,1.0,Enzyme
312,20230510,9.0,0,pea,1.0,3,1,248.63992309570312,0.5417916123838538,0.0,,1.0,Enzyme
313,20230510,9.0,1,pea,1.0,3,1,243.0880279541016,0.5924644432562616,0.0,,1.0,Enzyme
314,20230510,9.0,2,pea,1.0,3,1,263.0790100097656,0.5310321083633198,0.0,,1.0,Enzyme
315,20230510,9.0,3,pea,1.0,3,1,236.3120880126953,0.5499669262581186,0.0,,1.0,Enzyme
316,20230510,9.0,4,pea,1.0,3,1,189.62838745117188,0.578890381611135,0.0,,1.0,Enzyme
317,20230510,9.0,5,pea,1.0,3,1,215.3436737060547,0.5179675518316387,0.0,,1.0,Enzyme
318,20230510,9.0,6,pea,1.0,3,1,230.58067321777344,0.5155684204215589,0.0,,1.0,Enzyme
319,20230510,9.0,7,pea,1.0,3,1,216.2557373046875,0.5534426429670027,0.0,,1.0,Enzyme
320,20230510,9.0,8,pea,1.0,3,1,233.6992950439453,0.5614236799528101,0.0,,1.0,Enzyme
321,20230510,9.0,9,pea,1.0,3,1,248.50552368164065,0.5770217740189381,0.0,,1.0,Enzyme
322,20230510,10.0,0,pea,1.0,4,1,161.69161987304688,0.7742719540198131,0.0,,1.0,Enzyme
323,20230510,10.0,1,pea,1.0,4,1,192.65640258789065,0.6684867585877399,0.0,,1.0,Enzyme
324,20230510,10.0,2,pea,1.0,4,1,202.49777221679688,0.7082889459789712,0.0,,1.0,Enzyme
325,20230510,10.0,3,pea,1.0,4,1,161.01791381835938,0.8949495065983939,0.0,,1.0,Enzyme
326,20230510,10.0,4,pea,1.0,4,1,178.3119354248047,0.709180449841174,0.0,,1.0,Enzyme
327,20230510,10.0,5,pea,1.0,4,1,201.36231994628903,0.7202420812924331,0.0,,1.0,Enzyme
328,20230510,10.0,6,pea,1.0,4,1,181.6134796142578,0.526262746173483,0.0,,1.0,Enzyme
329,20230510,10.0,7,pea,1.0,4,1,186.3882293701172,0.6410904572973521,0.0,,1.0,Enzyme
330,20230510,10.0,8,pea,1.0,4,1,131.40797424316406,0.7991321790110995,0.0,,1.0,Enzyme
331,20230510,10.0,9,pea,1.0,4,1,120.66160583496094,0.6415590136205509,0.0,,1.0,Enzyme
332,20230510,10.0,10,pea,1.0,4,1,166.650634765625,0.6096242441758477,0.0,,1.0,Enzyme
333,20230510,10.0,11,pea,1.0,4,1,195.12200927734372,0.4898205307883359,0.0,,1.0,Enzyme
334,20230510,10.0,12,pea,1.0,4,1,213.166748046875,0.7286828864763564,0.0,,1.0,Enzyme
335,20230510,10.0,13,pea,1.0,4,1,243.6569366455078,0.5941433640605673,0.0,,1.0,Enzyme
336,20230510,10.0,14,pea,1.0,4,1,193.35118103027344,0.6789968686779098,0.0,,1.0,Enzyme
337,20230510,11.0,0,pea,1.0,5,1,161.63800048828125,0.8373075879223677,0.0,,1.0,Enzyme
338,20230510,11.0,1,pea,1.0,5,1,154.05520629882812,1.033781489092359,0.0,,1.0,Enzyme
339,20230510,11.0,2,pea,1.0,5,1,168.78573608398438,0.9309976726018938,0.0,,1.0,Enzyme
340,20230510,11.0,3,pea,1.0,5,1,146.9134521484375,1.2223862648786668,0.0,,1.0,Enzyme
341,20230510,11.0,4,pea,1.0,5,1,166.57733154296875,1.0997980821226516,0.0,,1.0,Enzyme
342,20230510,11.0,5,pea,1.0,5,1,158.9607696533203,0.7079964065937325,0.0,,1.0,Enzyme
343,20230510,11.0,6,pea,1.0,5,1,173.65757751464844,0.7516132734182221,0.0,,1.0,Enzyme
344,20230510,11.0,7,pea,1.0,5,1,176.7030029296875,0.6545475281364013,0.0,,1.0,Enzyme
345,20230510,12.0,0,pea,1.0,6,1,347.8468933105469,0.5110983480858771,0.0,,1.0,Enzyme
346,20230510,12.0,1,pea,1.0,6,1,286.87030029296875,0.521207984106276,0.0,,1.0,Enzyme
347,20230510,12.0,2,pea,1.0,6,1,333.4456787109375,0.5488638633714018,0.0,,1.0,Enzyme
348,20230510,12.0,3,pea,1.0,6,1,319.88946533203125,0.5301327300729461,0.0,,1.0,Enzyme
349,20230510,12.0,4,pea,1.0,6,1,281.5763244628906,0.6295127328376822,0.0,,1.0,Enzyme
350,20230510,12.0,5,pea,1.0,6,1,274.6839599609375,0.5662393151960927,0.0,,1.0,Enzyme
351,20230510,12.0,6,pea,1.0,6,1,286.28436279296875,0.6419877623881369,0.0,,1.0,Enzyme
352,20230510,12.0,7,pea,1.0,6,1,256.2182922363281,0.6395142083205521,0.0,,1.0,Enzyme
353,20230511,1.0,0,pa,1.0,1,1,253.90084838867188,0.6752119972175059,0.0,,1.0,Enzyme
354,20230511,1.0,1,pa,1.0,1,1,229.11050415039065,0.7802949479431973,0.0,,1.0,Enzyme
355,20230511,1.0,2,pa,1.0,1,1,229.1692047119141,0.5550244684680941,0.0,,1.0,Enzyme
356,20230511,1.0,3,pa,1.0,1,1,235.2129364013672,0.6221715870173341,0.0,,1.0,Enzyme
357,20230511,1.0,4,pa,1.0,1,1,230.9525604248047,0.7189830814161251,0.0,,1.0,Enzyme
358,20230511,1.0,5,pa,1.0,1,1,241.2163543701172,0.6478662275408631,0.0,,1.0,Enzyme
359,20230511,1.0,6,pa,1.0,1,1,239.90548706054688,0.7299935012443513,0.0,,1.0,Enzyme
360,20230511,1.0,7,pa,1.0,1,1,254.45230102539065,0.7397886209694491,0.0,,1.0,Enzyme
361,20230511,1.0,8,pa,1.0,1,1,229.4973297119141,0.6590645997159505,0.0,,1.0,Enzyme
362,20230511,1.0,9,pa,1.0,1,1,263.4363098144531,0.6012107869009533,0.0,,1.0,Enzyme
363,20230511,1.0,10,pa,1.0,1,1,269.9105834960937,0.6043795385820196,0.0,,1.0,Enzyme
364,20230511,1.0,11,pa,1.0,1,1,231.09396362304688,0.5444256307135369,0.0,,1.0,Enzyme
365,20230511,1.0,12,pa,1.0,1,1,187.0255584716797,0.6245132850934638,0.0,,1.0,Enzyme
366,20230511,1.0,13,pa,1.0,1,1,196.44227600097656,0.6275653480805801,0.0,,1.0,Enzyme
367,20230511,1.0,14,pa,1.0,1,1,204.1485137939453,0.6124589067254256,0.0,,1.0,Enzyme
368,20230511,1.0,15,pa,1.0,1,1,169.45419311523438,0.8621528763122086,0.0,,1.0,Enzyme
369,20230511,1.0,16,pa,1.0,1,1,165.49478149414062,0.7937284287838011,0.0,,1.0,Enzyme
370,20230511,2.0,0,pa,1.0,2,1,283.75689697265625,0.7159272465630071,0.0,,1.0,Enzyme
371,20230511,2.0,1,pa,1.0,2,1,223.14468383789065,0.7852365377859716,0.0,,1.0,Enzyme
372,20230511,2.0,2,pa,1.0,2,1,182.9093475341797,0.8879170745214715,0.0,,1.0,Enzyme
373,20230511,2.0,3,pa,1.0,2,1,128.46714782714844,0.5330309039034393,0.0,,1.0,Enzyme
374,20230511,2.0,4,pa,1.0,2,1,141.3695831298828,0.6247790077441948,0.0,,1.0,Enzyme
375,20230511,2.0,5,pa,1.0,2,1,159.55694580078125,0.5365371822659757,0.0,,1.0,Enzyme
376,20230511,2.0,6,pa,1.0,2,1,162.7158203125,0.6290862609100678,0.0,,1.0,Enzyme
377,20230511,2.0,7,pa,1.0,2,1,148.1691131591797,0.6018402183192837,0.0,,1.0,Enzyme
378,20230511,2.0,8,pa,1.0,2,1,142.5322723388672,0.4884058625995955,0.0,,1.0,Enzyme
379,20230511,2.0,9,pa,1.0,2,1,161.03359985351562,0.5366645550750722,0.0,,1.0,Enzyme
380,20230511,2.0,10,pa,1.0,2,1,147.62591552734375,0.7812875984822636,0.0,,1.0,Enzyme
381,20230511,3.0,0,pa,1.0,3,1,164.07432556152344,0.7135175768246924,0.0,,1.0,Enzyme
382,20230511,3.0,1,pa,1.0,3,1,163.99490356445312,0.6496152738289993,0.0,,1.0,Enzyme
383,20230511,3.0,2,pa,1.0,3,1,186.7878570556641,0.8510210869306896,0.0,,1.0,Enzyme
384,20230511,3.0,3,pa,1.0,3,1,201.16976928710935,0.7580527817326903,0.0,,1.0,Enzyme
385,20230511,3.0,4,pa,1.0,3,1,185.50119018554688,0.7635844540095036,0.0,,1.0,Enzyme
386,20230511,3.0,5,pa,1.0,3,1,173.69386291503906,0.7182290283833765,0.0,,1.0,Enzyme
387,20230511,3.0,6,pa,1.0,3,1,167.9536895751953,0.6964609953272038,0.0,,1.0,Enzyme
388,20230511,3.0,7,pa,1.0,3,1,152.46661376953125,0.839387180202225,0.0,,1.0,Enzyme
389,20230511,3.0,8,pa,1.0,3,1,162.9195098876953,0.7595016412209397,0.0,,1.0,Enzyme
390,20230511,3.0,9,pa,1.0,3,1,165.61756896972656,0.6962951520830565,0.0,,1.0,Enzyme
391,20230511,3.0,10,pa,1.0,3,1,179.21202087402344,0.6778226589224658,0.0,,1.0,Enzyme
392,20230511,3.0,11,pa,1.0,3,1,176.4484405517578,0.6975978055461471,0.0,,1.0,Enzyme
393,20230511,3.0,12,pa,1.0,3,1,199.17059326171875,0.7129945600494434,0.0,,1.0,Enzyme
394,20230511,3.0,13,pa,1.0,3,1,181.4809417724609,0.5681652890306044,0.0,,1.0,Enzyme
395,20230511,3.0,14,pa,1.0,3,1,196.719970703125,0.5546356854108776,0.0,,1.0,Enzyme
396,20230511,3.0,15,pa,1.0,3,1,199.71463012695312,0.7156334806393474,0.0,,1.0,Enzyme
397,20230511,3.0,16,pa,1.0,3,1,236.19696044921875,0.6746727051506536,0.0,,1.0,Enzyme
398,20230511,4.0,0,pa,1.0,4,1,167.28392028808594,0.664512480048149,0.0,,1.0,Enzyme
399,20230511,4.0,1,pa,1.0,4,1,155.7830352783203,0.584559862325726,0.0,,1.0,Enzyme
400,20230511,4.0,2,pa,1.0,4,1,126.38642120361328,0.6438024334684762,0.0,,1.0,Enzyme
401,20230511,4.0,3,pa,1.0,4,1,138.58975219726562,0.5385284049558265,0.0,,1.0,Enzyme
402,20230511,4.0,4,pa,1.0,4,1,132.50413513183594,0.5349451611370419,0.0,,1.0,Enzyme
403,20230511,4.0,5,pa,1.0,4,1,129.85325622558594,0.5647446785064094,0.0,,1.0,Enzyme
404,20230511,4.0,6,pa,1.0,4,1,116.6468276977539,0.5888877043080463,0.0,,1.0,Enzyme
405,20230511,4.0,7,pa,1.0,4,1,129.55726623535156,0.490959448094781,0.0,,1.0,Enzyme
406,20230511,4.0,8,pa,1.0,4,1,133.14486694335938,0.5115662339536602,0.0,,1.0,Enzyme
407,20230511,4.0,9,pa,1.0,4,1,137.73092651367188,0.5567560397955216,0.0,,1.0,Enzyme
408,20230511,4.0,10,pa,1.0,4,1,153.69656372070312,0.5534791895979527,0.0,,1.0,Enzyme
409,20230511,4.0,11,pa,1.0,4,1,136.2012939453125,0.4917278726554652,0.0,,1.0,Enzyme
410,20230511,4.0,12,pa,1.0,4,1,143.85116577148438,0.4867612301246673,0.0,,1.0,Enzyme
411,20230511,4.0,13,pa,1.0,4,1,137.46701049804688,0.5702739852090755,0.0,,1.0,Enzyme
412,20230511,4.0,14,pa,1.0,4,1,142.35015869140625,0.5088025856187048,0.0,,1.0,Enzyme
413,20230511,4.0,15,pa,1.0,4,1,129.17706298828125,0.6250959699904222,0.0,,1.0,Enzyme
414,20230511,4.0,16,pa,1.0,4,1,130.83753967285156,0.4731116124311239,0.0,,1.0,Enzyme
415,20230511,5.0,0,pa,1.0,5,1,178.05838012695312,0.6795146017895171,0.0,,1.0,Enzyme
416,20230511,5.0,1,pa,1.0,5,1,179.07553100585938,0.8162250890045897,0.0,,1.0,Enzyme
417,20230511,5.0,2,pa,1.0,5,1,178.17430114746094,0.656263760774646,0.0,,1.0,Enzyme
418,20230511,5.0,3,pa,1.0,5,1,187.00958251953125,0.6165683375934918,0.0,,1.0,Enzyme
419,20230511,5.0,4,pa,1.0,5,1,247.5790557861328,0.674503416225047,0.0,,1.0,Enzyme
420,20230511,5.0,5,pa,1.0,5,1,228.1817321777344,0.6375894959489479,0.0,,1.0,Enzyme
421,20230511,5.0,6,pa,1.0,5,1,227.8954315185547,0.5474115805476103,0.0,,1.0,Enzyme
422,20230511,5.0,7,pa,1.0,5,1,224.9720001220703,0.5805546503172607,0.0,,1.0,Enzyme
423,20230511,5.0,8,pa,1.0,5,1,222.18247985839844,0.6268103852933713,0.0,,1.0,Enzyme
424,20230511,5.0,9,pa,1.0,5,1,251.78091430664065,0.5893236295220952,0.0,,1.0,Enzyme
425,20230511,5.0,10,pa,1.0,5,1,234.1444091796875,0.633139999133931,0.0,,1.0,Enzyme
426,20230511,5.0,11,pa,1.0,5,1,235.0449676513672,0.6338410068924851,0.0,,1.0,Enzyme
427,20230511,6.0,0,pa,1.0,6,1,122.02477264404295,0.5235797647117373,0.0,,1.0,Enzyme
428,20230511,6.0,1,pa,1.0,6,1,145.69541931152344,0.4729641316608166,0.0,,1.0,Enzyme
429,20230511,6.0,2,pa,1.0,6,1,104.45865631103516,0.6332962729412337,0.0,,1.0,Enzyme
430,20230511,6.0,3,pa,1.0,6,1,124.68739318847656,0.4782336450583919,0.0,,1.0,Enzyme
431,20230511,6.0,4,pa,1.0,6,1,149.47732543945312,0.4808150984044737,0.0,,1.0,Enzyme
432,20230511,6.0,5,pa,1.0,6,1,134.64064025878906,0.5090207750685884,0.0,,1.0,Enzyme
433,20230511,6.0,6,pa,1.0,6,1,132.07696533203125,0.4709941839118698,0.0,,1.0,Enzyme
434,20230511,6.0,7,pa,1.0,6,1,110.6073989868164,0.497055222458119,0.0,,1.0,Enzyme
435,20230511,6.0,8,pa,1.0,6,1,120.87847137451172,0.5898681580862082,0.0,,1.0,Enzyme
436,20230511,6.0,9,pa,1.0,6,1,116.9622802734375,0.5300387780859808,0.0,,1.0,Enzyme
437,20230511,6.0,10,pa,1.0,6,1,92.85202026367188,0.7707293411573595,0.0,,1.0,Enzyme
438,20230512,3.0,0,pa,1.0,1,1,254.74093627929688,0.7137382412935303,0.0,,1.0,Saline
439,20230512,3.0,1,pa,1.0,1,1,214.06158447265625,0.7205019729961855,0.0,,1.0,Saline
440,20230512,3.0,2,pa,1.0,1,1,217.6273956298828,0.5705275050425129,0.0,,1.0,Saline
441,20230512,3.0,3,pa,1.0,1,1,243.3924102783203,0.8070769936038964,0.0,,1.0,Saline
442,20230512,3.0,4,pa,1.0,1,1,184.6902618408203,0.8995670681236803,0.0,,1.0,Saline
443,20230512,3.0,5,pa,1.0,1,1,187.74533081054688,0.9698978548090552,0.0,,1.0,Saline
444,20230512,3.0,6,pa,1.0,1,1,211.1778259277344,0.7330130728681965,0.0,,1.0,Saline
445,20230512,3.0,7,pa,1.0,1,1,234.8849029541016,0.6018972060877026,0.0,,1.0,Saline
446,20230512,3.0,8,pa,1.0,1,1,217.9873809814453,0.6457269181521639,0.0,,1.0,Saline
447,20230512,3.0,9,pa,1.0,1,1,261.8633117675781,0.8362197097799076,0.0,,1.0,Saline
448,20230512,3.0,10,pa,1.0,1,1,242.69509887695312,0.7400853988058209,0.0,,1.0,Saline
449,20230512,3.0,11,pa,1.0,1,1,242.8305206298828,0.7192983942560147,0.0,,1.0,Saline
450,20230512,3.0,12,pa,1.0,1,1,215.4788818359375,0.7157407685445456,0.0,,1.0,Saline
451,20230512,3.0,13,pa,1.0,1,1,226.0497894287109,0.7509946362814226,0.0,,1.0,Saline
452,20230512,3.0,14,pa,1.0,1,1,196.20030212402344,0.7723395022600279,0.0,,1.0,Saline
453,20230512,3.0,15,pa,1.0,1,1,221.77532958984372,0.8869915798304042,0.0,,1.0,Saline
454,20230512,3.0,16,pa,1.0,1,1,263.0841064453125,0.8246723110674914,0.0,,1.0,Saline
455,20230512,4.0,0,pa,1.0,2,1,243.77194213867188,0.6509398184808681,0.0,,1.0,Saline
456,20230512,4.0,1,pa,1.0,2,1,204.46282958984372,0.6971625265376673,0.0,,1.0,Saline
457,20230512,4.0,2,pa,1.0,2,1,209.0611572265625,1.0823224300300751,0.0,,1.0,Saline
458,20230512,4.0,3,pa,1.0,2,1,212.1130828857422,0.8249789855133827,0.0,,1.0,Saline
459,20230512,4.0,4,pa,1.0,2,1,214.51792907714844,0.7136558600488847,0.0,,1.0,Saline
460,20230512,4.0,5,pa,1.0,2,1,213.23516845703125,0.6950872402119082,0.0,,1.0,Saline
461,20230512,4.0,6,pa,1.0,2,1,229.8262481689453,0.7861398739890539,0.0,,1.0,Saline
462,20230512,4.0,7,pa,1.0,2,1,184.59629821777344,1.150031124765427,0.0,,1.0,Saline
463,20230512,4.0,8,pa,1.0,2,1,201.9840087890625,0.7842898569625163,0.0,,1.0,Saline
464,20230512,4.0,9,pa,1.0,2,1,220.8873291015625,0.6828260006346341,0.0,,1.0,Saline
465,20230512,4.0,10,pa,1.0,2,1,241.7322540283203,0.6536171955965351,0.0,,1.0,Saline
466,20230512,4.0,11,pa,1.0,2,1,199.24044799804688,0.6784993648533195,0.0,,1.0,Saline
467,20230512,4.0,12,pa,1.0,2,1,210.32318115234372,0.911206438611572,0.0,,1.0,Saline
468,20230512,4.0,13,pa,1.0,2,1,227.9669647216797,0.7471188572672567,0.0,,1.0,Saline
469,20230512,4.0,14,pa,1.0,2,1,250.4988555908203,0.6241524865592112,0.0,,1.0,Saline
470,20230512,4.0,15,pa,1.0,2,1,226.8839569091797,0.7193808930746606,0.0,,1.0,Saline
471,20230512,4.0,16,pa,1.0,2,1,218.8610382080078,0.514935454434827,0.0,,1.0,Saline
472,20230512,5.0,0,pa,1.0,3,1,334.1192932128906,0.6119089819601555,0.0,,1.0,Saline
473,20230512,5.0,1,pa,1.0,3,1,300.3240966796875,0.5095378715046248,0.0,,1.0,Saline
474,20230512,5.0,2,pa,1.0,3,1,346.26470947265625,0.7309973931205871,0.0,,1.0,Saline
475,20230512,5.0,3,pa,1.0,3,1,392.1982421875,0.8083074151293257,0.0,,1.0,Saline
476,20230512,5.0,4,pa,1.0,3,1,396.5863952636719,0.589825780081636,0.0,,1.0,Saline
477,20230512,5.0,5,pa,1.0,3,1,426.41595458984375,0.7255229402242716,0.0,,1.0,Saline
478,20230512,5.0,6,pa,1.0,3,1,395.1490173339844,0.6653355573586399,0.0,,1.0,Saline
479,20230512,5.0,7,pa,1.0,3,1,427.7682189941406,0.6569884520857343,0.0,,1.0,Saline
480,20230512,5.0,8,pa,1.0,3,1,378.072265625,0.6314708194389329,0.0,,1.0,Saline
481,20230512,5.0,9,pa,1.0,3,1,405.3801879882813,0.606624351699141,0.0,,1.0,Saline
482,20230512,5.0,10,pa,1.0,3,1,448.8949890136719,0.5816815963393971,0.0,,1.0,Saline
483,20230512,5.0,11,pa,1.0,3,1,333.6978759765625,0.589911475016569,0.0,,1.0,Saline
484,20230512,5.0,12,pa,1.0,3,1,367.5707702636719,0.5824445455489737,0.0,,1.0,Saline
485,20230512,5.0,13,pa,1.0,3,1,341.910400390625,0.5851261644615597,0.0,,1.0,Saline
486,20230512,5.0,14,pa,1.0,3,1,347.9666442871094,0.5559054623095303,0.0,,1.0,Saline
487,20230512,5.0,15,pa,1.0,3,1,369.7040100097656,0.6277005667813249,0.0,,1.0,Saline
488,20230512,5.0,16,pa,1.0,3,1,330.24908447265625,0.6613048024256578,0.0,,1.0,Saline
489,20230512,6.0,0,pa,1.0,4,1,165.5072479248047,0.8123808482471908,0.0,,1.0,Saline
490,20230512,6.0,1,pa,1.0,4,1,146.9489288330078,0.6590042225168489,0.0,,1.0,Saline
491,20230512,6.0,2,pa,1.0,4,1,131.49815368652344,0.8060139699583981,0.0,,1.0,Saline
492,20230512,6.0,3,pa,1.0,4,1,161.1641082763672,0.7505388479182642,0.0,,1.0,Saline
493,20230512,6.0,4,pa,1.0,4,1,186.0481719970703,0.5619959684457765,0.0,,1.0,Saline
494,20230512,6.0,5,pa,1.0,4,1,191.63427734375,0.631312337660562,0.0,,1.0,Saline
495,20230512,6.0,6,pa,1.0,4,1,176.37591552734375,0.6848149784368918,0.0,,1.0,Saline
496,20230512,6.0,7,pa,1.0,4,1,157.15139770507812,0.6446652478786419,0.0,,1.0,Saline
497,20230512,6.0,8,pa,1.0,4,1,166.62966918945312,0.7874875842417985,0.0,,1.0,Saline
498,20230512,6.0,9,pa,1.0,4,1,156.11322021484375,0.6811662160501673,0.0,,1.0,Saline
499,20230512,6.0,10,pa,1.0,4,1,165.22958374023438,0.6007806750650424,0.0,,1.0,Saline
500,20230512,6.0,11,pa,1.0,4,1,142.2357177734375,1.0160845220886063,0.0,,1.0,Saline
501,20230512,6.0,12,pa,1.0,4,1,152.63233947753906,0.8870126745375462,0.0,,1.0,Saline
502,20230512,6.0,13,pa,1.0,4,1,155.21517944335938,0.8506888296422819,0.0,,1.0,Saline
503,20230512,6.0,14,pa,1.0,4,1,171.3649139404297,0.8025468405797191,0.0,,1.0,Saline
504,20230512,6.0,15,pa,1.0,4,1,173.47080993652344,0.7748283019325068,0.0,,1.0,Saline
505,20230512,6.0,16,pa,1.0,4,1,139.33132934570312,0.9228500700231894,0.0,,1.0,Saline
506,20230512,7.0,0,pa,1.0,5,1,259.9902648925781,0.5920318877315758,0.0,,1.0,Saline
507,20230512,7.0,1,pa,1.0,5,1,260.9950256347656,0.742694869621257,0.0,,1.0,Saline
508,20230512,7.0,2,pa,1.0,5,1,280.8597106933594,0.6293532568638867,0.0,,1.0,Saline
509,20230512,7.0,3,pa,1.0,5,1,259.8619079589844,0.5890294936240181,0.0,,1.0,Saline
510,20230512,7.0,4,pa,1.0,5,1,249.1492462158203,0.5015329207158672,0.0,,1.0,Saline
511,20230512,7.0,5,pa,1.0,5,1,242.96099853515625,0.6203699202048973,0.0,,1.0,Saline
512,20230512,7.0,6,pa,1.0,5,1,243.8677673339844,0.614592377830931,0.0,,1.0,Saline
513,20230512,7.0,7,pa,1.0,5,1,235.3118896484375,0.581741158509832,0.0,,1.0,Saline
514,20230512,7.0,8,pa,1.0,5,1,214.20030212402344,0.5810351707887023,0.0,,1.0,Saline
515,20230512,7.0,9,pa,1.0,5,1,239.1021881103516,0.6593811225330413,0.0,,1.0,Saline
516,20230512,7.0,10,pa,1.0,5,1,233.2076568603516,0.6415309579591941,0.0,,1.0,Saline
517,20230512,7.0,11,pa,1.0,5,1,218.3988800048828,0.6727158330966461,0.0,,1.0,Saline
518,20230512,7.0,12,pa,1.0,5,1,207.16099548339844,0.7255988577693095,0.0,,1.0,Saline
519,20230512,7.0,13,pa,1.0,5,1,205.6101226806641,0.7001235360523559,0.0,,1.0,Saline
520,20230512,7.0,14,pa,1.0,5,1,202.8929443359375,0.7511616046234195,0.0,,1.0,Saline
521,20230512,7.0,15,pa,1.0,5,1,238.6559600830078,0.7402144370190022,0.0,,1.0,Saline
522,20230512,7.0,16,pa,1.0,5,1,222.56044006347656,0.752838109936274,0.0,,1.0,Saline
523,20230512,8.0,0,pa,1.0,6,1,195.7653350830078,0.8150353682533762,0.0,,1.0,Saline
524,20230512,8.0,1,pa,1.0,6,1,249.817626953125,0.6936582795543949,0.0,,1.0,Saline
525,20230512,8.0,2,pa,1.0,6,1,299.19146728515625,0.6133440752610468,0.0,,1.0,Saline
526,20230512,8.0,3,pa,1.0,6,1,271.5992736816406,0.638891391818543,0.0,,1.0,Saline
527,20230512,8.0,4,pa,1.0,6,1,207.5511474609375,0.592944627567487,0.0,,1.0,Saline
528,20230512,8.0,5,pa,1.0,6,1,202.60818481445312,0.5688647795232313,0.0,,1.0,Saline
529,20230512,8.0,6,pa,1.0,6,1,188.16651916503903,0.6110875952340074,0.0,,1.0,Saline
530,20230512,8.0,7,pa,1.0,6,1,224.69924926757807,0.6174888044904314,0.0,,1.0,Saline
531,20230512,8.0,8,pa,1.0,6,1,206.71456909179688,0.7580246930141818,0.0,,1.0,Saline
532,20230512,8.0,9,pa,1.0,6,1,257.6177978515625,0.6200111258706826,0.0,,1.0,Saline
533,20230512,8.0,10,pa,1.0,6,1,258.0525207519531,0.7154043419261917,0.0,,1.0,Saline
534,20230512,8.0,11,pa,1.0,6,1,272.4513244628906,0.6184085740859295,0.0,,1.0,Saline
535,20230512,8.0,12,pa,1.0,6,1,222.8856658935547,0.6518615485730486,0.0,,1.0,Saline
536,20230512,8.0,13,pa,1.0,6,1,177.196044921875,0.7590275104697781,0.0,,1.0,Saline
537,20230512,8.0,14,pa,1.0,6,1,209.10494995117188,0.6620818807542044,0.0,,1.0,Saline
538,20230512,8.0,15,pa,1.0,6,1,199.62136840820312,0.6646374231457557,0.0,,1.0,Saline
539,20230512,8.0,16,pa,1.0,6,1,209.7903594970703,0.5871433065942213,0.0,,1.0,Saline
540,20230512,9.0,0,pea,1.0,1,1,218.1134185791016,0.7059883797485647,0.0,,1.0,Saline
541,20230512,9.0,1,pea,1.0,1,1,172.99681091308594,0.7877585568152661,0.0,,1.0,Saline
542,20230512,9.0,2,pea,1.0,1,1,184.91961669921875,0.6629852139835855,0.0,,1.0,Saline
543,20230512,9.0,3,pea,1.0,1,1,207.72210693359372,0.8148693925246171,0.0,,1.0,Saline
544,20230512,9.0,4,pea,1.0,1,1,207.0391845703125,0.7844644735048689,0.0,,1.0,Saline
545,20230512,9.0,5,pea,1.0,1,1,214.5038299560547,0.8475103861619111,0.0,,1.0,Saline
546,20230512,9.0,6,pea,1.0,1,1,222.8329315185547,0.6273411897604504,0.0,,1.0,Saline
547,20230512,9.0,7,pea,1.0,1,1,274.5245361328125,0.6416729198642024,0.0,,1.0,Saline
548,20230512,9.0,8,pea,1.0,1,1,256.4111328125,0.6412681844329171,0.0,,1.0,Saline
549,20230512,9.0,9,pea,1.0,1,1,169.42161560058594,0.7482806970999896,0.0,,1.0,Saline
550,20230512,9.0,10,pea,1.0,1,1,238.43118286132807,0.683648903314328,0.0,,1.0,Saline
551,20230512,9.0,11,pea,1.0,1,1,240.8960418701172,0.7925287233962948,0.0,,1.0,Saline
552,20230512,9.0,12,pea,1.0,1,1,244.986083984375,0.809935785750298,0.0,,1.0,Saline
553,20230512,9.0,13,pea,1.0,1,1,210.3111572265625,0.919290157169943,0.0,,1.0,Saline
554,20230512,9.0,14,pea,1.0,1,1,217.01031494140625,0.7337800475309244,0.0,,1.0,Saline
555,20230512,9.0,15,pea,1.0,1,1,215.4019470214844,0.8279441328786206,0.0,,1.0,Saline
556,20230512,9.0,16,pea,1.0,1,1,247.72244262695312,0.9604172997013124,0.0,,1.0,Saline
557,20230512,10.0,0,pea,1.0,2,1,216.336181640625,0.7048997045651273,0.0,,1.0,Saline
558,20230512,10.0,1,pea,1.0,2,1,177.07803344726562,0.7068191856390111,0.0,,1.0,Saline
559,20230512,10.0,2,pea,1.0,2,1,171.32351684570312,0.82426015021111,0.0,,1.0,Saline
560,20230512,10.0,3,pea,1.0,2,1,177.42420959472656,0.8400746630308813,0.0,,1.0,Saline
561,20230512,10.0,4,pea,1.0,2,1,184.42984008789065,0.6585097564138902,0.0,,1.0,Saline
562,20230512,10.0,5,pea,1.0,2,1,174.24264526367188,0.7104182765449405,0.0,,1.0,Saline
563,20230512,10.0,6,pea,1.0,2,1,149.2609405517578,0.9644429796857974,0.0,,1.0,Saline
564,20230512,10.0,7,pea,1.0,2,1,185.30938720703125,1.069363362017194,0.0,,1.0,Saline
565,20230512,10.0,8,pea,1.0,2,1,137.86428833007812,0.9951814163007686,0.0,,1.0,Saline
566,20230512,10.0,9,pea,1.0,2,1,128.3977508544922,0.7584476685115433,0.0,,1.0,Saline
567,20230512,10.0,10,pea,1.0,2,1,114.54148864746094,1.1618181564836778,0.0,,1.0,Saline
568,20230512,10.0,11,pea,1.0,2,1,116.74120330810548,0.9440099061953332,0.0,,1.0,Saline
569,20230512,10.0,12,pea,1.0,2,1,121.3034896850586,0.8315747518207139,0.0,,1.0,Saline
570,20230512,10.0,13,pea,1.0,2,1,118.2209243774414,0.7808264581470965,0.0,,1.0,Saline
571,20230512,10.0,14,pea,1.0,2,1,112.2730712890625,0.9834583618118417,0.0,,1.0,Saline
572,20230512,10.0,15,pea,1.0,2,1,133.22193908691406,0.8618657047354983,0.0,,1.0,Saline
573,20230512,10.0,16,pea,1.0,2,1,145.7286376953125,0.697334403222861,0.0,,1.0,Saline
574,20230512,11.0,0,pea,1.0,3,1,186.7204132080078,0.6523394093363883,0.0,,1.0,Saline
575,20230512,11.0,1,pea,1.0,3,1,168.8284454345703,0.6696947442691492,0.0,,1.0,Saline
576,20230512,11.0,2,pea,1.0,3,1,152.48880004882812,0.6296590017963979,0.0,,1.0,Saline
577,20230512,11.0,3,pea,1.0,3,1,180.58636474609372,0.625849362431179,0.0,,1.0,Saline
578,20230512,11.0,4,pea,1.0,3,1,188.29315185546875,0.5898644488502516,0.0,,1.0,Saline
579,20230512,11.0,5,pea,1.0,3,1,164.497314453125,0.6707233249665254,0.0,,1.0,Saline
580,20230512,11.0,6,pea,1.0,3,1,173.60342407226562,0.6929864732836606,0.0,,1.0,Saline
581,20230512,11.0,7,pea,1.0,3,1,176.65773010253906,0.701738629211075,0.0,,1.0,Saline
582,20230512,11.0,8,pea,1.0,3,1,186.76577758789065,0.5513894695457164,0.0,,1.0,Saline
583,20230512,11.0,9,pea,1.0,3,1,184.9896240234375,0.6309148475783353,0.0,,1.0,Saline
584,20230512,11.0,10,pea,1.0,3,1,213.5633087158203,0.6045125283773025,0.0,,1.0,Saline
585,20230512,11.0,11,pea,1.0,3,1,150.85958862304688,0.6509792813606232,0.0,,1.0,Saline
586,20230512,11.0,12,pea,1.0,3,1,155.00595092773438,0.676480595764545,0.0,,1.0,Saline
587,20230512,11.0,13,pea,1.0,3,1,147.51181030273438,0.7058532212330189,0.0,,1.0,Saline
588,20230512,11.0,14,pea,1.0,3,1,209.9849548339844,0.7401558514734745,0.0,,1.0,Saline
589,20230512,11.0,15,pea,1.0,3,1,153.42642211914062,0.7808117380515949,0.0,,1.0,Saline
590,20230512,11.0,16,pea,1.0,3,1,165.05050659179688,0.600309634548168,0.0,,1.0,Saline
591,20230512,12.0,0,pea,1.0,4,1,157.0229949951172,0.7085141054713056,0.0,,1.0,Saline
592,20230512,12.0,1,pea,1.0,4,1,170.63035583496094,0.626722200915804,0.0,,1.0,Saline
593,20230512,12.0,2,pea,1.0,4,1,178.86468505859375,0.610805616615469,0.0,,1.0,Saline
594,20230512,12.0,3,pea,1.0,4,1,200.59759521484372,0.6018605054229571,0.0,,1.0,Saline
595,20230512,12.0,4,pea,1.0,4,1,203.6920623779297,0.5930428052871459,0.0,,1.0,Saline
596,20230512,12.0,5,pea,1.0,4,1,181.37599182128903,0.5225116672343777,0.0,,1.0,Saline
597,20230512,12.0,6,pea,1.0,4,1,208.13723754882807,0.7642738441976213,0.0,,1.0,Saline
598,20230512,12.0,7,pea,1.0,4,1,205.96258544921875,0.689208061173515,0.0,,1.0,Saline
599,20230512,12.0,8,pea,1.0,4,1,197.63755798339844,0.6984646563404162,0.0,,1.0,Saline
600,20230512,12.0,9,pea,1.0,4,1,196.40272521972656,0.5976858872433759,0.0,,1.0,Saline
601,20230512,12.0,10,pea,1.0,4,1,211.102294921875,0.5555476310434404,0.0,,1.0,Saline
602,20230512,12.0,11,pea,1.0,4,1,180.17282104492188,0.7266974068732583,0.0,,1.0,Saline
603,20230512,13.0,0,pea,1.0,5,1,252.6131591796875,0.514289438455922,0.0,,1.0,Saline
604,20230512,13.0,1,pea,1.0,5,1,233.8774261474609,0.8229466576597648,0.0,,1.0,Saline
605,20230512,13.0,2,pea,1.0,5,1,261.5316162109375,0.7727983990722791,0.0,,1.0,Saline
606,20230512,13.0,3,pea,1.0,5,1,233.5130615234375,0.685199133166071,0.0,,1.0,Saline
607,20230512,13.0,4,pea,1.0,5,1,207.4348907470703,0.6316019858570776,0.0,,1.0,Saline
608,20230512,13.0,5,pea,1.0,5,1,201.41921997070312,0.7398043112665267,0.0,,1.0,Saline
609,20230512,13.0,6,pea,1.0,5,1,243.8927001953125,0.6092726406190767,0.0,,1.0,Saline
610,20230512,13.0,7,pea,1.0,5,1,274.2740173339844,0.6501288010357609,0.0,,1.0,Saline
611,20230512,13.0,8,pea,1.0,5,1,275.502685546875,0.7156301481089145,0.0,,1.0,Saline
612,20230512,13.0,9,pea,1.0,5,1,255.24583435058597,0.8859796858278433,0.0,,1.0,Saline
613,20230512,13.0,10,pea,1.0,5,1,252.73426818847656,0.7690655690341437,0.0,,1.0,Saline
614,20230512,13.0,11,pea,1.0,5,1,283.8883056640625,0.598828429359239,0.0,,1.0,Saline
615,20230512,13.0,12,pea,1.0,5,1,287.660400390625,0.6489351385262108,0.0,,1.0,Saline
616,20230512,13.0,13,pea,1.0,5,1,339.72027587890625,0.7365317985181399,0.0,,1.0,Saline
617,20230512,13.0,14,pea,1.0,5,1,259.8322448730469,0.7072345406277876,0.0,,1.0,Saline
618,20230512,13.0,15,pea,1.0,5,1,300.4466552734375,0.5388646753834578,0.0,,1.0,Saline
619,20230512,13.0,16,pea,1.0,5,1,384.63226318359375,0.6243236823860467,0.0,,1.0,Saline
620,20230512,14.0,0,pea,1.0,6,1,154.94142150878906,0.737118350400543,0.0,,1.0,Saline
621,20230512,14.0,1,pea,1.0,6,1,148.7604217529297,0.6447470895912737,0.0,,1.0,Saline
622,20230512,14.0,2,pea,1.0,6,1,122.2450714111328,0.5869095714307591,0.0,,1.0,Saline
623,20230512,14.0,3,pea,1.0,6,1,125.90370178222656,0.5505060118518035,0.0,,1.0,Saline
624,20230512,14.0,4,pea,1.0,6,1,129.7176513671875,0.6322526081924291,0.0,,1.0,Saline
625,20230512,14.0,5,pea,1.0,6,1,126.9085464477539,0.5876433671030075,0.0,,1.0,Saline
626,20230512,14.0,6,pea,1.0,6,1,107.23130798339844,0.6226094170890217,0.0,,1.0,Saline
627,20230512,14.0,7,pea,1.0,6,1,116.99410247802734,0.6315128659185252,0.0,,1.0,Saline
628,20230512,14.0,8,pea,1.0,6,1,138.9418182373047,0.5266588213875121,0.0,,1.0,Saline
629,20230512,14.0,9,pea,1.0,6,1,131.63876342773438,0.5993603441160165,0.0,,1.0,Saline
630,20230512,14.0,10,pea,1.0,6,1,163.5879364013672,0.5989155941264777,0.0,,1.0,Saline
631,20230512,14.0,11,pea,1.0,6,1,158.27938842773438,0.530063699434633,0.0,,1.0,Saline
632,20230512,14.0,12,pea,1.0,6,1,163.0181121826172,0.65817329544657,0.0,,1.0,Saline
633,20230512,14.0,13,pea,1.0,6,1,174.10018920898438,0.5519608110702539,0.0,,1.0,Saline
634,20230512,14.0,14,pea,1.0,6,1,162.0535888671875,0.6313239568015341,0.0,,1.0,Saline
635,20230512,14.0,15,pea,1.0,6,1,171.72052001953125,0.5574955878101235,0.0,,1.0,Saline
636,20230512,14.0,16,pea,1.0,6,1,180.10755920410156,0.5525131519027582,0.0,,1.0,Saline
637,20230513,2.0,0,pa,1.0,1,1,222.4573211669922,0.9199068199493076,0.0,,1.0,Saline
638,20230513,2.0,1,pa,1.0,1,1,247.7399139404297,0.8665761374319843,0.0,,1.0,Saline
639,20230513,2.0,2,pa,1.0,1,1,224.5420837402344,0.7246611864330852,0.0,,1.0,Saline
640,20230513,2.0,3,pa,1.0,1,1,237.43630981445312,0.7831489784329086,0.0,,1.0,Saline
641,20230513,2.0,4,pa,1.0,1,1,249.4144744873047,0.6467508983213897,0.0,,1.0,Saline
642,20230513,2.0,5,pa,1.0,1,1,238.5009613037109,0.5733075591393799,0.0,,1.0,Saline
643,20230513,2.0,6,pa,1.0,1,1,221.82247924804688,0.7548857188353537,0.0,,1.0,Saline
644,20230513,2.0,7,pa,1.0,1,1,235.68104553222656,1.3030130811325051,0.0,,1.0,Saline
645,20230513,2.0,8,pa,1.0,1,1,227.01255798339844,0.93145085324662,0.0,,1.0,Saline
646,20230513,2.0,9,pa,1.0,1,1,257.8589172363281,0.7017167244628304,0.0,,1.0,Saline
647,20230513,2.0,10,pa,1.0,1,1,239.7727508544922,0.8229061161281273,0.0,,1.0,Saline
648,20230513,2.0,11,pa,1.0,1,1,261.8983154296875,0.7148335091725926,0.0,,1.0,Saline
649,20230513,2.0,12,pa,1.0,1,1,221.21533203125,0.6681523554602791,0.0,,1.0,Saline
650,20230513,2.0,13,pa,1.0,1,1,234.18017578125,0.7622009089543909,0.0,,1.0,Saline
651,20230513,2.0,14,pa,1.0,1,1,212.48809814453125,0.8269899015804079,0.0,,1.0,Saline
652,20230513,2.0,15,pa,1.0,1,1,218.3679351806641,0.6362526991834692,0.0,,1.0,Saline
653,20230513,2.0,16,pa,1.0,1,1,252.94305419921875,0.7548317085415626,0.0,,1.0,Saline
654,20230513,3.0,0,pa,1.0,2,1,178.3095703125,0.7085292201177733,0.0,,1.0,Saline
655,20230513,3.0,1,pa,1.0,2,1,192.965576171875,0.6550865688076524,0.0,,1.0,Saline
656,20230513,3.0,2,pa,1.0,2,1,185.79122924804688,0.6099363736035119,0.0,,1.0,Saline
657,20230513,3.0,3,pa,1.0,2,1,211.9200439453125,0.5256743890758973,0.0,,1.0,Saline
658,20230513,3.0,4,pa,1.0,2,1,217.0259704589844,0.6470975999067221,0.0,,1.0,Saline
659,20230513,3.0,5,pa,1.0,2,1,208.3264617919922,0.6964374041057564,0.0,,1.0,Saline
660,20230513,3.0,6,pa,1.0,2,1,194.55311584472656,0.9224044727184229,0.0,,1.0,Saline
661,20230513,4.0,0,pa,1.0,3,1,224.59288024902344,0.5603082438113116,0.0,,1.0,Saline
662,20230513,4.0,1,pa,1.0,3,1,256.5050964355469,0.4431717777908091,0.0,,1.0,Saline
663,20230513,4.0,2,pa,1.0,3,1,281.7940673828125,0.5885575428925112,0.0,,1.0,Saline
664,20230513,4.0,3,pa,1.0,3,1,277.4261474609375,0.5783996124328361,0.0,,1.0,Saline
665,20230513,4.0,4,pa,1.0,3,1,269.2320861816406,0.6318143729879893,0.0,,1.0,Saline
666,20230513,4.0,5,pa,1.0,3,1,229.83432006835935,0.7857872341411856,0.0,,1.0,Saline
667,20230513,4.0,6,pa,1.0,3,1,196.9341735839844,0.6722831927111983,0.0,,1.0,Saline
668,20230513,4.0,7,pa,1.0,3,1,176.99771118164062,0.9579042984689377,0.0,,1.0,Saline
669,20230513,4.0,8,pa,1.0,3,1,185.91783142089844,0.6847068038693802,0.0,,1.0,Saline
670,20230513,4.0,9,pa,1.0,3,1,190.79864501953125,0.7673584830280422,0.0,,1.0,Saline
671,20230513,4.0,10,pa,1.0,3,1,203.81048583984372,0.6786689021431691,0.0,,1.0,Saline
672,20230513,4.0,11,pa,1.0,3,1,227.57962036132807,0.69360828832618,0.0,,1.0,Saline
673,20230513,4.0,12,pa,1.0,3,1,294.4817810058594,0.5974509274624715,0.0,,1.0,Saline
674,20230513,5.0,0,pa,1.0,4,1,253.30935668945312,0.7648518134178133,0.0,,1.0,Saline
675,20230513,5.0,1,pa,1.0,4,1,231.8299560546875,0.6246648313082552,0.0,,1.0,Saline
676,20230513,5.0,2,pa,1.0,4,1,210.4326934814453,0.648555052117878,0.0,,1.0,Saline
677,20230513,5.0,3,pa,1.0,4,1,204.32032775878903,0.6799704162089633,0.0,,1.0,Saline
678,20230513,5.0,4,pa,1.0,4,1,216.4736175537109,0.4644346033663353,0.0,,1.0,Saline
679,20230513,5.0,5,pa,1.0,4,1,233.3627777099609,0.5429467486979682,0.0,,1.0,Saline
680,20230513,5.0,6,pa,1.0,4,1,231.90887451171875,0.5392870472217588,0.0,,1.0,Saline
681,20230513,5.0,7,pa,1.0,4,1,266.8247985839844,0.6345062508673216,0.0,,1.0,Saline
682,20230513,5.0,8,pa,1.0,4,1,271.2607421875,0.6479792947299963,0.0,,1.0,Saline
683,20230513,5.0,9,pa,1.0,4,1,240.18038940429688,0.6502417333783654,0.0,,1.0,Saline
684,20230513,5.0,10,pa,1.0,4,1,249.6729736328125,0.5875762630090726,0.0,,1.0,Saline
685,20230513,5.0,11,pa,1.0,4,1,237.82275390625,0.6373735583189593,0.0,,1.0,Saline
686,20230513,5.0,12,pa,1.0,4,1,234.8409118652344,0.5449584625098147,0.0,,1.0,Saline
687,20230513,5.0,13,pa,1.0,4,1,258.45465087890625,0.548052287625616,0.0,,1.0,Saline
688,20230513,5.0,14,pa,1.0,4,1,235.5755920410156,0.6292347691317968,0.0,,1.0,Saline
689,20230513,5.0,15,pa,1.0,4,1,261.4710998535156,0.5700415665370766,0.0,,1.0,Saline
690,20230513,5.0,16,pa,1.0,4,1,243.93646240234372,0.5354190972033326,0.0,,1.0,Saline
691,20230513,6.0,0,pa,1.0,5,1,333.5313415527344,0.7486419425604769,0.0,,1.0,Saline
692,20230513,6.0,1,pa,1.0,5,1,350.1972045898437,0.8181419724986032,0.0,,1.0,Saline
693,20230513,6.0,2,pa,1.0,5,1,399.4010314941406,0.6885670501592589,0.0,,1.0,Saline
694,20230513,6.0,3,pa,1.0,5,1,431.4274597167969,0.7572945832278251,0.0,,1.0,Saline
695,20230513,6.0,4,pa,1.0,5,1,420.2754821777344,0.7908536138842983,0.0,,1.0,Saline
696,20230513,6.0,5,pa,1.0,5,1,434.781982421875,0.601058111512021,0.0,,1.0,Saline
697,20230513,6.0,6,pa,1.0,5,1,416.3598937988281,0.5817950275462032,0.0,,1.0,Saline
698,20230513,6.0,7,pa,1.0,5,1,390.76611328125,0.7173767214418483,0.0,,1.0,Saline
699,20230513,6.0,8,pa,1.0,5,1,317.52374267578125,0.8335432512889724,0.0,,1.0,Saline
700,20230513,6.0,9,pa,1.0,5,1,355.7274780273437,0.8670907207050647,0.0,,1.0,Saline
701,20230513,6.0,10,pa,1.0,5,1,309.3526611328125,0.7374565438231429,0.0,,1.0,Saline
702,20230513,6.0,11,pa,1.0,5,1,282.909423828125,0.8321987353387605,0.0,,1.0,Saline
703,20230513,6.0,12,pa,1.0,5,1,270.3558959960937,1.2119221680269483,0.0,,1.0,Saline
704,20230513,6.0,13,pa,1.0,5,1,262.80670166015625,0.9790330169807326,0.0,,1.0,Saline
705,20230513,6.0,14,pa,1.0,5,1,265.1975402832031,0.9151555254198628,0.0,,1.0,Saline
706,20230513,6.0,15,pa,1.0,5,1,257.4271545410156,0.7557062708888047,0.0,,1.0,Saline
707,20230513,6.0,16,pa,1.0,5,1,290.3749389648437,0.643817291881021,0.0,,1.0,Saline
708,20230513,7.0,0,pa,1.0,6,1,184.20895385742188,0.6944071874739439,0.0,,1.0,Saline
709,20230513,7.0,1,pa,1.0,6,1,206.87347412109372,0.8354369287869439,0.0,,1.0,Saline
710,20230513,7.0,2,pa,1.0,6,1,221.0133209228516,0.712636176179771,0.0,,1.0,Saline
711,20230513,7.0,3,pa,1.0,6,1,213.62222290039065,0.7364674755187401,0.0,,1.0,Saline
712,20230513,7.0,4,pa,1.0,6,1,219.9024353027344,0.6777575077724478,0.0,,1.0,Saline
713,20230513,7.0,5,pa,1.0,6,1,276.59918212890625,0.5508001209115179,0.0,,1.0,Saline
714,20230513,7.0,6,pa,1.0,6,1,311.2365417480469,0.5525799653048544,0.0,,1.0,Saline
715,20230513,7.0,7,pa,1.0,6,1,334.4814453125,0.5537293676689199,0.0,,1.0,Saline
716,20230513,7.0,8,pa,1.0,6,1,324.3975830078125,0.5488479919757943,0.0,,1.0,Saline
717,20230513,7.0,9,pa,1.0,6,1,365.6460571289063,0.5618796962405259,0.0,,1.0,Saline
718,20230513,7.0,10,pa,1.0,6,1,394.6314392089844,0.537439872554831,0.0,,1.0,Saline
719,20230513,7.0,11,pa,1.0,6,1,443.3396606445313,0.5827201792854932,0.0,,1.0,Saline
720,20230513,7.0,12,pa,1.0,6,1,418.8236083984375,0.6376242305448585,0.0,,1.0,Saline
721,20230513,7.0,13,pa,1.0,6,1,390.3370056152344,0.5950873367058023,0.0,,1.0,Saline
722,20230513,7.0,14,pa,1.0,6,1,347.0195007324219,0.5142406250914977,0.0,,1.0,Saline
723,20230513,7.0,15,pa,1.0,6,1,305.8373718261719,0.5622719591573038,0.0,,1.0,Saline
724,20230513,7.0,16,pa,1.0,6,1,311.7249755859375,0.7486287102435227,0.0,,1.0,Saline
725,20230513,8.0,0,pea,1.0,1,1,260.35650634765625,0.6409674473799818,0.0,,1.0,Saline
726,20230513,8.0,1,pea,1.0,1,1,250.03451538085935,0.6175955098381429,0.0,,1.0,Saline
727,20230513,8.0,2,pea,1.0,1,1,239.71310424804688,0.5820211646367461,0.0,,1.0,Saline
728,20230513,8.0,3,pea,1.0,1,1,268.620849609375,0.5944637906853458,0.0,,1.0,Saline
729,20230513,8.0,4,pea,1.0,1,1,243.226318359375,0.6682991107681069,0.0,,1.0,Saline
730,20230513,8.0,5,pea,1.0,1,1,223.95008850097656,0.7257962267185256,0.0,,1.0,Saline
731,20230513,8.0,6,pea,1.0,1,1,227.6204833984375,0.4603968071037698,0.0,,1.0,Saline
732,20230513,8.0,7,pea,1.0,1,1,191.6004638671875,0.5654256219885347,0.0,,1.0,Saline
733,20230513,8.0,8,pea,1.0,1,1,205.5948028564453,0.4914918158309369,0.0,,1.0,Saline
734,20230513,8.0,9,pea,1.0,1,1,186.9843597412109,0.4891254883570575,0.0,,1.0,Saline
735,20230513,8.0,10,pea,1.0,1,1,200.7767639160156,0.6412636726562759,0.0,,1.0,Saline
736,20230513,9.0,0,pea,1.0,2,1,259.1946105957031,0.6142396024713879,0.0,,1.0,Saline
737,20230513,9.0,1,pea,1.0,2,1,255.27239990234372,0.5775877461379775,0.0,,1.0,Saline
738,20230513,9.0,2,pea,1.0,2,1,255.67807006835935,0.5254961413138606,0.0,,1.0,Saline
739,20230513,9.0,3,pea,1.0,2,1,270.3611145019531,0.5322718146996976,0.0,,1.0,Saline
740,20230513,9.0,4,pea,1.0,2,1,252.65911865234372,0.4851375348374311,0.0,,1.0,Saline
741,20230513,9.0,5,pea,1.0,2,1,262.1152648925781,0.5981939494204696,0.0,,1.0,Saline
742,20230513,9.0,6,pea,1.0,2,1,290.2040405273437,0.5101679250469804,0.0,,1.0,Saline
743,20230513,9.0,7,pea,1.0,2,1,269.1576538085937,0.4746203013264924,0.0,,1.0,Saline
744,20230513,9.0,8,pea,1.0,2,1,261.70770263671875,0.6055451004937211,0.0,,1.0,Saline
745,20230513,9.0,9,pea,1.0,2,1,309.9877014160156,0.6121473732721014,0.0,,1.0,Saline
746,20230513,9.0,10,pea,1.0,2,1,236.22911071777344,0.8407602171351574,0.0,,1.0,Saline
747,20230513,9.0,11,pea,1.0,2,1,280.4989929199219,0.7822968451202605,0.0,,1.0,Saline
748,20230513,9.0,12,pea,1.0,2,1,261.1063537597656,0.6993823754856106,0.0,,1.0,Saline
749,20230513,9.0,13,pea,1.0,2,1,255.66238403320312,0.6332002113388064,0.0,,1.0,Saline
750,20230513,9.0,14,pea,1.0,2,1,244.22833251953125,0.6387522346836079,0.0,,1.0,Saline
751,20230513,9.0,15,pea,1.0,2,1,216.0171356201172,0.8798573596554427,0.0,,1.0,Saline
752,20230513,9.0,16,pea,1.0,2,1,237.28298950195312,0.8627714752099109,0.0,,1.0,Saline
753,20230513,10.0,0,pea,1.0,3,1,258.843994140625,0.6170164433021377,0.0,,1.0,Saline
754,20230513,10.0,1,pea,1.0,3,1,251.4547119140625,0.551203308430523,0.0,,1.0,Saline
755,20230513,10.0,2,pea,1.0,3,1,204.469970703125,0.5633942041944842,0.0,,1.0,Saline
756,20230513,10.0,3,pea,1.0,3,1,190.3459014892578,0.6496826231996522,0.0,,1.0,Saline
757,20230513,10.0,4,pea,1.0,3,1,196.35841369628903,0.621720698282207,0.0,,1.0,Saline
758,20230513,10.0,5,pea,1.0,3,1,227.5153350830078,0.5285729548405484,0.0,,1.0,Saline
759,20230513,10.0,6,pea,1.0,3,1,240.8269500732422,0.4860525778500815,0.0,,1.0,Saline
760,20230513,10.0,7,pea,1.0,3,1,216.640625,0.6753640023001211,0.0,,1.0,Saline
761,20230513,10.0,8,pea,1.0,3,1,197.4110565185547,0.9402754336041356,0.0,,1.0,Saline
762,20230513,10.0,9,pea,1.0,3,1,226.52523803710935,0.6612209508602938,0.0,,1.0,Saline
763,20230513,10.0,10,pea,1.0,3,1,238.6605224609375,0.5168289717092875,0.0,,1.0,Saline
764,20230513,10.0,11,pea,1.0,3,1,235.92909240722656,0.5411206416743468,0.0,,1.0,Saline
765,20230513,10.0,12,pea,1.0,3,1,267.95538330078125,0.4797672481764934,0.0,,1.0,Saline
766,20230513,10.0,13,pea,1.0,3,1,219.9515838623047,0.652045638926726,0.0,,1.0,Saline
767,20230513,10.0,14,pea,1.0,3,1,217.49139404296875,0.6231668458012756,0.0,,1.0,Saline
768,20230513,10.0,15,pea,1.0,3,1,172.54856872558594,0.8460814701026962,0.0,,1.0,Saline
769,20230513,10.0,16,pea,1.0,3,1,180.67405700683597,0.6797068178877872,0.0,,1.0,Saline
770,20230513,11.0,0,pea,1.0,4,1,297.8654479980469,0.5562172603710671,0.0,,1.0,Saline
771,20230513,11.0,1,pea,1.0,4,1,327.4190979003906,0.5593736376907117,0.0,,1.0,Saline
772,20230513,11.0,2,pea,1.0,4,1,308.9106750488281,0.6347077486266528,0.0,,1.0,Saline
773,20230513,11.0,3,pea,1.0,4,1,298.88995361328125,0.6096438442621128,0.0,,1.0,Saline
774,20230513,11.0,4,pea,1.0,4,1,271.56939697265625,0.5341912231622921,0.0,,1.0,Saline
775,20230513,11.0,5,pea,1.0,4,1,287.8037414550781,0.4782866146529514,0.0,,1.0,Saline
776,20230513,11.0,6,pea,1.0,4,1,236.59152221679688,0.519361430369937,0.0,,1.0,Saline
777,20230513,11.0,7,pea,1.0,4,1,225.25262451171875,0.507449161219018,0.0,,1.0,Saline
778,20230513,11.0,8,pea,1.0,4,1,242.64974975585935,0.5073489154605788,0.0,,1.0,Saline
779,20230513,11.0,9,pea,1.0,4,1,236.5038146972656,0.577329686555359,0.0,,1.0,Saline
780,20230513,11.0,10,pea,1.0,4,1,244.81396484375,0.6002762299419047,0.0,,1.0,Saline
781,20230513,11.0,11,pea,1.0,4,1,215.7876892089844,0.7228976022075457,0.0,,1.0,Saline
782,20230513,11.0,12,pea,1.0,4,1,228.7569732666016,0.4860764628374383,0.0,,1.0,Saline
783,20230513,11.0,13,pea,1.0,4,1,227.7647857666016,0.4909771095671509,0.0,,1.0,Saline
784,20230513,11.0,14,pea,1.0,4,1,228.33042907714844,0.5894748340579028,0.0,,1.0,Saline
785,20230513,11.0,15,pea,1.0,4,1,243.31935119628903,0.5287362304860892,0.0,,1.0,Saline
786,20230513,11.0,16,pea,1.0,4,1,211.32325744628903,0.7844533558476563,0.0,,1.0,Saline
787,20230513,12.0,0,pea,1.0,5,1,269.73406982421875,0.6073466659458333,0.0,,1.0,Saline
788,20230513,12.0,1,pea,1.0,5,1,192.91590881347656,0.7240076686563448,0.0,,1.0,Saline
789,20230513,12.0,2,pea,1.0,5,1,202.29684448242188,0.6903572035791896,0.0,,1.0,Saline
790,20230513,12.0,3,pea,1.0,5,1,256.1514892578125,0.6593545702259682,0.0,,1.0,Saline
791,20230513,12.0,4,pea,1.0,5,1,253.9734344482422,0.5689206199404797,0.0,,1.0,Saline
792,20230513,12.0,5,pea,1.0,5,1,249.88087463378903,0.5157280645482061,0.0,,1.0,Saline
793,20230513,12.0,6,pea,1.0,5,1,241.67498779296875,0.5048827352386898,0.0,,1.0,Saline
794,20230513,12.0,7,pea,1.0,5,1,259.3158569335937,0.5879800698892268,0.0,,1.0,Saline
795,20230513,12.0,8,pea,1.0,5,1,258.9024963378906,0.6447726800233973,0.0,,1.0,Saline
796,20230513,12.0,9,pea,1.0,5,1,267.4257202148437,0.5749015482606161,0.0,,1.0,Saline
797,20230513,12.0,10,pea,1.0,5,1,296.9472045898437,0.5847324879959714,0.0,,1.0,Saline
798,20230513,12.0,11,pea,1.0,5,1,239.3636779785156,0.7955878759016173,0.0,,1.0,Saline
799,20230513,12.0,12,pea,1.0,5,1,238.63137817382807,0.6166751789438045,0.0,,1.0,Saline
800,20230513,12.0,13,pea,1.0,5,1,227.7696075439453,0.6980494132665598,0.0,,1.0,Saline
801,20230513,12.0,14,pea,1.0,5,1,225.9085998535156,0.756263014111747,0.0,,1.0,Saline
802,20230513,12.0,15,pea,1.0,5,1,226.38113403320312,0.5801098598716052,0.0,,1.0,Saline
803,20230513,12.0,16,pea,1.0,5,1,252.34295654296875,0.5335004934625118,0.0,,1.0,Saline
804,20230513,13.0,0,pea,1.0,6,1,155.89752197265625,0.7231515566404951,0.0,,1.0,Saline
805,20230513,13.0,1,pea,1.0,6,1,187.03375244140625,0.5059492454349979,0.0,,1.0,Saline
806,20230513,13.0,2,pea,1.0,6,1,162.7096710205078,0.612006835309213,0.0,,1.0,Saline
807,20230513,13.0,3,pea,1.0,6,1,176.10401916503906,0.5283386853395555,0.0,,1.0,Saline
808,20230513,13.0,4,pea,1.0,6,1,169.08392333984375,0.5236841187991566,0.0,,1.0,Saline
809,20230513,13.0,5,pea,1.0,6,1,173.6016845703125,0.6676158896875073,0.0,,1.0,Saline
810,20230513,13.0,6,pea,1.0,6,1,173.9570770263672,0.5737479589548009,0.0,,1.0,Saline
811,20230513,13.0,7,pea,1.0,6,1,167.43838500976562,0.6088117697344018,0.0,,1.0,Saline
812,20230513,13.0,8,pea,1.0,6,1,185.26075744628903,0.4957207648310309,0.0,,1.0,Saline
813,20230513,13.0,9,pea,1.0,6,1,187.18170166015625,0.5180507713662443,0.0,,1.0,Saline
814,20230513,13.0,10,pea,1.0,6,1,187.29067993164065,0.6006121862449874,0.0,,1.0,Saline
815,20230513,13.0,11,pea,1.0,6,1,205.13595581054688,0.4892421163923686,0.0,,1.0,Saline
816,20230513,13.0,12,pea,1.0,6,1,197.08868408203125,0.4498398954281768,0.0,,1.0,Saline
817,20230513,13.0,13,pea,1.0,6,1,196.8063201904297,0.5419752714426878,0.0,,1.0,Saline
818,20230513,13.0,14,pea,1.0,6,1,230.6701812744141,0.5406714470267779,0.0,,1.0,Saline
819,20230513,13.0,15,pea,1.0,6,1,212.4138336181641,0.51201668267408,0.0,,1.0,Saline
820,20230513,13.0,16,pea,1.0,6,1,222.59146118164065,0.5141782659799823,0.0,,1.0,Saline
821,20230517,2.0,0,pa,1.0,1,1,155.73988342285156,0.6845195149987298,0.0,,1.0,Saline
822,20230517,2.0,1,pa,1.0,1,1,178.99903869628906,0.6468529994714736,0.0,,1.0,Saline
823,20230517,2.0,2,pa,1.0,1,1,221.99388122558597,0.5104709768787927,0.0,,1.0,Saline
824,20230517,2.0,3,pa,1.0,1,1,190.62681579589844,0.6167034121161521,0.0,,1.0,Saline
825,20230517,2.0,4,pa,1.0,1,1,156.5401611328125,0.6523775372921996,0.0,,1.0,Saline
826,20230517,2.0,5,pa,1.0,1,1,167.8917236328125,0.6193796790733828,0.0,,1.0,Saline
827,20230517,2.0,6,pa,1.0,1,1,182.13009643554688,0.644368053624607,0.0,,1.0,Saline
828,20230517,2.0,7,pa,1.0,1,1,139.1308135986328,0.6579545014079748,0.0,,1.0,Saline
829,20230517,2.0,8,pa,1.0,1,1,153.20693969726562,0.6449746270724397,0.0,,1.0,Saline
830,20230517,2.0,9,pa,1.0,1,1,151.16000366210938,0.6453965734153897,0.0,,1.0,Saline
831,20230517,2.0,10,pa,1.0,1,1,155.35595703125,0.644663220518467,0.0,,1.0,Saline
832,20230517,2.0,11,pa,1.0,1,1,144.5530548095703,0.6602898661402214,0.0,,1.0,Saline
833,20230517,2.0,12,pa,1.0,1,1,153.07044982910156,0.6684186307546618,0.0,,1.0,Saline
834,20230517,2.0,13,pa,1.0,1,1,133.1692352294922,0.6519967736833472,0.0,,1.0,Saline
835,20230517,3.0,0,pa,1.0,2,1,195.477294921875,0.681297345811771,0.0,,1.0,Saline
836,20230517,3.0,1,pa,1.0,2,1,240.1483154296875,0.541146265018142,0.0,,1.0,Saline
837,20230517,3.0,2,pa,1.0,2,1,208.1328582763672,0.5869941449690579,0.0,,1.0,Saline
838,20230517,3.0,3,pa,1.0,2,1,235.37857055664065,0.5466426731004717,0.0,,1.0,Saline
839,20230517,3.0,4,pa,1.0,2,1,154.76565551757812,0.5503476727714869,0.0,,1.0,Saline
840,20230517,3.0,5,pa,1.0,2,1,151.60215759277344,0.6230736828923931,0.0,,1.0,Saline
841,20230517,3.0,6,pa,1.0,2,1,145.2398681640625,0.5353288590297609,0.0,,1.0,Saline
842,20230517,3.0,7,pa,1.0,2,1,142.73460388183594,0.5477044176999257,0.0,,1.0,Saline
843,20230517,3.0,8,pa,1.0,2,1,160.8205108642578,0.6251075583126031,0.0,,1.0,Saline
844,20230517,4.0,0,pa,1.0,3,1,157.66867065429688,0.6133136144912577,0.0,,1.0,Saline
845,20230517,4.0,1,pa,1.0,3,1,153.4392547607422,0.5337164427754466,0.0,,1.0,Saline
846,20230517,4.0,2,pa,1.0,3,1,173.3132781982422,0.5108233367852684,0.0,,1.0,Saline
847,20230517,4.0,3,pa,1.0,3,1,165.10377502441406,0.4704680517665771,0.0,,1.0,Saline
848,20230517,4.0,4,pa,1.0,3,1,144.90402221679688,0.5037975035155569,0.0,,1.0,Saline
849,20230517,4.0,5,pa,1.0,3,1,152.49822998046875,0.515745402423569,0.0,,1.0,Saline
850,20230517,4.0,6,pa,1.0,3,1,157.5692901611328,0.6352587786768531,0.0,,1.0,Saline
851,20230517,4.0,7,pa,1.0,3,1,136.3828887939453,0.5136094760873213,0.0,,1.0,Saline
852,20230517,4.0,8,pa,1.0,3,1,153.9932098388672,0.6109938577272658,0.0,,1.0,Saline
853,20230517,4.0,9,pa,1.0,3,1,147.0331573486328,0.6712851522051935,0.0,,1.0,Saline
854,20230517,4.0,10,pa,1.0,3,1,109.61164093017578,0.5997074123700479,0.0,,1.0,Saline
855,20230517,4.0,11,pa,1.0,3,1,122.39258575439452,0.7770079372200662,0.0,,1.0,Saline
856,20230517,4.0,12,pa,1.0,3,1,133.9837188720703,0.5313727668705006,0.0,,1.0,Saline
857,20230517,4.0,13,pa,1.0,3,1,147.20501708984375,0.6527068987197531,0.0,,1.0,Saline
858,20230517,4.0,14,pa,1.0,3,1,140.91502380371094,0.6337842806799472,0.0,,1.0,Saline
859,20230517,4.0,15,pa,1.0,3,1,134.71533203125,0.5979525275933995,0.0,,1.0,Saline
860,20230517,4.0,16,pa,1.0,3,1,152.35508728027344,0.5403090553151522,0.0,,1.0,Saline
861,20230517,5.0,0,pa,1.0,4,1,228.940673828125,0.5536408651311184,0.0,,1.0,Saline
862,20230517,5.0,1,pa,1.0,4,1,240.3366851806641,0.5688780498236401,0.0,,1.0,Saline
863,20230517,5.0,2,pa,1.0,4,1,229.21360778808597,0.6126350674738301,0.0,,1.0,Saline
864,20230517,5.0,3,pa,1.0,4,1,208.73492431640625,0.6268562631577286,0.0,,1.0,Saline
865,20230517,5.0,4,pa,1.0,4,1,211.78468322753903,0.6532718646481346,0.0,,1.0,Saline
866,20230517,5.0,5,pa,1.0,4,1,212.78033447265625,0.6921894458175526,0.0,,1.0,Saline
867,20230517,5.0,6,pa,1.0,4,1,216.4279022216797,0.5892140614271355,0.0,,1.0,Saline
868,20230517,5.0,7,pa,1.0,4,1,238.3101348876953,0.647727714282949,0.0,,1.0,Saline
869,20230517,5.0,8,pa,1.0,4,1,227.00503540039065,0.7657516561612301,0.0,,1.0,Saline
870,20230517,5.0,9,pa,1.0,4,1,212.23326110839844,0.7981763907052901,0.0,,1.0,Saline
871,20230517,5.0,10,pa,1.0,4,1,197.8975067138672,0.7889576877008668,0.0,,1.0,Saline
872,20230517,5.0,11,pa,1.0,4,1,205.2263946533203,0.6819552976862209,0.0,,1.0,Saline
873,20230517,5.0,12,pa,1.0,4,1,213.4047393798828,0.7845506068560741,0.0,,1.0,Saline
874,20230517,5.0,13,pa,1.0,4,1,227.6130523681641,0.6223191705389475,0.0,,1.0,Saline
875,20230517,5.0,14,pa,1.0,4,1,228.7018280029297,0.598132039218445,0.0,,1.0,Saline
876,20230517,5.0,15,pa,1.0,4,1,204.2058868408203,0.7080019852490214,0.0,,1.0,Saline
877,20230517,5.0,16,pa,1.0,4,1,171.7272491455078,0.563911102821443,0.0,,1.0,Saline
878,20230517,6.0,0,pa,1.0,5,1,199.9405212402344,0.7473687366369219,0.0,,1.0,Saline
879,20230517,6.0,1,pa,1.0,5,1,222.0993804931641,0.6929747874086338,0.0,,1.0,Saline
880,20230517,6.0,2,pa,1.0,5,1,154.76856994628906,0.8552319189583599,0.0,,1.0,Saline
881,20230517,6.0,3,pa,1.0,5,1,149.06564331054688,0.8500913406054345,0.0,,1.0,Saline
882,20230517,6.0,4,pa,1.0,5,1,172.85519409179688,0.5847422369152575,0.0,,1.0,Saline
883,20230517,6.0,5,pa,1.0,5,1,141.8154296875,0.7096485879844892,0.0,,1.0,Saline
884,20230517,6.0,6,pa,1.0,5,1,176.61813354492188,0.6029621605407911,0.0,,1.0,Saline
885,20230517,6.0,7,pa,1.0,5,1,165.75917053222656,0.4839254676334761,0.0,,1.0,Saline
886,20230517,6.0,8,pa,1.0,5,1,168.1079559326172,0.6457361181139021,0.0,,1.0,Saline
887,20230517,6.0,9,pa,1.0,5,1,136.40170288085938,0.6397785489575085,0.0,,1.0,Saline
888,20230517,6.0,10,pa,1.0,5,1,144.6886444091797,0.4717460698653397,0.0,,1.0,Saline
889,20230517,6.0,11,pa,1.0,5,1,159.89915466308594,0.5550753548280412,0.0,,1.0,Saline
890,20230517,6.0,12,pa,1.0,5,1,179.2607879638672,0.5554095399608308,0.0,,1.0,Saline
891,20230517,6.0,13,pa,1.0,5,1,168.84471130371094,0.6582877239839604,0.0,,1.0,Saline
892,20230517,6.0,14,pa,1.0,5,1,156.44485473632812,0.9381520204098804,0.0,,1.0,Saline
893,20230517,6.0,15,pa,1.0,5,1,155.8574981689453,0.7964535502495913,0.0,,1.0,Saline
894,20230517,6.0,16,pa,1.0,5,1,187.6657867431641,0.9462952133913768,0.0,,1.0,Saline
895,20230517,7.0,0,pa,1.0,6,1,140.71896362304688,0.9446762086434326,0.0,,1.0,Saline
896,20230517,7.0,1,pa,1.0,6,1,158.36825561523438,0.8812856170329688,0.0,,1.0,Saline
897,20230517,7.0,2,pa,1.0,6,1,160.1318817138672,0.9433203536728278,0.0,,1.0,Saline
898,20230517,7.0,3,pa,1.0,6,1,174.5978546142578,0.6118098081515342,0.0,,1.0,Saline
899,20230517,7.0,4,pa,1.0,6,1,197.08859252929688,0.6382720082345834,0.0,,1.0,Saline
900,20230517,7.0,5,pa,1.0,6,1,203.9337310791016,0.5282833992425324,0.0,,1.0,Saline
901,20230517,7.0,6,pa,1.0,6,1,171.23098754882812,0.6653380263451574,0.0,,1.0,Saline
902,20230517,7.0,7,pa,1.0,6,1,181.10797119140625,0.6799773448146453,0.0,,1.0,Saline
903,20230517,8.0,0,pea,1.0,1,1,112.73468017578124,0.6409521200597084,0.0,,1.0,Saline
904,20230517,8.0,1,pea,1.0,1,1,115.8970718383789,0.5806788818335065,0.0,,1.0,Saline
905,20230517,8.0,2,pea,1.0,1,1,122.40187072753906,0.6583882416843174,0.0,,1.0,Saline
906,20230517,8.0,3,pea,1.0,1,1,110.18248748779295,0.7639014710965277,0.0,,1.0,Saline
907,20230517,8.0,4,pea,1.0,1,1,118.0943374633789,0.6259323080743577,0.0,,1.0,Saline
908,20230517,8.0,5,pea,1.0,1,1,114.69508361816406,0.6367167076544646,0.0,,1.0,Saline
909,20230517,8.0,6,pea,1.0,1,1,100.30664825439452,0.5626444033096867,0.0,,1.0,Saline
910,20230517,8.0,7,pea,1.0,1,1,101.42221069335938,0.7918974371668597,0.0,,1.0,Saline
911,20230517,8.0,8,pea,1.0,1,1,111.0782241821289,0.6676232488839347,0.0,,1.0,Saline
912,20230517,8.0,9,pea,1.0,1,1,119.30611419677734,0.7808905970264419,0.0,,1.0,Saline
913,20230517,8.0,10,pea,1.0,1,1,110.45848846435548,0.8538892648178624,0.0,,1.0,Saline
914,20230517,8.0,11,pea,1.0,1,1,122.62171936035156,0.835321647919276,0.0,,1.0,Saline
915,20230517,9.0,0,pea,1.0,2,1,169.21490478515625,0.5504773182296745,0.0,,1.0,Saline
916,20230517,9.0,1,pea,1.0,2,1,191.8194732666016,0.6761013646658451,0.0,,1.0,Saline
917,20230517,9.0,2,pea,1.0,2,1,172.73944091796875,0.5903175428155336,0.0,,1.0,Saline
918,20230517,9.0,3,pea,1.0,2,1,191.274169921875,0.5184815831354754,0.0,,1.0,Saline
919,20230517,9.0,4,pea,1.0,2,1,190.3527069091797,0.5515917941398687,0.0,,1.0,Saline
920,20230517,9.0,5,pea,1.0,2,1,169.87753295898438,0.6407825209756908,0.0,,1.0,Saline
921,20230517,9.0,6,pea,1.0,2,1,213.19174194335935,0.5030569250666854,0.0,,1.0,Saline
922,20230517,9.0,7,pea,1.0,2,1,224.9364318847656,0.6287554866541907,0.0,,1.0,Saline
923,20230517,9.0,8,pea,1.0,2,1,198.98284912109372,0.5364375245303368,0.0,,1.0,Saline
924,20230517,9.0,9,pea,1.0,2,1,206.2142639160156,0.5395075317622755,0.0,,1.0,Saline
925,20230517,9.0,10,pea,1.0,2,1,183.57717895507807,0.6339172414570449,0.0,,1.0,Saline
926,20230517,9.0,11,pea,1.0,2,1,212.2661590576172,0.586417030834463,0.0,,1.0,Saline
927,20230517,9.0,12,pea,1.0,2,1,184.1044006347656,0.7117437156975335,0.0,,1.0,Saline
928,20230517,9.0,13,pea,1.0,2,1,236.2573699951172,0.51092645998731,0.0,,1.0,Saline
929,20230517,9.0,14,pea,1.0,2,1,260.6184997558594,0.7851333434072352,0.0,,1.0,Saline
930,20230517,9.0,15,pea,1.0,2,1,142.60597229003906,0.8879301585336155,0.0,,1.0,Saline
931,20230517,9.0,16,pea,1.0,2,1,159.302978515625,0.8908562055065321,0.0,,1.0,Saline
932,20230517,10.0,0,pea,1.0,3,1,217.3405303955078,0.563948798464807,0.0,,1.0,Saline
933,20230517,10.0,1,pea,1.0,3,1,222.92784118652344,0.5809832188750192,0.0,,1.0,Saline
934,20230517,10.0,2,pea,1.0,3,1,190.10232543945312,0.5955416003370075,0.0,,1.0,Saline
935,20230517,10.0,3,pea,1.0,3,1,189.63821411132807,0.652565302358358,0.0,,1.0,Saline
936,20230517,10.0,4,pea,1.0,3,1,212.87600708007807,0.631583188763333,0.0,,1.0,Saline
937,20230517,10.0,5,pea,1.0,3,1,235.91156005859372,0.6556235667918529,0.0,,1.0,Saline
938,20230517,10.0,6,pea,1.0,3,1,174.84368896484375,0.8809196035034681,0.0,,1.0,Saline
939,20230517,10.0,7,pea,1.0,3,1,198.2210693359375,0.6623654990899261,0.0,,1.0,Saline
940,20230517,10.0,8,pea,1.0,3,1,193.087646484375,0.7102417096032809,0.0,,1.0,Saline
941,20230517,10.0,9,pea,1.0,3,1,214.90480041503903,0.786993656071477,0.0,,1.0,Saline
942,20230517,10.0,10,pea,1.0,3,1,229.8197784423828,0.8245906772719884,0.0,,1.0,Saline
943,20230517,10.0,11,pea,1.0,3,1,202.92376708984372,0.7586534396747098,0.0,,1.0,Saline
944,20230517,10.0,12,pea,1.0,3,1,233.9923553466797,0.912873924687716,0.0,,1.0,Saline
945,20230517,10.0,13,pea,1.0,3,1,209.24700927734372,0.8288552099963837,0.0,,1.0,Saline
946,20230517,10.0,14,pea,1.0,3,1,159.34164428710938,0.7369828429305905,0.0,,1.0,Saline
947,20230517,10.0,15,pea,1.0,3,1,160.59608459472656,0.6938228364054453,0.0,,1.0,Saline
948,20230517,10.0,16,pea,1.0,3,1,177.8954620361328,0.7733251653364412,0.0,,1.0,Saline
949,20230517,11.0,0,pea,1.0,4,1,119.3388900756836,0.509296254568607,0.0,,1.0,Saline
950,20230517,11.0,1,pea,1.0,4,1,119.14519500732422,0.7107826855760138,0.0,,1.0,Saline
951,20230517,11.0,2,pea,1.0,4,1,95.6174087524414,0.7078249211922856,0.0,,1.0,Saline
952,20230517,11.0,3,pea,1.0,4,1,97.23925018310548,0.7184272219553947,0.0,,1.0,Saline
953,20230517,11.0,4,pea,1.0,4,1,115.2158660888672,0.603203137018804,0.0,,1.0,Saline
954,20230517,11.0,5,pea,1.0,4,1,100.27561950683594,0.7970282652718623,0.0,,1.0,Saline
955,20230517,12.0,0,pea,1.0,5,1,175.7708740234375,0.5316781320957418,0.0,,1.0,Saline
956,20230517,12.0,1,pea,1.0,5,1,136.71978759765625,0.6719655340101163,0.0,,1.0,Saline
957,20230517,12.0,2,pea,1.0,5,1,151.58773803710938,0.6697903439917781,0.0,,1.0,Saline
958,20230517,12.0,3,pea,1.0,5,1,165.52655029296875,0.6048654496090506,0.0,,1.0,Saline
959,20230517,12.0,4,pea,1.0,5,1,172.04296875,0.7632627869312998,0.0,,1.0,Saline
960,20230517,12.0,5,pea,1.0,5,1,153.5706024169922,0.5667095236296973,0.0,,1.0,Saline
961,20230517,12.0,6,pea,1.0,5,1,130.6041717529297,0.631831238823942,0.0,,1.0,Saline
962,20230517,12.0,7,pea,1.0,5,1,122.202392578125,0.6962465377267293,0.0,,1.0,Saline
963,20230517,12.0,8,pea,1.0,5,1,144.83778381347656,0.6318278413393763,0.0,,1.0,Saline
964,20230517,12.0,9,pea,1.0,5,1,144.7420654296875,0.5656980934308926,0.0,,1.0,Saline
965,20230517,12.0,10,pea,1.0,5,1,144.61004638671875,0.6563589267245362,0.0,,1.0,Saline
966,20230517,12.0,11,pea,1.0,5,1,169.74729919433594,0.5411302544039742,0.0,,1.0,Saline
967,20230517,12.0,12,pea,1.0,5,1,146.00706481933594,0.7752988010987956,0.0,,1.0,Saline
968,20230517,12.0,13,pea,1.0,5,1,148.70468139648438,0.7801301997342058,0.0,,1.0,Saline
969,20230517,12.0,14,pea,1.0,5,1,144.93218994140625,0.6290077033970505,0.0,,1.0,Saline
970,20230517,12.0,15,pea,1.0,5,1,148.89230346679688,0.6300161206971779,0.0,,1.0,Saline
971,20230517,12.0,16,pea,1.0,5,1,136.08071899414062,0.6394908403579578,0.0,,1.0,Saline
972,20230523,2.0,0,pa,1.0,1,1,263.6283874511719,0.6659186822696626,0.0,,1.0,Enzyme
973,20230523,2.0,1,pa,1.0,1,1,245.6044921875,0.6438359294482616,0.0,,1.0,Enzyme
974,20230523,2.0,2,pa,1.0,1,1,221.04617309570312,0.5624246377160702,0.0,,1.0,Enzyme
975,20230523,2.0,3,pa,1.0,1,1,242.50511169433597,0.7408944054698985,0.0,,1.0,Enzyme
976,20230523,2.0,4,pa,1.0,1,1,276.6691589355469,0.6056077304537055,0.0,,1.0,Enzyme
977,20230523,2.0,5,pa,1.0,1,1,234.7635955810547,0.6631139458815376,0.0,,1.0,Enzyme
978,20230523,2.0,6,pa,1.0,1,1,241.1993865966797,0.5269948795904469,0.0,,1.0,Enzyme
979,20230523,2.0,7,pa,1.0,1,1,229.3674468994141,0.5665341774541623,0.0,,1.0,Enzyme
980,20230523,2.0,8,pa,1.0,1,1,238.36111450195312,0.6921373128294839,0.0,,1.0,Enzyme
981,20230523,2.0,9,pa,1.0,1,1,243.8139495849609,0.5338428787228473,0.0,,1.0,Enzyme
982,20230523,2.0,10,pa,1.0,1,1,268.8236083984375,0.6065043701963226,0.0,,1.0,Enzyme
983,20230523,2.0,11,pa,1.0,1,1,280.3766174316406,0.6205858769199182,0.0,,1.0,Enzyme
984,20230523,2.0,12,pa,1.0,1,1,259.5167236328125,0.6393301533194311,0.0,,1.0,Enzyme
985,20230523,2.0,13,pa,1.0,1,1,298.3219909667969,0.5997435800642172,0.0,,1.0,Enzyme
986,20230523,2.0,14,pa,1.0,1,1,278.3033752441406,0.6513650482638944,0.0,,1.0,Enzyme
987,20230523,2.0,15,pa,1.0,1,1,272.493896484375,0.554864725622803,0.0,,1.0,Enzyme
988,20230523,2.0,16,pa,1.0,1,1,270.64599609375,0.5241502524894415,0.0,,1.0,Enzyme
989,20230523,3.0,0,pa,1.0,2,1,190.60333251953125,0.770314682528209,0.0,,1.0,Enzyme
990,20230523,3.0,1,pa,1.0,2,1,196.09886169433597,0.7714053279671766,0.0,,1.0,Enzyme
991,20230523,3.0,2,pa,1.0,2,1,249.9553985595703,0.6127808718081518,0.0,,1.0,Enzyme
992,20230523,3.0,3,pa,1.0,2,1,233.22120666503903,0.6993052318097952,0.0,,1.0,Enzyme
993,20230523,3.0,4,pa,1.0,2,1,192.8013916015625,0.4953096314842931,0.0,,1.0,Enzyme
994,20230523,3.0,5,pa,1.0,2,1,180.9585418701172,0.5162210809716932,0.0,,1.0,Enzyme
995,20230523,3.0,6,pa,1.0,2,1,242.1074676513672,0.6469295396633328,0.0,,1.0,Enzyme
996,20230523,3.0,7,pa,1.0,2,1,168.9580535888672,0.6062721234250503,0.0,,1.0,Enzyme
997,20230523,3.0,8,pa,1.0,2,1,188.80044555664065,0.6277399909898875,0.0,,1.0,Enzyme
998,20230523,3.0,9,pa,1.0,2,1,195.1526641845703,0.6929841760387276,0.0,,1.0,Enzyme
999,20230523,3.0,10,pa,1.0,2,1,186.4144287109375,0.5633358636555883,0.0,,1.0,Enzyme
1000,20230523,3.0,11,pa,1.0,2,1,198.92105102539065,0.9040967357077,0.0,,1.0,Enzyme
1001,20230523,4.0,0,pa,1.0,3,1,229.8954620361328,0.7603237163249013,0.0,,1.0,Enzyme
1002,20230523,4.0,1,pa,1.0,3,1,203.7642974853516,0.7427765794224364,0.0,,1.0,Enzyme
1003,20230523,4.0,2,pa,1.0,3,1,219.7820281982422,0.6899305720102831,0.0,,1.0,Enzyme
1004,20230523,4.0,3,pa,1.0,3,1,191.57395935058597,0.6801433116572788,0.0,,1.0,Enzyme
1005,20230523,4.0,4,pa,1.0,3,1,217.38766479492188,0.6738905695499824,0.0,,1.0,Enzyme
1006,20230523,4.0,5,pa,1.0,3,1,266.2243957519531,0.5240651493757831,0.0,,1.0,Enzyme
1007,20230523,4.0,6,pa,1.0,3,1,218.09274291992188,0.7264198776977864,0.0,,1.0,Enzyme
1008,20230523,4.0,7,pa,1.0,3,1,270.7685241699219,0.5511662662131194,0.0,,1.0,Enzyme
1009,20230523,4.0,8,pa,1.0,3,1,233.7071990966797,0.6652828949379881,0.0,,1.0,Enzyme
1010,20230523,4.0,9,pa,1.0,3,1,231.945556640625,0.6338402628518267,0.0,,1.0,Enzyme
1011,20230523,4.0,10,pa,1.0,3,1,224.718017578125,0.77889987874509,0.0,,1.0,Enzyme
1012,20230523,4.0,11,pa,1.0,3,1,247.4670867919922,0.804035823788471,0.0,,1.0,Enzyme
1013,20230523,4.0,12,pa,1.0,3,1,241.3047790527344,0.9117371325827044,0.0,,1.0,Enzyme
1014,20230523,4.0,13,pa,1.0,3,1,213.88673400878903,1.1178812440482346,0.0,,1.0,Enzyme
1015,20230523,4.0,14,pa,1.0,3,1,286.9034423828125,0.6728001226660965,0.0,,1.0,Enzyme
1016,20230523,4.0,15,pa,1.0,3,1,286.7164001464844,0.6371863954402208,0.0,,1.0,Enzyme
1017,20230523,4.0,16,pa,1.0,3,1,224.7363128662109,0.9103636083281224,0.0,,1.0,Enzyme
1018,20230523,5.0,0,pa,1.0,4,1,202.27256774902344,0.8153858089957424,0.0,,1.0,Enzyme
1019,20230523,5.0,1,pa,1.0,4,1,187.68722534179688,0.8360436253289585,0.0,,1.0,Enzyme
1020,20230523,5.0,2,pa,1.0,4,1,182.194580078125,0.958563318307874,0.0,,1.0,Enzyme
1021,20230523,5.0,3,pa,1.0,4,1,184.29200744628903,0.8537611026376766,0.0,,1.0,Enzyme
1022,20230523,5.0,4,pa,1.0,4,1,195.9872894287109,0.7927816426842007,0.0,,1.0,Enzyme
1023,20230523,5.0,5,pa,1.0,4,1,199.2730865478516,0.8022367296677473,0.0,,1.0,Enzyme
1024,20230523,5.0,6,pa,1.0,4,1,212.77288818359372,0.9116182749920084,0.0,,1.0,Enzyme
1025,20230523,5.0,7,pa,1.0,4,1,195.26751708984372,0.7078662204227619,0.0,,1.0,Enzyme
1026,20230523,5.0,8,pa,1.0,4,1,194.1904144287109,0.7203739505731619,0.0,,1.0,Enzyme
1027,20230523,5.0,9,pa,1.0,4,1,198.07135009765625,0.7227197577905926,0.0,,1.0,Enzyme
1028,20230523,5.0,10,pa,1.0,4,1,202.34071350097656,0.6975226119683029,0.0,,1.0,Enzyme
1029,20230523,5.0,11,pa,1.0,4,1,239.1369781494141,0.7404028027294594,0.0,,1.0,Enzyme
1030,20230523,5.0,12,pa,1.0,4,1,211.95132446289065,0.729186515444809,0.0,,1.0,Enzyme
1031,20230523,5.0,13,pa,1.0,4,1,241.54714965820312,0.7080352301668569,0.0,,1.0,Enzyme
1032,20230523,5.0,14,pa,1.0,4,1,228.4013671875,0.6450818697242227,0.0,,1.0,Enzyme
1033,20230523,5.0,15,pa,1.0,4,1,235.9728546142578,0.6097767413613475,0.0,,1.0,Enzyme
1034,20230523,5.0,16,pa,1.0,4,1,221.79440307617188,0.6117286818642818,0.0,,1.0,Enzyme
1035,20230523,6.0,0,pa,1.0,5,1,228.77882385253903,0.6797879781265515,0.0,,1.0,Enzyme
1036,20230523,6.0,1,pa,1.0,5,1,229.51084899902344,0.6339571395435861,0.0,,1.0,Enzyme
1037,20230523,6.0,2,pa,1.0,5,1,208.72732543945312,0.6372123962885681,0.0,,1.0,Enzyme
1038,20230523,6.0,3,pa,1.0,5,1,194.37144470214844,0.7179635869403036,0.0,,1.0,Enzyme
1039,20230523,6.0,4,pa,1.0,5,1,192.5483856201172,1.0658758997127895,0.0,,1.0,Enzyme
1040,20230523,6.0,5,pa,1.0,5,1,211.96826171875,0.6557551892730196,0.0,,1.0,Enzyme
1041,20230523,6.0,6,pa,1.0,5,1,196.59127807617188,0.6358177711409319,0.0,,1.0,Enzyme
1042,20230523,6.0,7,pa,1.0,5,1,150.62216186523438,0.7795939694899694,0.0,,1.0,Enzyme
1043,20230523,7.0,0,pa,2.0,1,1,202.64434814453125,0.8800244658598899,0.0,,1.0,Enzyme
1044,20230523,7.0,1,pa,2.0,1,1,242.3762664794922,0.750107333661898,0.0,,1.0,Enzyme
1045,20230523,7.0,2,pa,2.0,1,1,206.7302703857422,0.8566438350101073,0.0,,1.0,Enzyme
1046,20230523,7.0,3,pa,2.0,1,1,205.1499938964844,0.8682519489889202,0.0,,1.0,Enzyme
1047,20230523,7.0,4,pa,2.0,1,1,167.64492797851562,0.8936936028112008,0.0,,1.0,Enzyme
1048,20230523,8.0,0,pea,1.0,1,1,169.999755859375,0.9112824297482014,0.0,,1.0,Enzyme
1049,20230523,8.0,1,pea,1.0,1,1,148.90631103515625,0.816075557357145,0.0,,1.0,Enzyme
1050,20230523,8.0,2,pea,1.0,1,1,162.2277374267578,0.8856768559856896,0.0,,1.0,Enzyme
1051,20230523,8.0,3,pea,1.0,1,1,142.8883514404297,0.8377050488287026,0.0,,1.0,Enzyme
1052,20230523,8.0,4,pea,1.0,1,1,132.29595947265625,0.9326551428272084,0.0,,1.0,Enzyme
1053,20230523,8.0,5,pea,1.0,1,1,152.20140075683594,1.0237189981943686,0.0,,1.0,Enzyme
1054,20230523,8.0,6,pea,1.0,1,1,171.34657287597656,0.7485793623411716,0.0,,1.0,Enzyme
1055,20230523,8.0,7,pea,1.0,1,1,153.39317321777344,1.0054150114454463,0.0,,1.0,Enzyme
1056,20230523,8.0,8,pea,1.0,1,1,171.96151733398438,0.6145617303906512,0.0,,1.0,Enzyme
1057,20230523,8.0,9,pea,1.0,1,1,166.71409606933594,0.792895238920007,0.0,,1.0,Enzyme
1058,20230523,8.0,10,pea,1.0,1,1,156.64170837402344,0.7778237524321288,0.0,,1.0,Enzyme
1059,20230523,9.0,0,pea,1.0,2,1,188.1517791748047,0.6901349935608607,0.0,,1.0,Enzyme
1060,20230523,9.0,1,pea,1.0,2,1,188.8152008056641,0.7786342131650876,0.0,,1.0,Enzyme
1061,20230523,9.0,2,pea,1.0,2,1,195.80496215820312,0.6890178715955191,0.0,,1.0,Enzyme
1062,20230523,9.0,3,pea,1.0,2,1,201.21453857421875,0.6616761329526604,0.0,,1.0,Enzyme
1063,20230523,9.0,4,pea,1.0,2,1,208.8743896484375,0.782702078854788,0.0,,1.0,Enzyme
1064,20230523,9.0,5,pea,1.0,2,1,193.7500457763672,0.7420474152249739,0.0,,1.0,Enzyme
1065,20230523,9.0,6,pea,1.0,2,1,215.8217315673828,0.7785944136791283,0.0,,1.0,Enzyme
1066,20230523,9.0,7,pea,1.0,2,1,197.1024169921875,0.7498902442896185,0.0,,1.0,Enzyme
1067,20230523,10.0,0,pea,1.0,3,1,201.62208557128903,0.8772884065508713,0.0,,1.0,Enzyme
1068,20230523,10.0,1,pea,1.0,3,1,212.57823181152344,0.9304437198891762,0.0,,1.0,Enzyme
1069,20230523,10.0,2,pea,1.0,3,1,149.9373016357422,0.93486653117845,0.0,,1.0,Enzyme
1070,20230523,10.0,3,pea,1.0,3,1,146.5023956298828,0.8168574221884484,0.0,,1.0,Enzyme
1071,20230523,10.0,4,pea,1.0,3,1,180.36715698242188,0.9119671616506936,0.0,,1.0,Enzyme
1072,20230523,10.0,5,pea,1.0,3,1,191.86068725585935,0.9709246108981802,0.0,,1.0,Enzyme
1073,20230523,10.0,6,pea,1.0,3,1,158.1632537841797,1.0506219734507063,0.0,,1.0,Enzyme
1074,20230523,10.0,7,pea,1.0,3,1,156.81520080566406,0.944911714362906,0.0,,1.0,Enzyme
1075,20230523,10.0,8,pea,1.0,3,1,213.8318023681641,0.692720349696053,0.0,,1.0,Enzyme
1076,20230523,10.0,9,pea,1.0,3,1,176.42611694335938,0.7242902103977897,0.0,,1.0,Enzyme
1077,20230523,10.0,10,pea,1.0,3,1,146.53433227539062,0.8017290228222649,0.0,,1.0,Enzyme
1078,20230523,10.0,11,pea,1.0,3,1,157.81346130371094,0.5322199639140912,0.0,,1.0,Enzyme
1079,20230523,10.0,12,pea,1.0,3,1,159.10635375976562,0.5733381539208509,0.0,,1.0,Enzyme
1080,20230523,10.0,13,pea,1.0,3,1,157.10617065429688,0.6242787135155261,0.0,,1.0,Enzyme
1081,20230523,10.0,14,pea,1.0,3,1,166.0861358642578,0.7133647242095762,0.0,,1.0,Enzyme
1082,20230523,10.0,15,pea,1.0,3,1,129.0617218017578,0.7520486707795833,0.0,,1.0,Enzyme
1083,20230523,10.0,16,pea,1.0,3,1,124.93700408935548,1.0087084895518077,0.0,,1.0,Enzyme
1084,20230523,11.0,0,pea,1.0,4,1,217.34141540527344,0.8779355493163443,0.0,,1.0,Enzyme
1085,20230523,11.0,1,pea,1.0,4,1,174.57659912109375,0.7923364665933583,0.0,,1.0,Enzyme
1086,20230523,12.0,0,pea,1.0,5,1,163.4918975830078,1.2572402241442957,0.0,,1.0,Enzyme
1087,20230523,12.0,1,pea,1.0,5,1,193.4886932373047,1.00946623108333,0.0,,1.0,Enzyme
1088,20230523,12.0,2,pea,1.0,5,1,167.80567932128906,0.926305437181199,0.0,,1.0,Enzyme
1089,20230523,12.0,3,pea,1.0,5,1,166.1818389892578,1.0129082493283104,0.0,,1.0,Enzyme
1090,20230523,12.0,4,pea,1.0,5,1,167.66868591308594,0.862416500000279,0.0,,1.0,Enzyme
1091,20230523,12.0,5,pea,1.0,5,1,192.4085235595703,1.04687664678365,0.0,,1.0,Enzyme
1092,20230523,12.0,6,pea,1.0,5,1,195.8833770751953,0.7646036788534936,0.0,,1.0,Enzyme
1093,20230523,12.0,7,pea,1.0,5,1,189.81578063964844,0.9302884602315676,0.0,,1.0,Enzyme
1094,20230523,12.0,8,pea,1.0,5,1,188.2557678222656,0.8950603972888391,0.0,,1.0,Enzyme
1095,20230523,12.0,9,pea,1.0,5,1,171.54345703125,0.7304876751216778,0.0,,1.0,Enzyme
1096,20230523,12.0,10,pea,1.0,5,1,182.52825927734372,0.8768898870117425,0.0,,1.0,Enzyme
1097,20230523,13.0,0,pea,1.0,6,1,294.7025146484375,0.7490290501452783,0.0,,1.0,Enzyme
1098,20230523,13.0,1,pea,1.0,6,1,225.84255981445312,0.6982900386213622,0.0,,1.0,Enzyme
1099,20230523,13.0,2,pea,1.0,6,1,215.2324066162109,0.7880198186948739,0.0,,1.0,Enzyme
1100,20230523,13.0,3,pea,1.0,6,1,178.6146697998047,0.7723501310043197,0.0,,1.0,Enzyme
1101,20230523,13.0,4,pea,1.0,6,1,178.31031799316406,0.7432699589295133,0.0,,1.0,Enzyme
1102,20230523,13.0,5,pea,1.0,6,1,197.72271728515625,0.750105370882757,0.0,,1.0,Enzyme
1103,20230523,13.0,6,pea,1.0,6,1,225.9167022705078,0.8247474187025539,0.0,,1.0,Enzyme
1104,20230523,13.0,7,pea,1.0,6,1,290.1313781738281,0.8361616605144704,0.0,,1.0,Enzyme
1105,20230523,13.0,8,pea,1.0,6,1,308.6948547363281,0.8762796477738988,0.0,,1.0,Enzyme
1106,20230523,13.0,9,pea,1.0,6,1,267.1339416503906,1.0283645947288775,0.0,,1.0,Enzyme
1107,20230523,13.0,10,pea,1.0,6,1,278.3296203613281,0.701544585479084,0.0,,1.0,Enzyme
1108,20230523,13.0,11,pea,1.0,6,1,260.48406982421875,0.8953060663084713,0.0,,1.0,Enzyme
1109,20230523,13.0,12,pea,1.0,6,1,241.6978454589844,0.8414519176094224,0.0,,1.0,Enzyme
1110,20230523,13.0,13,pea,1.0,6,1,219.34539794921875,0.9826833020390104,0.0,,1.0,Enzyme
1111,20230523,13.0,14,pea,1.0,6,1,251.41639709472656,0.8530614390807472,0.0,,1.0,Enzyme
1112,20230523,13.0,15,pea,1.0,6,1,272.8280944824219,0.6952643166088919,0.0,,1.0,Enzyme
1113,20230523,13.0,16,pea,1.0,6,1,450.3064270019531,0.76988720671892,0.0,,1.0,Enzyme
1114,20230524,2.0,0,pa,1.0,1,1,311.189697265625,0.6546915371693576,0.0,,1.0,Saline
1115,20230524,2.0,1,pa,1.0,1,1,271.61376953125,0.6888035344633678,0.0,,1.0,Saline
1116,20230524,2.0,2,pa,1.0,1,1,273.872802734375,0.6221944954428,0.0,,1.0,Saline
1117,20230524,2.0,3,pa,1.0,1,1,257.95281982421875,0.6752319598762355,0.0,,1.0,Saline
1118,20230524,2.0,4,pa,1.0,1,1,238.7641448974609,0.6411239410087539,0.0,,1.0,Saline
1119,20230524,2.0,5,pa,1.0,1,1,244.26339721679688,0.775315909520156,0.0,,1.0,Saline
1120,20230524,2.0,6,pa,1.0,1,1,254.1674652099609,0.5817878279663287,0.0,,1.0,Saline
1121,20230524,2.0,7,pa,1.0,1,1,243.5195159912109,0.6635407115131251,0.0,,1.0,Saline
1122,20230524,2.0,8,pa,1.0,1,1,247.5299072265625,0.8624291460504665,0.0,,1.0,Saline
1123,20230524,2.0,9,pa,1.0,1,1,256.6519775390625,0.7502616854045492,0.0,,1.0,Saline
1124,20230524,2.0,10,pa,1.0,1,1,258.8214111328125,0.7310691994260168,0.0,,1.0,Saline
1125,20230524,2.0,11,pa,1.0,1,1,265.1025390625,0.7180057386226615,0.0,,1.0,Saline
1126,20230524,2.0,12,pa,1.0,1,1,275.1953430175781,0.658402430753382,0.0,,1.0,Saline
1127,20230524,2.0,13,pa,1.0,1,1,296.14263916015625,0.6114185992569272,0.0,,1.0,Saline
1128,20230524,2.0,14,pa,1.0,1,1,268.8417663574219,0.7521241894246238,0.0,,1.0,Saline
1129,20230524,2.0,15,pa,1.0,1,1,287.4588317871094,0.7020636681968071,0.0,,1.0,Saline
1130,20230524,2.0,16,pa,1.0,1,1,255.81011962890625,0.9268572114655652,0.0,,1.0,Saline
1131,20230524,3.0,0,pa,1.0,2,1,365.3816223144531,1.015035151136377,0.0,,1.0,Saline
1132,20230524,3.0,1,pa,1.0,2,1,292.30450439453125,0.9729996558269304,0.0,,1.0,Saline
1133,20230524,3.0,2,pa,1.0,2,1,292.7577819824219,1.0446357000406543,0.0,,1.0,Saline
1134,20230524,3.0,3,pa,1.0,2,1,296.4595642089844,0.9447022676686724,0.0,,1.0,Saline
1135,20230524,3.0,4,pa,1.0,2,1,260.5067443847656,0.8201231121477832,0.0,,1.0,Saline
1136,20230524,3.0,5,pa,1.0,2,1,283.0098876953125,0.8700165920467224,0.0,,1.0,Saline
1137,20230524,3.0,6,pa,1.0,2,1,305.7560729980469,0.6725980591220466,0.0,,1.0,Saline
1138,20230524,3.0,7,pa,1.0,2,1,280.736328125,0.8216988410711181,0.0,,1.0,Saline
1139,20230524,3.0,8,pa,1.0,2,1,321.0359191894531,0.9039790749765668,0.0,,1.0,Saline
1140,20230524,3.0,9,pa,1.0,2,1,323.0849304199219,0.640316557291019,0.0,,1.0,Saline
1141,20230524,3.0,10,pa,1.0,2,1,311.278076171875,0.6144346372143126,0.0,,1.0,Saline
1142,20230524,3.0,11,pa,1.0,2,1,340.2086181640625,0.6757377734119565,0.0,,1.0,Saline
1143,20230524,3.0,12,pa,1.0,2,1,297.2068176269531,0.867268055962505,0.0,,1.0,Saline
1144,20230524,3.0,13,pa,1.0,2,1,313.4161071777344,0.7734672028214131,0.0,,1.0,Saline
1145,20230524,3.0,14,pa,1.0,2,1,327.0104064941406,0.6808266561449798,0.0,,1.0,Saline
1146,20230524,4.0,0,pa,1.0,3,1,238.68898010253903,1.090566664927909,0.0,,1.0,Saline
1147,20230524,4.0,1,pa,1.0,3,1,214.719970703125,0.9798350687171472,0.0,,1.0,Saline
1148,20230524,4.0,2,pa,1.0,3,1,219.1082000732422,0.9946775181072524,0.0,,1.0,Saline
1149,20230524,4.0,3,pa,1.0,3,1,248.63088989257807,0.9742500737574796,0.0,,1.0,Saline
1150,20230524,4.0,4,pa,1.0,3,1,246.9013214111328,1.0837807910870172,0.0,,1.0,Saline
1151,20230524,4.0,5,pa,1.0,3,1,253.27069091796875,1.0407402254281397,0.0,,1.0,Saline
1152,20230524,4.0,6,pa,1.0,3,1,248.0616455078125,1.0424728700355583,0.0,,1.0,Saline
1153,20230524,4.0,7,pa,1.0,3,1,291.7645263671875,0.7378311902190156,0.0,,1.0,Saline
1154,20230524,4.0,8,pa,1.0,3,1,262.1952209472656,0.8337246089244132,0.0,,1.0,Saline
1155,20230524,4.0,9,pa,1.0,3,1,255.6995391845703,0.6878272311437783,0.0,,1.0,Saline
1156,20230524,4.0,10,pa,1.0,3,1,260.958984375,0.7711839166764349,0.0,,1.0,Saline
1157,20230524,4.0,11,pa,1.0,3,1,250.5872344970703,0.8838785778049463,0.0,,1.0,Saline
1158,20230524,4.0,12,pa,1.0,3,1,264.9695739746094,0.8628629887823127,0.0,,1.0,Saline
1159,20230524,4.0,13,pa,1.0,3,1,261.6908874511719,0.8545934699527944,0.0,,1.0,Saline
1160,20230524,4.0,14,pa,1.0,3,1,307.1398010253906,0.7061989527209782,0.0,,1.0,Saline
1161,20230524,5.0,0,pa,1.0,4,1,296.0752868652344,0.6974225499830133,0.0,,1.0,Saline
1162,20230524,5.0,1,pa,1.0,4,1,234.26878356933597,0.6615100483697525,0.0,,1.0,Saline
1163,20230524,5.0,2,pa,1.0,4,1,239.65884399414065,0.7378438621242083,0.0,,1.0,Saline
1164,20230524,5.0,3,pa,1.0,4,1,250.2671813964844,0.5938681018067271,0.0,,1.0,Saline
1165,20230524,5.0,4,pa,1.0,4,1,267.5931701660156,0.8462378907985801,0.0,,1.0,Saline
1166,20230524,5.0,5,pa,1.0,4,1,334.7552490234375,0.78816884731717,0.0,,1.0,Saline
1167,20230524,5.0,6,pa,1.0,4,1,340.1252136230469,0.7849840038190408,0.0,,1.0,Saline
1168,20230524,5.0,7,pa,1.0,4,1,347.117919921875,0.848129174312426,0.0,,1.0,Saline
1169,20230524,5.0,8,pa,1.0,4,1,276.6015014648437,0.742333868848938,0.0,,1.0,Saline
1170,20230524,5.0,9,pa,1.0,4,1,292.8423156738281,0.964827678340825,0.0,,1.0,Saline
1171,20230524,5.0,10,pa,1.0,4,1,252.59005737304688,0.9407590310171124,0.0,,1.0,Saline
1172,20230524,5.0,11,pa,1.0,4,1,245.3281707763672,0.8130264370367328,0.0,,1.0,Saline
1173,20230524,5.0,12,pa,1.0,4,1,256.6709289550781,0.7584126539431217,0.0,,1.0,Saline
1174,20230524,5.0,13,pa,1.0,4,1,264.19189453125,0.8086692918823069,0.0,,1.0,Saline
1175,20230524,5.0,14,pa,1.0,4,1,295.1766357421875,0.8452161064519075,0.0,,1.0,Saline
1176,20230524,5.0,15,pa,1.0,4,1,286.3423156738281,0.8019589979600781,0.0,,1.0,Saline
1177,20230524,5.0,16,pa,1.0,4,1,230.1904296875,0.7961151523273067,0.0,,1.0,Saline
1178,20230524,6.0,0,pa,1.0,6,1,238.94851684570312,1.1910552448363223,0.0,,1.0,Saline
1179,20230524,6.0,1,pa,1.0,6,1,266.6350402832031,0.9613983114186836,0.0,,1.0,Saline
1180,20230524,6.0,2,pa,1.0,6,1,282.57672119140625,0.9319579018974888,0.0,,1.0,Saline
1181,20230524,6.0,3,pa,1.0,6,1,293.4956970214844,0.6769563296264973,0.0,,1.0,Saline
1182,20230524,6.0,4,pa,1.0,6,1,274.0914306640625,0.7261487922801688,0.0,,1.0,Saline
1183,20230524,6.0,5,pa,1.0,6,1,318.5496826171875,0.7826950945525599,0.0,,1.0,Saline
1184,20230524,6.0,6,pa,1.0,6,1,290.880615234375,0.708254323952568,0.0,,1.0,Saline
1185,20230524,6.0,7,pa,1.0,6,1,290.01727294921875,0.7485303014815532,0.0,,1.0,Saline
1186,20230524,6.0,8,pa,1.0,6,1,278.55548095703125,0.7148422692395116,0.0,,1.0,Saline
1187,20230524,6.0,9,pa,1.0,6,1,307.3706359863281,0.7001089999555479,0.0,,1.0,Saline
1188,20230524,6.0,10,pa,1.0,6,1,355.8519287109375,0.7142394256111544,0.0,,1.0,Saline
1189,20230524,6.0,11,pa,1.0,6,1,358.6251525878906,1.0261576843444598,0.0,,1.0,Saline
1190,20230524,6.0,12,pa,1.0,6,1,385.2568664550781,0.9642935275646582,0.0,,1.0,Saline
1191,20230524,6.0,13,pa,1.0,6,1,430.0086364746094,1.105178877853234,0.0,,1.0,Saline
1192,20230524,7.0,0,pea,1.0,1,1,208.04910278320312,0.7009747098692074,0.0,,1.0,Saline
1193,20230524,7.0,1,pea,1.0,1,1,242.125,0.7530697644069484,0.0,,1.0,Saline
1194,20230524,7.0,2,pea,1.0,1,1,211.8363037109375,0.8030190461536826,0.0,,1.0,Saline
1195,20230524,7.0,3,pea,1.0,1,1,191.16842651367188,0.7795081084100985,0.0,,1.0,Saline
1196,20230524,7.0,4,pea,1.0,1,1,219.15611267089844,0.7718085716637866,0.0,,1.0,Saline
1197,20230524,7.0,5,pea,1.0,1,1,224.10337829589844,0.6909687166759593,0.0,,1.0,Saline
1198,20230524,7.0,6,pea,1.0,1,1,221.81907653808597,0.8405824395660737,0.0,,1.0,Saline
1199,20230524,7.0,7,pea,1.0,1,1,253.25303649902344,0.656774173371053,0.0,,1.0,Saline
1200,20230524,7.0,8,pea,1.0,1,1,261.3659362792969,0.6646264340915202,0.0,,1.0,Saline
1201,20230524,7.0,9,pea,1.0,1,1,280.2417907714844,0.7111425520355183,0.0,,1.0,Saline
1202,20230524,7.0,10,pea,1.0,1,1,277.8736877441406,0.6337624651479565,0.0,,1.0,Saline
1203,20230524,8.0,0,pea,1.0,2,1,165.4687042236328,0.7527475438419309,0.0,,1.0,Saline
1204,20230524,8.0,1,pea,1.0,2,1,180.85980224609372,0.7658335899426234,0.0,,1.0,Saline
1205,20230524,8.0,2,pea,1.0,2,1,191.03646850585935,0.7680472748607485,0.0,,1.0,Saline
1206,20230524,8.0,3,pea,1.0,2,1,188.2174224853516,0.6671399521940344,0.0,,1.0,Saline
1207,20230524,8.0,4,pea,1.0,2,1,159.65921020507812,0.6570930662727932,0.0,,1.0,Saline
1208,20230524,8.0,5,pea,1.0,2,1,180.16845703125,0.7430180429227669,0.0,,1.0,Saline
1209,20230524,8.0,6,pea,1.0,2,1,205.7543487548828,0.6416244084134988,0.0,,1.0,Saline
1210,20230524,8.0,7,pea,1.0,2,1,167.9423065185547,0.7197380463154275,0.0,,1.0,Saline
1211,20230524,9.0,0,pea,1.0,3,1,352.9186706542969,1.0543649460783016,0.0,,1.0,Saline
1212,20230524,9.0,1,pea,1.0,3,1,437.3105773925781,0.7349149782912967,0.0,,1.0,Saline
1213,20230524,9.0,2,pea,1.0,3,1,310.2636413574219,0.900602256371803,0.0,,1.0,Saline
1214,20230524,9.0,3,pea,1.0,3,1,364.445068359375,0.6702757289181935,0.0,,1.0,Saline
1215,20230524,9.0,4,pea,1.0,3,1,313.3190612792969,0.7004055821756712,0.0,,1.0,Saline
1216,20230524,9.0,5,pea,1.0,3,1,304.9787292480469,0.6117291351954375,0.0,,1.0,Saline
1217,20230524,9.0,6,pea,1.0,3,1,314.61962890625,0.7162510477391155,0.0,,1.0,Saline
1218,20230524,9.0,7,pea,1.0,3,1,339.0747375488281,0.7141834140095202,0.0,,1.0,Saline
1219,20230524,9.0,8,pea,1.0,3,1,330.4604187011719,0.5877060794791618,0.0,,1.0,Saline
1220,20230524,9.0,9,pea,1.0,3,1,344.3153686523437,0.6321022814209023,0.0,,1.0,Saline
1221,20230524,10.0,0,pea,1.0,4,1,255.8352203369141,0.7599600842081067,0.0,,1.0,Saline
1222,20230524,10.0,1,pea,1.0,4,1,256.6685485839844,0.7345730888008575,0.0,,1.0,Saline
1223,20230524,10.0,2,pea,1.0,4,1,262.59210205078125,0.733295982870807,0.0,,1.0,Saline
1224,20230524,10.0,3,pea,1.0,4,1,300.9258728027344,0.7376905632655628,0.0,,1.0,Saline
1225,20230524,10.0,4,pea,1.0,4,1,342.3912658691406,0.6360024523907626,0.0,,1.0,Saline
1226,20230524,10.0,5,pea,1.0,4,1,309.8879089355469,0.707171104773721,0.0,,1.0,Saline
1227,20230524,10.0,6,pea,1.0,4,1,338.15936279296875,0.6791416112359059,0.0,,1.0,Saline
1228,20230524,10.0,7,pea,1.0,4,1,321.276611328125,0.7246945041158455,0.0,,1.0,Saline
1229,20230524,10.0,8,pea,1.0,4,1,313.5955810546875,0.6240515902959416,0.0,,1.0,Saline
1230,20230524,10.0,9,pea,1.0,4,1,295.3387756347656,0.6082827765876964,0.0,,1.0,Saline
1231,20230524,10.0,10,pea,1.0,4,1,318.8467712402344,0.7615005546732405,0.0,,1.0,Saline
1232,20230524,10.0,11,pea,1.0,4,1,310.5688781738281,0.8259950798960318,0.0,,1.0,Saline
1233,20230524,10.0,12,pea,1.0,4,1,290.76025390625,0.7994987550260504,0.0,,1.0,Saline
1234,20230524,10.0,13,pea,1.0,4,1,290.63104248046875,0.7817181443236265,0.0,,1.0,Saline
1235,20230524,10.0,14,pea,1.0,4,1,301.5208435058594,0.779635827294598,0.0,,1.0,Saline
1236,20230524,10.0,15,pea,1.0,4,1,253.77764892578125,0.8523832875205386,0.0,,1.0,Saline
1237,20230524,10.0,16,pea,1.0,4,1,265.8411560058594,0.7772238731175101,0.0,,1.0,Saline
1238,20230526,1.0,0,pa,2.0,1,2,295.10382080078125,0.8139270030663255,0.0,,1.0,Enzyme
1239,20230526,1.0,1,pa,2.0,1,2,296.9895935058594,0.6687075032795562,0.0,,1.0,Enzyme
1240,20230526,1.0,2,pa,2.0,1,2,294.1576232910156,0.7425325008448027,0.0,,1.0,Enzyme
1241,20230526,1.0,3,pa,2.0,1,2,302.9869384765625,0.7420155283155268,0.0,,1.0,Enzyme
1242,20230526,1.0,4,pa,2.0,1,2,283.9302062988281,0.8250922764171449,0.0,,1.0,Enzyme
1243,20230526,1.0,5,pa,2.0,1,2,319.1856994628906,0.797975561391322,0.0,,1.0,Enzyme
1244,20230526,1.0,6,pa,2.0,1,2,325.28436279296875,0.7640591507968395,0.0,,1.0,Enzyme
1245,20230526,2.0,0,pea,1.0,1,2,108.01290893554688,0.7924001229869475,0.0,,1.0,Enzyme
1246,20230526,3.0,0,pea,2.0,1,2,182.3242950439453,0.6870257409056091,0.0,,1.0,Enzyme
1247,20230526,3.0,1,pea,2.0,1,2,175.66152954101562,0.6223861848855403,0.0,,1.0,Enzyme
1248,20230526,3.0,2,pea,2.0,1,2,148.81410217285156,0.6862039250864846,0.0,,1.0,Enzyme
1249,20230526,3.0,3,pea,2.0,1,2,191.1305389404297,0.6255548046483774,0.0,,1.0,Enzyme
1250,20230526,3.0,4,pea,2.0,1,2,165.0880584716797,0.7526417517249921,0.0,,1.0,Enzyme
1251,20230526,3.0,5,pea,2.0,1,2,132.3583984375,1.0450876846813628,0.0,,1.0,Enzyme
1252,20230526,3.0,6,pea,2.0,1,2,167.70587158203125,0.9295417229788968,0.0,,1.0,Enzyme
1253,20230527,1.0,0,pa,1.0,1,1,248.832275390625,1.0968057263719562,0.0,,1.0,Enzyme
1254,20230527,1.0,1,pa,1.0,1,1,294.3601989746094,0.8067346246358458,0.0,,1.0,Enzyme
1255,20230527,1.0,2,pa,1.0,1,1,368.6526184082031,0.7860629520776374,0.0,,1.0,Enzyme
1256,20230527,1.0,3,pa,1.0,1,1,351.3916320800781,0.9647495853013854,0.0,,1.0,Enzyme
1257,20230527,1.0,4,pa,1.0,1,1,412.9811706542969,0.7445718872919009,0.0,,1.0,Enzyme
1258,20230527,1.0,5,pa,1.0,1,1,393.7771911621094,0.868262454541922,0.0,,1.0,Enzyme
1259,20230527,1.0,6,pa,1.0,1,1,412.5320434570313,0.662289826243418,0.0,,1.0,Enzyme
1260,20230527,1.0,7,pa,1.0,1,1,367.4183349609375,0.8130441185985795,0.0,,1.0,Enzyme
1261,20230527,1.0,8,pa,1.0,1,1,359.2091064453125,0.7214727131448182,0.0,,1.0,Enzyme
1262,20230527,1.0,9,pa,1.0,1,1,356.451171875,0.6814855849374428,0.0,,1.0,Enzyme
1263,20230527,1.0,10,pa,1.0,1,1,381.29437255859375,0.5853195587615438,0.0,,1.0,Enzyme
1264,20230527,1.0,11,pa,1.0,1,1,357.5445251464844,0.6658370401595253,0.0,,1.0,Enzyme
1265,20230527,1.0,12,pa,1.0,1,1,336.8219299316406,0.6893561555830487,0.0,,1.0,Enzyme
1266,20230527,1.0,13,pa,1.0,1,1,320.9040832519531,0.7730998819898645,0.0,,1.0,Enzyme
1267,20230527,1.0,14,pa,1.0,1,1,301.1061706542969,0.6836027576700889,0.0,,1.0,Enzyme
1268,20230527,1.0,15,pa,1.0,1,1,248.83816528320312,0.8191586832075135,0.0,,1.0,Enzyme
1269,20230527,1.0,16,pa,1.0,1,1,283.0814819335937,0.7489890316001482,0.0,,1.0,Enzyme
1270,20230527,2.0,0,pa,1.0,3,1,285.8094787597656,0.929182322720436,0.0,,1.0,Enzyme
1271,20230527,2.0,1,pa,1.0,3,1,351.6259460449219,0.854399522299726,0.0,,1.0,Enzyme
1272,20230527,2.0,2,pa,1.0,3,1,313.9509582519531,0.979147055949106,0.0,,1.0,Enzyme
1273,20230527,2.0,3,pa,1.0,3,1,310.7841796875,0.9894741775556072,0.0,,1.0,Enzyme
1274,20230527,2.0,4,pa,1.0,3,1,350.4437561035156,0.6148794723937065,0.0,,1.0,Enzyme
1275,20230527,2.0,5,pa,1.0,3,1,287.2851257324219,0.8019229276536848,0.0,,1.0,Enzyme
1276,20230527,2.0,6,pa,1.0,3,1,397.5585632324219,0.7422187615118041,0.0,,1.0,Enzyme
1277,20230527,2.0,7,pa,1.0,3,1,293.21630859375,0.9529304661174648,0.0,,1.0,Enzyme
1278,20230527,2.0,8,pa,1.0,3,1,276.9310302734375,0.7787279815368144,0.0,,1.0,Enzyme
1279,20230527,2.0,9,pa,1.0,3,1,269.9332275390625,0.9369406017949088,0.0,,1.0,Enzyme
1280,20230527,2.0,10,pa,1.0,3,1,259.0213623046875,0.9590268131227404,0.0,,1.0,Enzyme
1281,20230527,2.0,11,pa,1.0,3,1,296.4127197265625,0.5869545953265138,0.0,,1.0,Enzyme
1282,20230527,2.0,12,pa,1.0,3,1,316.3992004394531,0.7337662915307064,0.0,,1.0,Enzyme
1283,20230527,2.0,13,pa,1.0,3,1,367.7070007324219,0.6537105216984465,0.0,,1.0,Enzyme
1284,20230527,2.0,14,pa,1.0,3,1,443.1226501464844,0.8714596661198861,0.0,,1.0,Enzyme
1285,20230527,2.0,15,pa,1.0,3,1,458.6919860839844,0.8037043517375793,0.0,,1.0,Enzyme
1286,20230527,2.0,16,pa,1.0,3,1,595.9551391601562,0.6967302676240266,0.0,,1.0,Enzyme
1287,20230527,3.0,0,pa,1.0,4,1,408.3924560546875,0.5950629162335517,0.0,,1.0,Enzyme
1288,20230527,3.0,1,pa,1.0,4,1,407.2949523925781,0.5864682829777212,0.0,,1.0,Enzyme
1289,20230527,3.0,2,pa,1.0,4,1,404.7398681640625,0.6803047693870976,0.0,,1.0,Enzyme
1290,20230527,3.0,3,pa,1.0,4,1,461.25335693359375,0.7422926553954721,0.0,,1.0,Enzyme
1291,20230527,3.0,4,pa,1.0,4,1,409.4079284667969,0.827998714189869,0.0,,1.0,Enzyme
1292,20230527,3.0,5,pa,1.0,4,1,473.3819580078125,0.7966868380399355,0.0,,1.0,Enzyme
1293,20230527,3.0,6,pa,1.0,4,1,465.88134765625,0.7557500181861698,0.0,,1.0,Enzyme
1294,20230527,3.0,7,pa,1.0,4,1,509.43951416015625,0.8842754751503001,0.0,,1.0,Enzyme
1295,20230527,3.0,8,pa,1.0,4,1,431.8760070800781,0.663642030021169,0.0,,1.0,Enzyme
1296,20230527,3.0,9,pa,1.0,4,1,347.3617248535156,0.7626164972934717,0.0,,1.0,Enzyme
1297,20230527,3.0,10,pa,1.0,4,1,368.2630615234375,0.8101577248198062,0.0,,1.0,Enzyme
1298,20230527,4.0,0,pea,1.0,1,1,205.32418823242188,1.0352107448650203,0.0,,1.0,Enzyme
1299,20230527,4.0,1,pea,1.0,1,1,183.77134704589844,0.791213305778637,0.0,,1.0,Enzyme
1300,20230527,4.0,2,pea,1.0,1,1,187.06321716308597,0.7764080410779997,0.0,,1.0,Enzyme
1301,20230527,4.0,3,pea,1.0,1,1,148.42291259765625,0.7723108656503985,0.0,,1.0,Enzyme
1302,20230527,4.0,4,pea,1.0,1,1,140.8459014892578,0.6959419535816878,0.0,,1.0,Enzyme
1303,20230527,4.0,5,pea,1.0,1,1,188.77444458007807,0.6519654739426777,0.0,,1.0,Enzyme
1304,20230527,4.0,6,pea,1.0,1,1,165.46409606933594,0.7401657034113889,0.0,,1.0,Enzyme
1305,20230527,4.0,7,pea,1.0,1,1,183.7227478027344,0.808958683250637,0.0,,1.0,Enzyme
1306,20230527,4.0,8,pea,1.0,1,1,214.38829040527344,0.80744986751181,0.0,,1.0,Enzyme
1307,20230527,4.0,9,pea,1.0,1,1,169.35572814941406,1.0960716657872125,0.0,,1.0,Enzyme
1308,20230527,4.0,10,pea,1.0,1,1,187.2621612548828,0.9208140574014508,0.0,,1.0,Enzyme
1309,20230527,4.0,11,pea,1.0,1,1,193.974609375,1.0061484886089165,0.0,,1.0,Enzyme
1310,20230527,4.0,12,pea,1.0,1,1,129.7816162109375,0.8857806893760092,0.0,,1.0,Enzyme
1311,20230527,4.0,13,pea,1.0,1,1,181.35528564453125,0.6862277697075232,0.0,,1.0,Enzyme
1312,20230527,4.0,14,pea,1.0,1,1,182.4994964599609,0.8301206523305318,0.0,,1.0,Enzyme
1313,20230527,4.0,15,pea,1.0,1,1,153.92434692382812,0.901111195500425,0.0,,1.0,Enzyme
1314,20230527,4.0,16,pea,1.0,1,1,185.77084350585935,1.0938515658663943,0.0,,1.0,Enzyme
1315,20230527,5.0,0,pea,1.0,2,1,153.39755249023438,0.698111625477976,0.0,,1.0,Enzyme
1316,20230527,5.0,1,pea,1.0,2,1,141.06622314453125,0.7227895945635581,0.0,,1.0,Enzyme
1317,20230527,5.0,2,pea,1.0,2,1,157.3140869140625,0.7935473081148015,0.0,,1.0,Enzyme
1318,20230527,5.0,3,pea,1.0,2,1,165.2602996826172,0.7091664383240612,0.0,,1.0,Enzyme
1319,20230527,5.0,4,pea,1.0,2,1,134.12374877929688,0.8103741751592359,0.0,,1.0,Enzyme
1320,20230527,5.0,5,pea,1.0,2,1,139.750244140625,0.910072681550048,0.0,,1.0,Enzyme
1321,20230527,5.0,6,pea,1.0,2,1,132.00860595703125,0.6952517188568947,0.0,,1.0,Enzyme
1322,20230527,5.0,7,pea,1.0,2,1,155.13258361816406,0.6150611154246253,0.0,,1.0,Enzyme
1323,20230527,5.0,8,pea,1.0,2,1,169.91445922851562,0.6867725958510498,0.0,,1.0,Enzyme
1324,20230527,5.0,9,pea,1.0,2,1,167.43617248535156,0.696944603696954,0.0,,1.0,Enzyme
1325,20230527,5.0,10,pea,1.0,2,1,177.49354553222656,0.6846174612555824,0.0,,1.0,Enzyme
1326,20230527,5.0,11,pea,1.0,2,1,169.51055908203125,0.6223741756371126,0.0,,1.0,Enzyme
1327,20230527,5.0,12,pea,1.0,2,1,166.38641357421875,0.7832761207193641,0.0,,1.0,Enzyme
1328,20230527,5.0,13,pea,1.0,2,1,167.4384002685547,0.6497608590548385,0.0,,1.0,Enzyme
1329,20230527,5.0,14,pea,1.0,2,1,162.6685028076172,0.7548654710122662,0.0,,1.0,Enzyme
1330,20230527,5.0,15,pea,1.0,2,1,211.47210693359372,0.8378738523010725,0.0,,1.0,Enzyme
1331,20230527,5.0,16,pea,1.0,2,1,209.1403045654297,0.6999453292666473,0.0,,1.0,Enzyme
1332,20230527,6.0,0,pea,1.0,3,1,135.48098754882812,1.0134276294098008,0.0,,1.0,Enzyme
1333,20230527,6.0,1,pea,1.0,3,1,121.08917999267578,0.993885594777467,0.0,,1.0,Enzyme
1334,20230527,6.0,2,pea,1.0,3,1,122.84782409667967,0.9163136725027918,0.0,,1.0,Enzyme
1335,20230527,6.0,3,pea,1.0,3,1,135.52142333984375,0.991268545858933,0.0,,1.0,Enzyme
1336,20230527,6.0,4,pea,1.0,3,1,149.91036987304688,1.1238194332575944,0.0,,1.0,Enzyme
1337,20230527,6.0,5,pea,1.0,3,1,151.75289916992188,0.990075976504862,0.0,,1.0,Enzyme
1338,20230527,6.0,6,pea,1.0,3,1,137.43016052246094,0.9290971059160498,0.0,,1.0,Enzyme
1339,20230527,6.0,7,pea,1.0,3,1,103.73085021972656,0.9136718245496382,0.0,,1.0,Enzyme
1340,20230527,6.0,8,pea,1.0,3,1,135.61505126953125,0.8269038061022798,0.0,,1.0,Enzyme
1341,20230527,6.0,9,pea,1.0,3,1,147.06971740722656,0.6837799070460271,0.0,,1.0,Enzyme
1342,20230527,6.0,10,pea,1.0,3,1,157.46554565429688,0.8858197668722632,0.0,,1.0,Enzyme
1343,20230527,6.0,11,pea,1.0,3,1,145.74403381347656,0.9860534735769556,0.0,,1.0,Enzyme
1344,20230527,7.0,0,pea,1.0,4,1,138.40457153320312,0.8351585379099014,0.0,,1.0,Enzyme
1345,20230527,7.0,1,pea,1.0,4,1,141.68296813964844,0.8490657483356259,0.0,,1.0,Enzyme
1346,20230527,7.0,2,pea,1.0,4,1,129.71090698242188,1.042186767801205,0.0,,1.0,Enzyme
1347,20230527,7.0,3,pea,1.0,4,1,160.88758850097656,0.7257574431167804,0.0,,1.0,Enzyme
1348,20230527,7.0,4,pea,1.0,4,1,143.89588928222656,0.7641599890719775,0.0,,1.0,Enzyme
1349,20230527,7.0,5,pea,1.0,4,1,144.88543701171875,1.0217410852301363,0.0,,1.0,Enzyme
1350,20230527,7.0,6,pea,1.0,4,1,148.6728973388672,0.8658321299777221,0.0,,1.0,Enzyme
1351,20230527,7.0,7,pea,1.0,4,1,128.60781860351562,1.037250076513388,0.0,,1.0,Enzyme
1352,20230527,7.0,8,pea,1.0,4,1,127.78423309326172,0.7885583117540484,0.0,,1.0,Enzyme
1353,20230527,7.0,9,pea,1.0,4,1,118.87043762207033,0.968282762813054,0.0,,1.0,Enzyme
1354,20230527,7.0,10,pea,1.0,4,1,128.21762084960938,1.1288572116214652,0.0,,1.0,Enzyme
1355,20230527,7.0,11,pea,1.0,4,1,131.3612060546875,0.8681110740074622,0.0,,1.0,Enzyme
1356,20230527,7.0,12,pea,1.0,4,1,167.80300903320312,0.7509729277081512,0.0,,1.0,Enzyme
1357,20230527,7.0,13,pea,1.0,4,1,143.60462951660156,0.8294601313788803,0.0,,1.0,Enzyme
1358,20230527,7.0,14,pea,1.0,4,1,148.02813720703125,1.0170291426920637,0.0,,1.0,Enzyme
1359,20230527,7.0,15,pea,1.0,4,1,136.89573669433594,0.9026299917902776,0.0,,1.0,Enzyme
1360,20230527,7.0,16,pea,1.0,4,1,105.243896484375,0.9054727728387276,0.0,,1.0,Enzyme
1361,20230504,10.0,0,c,1.0,1,1,49.63433456420898,0.5090392493420399,,yes,2.0,Enzyme
1362,20230504,11.0,0,c,4.0,1,1,55.139427185058594,0.5337204017197585,82.1,yes,1.5,Enzyme
1363,20230504,11.0,1,c,4.0,1,1,52.60593795776367,0.6015862932485874,82.1,yes,1.5,Enzyme
1364,20230504,11.0,2,c,4.0,1,1,47.01692581176758,0.6040212587175979,82.1,yes,1.6000000000000014,Enzyme
1365,20230504,11.0,3,c,4.0,1,1,48.76842498779297,0.4852098402327911,82.1,yes,1.4000000000000004,Enzyme
1366,20230504,12.0,0,c,5.0,1,1,71.29525756835938,0.5672404366455357,17.6,no,3.0,Enzyme
1367,20230504,12.0,1,c,5.0,1,1,64.89103698730469,0.5404339582150435,17.6,no,3.0,Enzyme
1368,20230504,12.0,2,c,5.0,1,1,73.583984375,0.4898076598089549,17.6,no,4.0,Enzyme
1369,20230504,12.0,3,c,5.0,1,1,61.15666961669922,0.5212227711968218,17.6,no,3.0,Enzyme
1370,20230504,12.0,4,c,5.0,1,1,67.98699188232422,0.4974848227088948,17.6,no,3.0,Enzyme
1371,20230504,12.0,5,c,5.0,1,1,75.05278778076172,0.4779944898015422,17.6,no,4.0,Enzyme
1372,20230504,13.0,0,c,6.0,1,1,52.95089340209961,0.4130197946575222,79.6,yes,1.3000000000000007,Enzyme
1373,20230504,14.0,0,pv,1.0,1,1,61.8857307434082,0.704337638310939,0.0,,1.2999999999999998,Enzyme
1374,20230504,14.0,1,pv,1.0,1,1,57.11111068725586,0.7700519295685027,0.0,,1.4000000000000004,Enzyme
1375,20230504,14.0,2,pv,1.0,1,1,73.75935363769531,0.764248786799449,0.0,,1.7999999999999998,Enzyme
1376,20230504,14.0,3,pv,1.0,1,1,56.25670623779297,0.7828147945068089,0.0,,2.0,Enzyme
1377,20230504,14.0,4,pv,1.0,1,1,70.01359558105469,0.5887363162883048,0.0,,2.0,Enzyme
1378,20230504,14.0,5,pv,1.0,1,1,110.88037109375,0.6336537613818898,0.0,,2.0,Enzyme
1379,20230504,14.0,6,pv,1.0,1,1,69.32818603515625,0.5139287098462049,0.0,,1.0,Enzyme
1380,20230504,14.0,7,pv,1.0,1,1,99.75708770751952,0.5682908680330563,0.0,,1.0,Enzyme
1381,20230504,15.0,0,pv,1.0,2,1,76.2889175415039,0.7221530595576624,0.0,,2.0,Enzyme
1382,20230504,15.0,1,pv,1.0,2,1,77.95201873779297,0.7067960073382125,0.0,,2.0,Enzyme
1383,20230504,15.0,2,pv,1.0,2,1,60.98845291137695,0.7343898058066287,0.0,,1.7000000000000002,Enzyme
1384,20230504,15.0,3,pv,1.0,2,1,67.37141418457031,0.6917747026298251,0.0,,2.5,Enzyme
1385,20230504,15.0,4,pv,1.0,2,1,56.61995315551758,0.7506105273729915,0.0,,1.0,Enzyme
1386,20230504,16.0,0,pv,1.0,3,1,77.37345886230469,0.6280144824446108,0.0,,1.0,Enzyme
1387,20230504,16.0,1,pv,1.0,3,1,72.58428955078125,0.6029684489077738,0.0,,1.5,Enzyme
1388,20230504,16.0,2,pv,1.0,3,1,111.5459442138672,0.4629497261021349,0.0,,0.7999999999999998,Enzyme
1389,20230504,16.0,3,pv,1.0,3,1,90.26496124267578,0.5115204703907974,0.0,,0.7999999999999998,Enzyme
1390,20230504,16.0,4,pv,1.0,3,1,77.58939361572266,0.4430589585773621,0.0,,1.1999999999999993,Enzyme
1391,20230504,16.0,5,pv,1.0,3,1,64.27885437011719,0.5290359025887224,0.0,,1.5,Enzyme
1392,20230504,17.0,0,pv,1.0,4,1,63.218448638916016,0.7711662257427303,0.0,,0.7,Enzyme
1393,20230504,17.0,1,pv,1.0,4,1,92.98431396484376,0.7921838425831087,0.0,,2.2,Enzyme
1394,20230504,17.0,2,pv,1.0,4,1,73.17890167236328,0.7137446927533979,0.0,,1.9000000000000004,Enzyme
1395,20230504,17.0,3,pv,1.0,4,1,59.48017883300781,0.6337820728897583,0.0,,2.1999999999999997,Enzyme
1396,20230504,18.0,0,pv,1.0,5,1,41.54864883422852,0.6822673875612644,0.0,,2.0,Enzyme
1397,20230504,18.0,1,pv,1.0,5,1,45.18083572387695,0.4936629778799997,0.0,,2.0,Enzyme
1398,20230504,18.0,2,pv,1.0,5,1,50.304176330566406,0.6504754887366211,0.0,,2.0,Enzyme
1399,20230504,18.0,3,pv,1.0,5,1,54.25263214111328,0.6796144115591503,0.0,,2.0,Enzyme
1400,20230504,19.0,0,pv,1.0,6,1,43.95676803588867,0.7480754073379217,0.0,,4.0,Enzyme
1401,20230504,19.0,1,pv,1.0,6,1,47.363502502441406,0.7287640877502533,0.0,,2.0,Enzyme
1402,20230510,13.0,0,c,3.0,1,1,97.30670928955078,0.6048198221835026,52.6,no,1.2000000000000002,Enzyme
1403,20230510,13.0,1,c,3.0,1,1,112.0355453491211,0.5175969567234606,52.6,no,1.3999999999999997,Enzyme
1404,20230510,13.0,2,c,3.0,1,1,76.93012237548828,0.5926367931083654,52.6,no,1.2000000000000002,Enzyme
1405,20230510,13.0,3,c,3.0,1,1,92.85499572753906,0.4993835793290877,52.6,no,1.7999999999999998,Enzyme
1406,20230510,14.0,0,c,6.0,1,1,79.416259765625,0.559278003954498,85.2,yes,1.0500000000000005,Enzyme
1407,20230510,14.0,1,c,6.0,1,1,67.91753387451172,0.6242360361018502,85.2,yes,0.5499999999999998,Enzyme
1408,20230510,14.0,2,c,6.0,1,1,68.23633575439453,0.4871118650084671,85.2,yes,0.6000000000000005,Enzyme
1409,20230510,14.0,3,c,6.0,1,1,86.24369812011719,0.5161586321242648,85.2,yes,0.5999999999999996,Enzyme
1410,20230510,14.0,4,c,6.0,1,1,73.90113067626953,0.4866700789522085,85.2,yes,0.6000000000000005,Enzyme
1411,20230510,14.0,5,c,6.0,1,1,104.04630279541016,0.5615353474969993,85.2,yes,0.6999999999999993,Enzyme
1412,20230510,15.0,0,c,7.0,1,1,32.666385650634766,0.5528106042131657,126.0,no,2.8,Enzyme
1413,20230510,15.0,1,c,7.0,1,1,24.82005500793457,0.5825011052586433,126.0,no,2.0,Enzyme
1414,20230510,15.0,2,c,7.0,1,1,22.47576141357422,0.422606389573211,126.0,no,2.0,Enzyme
1415,20230510,15.0,3,c,7.0,1,1,24.44803047180176,0.5194258046017133,126.0,no,6.0,Enzyme
1416,20230510,15.0,4,c,7.0,1,1,22.521804809570312,0.5181213357395293,126.0,no,5.0,Enzyme
1417,20230510,16.0,0,pv,1.0,1,1,66.99358367919922,0.7674377965958605,0.0,,1.1709999999999994,Enzyme
1418,20230510,16.0,1,pv,1.0,1,1,59.57163619995117,0.6977315712981778,0.0,,1.9000000000000004,Enzyme
1419,20230510,16.0,2,pv,1.0,1,1,75.46326446533203,0.6749431180657268,0.0,,1.0,Enzyme
1420,20230510,16.0,3,pv,1.0,1,1,140.83511352539062,0.6845115594645357,0.0,,0.7000000000000011,Enzyme
1421,20230510,16.0,4,pv,1.0,1,1,98.35314178466795,0.6747342648016641,0.0,,2.3,Enzyme
1422,20230510,16.0,5,pv,1.0,1,1,83.79906463623047,0.6429939683958636,0.0,,1.2000000000000002,Enzyme
1423,20230510,17.0,0,pv,1.0,2,1,57.64277648925781,0.5040686500636333,0.0,,2.7,Enzyme
1424,20230510,17.0,1,pv,1.0,2,1,50.982120513916016,0.5405638077148822,0.0,,0.7999999999999998,Enzyme
1425,20230510,18.0,0,pv,1.0,3,1,64.97132110595703,0.5958327320997476,0.0,,1.7999999999999998,Enzyme
1426,20230510,18.0,1,pv,1.0,3,1,47.21548080444336,0.7499957811365654,0.0,,3.4000000000000004,Enzyme
1427,20230510,19.0,0,pv,1.0,4,1,34.85250473022461,0.4840850381584545,0.0,,1.7000000000000002,Enzyme
1428,20230510,19.0,1,pv,1.0,4,1,36.5692253112793,0.5869578715459234,0.0,,1.5,Enzyme
1429,20230510,19.0,2,pv,1.0,4,1,41.281192779541016,0.6161909595168353,0.0,,1.1999999999999993,Enzyme
1430,20230510,20.0,0,pv,1.0,5,1,62.01532745361328,0.6188710224652993,0.0,,1.5,Enzyme
1431,20230510,20.0,1,pv,1.0,5,1,48.62276840209961,0.6995221893089756,0.0,,1.9000000000000004,Enzyme
1432,20230510,20.0,2,pv,1.0,5,1,59.31106185913086,0.5592240746015236,0.0,,1.299999999999999,Enzyme
1433,20230510,20.0,3,pv,1.0,5,1,82.6573715209961,0.5408973039284888,0.0,,1.0,Enzyme
1434,20230510,20.0,4,pv,1.0,5,1,61.38710403442383,0.6434508087975175,0.0,,1.8000000000000007,Enzyme
1435,20230510,21.0,0,pv,1.0,6,1,71.39274597167969,0.5198449859016243,0.0,,0.6000000000000001,Enzyme
1436,20230510,21.0,1,pv,1.0,6,1,66.1601333618164,0.4691630091610541,0.0,,0.8999999999999999,Enzyme
1437,20230511,7.0,0,c,1.0,1,1,61.19823455810547,0.4974102173586825,17.2,no,2.2,Enzyme
1438,20230511,7.0,1,c,1.0,1,1,72.15000915527344,0.6796977216865336,17.2,no,0.5,Enzyme
1439,20230511,7.0,2,c,1.0,1,1,71.18335723876953,0.6056358614508603,17.2,no,1.9000000000000004,Enzyme
1440,20230511,7.0,3,c,1.0,1,1,68.70197296142578,0.6235071635361074,17.2,no,1.6999999999999993,Enzyme
1441,20230511,7.0,4,c,1.0,1,1,81.97718048095703,0.6402896365034998,17.2,no,1.5,Enzyme
1442,20230511,7.0,5,c,1.0,1,1,75.69368743896484,0.6858594320983933,17.2,no,0.6999999999999993,Enzyme
1443,20230511,8.0,0,c,3.0,1,1,450.4280090332031,0.5322767005570554,47.4,no,0.9000000000000004,Enzyme
1444,20230511,8.0,1,c,3.0,1,1,458.76171875,0.4642011750810297,47.4,no,0.4000000000000003,Enzyme
1445,20230511,8.0,2,c,3.0,1,1,351.8216857910156,0.5684840771736148,47.4,no,1.5,Enzyme
1446,20230511,8.0,3,c,3.0,1,1,344.00604248046875,0.5448587443701562,47.4,no,1.6000000000000014,Enzyme
1447,20230511,8.0,4,c,3.0,1,1,409.48779296875,0.5689090663586214,47.4,no,1.3999999999999986,Enzyme
1448,20230511,9.0,0,c,4.0,1,1,84.10913848876953,0.5349797387370003,76.8,no,1.5000000000000009,Enzyme
1449,20230511,9.0,1,c,4.0,1,1,88.19093322753906,0.4624417673545906,76.8,no,1.8999999999999984,Enzyme
1450,20230511,10.0,0,c,5.0,1,1,27.60918617248535,0.7540003790065377,91.4,yes,2.5,Enzyme
1451,20230511,10.0,1,c,5.0,1,1,21.828351974487305,0.5263708294126861,91.4,yes,3.6000000000000005,Enzyme
1452,20230511,10.0,2,c,5.0,1,1,24.897016525268555,0.6287671263505494,91.4,yes,5.699999999999999,Enzyme
1453,20230511,10.0,3,c,5.0,1,1,27.892820358276367,0.6760267902463255,91.4,yes,2.5,Enzyme
1454,20230511,10.0,4,c,5.0,1,1,27.09630012512207,0.5050993162572155,91.4,yes,1.7999999999999998,Enzyme
1455,20230511,10.0,5,c,5.0,1,1,23.14422035217285,0.7191793584184865,91.4,yes,5.0,Enzyme
1456,20230511,11.0,0,c,6.0,1,1,70.45487976074219,0.5192176858406139,97.0,yes,1.6999999999999993,Enzyme
1457,20230511,11.0,1,c,6.0,1,1,74.13551330566406,0.5674925993890909,97.0,yes,1.3000000000000007,Enzyme
1458,20230511,12.0,0,c,7.0,1,1,40.1534538269043,0.6308213310420712,90.0,yes,3.3,Enzyme
1459,20230511,12.0,1,c,7.0,1,1,35.99057388305664,0.657132840549199,90.0,yes,3.8,Enzyme
1460,20230511,12.0,2,c,7.0,1,1,64.84725189208984,0.5636061895472082,90.0,yes,2.0,Enzyme
1461,20230511,12.0,3,c,7.0,1,1,48.56158065795898,0.5124254042920757,90.0,yes,2.0,Enzyme
1462,20230511,12.0,4,c,7.0,1,1,87.28227233886719,0.4580038362094853,90.0,yes,0.8000000000000007,Enzyme
1463,20230511,12.0,5,c,7.0,1,1,73.05882263183594,0.5841666489216735,90.0,yes,0.6999999999999993,Enzyme
1464,20230511,13.0,0,pv,1.0,1,1,47.64291000366211,0.64517433417749,0.0,,1.2,Enzyme
1465,20230511,13.0,1,pv,1.0,1,1,41.45915985107422,0.528292007833409,0.0,,0.8000000000000003,Enzyme
1466,20230511,13.0,2,pv,1.0,1,1,35.0129508972168,0.6640313940497542,0.0,,1.2000000000000002,Enzyme
1467,20230511,13.0,3,pv,1.0,1,1,38.6526985168457,0.6923964776391305,0.0,,0.8999999999999995,Enzyme
1468,20230511,13.0,4,pv,1.0,1,1,40.177337646484375,0.6604034465213697,0.0,,2.2,Enzyme
1469,20230511,13.0,5,pv,1.0,1,1,41.26451110839844,0.7847803261496029,0.0,,1.5,Enzyme
1470,20230511,13.0,6,pv,1.0,1,1,35.917579650878906,1.0049750956473318,0.0,,1.5,Enzyme
1471,20230511,14.0,0,pv,1.0,2,1,54.90914916992188,0.7367013320107674,0.0,,0.9000000000000001,Enzyme
1472,20230511,14.0,1,pv,1.0,2,1,76.05326080322266,0.6100200276975443,0.0,,1.9,Enzyme
1473,20230511,14.0,2,pv,1.0,2,1,67.85955047607422,0.6380009409395946,0.0,,0.7999999999999998,Enzyme
1474,20230511,14.0,3,pv,1.0,2,1,57.55546951293945,0.5140509223011485,0.0,,1.3000000000000007,Enzyme
1475,20230511,15.0,0,pv,1.0,3,1,63.489967346191406,0.6963031281791814,0.0,,2.0,Enzyme
1476,20230511,15.0,1,pv,1.0,3,1,65.59557342529297,0.6642045366879685,0.0,,2.1999999999999997,Enzyme
1477,20230511,15.0,2,pv,1.0,3,1,54.83810806274414,0.7255995677312654,0.0,,2.1000000000000014,Enzyme
1478,20230511,16.0,0,pv,1.0,4,1,46.025840759277344,0.8939007401327395,0.0,,1.5,Enzyme
1479,20230511,16.0,1,pv,1.0,4,1,44.291786193847656,0.7881417808036204,0.0,,3.0,Enzyme
1480,20230511,17.0,0,pv,1.0,6,1,41.00390625,0.78794453921466,0.0,,2.0,Enzyme
1481,20230511,17.0,1,pv,1.0,6,1,41.84139633178711,0.7641295716738128,0.0,,2.0,Enzyme
1482,20230511,17.0,2,pv,1.0,6,1,40.93803024291992,0.5980530264596204,0.0,,1.5,Enzyme
1483,20230511,17.0,3,pv,1.0,6,1,46.1403923034668,0.8609395093654335,0.0,,3.4000000000000004,Enzyme
1484,20230511,18.0,0,pv,1.0,7,1,48.04903411865234,0.608587856843176,0.0,,1.7,Enzyme
1485,20230511,18.0,1,pv,1.0,7,1,57.75993347167969,0.6511649237025381,0.0,,1.4,Enzyme
1486,20230511,18.0,2,pv,1.0,7,1,36.60538101196289,0.5947118000684224,0.0,,2.1,Enzyme
1487,20230511,18.0,3,pv,1.0,7,1,46.47093200683594,0.6523282817684475,0.0,,3.7,Enzyme
1488,20230511,18.0,4,pv,1.0,7,1,38.00870132446289,0.5735843626952146,0.0,,1.6999999999999993,Enzyme
1489,20230512,15.0,0,c,1.0,1,1,56.33629608154297,0.6540852998711877,,yes,1.0999999999999996,Saline
1490,20230512,15.0,1,c,1.0,1,1,61.903133392333984,0.5676361929860647,,yes,0.8000000000000007,Saline
1491,20230512,16.0,0,c,1.0,1,1,47.84622573852539,0.5129204496850548,,yes,0.7999999999999998,Saline
1492,20230512,16.0,1,c,1.0,1,1,56.81078338623047,0.4774414276020167,,yes,1.1999999999999993,Saline
1493,20230512,16.0,2,c,1.0,1,1,72.912353515625,0.4989676583502387,,yes,0.7999999999999998,Saline
1494,20230512,16.0,3,c,1.0,1,1,76.13430786132812,0.646143230756639,,yes,0.5999999999999996,Saline
1495,20230512,16.0,4,c,1.0,1,1,88.3665542602539,0.584249784151325,,yes,0.6000000000000014,Saline
1496,20230512,17.0,0,c,3.0,1,1,138.66641235351562,0.5345251635859238,,no,3.0,Saline
1497,20230512,17.0,1,c,3.0,1,1,120.57003021240234,0.4908015253675977,,no,2.0,Saline
1498,20230512,17.0,2,c,3.0,1,1,141.12498474121094,0.5264429561886939,,no,2.0,Saline
1499,20230512,17.0,3,c,3.0,1,1,110.90113830566406,0.4431723465045039,,no,1.1999999999999993,Saline
1500,20230512,17.0,4,c,3.0,1,1,128.7376708984375,0.4787191092153584,,no,1.8000000000000007,Saline
1501,20230512,17.0,5,c,3.0,1,1,123.62627410888672,0.4896674823531199,,no,0.6999999999999993,Saline
1502,20230512,17.0,6,c,3.0,1,1,117.55486297607422,0.47967580878543,,no,1.2,Saline
1503,20230512,17.0,7,c,3.0,1,1,126.38639068603516,0.5190229682241068,,no,1.2999999999999998,Saline
1504,20230512,17.0,8,c,3.0,1,1,152.43478393554688,0.4413783966682523,,no,0.8999999999999999,Saline
1505,20230512,17.0,9,c,3.0,1,1,126.11579132080078,0.4827124050856106,,no,1.2000000000000002,Saline
1506,20230512,17.0,10,c,3.0,1,1,139.54180908203125,0.435214304381418,,no,1.0000000000000009,Saline
1507,20230512,17.0,11,c,3.0,1,1,102.91399383544922,0.5467703109463642,,no,1.3000000000000007,Saline
1508,20230512,17.0,12,c,3.0,1,1,114.52043914794922,0.5295076209533782,,no,0.8999999999999986,Saline
1509,20230512,18.0,0,c,4.0,1,1,43.811065673828125,0.5083277811327989,,yes,4.0,Saline
1510,20230512,18.0,1,c,4.0,1,1,46.45405197143555,0.5432094179786411,,yes,1.5,Saline
1511,20230512,18.0,2,c,4.0,1,1,43.004486083984375,0.5022687071307192,,yes,1.3000000000000007,Saline
1512,20230512,18.0,3,c,4.0,1,1,40.7126579284668,0.578838685429151,,yes,1.4,Saline
1513,20230512,18.0,4,c,4.0,1,1,50.44531631469727,0.5099215490049964,,yes,2.0,Saline
1514,20230512,18.0,5,c,4.0,1,1,39.67284393310547,0.7037428347640002,,yes,3.0,Saline
1515,20230512,19.0,0,c,6.0,1,1,144.09617614746094,0.5810433482951982,,no,0.7999999999999998,Saline
1516,20230512,19.0,1,c,6.0,1,1,130.28067016601562,0.6063197583084516,,no,1.4000000000000004,Saline
1517,20230512,19.0,2,c,6.0,1,1,215.684326171875,0.5552888502704398,,no,1.5999999999999996,Saline
1518,20230512,19.0,3,c,6.0,1,1,155.4993438720703,0.5070495850261292,,no,1.0,Saline
1519,20230512,19.0,4,c,6.0,1,1,158.54222106933594,0.4832305091241107,,no,1.5999999999999996,Saline
1520,20230512,19.0,5,c,6.0,1,1,110.28177642822266,0.5841788874810661,,no,1.0,Saline
1521,20230512,19.0,6,c,6.0,1,1,50.2921142578125,0.6190771535217792,,no,3.299999999999999,Saline
1522,20230512,19.0,7,c,6.0,1,1,77.50080108642578,0.6340414286374916,,no,1.8000000000000007,Saline
1523,20230512,19.0,8,c,6.0,1,1,63.75492477416992,0.5107987779527079,,no,1.3000000000000007,Saline
1524,20230512,20.0,0,c,7.0,1,1,55.486907958984375,0.5055784171299642,,no,2.8,Saline
1525,20230512,20.0,1,c,7.0,1,1,64.45631408691406,0.5296698461272324,,no,3.1999999999999997,Saline
1526,20230512,20.0,2,c,7.0,1,1,69.57069396972656,0.5573798547289215,,no,1.5,Saline
1527,20230512,20.0,3,c,7.0,1,1,89.9826431274414,0.5365503588404827,,no,0.5999999999999999,Saline
1528,20230512,20.0,4,c,7.0,1,1,53.003517150878906,0.6370584673073658,,no,1.2000000000000002,Saline
1529,20230512,20.0,5,c,7.0,1,1,52.424896240234375,0.5351847686625142,,no,2.5,Saline
1530,20230512,20.0,6,c,7.0,1,1,66.15824890136719,0.5245460964603268,,no,2.0,Saline
1531,20230512,20.0,7,c,7.0,1,1,59.68564987182617,0.6410121120321435,,no,2.6,Saline
1532,20230512,21.0,0,pv,1.0,1,1,58.32099914550781,0.8336694249726904,0.0,,1.5,Saline
1533,20230512,21.0,1,pv,1.0,1,1,51.85966873168945,0.7229910881083903,0.0,,1.5,Saline
1534,20230512,21.0,2,pv,1.0,1,1,60.09033203125,0.46338499383587,0.0,,1.8999999999999984,Saline
1535,20230512,21.0,3,pv,1.0,1,1,72.57164764404297,0.6477829208302808,0.0,,1.0999999999999996,Saline
1536,20230512,22.0,0,pv,1.0,2,1,61.176231384277344,0.5971687864095845,0.0,,2.8,Saline
1537,20230512,22.0,1,pv,1.0,2,1,50.32408905029297,0.5008864066447707,0.0,,0.9000000000000004,Saline
1538,20230512,22.0,2,pv,1.0,2,1,65.10897827148438,0.690733464112089,0.0,,1.0,Saline
1539,20230512,22.0,3,pv,1.0,2,1,64.72718048095703,0.740302053419688,0.0,,3.0,Saline
1540,20230512,23.0,0,pv,1.0,4,1,43.87406539916992,0.6131133771086184,0.0,,1.7999999999999998,Saline
1541,20230512,23.0,1,pv,1.0,4,1,43.80303192138672,0.7837864770360206,0.0,,2.0,Saline
1542,20230512,23.0,2,pv,1.0,4,1,43.71685791015625,0.5496587585378592,0.0,,2.6999999999999997,Saline
1543,20230512,23.0,3,pv,1.0,4,1,42.72487258911133,0.5016217970296974,0.0,,3.0,Saline
1544,20230512,24.0,0,pv,1.0,6,1,47.19593048095703,0.6951752901312034,0.0,,1.9000000000000004,Saline
1545,20230513,14.0,0,c,1.0,1,1,90.94505310058594,0.5411492525793626,,yes,1.2000000000000002,Saline
1546,20230513,14.0,1,c,1.0,1,1,56.59662628173828,0.6968656326157046,,yes,1.2000000000000002,Saline
1547,20230513,15.0,0,c,3.0,1,1,73.99375915527344,0.4706199305839558,,yes,1.5,Saline
1548,20230513,15.0,1,c,3.0,1,1,62.14533996582031,0.5310169989294096,,yes,1.5,Saline
1549,20230513,16.0,0,c,6.0,1,1,62.225284576416016,0.4526006327660568,91.8,yes,1.0,Saline
1550,20230513,16.0,1,c,6.0,1,1,51.41944885253906,0.5947176593689569,91.8,yes,1.0,Saline
1551,20230513,17.0,0,c,7.0,1,1,56.67555618286133,0.5286251133665445,95.0,no,1.0,Saline
1552,20230513,17.0,1,c,7.0,1,1,60.89421081542969,0.5178883032423656,95.0,no,1.2000000000000002,Saline
1553,20230513,17.0,2,c,7.0,1,1,82.31741333007812,0.5091634748198999,95.0,no,0.7999999999999998,Saline
1554,20230513,17.0,3,c,7.0,1,1,79.82235717773438,0.4780114289653667,95.0,no,1.6000000000000003,Saline
1555,20230513,17.0,4,c,7.0,1,1,69.48153686523438,0.4533424291717551,95.0,no,0.8999999999999995,Saline
1556,20230513,18.0,0,pv,1.0,1,1,65.24221801757812,0.6889432467240599,0.0,,1.5,Saline
1557,20230513,18.0,1,pv,1.0,1,1,59.80113220214844,0.7525711969543707,0.0,,1.7000000000000002,Saline
1558,20230513,18.0,2,pv,1.0,1,1,65.68948364257812,0.71957583870722,0.0,,1.5,Saline
1559,20230513,18.0,3,pv,1.0,1,1,89.678955078125,0.7268526544159961,0.0,,1.1000000000000014,Saline
1560,20230513,18.0,4,pv,1.0,1,1,59.97266387939453,0.8661629482820548,0.0,,2.6999999999999997,Saline
1561,20230513,19.0,0,pv,1.0,2,1,49.81705856323242,0.7967191352288054,0.0,,1.5,Saline
1562,20230513,19.0,1,pv,1.0,2,1,48.701202392578125,0.7244030956909704,0.0,,2.5,Saline
1563,20230513,19.0,2,pv,1.0,2,1,47.63072204589844,0.6897333257413436,0.0,,2.0,Saline
1564,20230513,20.0,0,pv,1.0,3,1,48.52280426025391,0.9915596743346208,0.0,,1.5999999999999996,Saline
1565,20230513,20.0,1,pv,1.0,3,1,54.51361846923828,0.5857155408172972,0.0,,2.0,Saline
1566,20230513,20.0,2,pv,1.0,3,1,52.40545654296875,0.913247348513906,0.0,,1.5,Saline
1567,20230513,21.0,0,pv,1.0,4,1,107.63013458251952,0.8277946882051062,0.0,,1.2999999999999998,Saline
1568,20230513,21.0,1,pv,1.0,4,1,68.27682495117188,0.591529975788923,0.0,,1.1999999999999993,Saline
1569,20230513,21.0,2,pv,1.0,4,1,71.38752746582031,0.8114658001772206,0.0,,2.8000000000000007,Saline
1570,20230513,21.0,3,pv,1.0,4,1,84.74620056152344,0.9392453054414672,0.0,,2.0,Saline
1571,20230513,22.0,0,pv,1.0,5,1,34.83323669433594,0.7255344763097966,0.0,,1.0,Saline
1572,20230513,22.0,1,pv,1.0,5,1,53.321250915527344,0.6524034856656407,0.0,,2.0,Saline
1573,20230513,22.0,2,pv,1.0,5,1,43.95635223388672,0.8313715187643069,0.0,,3.0,Saline
1574,20230513,22.0,3,pv,1.0,5,1,49.20395278930664,0.6542942565702319,0.0,,1.0,Saline
1575,20230513,23.0,0,pv,1.0,6,1,48.848106384277344,0.5745919504192827,0.0,,1.0,Saline
1576,20230513,23.0,1,pv,1.0,6,1,53.83342361450195,0.6999279646722982,0.0,,1.1999999999999993,Saline
1577,20230517,13.0,0,c,1.0,1,1,72.4457778930664,0.5389803723913431,61.4,no,2.0,Saline
1578,20230517,13.0,1,c,1.0,1,1,85.17769622802734,0.5186728400218854,61.4,no,2.0,Saline
1579,20230517,13.0,2,c,1.0,1,1,78.57549285888672,0.5353181552833632,61.4,no,2.5,Saline
1580,20230517,14.0,0,c,4.0,1,1,91.00467681884766,0.4954299032433198,36.2,yes,0.4000000000000003,Saline
1581,20230517,15.0,0,c,5.0,1,1,66.36726379394531,0.4496340870700752,57.2,no,1.2999999999999998,Saline
1582,20230517,15.0,1,c,5.0,1,1,64.73592376708984,0.513109869611732,57.2,no,0.7000000000000002,Saline
1583,20230517,15.0,2,c,5.0,1,1,48.38719940185547,0.4978918611569511,57.2,no,1.2999999999999998,Saline
1584,20230517,15.0,3,c,5.0,1,1,46.5991096496582,0.5273238672207636,57.2,no,1.7000000000000002,Saline
1585,20230517,15.0,4,c,5.0,1,1,83.3233413696289,0.5739039991186452,57.2,no,0.9999999999999996,Saline
1586,20230517,15.0,5,c,5.0,1,1,48.36114883422852,0.4964260806969136,57.2,no,2.3000000000000007,Saline
1587,20230517,16.0,0,c,6.0,1,1,46.248779296875,0.6049400492531749,71.4,yes,2.6999999999999997,Saline
1588,20230517,16.0,1,c,6.0,1,1,26.72171211242676,0.6055054667611355,71.4,yes,2.8,Saline
1589,20230517,16.0,2,c,6.0,1,1,31.83314514160156,0.6590015542472436,71.4,yes,1.2000000000000002,Saline
1590,20230517,17.0,0,pv,1.0,1,1,46.04522705078125,0.634563490582174,0.0,,1.4000000000000004,Saline
1591,20230517,17.0,1,pv,1.0,1,1,39.48025131225586,0.6311809340433747,0.0,,1.1999999999999993,Saline
1592,20230517,17.0,2,pv,1.0,1,1,73.84705352783203,0.6139853559051112,0.0,,1.3000000000000007,Saline
1593,20230517,18.0,0,pv,1.0,2,1,42.71503448486328,1.1709996093608162,0.0,,2.3000000000000007,Saline
1594,20230517,18.0,1,pv,1.0,2,1,44.88096237182617,0.6904541804568183,0.0,,2.1999999999999997,Saline
1595,20230517,19.0,0,pv,1.0,3,1,42.078216552734375,0.8103796789096194,0.0,,2.0,Saline
1596,20230517,19.0,1,pv,1.0,3,1,44.12269973754883,0.7687038572400944,0.0,,1.5,Saline
1597,20230517,20.0,0,pv,1.0,4,1,67.22895812988281,0.651032530270367,0.0,,1.2999999999999998,Saline
1598,20230517,20.0,1,pv,1.0,4,1,45.41661071777344,0.7426691452353218,0.0,,3.0,Saline
1599,20230523,14.0,0,c,1.0,1,1,39.36687850952149,0.5242892275231785,,yes,0.5,Enzyme
1600,20230523,14.0,1,c,1.0,1,1,46.2277946472168,0.4713189638925872,,yes,0.7999999999999998,Enzyme
1601,20230523,14.0,2,c,1.0,1,1,41.00104522705078,0.5858607186699807,,yes,0.5,Enzyme
1602,20230523,15.0,0,c,2.0,1,1,70.48565673828125,0.4894547004063554,18.2,no,0.6999999999999997,Enzyme
1603,20230523,15.0,1,c,2.0,1,1,64.55650329589844,0.668942937231904,18.2,no,1.5,Enzyme
1604,20230523,15.0,2,c,2.0,1,1,88.7113265991211,0.593827743261734,18.2,no,0.7000000000000002,Enzyme
1605,20230523,15.0,3,c,2.0,1,1,79.7108154296875,0.7277080976056407,18.2,no,1.1999999999999993,Enzyme
1606,20230523,15.0,4,c,2.0,1,1,76.79887390136719,0.5736296506989564,18.2,no,0.8000000000000007,Enzyme
1607,20230523,15.0,5,c,2.0,1,1,72.98921203613281,0.5922571160998391,18.2,no,1.4000000000000004,Enzyme
1608,20230523,15.0,6,c,2.0,1,1,85.74779510498047,0.526986133804968,18.2,no,0.6999999999999993,Enzyme
1609,20230523,16.0,0,c,3.0,1,1,86.02790832519531,0.5053737870255066,30.9,yes,0.5000000000000002,Enzyme
1610,20230523,16.0,1,c,3.0,1,1,85.58431243896484,0.511184507399264,30.9,yes,0.6000000000000001,Enzyme
1611,20230523,16.0,2,c,3.0,1,1,50.9164924621582,0.3925042299011281,30.9,yes,0.9000000000000001,Enzyme
1612,20230523,17.0,0,pv,1.0,1,1,58.81781005859375,0.6460355149015164,0.0,,1.5,Enzyme
1613,20230523,17.0,1,pv,1.0,1,1,61.13370132446289,0.6924089045069763,0.0,,1.2000000000000002,Enzyme
1614,20230523,18.0,0,pv,1.0,2,1,49.39271926879883,0.9738360726936044,0.0,,1.2000000000000002,Enzyme
1615,20230523,18.0,1,pv,1.0,2,1,59.72227096557617,0.5665020143667849,0.0,,0.7999999999999998,Enzyme
1616,20230523,18.0,2,pv,1.0,2,1,33.39884185791016,0.7741303108919286,0.0,,2.0,Enzyme
1617,20230523,18.0,3,pv,1.0,2,1,42.82256317138672,0.7123294339353112,0.0,,2.0,Enzyme
1618,20230523,19.0,0,pv,1.0,3,1,52.9962158203125,0.900199506928864,0.0,,1.5,Enzyme
1619,20230523,19.0,1,pv,1.0,3,1,52.2225227355957,0.7825741493698182,0.0,,1.0,Enzyme
1620,20230523,20.0,0,pv,1.0,4,1,54.249488830566406,0.7054317659737315,0.0,,2.0,Enzyme
1621,20230523,20.0,1,pv,1.0,4,1,38.62495803833008,0.8211487598539424,0.0,,2.0,Enzyme
1622,20230523,21.0,0,pv,1.0,5,1,36.97019577026367,0.761751896019021,0.0,,3.0,Enzyme
1623,20230523,21.0,1,pv,1.0,5,1,38.42119598388672,0.5543893763948518,0.0,,1.2000000000000002,Enzyme
1624,20230523,21.0,2,pv,1.0,5,1,42.60051345825195,0.6410717523811797,0.0,,1.5,Enzyme
1625,20230523,21.0,3,pv,1.0,5,1,36.57081985473633,0.6122193274511929,0.0,,1.0999999999999996,Enzyme
1626,20230523,21.0,4,pv,1.0,5,1,34.71158981323242,0.646070447556923,0.0,,2.6,Enzyme
1627,20230523,22.0,0,pv,1.0,6,1,33.30589294433594,0.7913668927930075,0.0,,1.8,Enzyme
1628,20230523,22.0,1,pv,1.0,6,1,49.8170166015625,0.9005571043539433,0.0,,2.7,Enzyme
1629,20230523,22.0,2,pv,1.0,6,1,48.91593551635742,0.5996205804916599,0.0,,1.5,Enzyme
1630,20230524,11.0,0,c,2.0,1,1,106.52176666259766,0.5222926112584716,38.4,no,1.0,Saline
1631,20230524,11.0,1,c,2.0,1,1,101.45228576660156,0.5288280612500849,38.4,no,1.0,Saline
1632,20230524,11.0,2,c,2.0,1,1,111.13219451904295,0.6143091005284536,38.4,no,1.0,Saline
1633,20230524,11.0,3,c,2.0,1,1,90.77989196777344,0.5611983647833476,38.4,no,2.0,Saline
1634,20230524,12.0,0,c,3.0,1,1,166.18344116210938,0.5326710077650727,40.6,yes,1.2000000000000002,Saline
1635,20230524,12.0,1,c,3.0,1,1,163.5034637451172,0.545246164872788,40.6,yes,0.6999999999999993,Saline
1636,20230524,12.0,2,c,3.0,1,1,142.5309295654297,0.6070725212170736,40.6,yes,1.9000000000000004,Saline
1637,20230524,13.0,0,c,4.0,1,1,69.1034927368164,0.4425626368289119,65.8,no,1.7999999999999998,Saline
1638,20230524,13.0,1,c,4.0,1,1,106.06014251708984,0.5564869794463068,65.8,no,1.5,Saline
1639,20230524,13.0,2,c,4.0,1,1,98.0226058959961,0.4394691124456145,65.8,no,2.0,Saline
1640,20230524,13.0,3,c,4.0,1,1,116.32112121582033,0.5718137980779083,65.8,no,1.1999999999999993,Saline
1641,20230524,13.0,4,c,4.0,1,1,81.42398071289062,0.6005345073857882,65.8,no,1.2000000000000002,Saline
1642,20230524,14.0,0,c,5.0,1,1,77.25456237792969,0.5076231086689873,62.0,yes,0.8,Saline
1643,20230524,14.0,1,c,5.0,1,1,137.64283752441406,0.5544833915512193,62.0,yes,0.8,Saline
1644,20230524,14.0,2,c,5.0,1,1,95.4676742553711,0.4687084773793959,62.0,yes,0.5000000000000002,Saline
1645,20230524,14.0,3,c,5.0,1,1,97.82024383544922,0.6622965617851087,62.0,yes,0.5000000000000002,Saline
1646,20230524,14.0,4,c,5.0,1,1,97.19416046142578,0.5264748881665948,62.0,yes,0.6000000000000005,Saline
1647,20230524,14.0,5,c,5.0,1,1,89.41658020019531,0.6301028573852996,62.0,yes,0.6000000000000005,Saline
1648,20230524,14.0,6,c,5.0,1,1,85.59352111816406,0.501061353322644,62.0,yes,1.0,Saline
1649,20230524,14.0,7,c,5.0,1,1,89.46843719482422,0.7196800010244431,62.0,yes,1.0,Saline
1650,20230524,14.0,8,c,5.0,1,1,87.00588989257812,0.553185877292897,62.0,yes,1.0,Saline
1651,20230524,15.0,0,c,6.0,1,1,70.8192367553711,0.6523828430209129,102.8,no,1.5,Saline
1652,20230524,15.0,1,c,6.0,1,1,60.02631759643555,0.5520673033969494,102.8,no,1.5,Saline
1653,20230524,15.0,2,c,6.0,1,1,57.796417236328125,0.493148687029258,102.8,no,2.3000000000000007,Saline
1654,20230524,15.0,3,c,6.0,1,1,44.2816162109375,0.6678716673603411,102.8,no,4.0,Saline
1655,20230524,16.0,0,pv,1.0,1,1,82.62518310546875,1.1062564124403078,0.0,,2.4,Saline
1656,20230524,16.0,1,pv,1.0,1,1,64.63885498046875,0.8803452149060185,0.0,,2.3000000000000007,Saline
1657,20230524,16.0,2,pv,1.0,1,1,54.75336456298828,0.7201676385450781,0.0,,2.1999999999999997,Saline
1658,20230524,17.0,0,pv,1.0,2,1,80.21764373779297,0.5980500865540819,0.0,,1.0,Saline
1659,20230524,17.0,1,pv,1.0,2,1,77.95188903808594,0.7086788786840383,0.0,,1.0999999999999996,Saline
1660,20230524,17.0,2,pv,1.0,2,1,92.01270294189452,0.8987485043675552,0.0,,1.0999999999999996,Saline
1661,20230524,17.0,3,pv,1.0,2,1,104.82212829589844,0.7260177183598557,0.0,,1.5,Saline
1662,20230524,17.0,4,pv,1.0,2,1,97.75770568847656,0.653216954705087,0.0,,1.4000000000000004,Saline
1663,20230524,17.0,5,pv,1.0,2,1,122.93737030029295,0.6561932138624513,0.0,,0.5999999999999996,Saline
1664,20230524,17.0,6,pv,1.0,2,1,136.4810333251953,0.6207637356931617,0.0,,1.5,Saline
1665,20230524,18.0,0,pv,1.0,3,1,84.5155029296875,0.6230439039849465,0.0,,0.9,Saline
1666,20230524,18.0,1,pv,1.0,3,1,63.66764450073242,0.809103427270145,0.0,,1.1,Saline
1667,20230524,18.0,2,pv,1.0,3,1,74.74071502685547,0.7463252233312723,0.0,,1.0,Saline
1668,20230524,18.0,3,pv,1.0,3,1,75.70191192626953,0.6966455390074202,0.0,,0.7999999999999998,Saline
1669,20230524,18.0,4,pv,1.0,3,1,71.01655578613281,1.048940951782484,0.0,,3.0,Saline
1670,20230524,19.0,0,pv,1.0,4,1,95.47362518310548,0.7141605213956517,0.0,,1.2999999999999998,Saline
1671,20230524,19.0,1,pv,1.0,4,1,106.4839096069336,0.6382063553242077,0.0,,1.5,Saline
1672,20230524,20.0,0,pv,1.0,5,1,80.3897933959961,0.7962525627531498,0.0,,1.5,Saline
1673,20230524,20.0,1,pv,1.0,5,1,71.95555877685547,0.6796131784832902,0.0,,1.2000000000000002,Saline
1674,20230524,20.0,2,pv,1.0,5,1,103.93113708496094,0.6831418762725825,0.0,,1.0,Saline
1675,20230524,20.0,3,pv,1.0,5,1,105.50341796875,0.6851812068795446,0.0,,1.2000000000000002,Saline
1676,20230526,4.0,0,c,1.0,1,1,28.62530899047852,0.5102078296940817,52.8,no,1.5,Enzyme
1677,20230526,4.0,1,c,1.0,1,1,25.229820251464844,0.545074517209688,52.8,no,2.5,Enzyme
1678,20230526,4.0,2,c,1.0,1,1,27.83314323425293,0.4477078819017954,52.8,no,2.0,Enzyme
1679,20230526,4.0,3,c,1.0,1,1,22.6242790222168,0.5267926124075082,52.8,no,2.0,Enzyme
1680,20230526,4.0,4,c,1.0,1,1,27.693849563598636,0.5587831254930009,52.8,no,2.5,Enzyme
1681,20230526,4.0,5,c,1.0,1,1,33.46086883544922,0.4815124991088115,52.8,no,2.0,Enzyme
1682,20230526,4.0,6,c,1.0,1,1,35.01054763793945,0.5065188334686486,52.8,no,2.0,Enzyme
1683,20230526,4.0,7,c,1.0,1,1,28.55192756652832,0.6062764923792958,52.8,no,3.0,Enzyme
1684,20230526,5.0,0,c,4.0,1,1,41.04402923583984,0.3980853180596249,63.8,yes,0.6999999999999993,Enzyme
1685,20230526,5.0,1,c,4.0,1,1,27.063594818115234,0.3963992265708391,63.8,yes,0.7999999999999989,Enzyme
1686,20230526,5.0,2,c,4.0,1,1,35.8446159362793,0.617208486468094,63.8,yes,0.8999999999999995,Enzyme
1687,20230526,5.0,3,c,4.0,1,1,26.65132522583008,0.6830250406295075,63.8,yes,0.8999999999999995,Enzyme
1688,20230526,6.0,0,pv,2.0,1,2,24.264184951782227,0.8784691352479435,0.0,,2.0,Enzyme
1689,20230526,6.0,1,pv,2.0,1,2,30.13933563232422,0.6776512502638123,0.0,,1.0,Enzyme
1690,20230526,6.0,2,pv,2.0,1,2,37.94644927978516,0.7231286407706392,0.0,,0.5999999999999996,Enzyme
1691,20230526,6.0,3,pv,2.0,1,2,33.59123611450195,0.5840764652127532,0.0,,1.9000000000000004,Enzyme
1692,20230526,6.0,4,pv,2.0,1,2,31.549440383911133,0.4994201090924157,0.0,,3.0,Enzyme
1693,20230526,6.0,5,pv,2.0,1,2,42.05698776245117,0.5211889605596589,0.0,,1.5,Enzyme
1694,20230527,8.0,0,c,2.0,1,1,89.62373352050781,0.5534512349160465,79.6,yes,0.9,Enzyme
1695,20230527,8.0,1,c,2.0,1,1,60.92021560668945,0.5912082020856531,79.6,yes,0.8,Enzyme
1696,20230527,8.0,2,c,2.0,1,1,67.90123748779297,0.5371786716027742,79.6,yes,1.1,Enzyme
1697,20230527,8.0,3,c,2.0,1,1,88.77095794677734,0.6239262929499159,79.6,yes,1.0999999999999996,Enzyme
1698,20230527,8.0,4,c,2.0,1,1,106.46058654785156,0.7686086404833148,79.6,yes,1.0999999999999996,Enzyme
1699,20230527,9.0,0,c,3.0,1,1,162.12449645996094,0.5911818856913502,49.4,yes,0.8,Enzyme
1700,20230527,9.0,1,c,3.0,1,1,140.10946655273438,0.6397733092662268,49.4,yes,1.7,Enzyme
1701,20230527,9.0,2,c,3.0,1,1,105.17861938476562,0.8055342740867921,49.4,yes,1.2,Enzyme
1702,20230527,10.0,0,pv,1.0,1,1,70.65634155273438,0.5845495754472818,0.0,,1.0,Enzyme
1703,20230527,10.0,1,pv,1.0,1,1,53.372318267822266,0.8760808500743185,0.0,,2.0,Enzyme
1704,20230527,10.0,2,pv,1.0,1,1,64.46272277832031,0.7840948145905351,0.0,,1.5,Enzyme
1705,20230527,10.0,3,pv,1.0,1,1,53.3759651184082,0.8750523336773774,0.0,,2.6999999999999997,Enzyme
1706,20230527,11.0,0,pv,1.0,2,1,83.47493743896484,0.7605439726963859,0.0,,0.7999999999999998,Enzyme
1707,20230527,11.0,1,pv,1.0,2,1,74.15796661376953,0.5746280772338146,0.0,,0.7000000000000002,Enzyme
1708,20230527,12.0,0,pv,1.0,3,1,77.35750579833984,0.5088126726159174,0.0,,1.1999999999999993,Enzyme
1709,20230527,12.0,1,pv,1.0,3,1,98.11774444580078,0.6546699158923239,0.0,,0.8000000000000007,Enzyme
1710,20230527,12.0,2,pv,1.0,3,1,82.82142639160156,0.6204965371203173,0.0,,1.0999999999999996,Enzyme
1711,20230527,13.0,0,pv,1.0,4,1,54.18206787109375,0.7423234467592774,0.0,,1.5,Enzyme
1712,20230527,13.0,1,pv,1.0,4,1,57.94685363769531,0.6427403296218444,0.0,,1.2000000000000002,Enzyme
1713,20230527,13.0,2,pv,1.0,4,1,40.84715270996094,0.8877930831765415,0.0,,1.4000000000000004,Enzyme
