,mouse,image,profile,vessel_type,vessel,region_in_vessel,repetition,i_max,fwhm,source_filename,treatment
119,20230510,0.0,0,pa,1.0,1,1,245.7124938964844,0.6722877023935491,../20230510_Glx_B6_HAse/20230510_mouseb6_vtyppa_loc1_roi1_rep1_PRE.nc,Enzyme
120,20230510,0.0,1,pa,1.0,1,1,243.4041748046875,0.6773281539079293,../20230510_Glx_B6_HAse/20230510_mouseb6_vtyppa_loc1_roi1_rep1_PRE.nc,Enzyme
121,20230510,0.0,2,pa,1.0,1,1,258.9875183105469,0.5756715332910669,../20230510_Glx_B6_HAse/20230510_mouseb6_vtyppa_loc1_roi1_rep1_PRE.nc,Enzyme
122,20230510,0.0,3,pa,1.0,1,1,241.33334350585935,0.6352203389580153,../20230510_Glx_B6_HAse/20230510_mouseb6_vtyppa_loc1_roi1_rep1_PRE.nc,Enzyme
123,20230510,0.0,4,pa,1.0,1,1,247.6374969482422,0.6307027629788908,../20230510_Glx_B6_HAse/20230510_mouseb6_vtyppa_loc1_roi1_rep1_PRE.nc,Enzyme
124,20230510,0.0,5,pa,1.0,1,1,247.4583282470703,0.7245878263440381,../20230510_Glx_B6_HAse/20230510_mouseb6_vtyppa_loc1_roi1_rep1_PRE.nc,Enzyme
125,20230510,0.0,6,pa,1.0,1,1,266.9916687011719,0.7541760513408589,../20230510_Glx_B6_HAse/20230510_mouseb6_vtyppa_loc1_roi1_rep1_PRE.nc,Enzyme
126,20230510,0.0,7,pa,1.0,1,1,302.36248779296875,0.7025597879256621,../20230510_Glx_B6_HAse/20230510_mouseb6_vtyppa_loc1_roi1_rep1_PRE.nc,Enzyme
127,20230510,0.0,8,pa,1.0,1,1,295.9124755859375,0.5596031026060214,../20230510_Glx_B6_HAse/20230510_mouseb6_vtyppa_loc1_roi1_rep1_PRE.nc,Enzyme
128,20230510,0.0,9,pa,1.0,1,1,267.2833251953125,0.572508136957718,../20230510_Glx_B6_HAse/20230510_mouseb6_vtyppa_loc1_roi1_rep1_PRE.nc,Enzyme
129,20230510,0.0,10,pa,1.0,1,1,319.5541687011719,0.5208799854048136,../20230510_Glx_B6_HAse/20230510_mouseb6_vtyppa_loc1_roi1_rep1_PRE.nc,Enzyme
130,20230510,0.0,11,pa,1.0,1,1,298.3500061035156,0.5284151647100547,../20230510_Glx_B6_HAse/20230510_mouseb6_vtyppa_loc1_roi1_rep1_PRE.nc,Enzyme
131,20230510,0.0,12,pa,1.0,1,1,272.39166259765625,0.5967683787362255,../20230510_Glx_B6_HAse/20230510_mouseb6_vtyppa_loc1_roi1_rep1_PRE.nc,Enzyme
132,20230510,0.0,13,pa,1.0,1,1,237.75833129882807,0.6648980382990035,../20230510_Glx_B6_HAse/20230510_mouseb6_vtyppa_loc1_roi1_rep1_PRE.nc,Enzyme
133,20230510,0.0,14,pa,1.0,1,1,257.8374938964844,0.6978648927054281,../20230510_Glx_B6_HAse/20230510_mouseb6_vtyppa_loc1_roi1_rep1_PRE.nc,Enzyme
134,20230510,0.0,15,pa,1.0,1,1,293.4125061035156,0.7408074389893555,../20230510_Glx_B6_HAse/20230510_mouseb6_vtyppa_loc1_roi1_rep1_PRE.nc,Enzyme
135,20230510,0.0,16,pa,1.0,1,1,331.8541564941406,0.686277793617256,../20230510_Glx_B6_HAse/20230510_mouseb6_vtyppa_loc1_roi1_rep1_PRE.nc,Enzyme
136,20230510,1.0,0,pa,1.0,2,1,391.5499877929688,0.6168016228047591,../20230510_Glx_B6_HAse/20230510_mouseb6_vtyppa_loc1_roi2_rep1_PRE.nc,Enzyme
137,20230510,1.0,1,pa,1.0,2,1,397.9624938964844,0.6170558851251482,../20230510_Glx_B6_HAse/20230510_mouseb6_vtyppa_loc1_roi2_rep1_PRE.nc,Enzyme
138,20230510,1.0,2,pa,1.0,2,1,354.2458190917969,0.5987565259060832,../20230510_Glx_B6_HAse/20230510_mouseb6_vtyppa_loc1_roi2_rep1_PRE.nc,Enzyme
139,20230510,1.0,3,pa,1.0,2,1,363.3874816894531,0.5410367938193386,../20230510_Glx_B6_HAse/20230510_mouseb6_vtyppa_loc1_roi2_rep1_PRE.nc,Enzyme
140,20230510,1.0,4,pa,1.0,2,1,364.7624816894531,0.609206777953386,../20230510_Glx_B6_HAse/20230510_mouseb6_vtyppa_loc1_roi2_rep1_PRE.nc,Enzyme
141,20230510,1.0,5,pa,1.0,2,1,319.3583374023437,0.5816755523178945,../20230510_Glx_B6_HAse/20230510_mouseb6_vtyppa_loc1_roi2_rep1_PRE.nc,Enzyme
142,20230510,1.0,6,pa,1.0,2,1,321.52081298828125,0.5909590995901766,../20230510_Glx_B6_HAse/20230510_mouseb6_vtyppa_loc1_roi2_rep1_PRE.nc,Enzyme
143,20230510,1.0,7,pa,1.0,2,1,331.2916564941406,0.5893946919843898,../20230510_Glx_B6_HAse/20230510_mouseb6_vtyppa_loc1_roi2_rep1_PRE.nc,Enzyme
144,20230510,1.0,8,pa,1.0,2,1,345.8541564941406,0.5657615061779284,../20230510_Glx_B6_HAse/20230510_mouseb6_vtyppa_loc1_roi2_rep1_PRE.nc,Enzyme
145,20230510,1.0,9,pa,1.0,2,1,342.1499938964844,0.528866469689059,../20230510_Glx_B6_HAse/20230510_mouseb6_vtyppa_loc1_roi2_rep1_PRE.nc,Enzyme
146,20230510,1.0,10,pa,1.0,2,1,354.82501220703125,0.5507007598799518,../20230510_Glx_B6_HAse/20230510_mouseb6_vtyppa_loc1_roi2_rep1_PRE.nc,Enzyme
147,20230510,1.0,11,pa,1.0,2,1,372.9499816894531,0.5518881356547408,../20230510_Glx_B6_HAse/20230510_mouseb6_vtyppa_loc1_roi2_rep1_PRE.nc,Enzyme
148,20230510,1.0,12,pa,1.0,2,1,390.5666809082031,0.5520649107327699,../20230510_Glx_B6_HAse/20230510_mouseb6_vtyppa_loc1_roi2_rep1_PRE.nc,Enzyme
149,20230510,1.0,13,pa,1.0,2,1,382.0708312988281,0.4945282577694127,../20230510_Glx_B6_HAse/20230510_mouseb6_vtyppa_loc1_roi2_rep1_PRE.nc,Enzyme
150,20230510,1.0,14,pa,1.0,2,1,447.8500061035156,0.5298424446617088,../20230510_Glx_B6_HAse/20230510_mouseb6_vtyppa_loc1_roi2_rep1_PRE.nc,Enzyme
151,20230510,1.0,15,pa,1.0,2,1,372.2708435058594,0.627663055115551,../20230510_Glx_B6_HAse/20230510_mouseb6_vtyppa_loc1_roi2_rep1_PRE.nc,Enzyme
152,20230510,1.0,16,pa,1.0,2,1,405.2666931152344,0.582433190446167,../20230510_Glx_B6_HAse/20230510_mouseb6_vtyppa_loc1_roi2_rep1_PRE.nc,Enzyme
153,20230510,2.0,0,pa,1.0,3,1,253.36666870117188,0.566869436703986,../20230510_Glx_B6_HAse/20230510_mouseb6_vtyppa_loc1_roi3_rep1_noteendothelial-nucleus_PRE.nc,Enzyme
154,20230510,2.0,1,pa,1.0,3,1,241.16665649414065,0.558871290403716,../20230510_Glx_B6_HAse/20230510_mouseb6_vtyppa_loc1_roi3_rep1_noteendothelial-nucleus_PRE.nc,Enzyme
155,20230510,2.0,2,pa,1.0,3,1,225.8333282470703,0.537676638638648,../20230510_Glx_B6_HAse/20230510_mouseb6_vtyppa_loc1_roi3_rep1_noteendothelial-nucleus_PRE.nc,Enzyme
156,20230510,2.0,3,pa,1.0,3,1,267.183349609375,0.5466288899206094,../20230510_Glx_B6_HAse/20230510_mouseb6_vtyppa_loc1_roi3_rep1_noteendothelial-nucleus_PRE.nc,Enzyme
157,20230510,2.0,4,pa,1.0,3,1,227.8374938964844,0.6647291713175135,../20230510_Glx_B6_HAse/20230510_mouseb6_vtyppa_loc1_roi3_rep1_noteendothelial-nucleus_PRE.nc,Enzyme
158,20230510,2.0,5,pa,1.0,3,1,273.9875183105469,0.594749889757262,../20230510_Glx_B6_HAse/20230510_mouseb6_vtyppa_loc1_roi3_rep1_noteendothelial-nucleus_PRE.nc,Enzyme
159,20230510,2.0,6,pa,1.0,3,1,260.995849609375,0.5300658961511071,../20230510_Glx_B6_HAse/20230510_mouseb6_vtyppa_loc1_roi3_rep1_noteendothelial-nucleus_PRE.nc,Enzyme
160,20230510,2.0,7,pa,1.0,3,1,255.07083129882807,0.5841986300826625,../20230510_Glx_B6_HAse/20230510_mouseb6_vtyppa_loc1_roi3_rep1_noteendothelial-nucleus_PRE.nc,Enzyme
161,20230510,2.0,8,pa,1.0,3,1,248.21665954589844,0.5408787930090396,../20230510_Glx_B6_HAse/20230510_mouseb6_vtyppa_loc1_roi3_rep1_noteendothelial-nucleus_PRE.nc,Enzyme
162,20230510,2.0,9,pa,1.0,3,1,250.7083282470703,0.6104307813572273,../20230510_Glx_B6_HAse/20230510_mouseb6_vtyppa_loc1_roi3_rep1_noteendothelial-nucleus_PRE.nc,Enzyme
163,20230510,2.0,10,pa,1.0,3,1,280.370849609375,0.576536696253083,../20230510_Glx_B6_HAse/20230510_mouseb6_vtyppa_loc1_roi3_rep1_noteendothelial-nucleus_PRE.nc,Enzyme
164,20230510,2.0,11,pa,1.0,3,1,276.9791564941406,0.5877581780975996,../20230510_Glx_B6_HAse/20230510_mouseb6_vtyppa_loc1_roi3_rep1_noteendothelial-nucleus_PRE.nc,Enzyme
165,20230510,2.0,12,pa,1.0,3,1,264.245849609375,0.6137815504137808,../20230510_Glx_B6_HAse/20230510_mouseb6_vtyppa_loc1_roi3_rep1_noteendothelial-nucleus_PRE.nc,Enzyme
166,20230510,2.0,13,pa,1.0,3,1,275.1583557128906,0.5615755587717587,../20230510_Glx_B6_HAse/20230510_mouseb6_vtyppa_loc1_roi3_rep1_noteendothelial-nucleus_PRE.nc,Enzyme
167,20230510,2.0,14,pa,1.0,3,1,283.1583251953125,0.5618495070869713,../20230510_Glx_B6_HAse/20230510_mouseb6_vtyppa_loc1_roi3_rep1_noteendothelial-nucleus_PRE.nc,Enzyme
168,20230510,2.0,15,pa,1.0,3,1,274.9916687011719,0.5880523347426068,../20230510_Glx_B6_HAse/20230510_mouseb6_vtyppa_loc1_roi3_rep1_noteendothelial-nucleus_PRE.nc,Enzyme
169,20230510,2.0,16,pa,1.0,3,1,263.2291564941406,0.6689258920887505,../20230510_Glx_B6_HAse/20230510_mouseb6_vtyppa_loc1_roi3_rep1_noteendothelial-nucleus_PRE.nc,Enzyme
170,20230510,3.0,0,pa,1.0,4,1,440.29583740234375,0.5633561967051777,../20230510_Glx_B6_HAse/20230510_mouseb6_vtyppa_loc1_roi4_rep1_PRE.nc,Enzyme
171,20230510,3.0,1,pa,1.0,4,1,368.4916687011719,0.5633196989553274,../20230510_Glx_B6_HAse/20230510_mouseb6_vtyppa_loc1_roi4_rep1_PRE.nc,Enzyme
172,20230510,3.0,2,pa,1.0,4,1,298.91668701171875,0.6277351229695036,../20230510_Glx_B6_HAse/20230510_mouseb6_vtyppa_loc1_roi4_rep1_PRE.nc,Enzyme
173,20230510,3.0,3,pa,1.0,4,1,233.50833129882807,0.7160196121007911,../20230510_Glx_B6_HAse/20230510_mouseb6_vtyppa_loc1_roi4_rep1_PRE.nc,Enzyme
174,20230510,3.0,4,pa,1.0,4,1,343.1708374023437,0.5285163711068269,../20230510_Glx_B6_HAse/20230510_mouseb6_vtyppa_loc1_roi4_rep1_PRE.nc,Enzyme
175,20230510,3.0,5,pa,1.0,4,1,246.47915649414065,0.6117031767029876,../20230510_Glx_B6_HAse/20230510_mouseb6_vtyppa_loc1_roi4_rep1_PRE.nc,Enzyme
176,20230510,3.0,6,pa,1.0,4,1,240.89166259765625,0.6002575727029985,../20230510_Glx_B6_HAse/20230510_mouseb6_vtyppa_loc1_roi4_rep1_PRE.nc,Enzyme
177,20230510,3.0,7,pa,1.0,4,1,295.6958312988281,0.5322279213492992,../20230510_Glx_B6_HAse/20230510_mouseb6_vtyppa_loc1_roi4_rep1_PRE.nc,Enzyme
178,20230510,3.0,8,pa,1.0,4,1,311.6999816894531,0.5094056302512671,../20230510_Glx_B6_HAse/20230510_mouseb6_vtyppa_loc1_roi4_rep1_PRE.nc,Enzyme
179,20230510,3.0,9,pa,1.0,4,1,291.38751220703125,0.5895769669143812,../20230510_Glx_B6_HAse/20230510_mouseb6_vtyppa_loc1_roi4_rep1_PRE.nc,Enzyme
180,20230510,3.0,10,pa,1.0,4,1,289.60418701171875,0.5774318065757884,../20230510_Glx_B6_HAse/20230510_mouseb6_vtyppa_loc1_roi4_rep1_PRE.nc,Enzyme
181,20230510,3.0,11,pa,1.0,4,1,347.2208251953125,0.6058979363398767,../20230510_Glx_B6_HAse/20230510_mouseb6_vtyppa_loc1_roi4_rep1_PRE.nc,Enzyme
182,20230510,3.0,12,pa,1.0,4,1,324.2791748046875,0.6113593870919639,../20230510_Glx_B6_HAse/20230510_mouseb6_vtyppa_loc1_roi4_rep1_PRE.nc,Enzyme
183,20230510,3.0,13,pa,1.0,4,1,268.9916687011719,0.678653572322599,../20230510_Glx_B6_HAse/20230510_mouseb6_vtyppa_loc1_roi4_rep1_PRE.nc,Enzyme
184,20230510,3.0,14,pa,1.0,4,1,271.3458251953125,0.626950545212181,../20230510_Glx_B6_HAse/20230510_mouseb6_vtyppa_loc1_roi4_rep1_PRE.nc,Enzyme
185,20230510,3.0,15,pa,1.0,4,1,244.99583435058597,0.5968386046949845,../20230510_Glx_B6_HAse/20230510_mouseb6_vtyppa_loc1_roi4_rep1_PRE.nc,Enzyme
186,20230510,3.0,16,pa,1.0,4,1,242.96665954589844,0.5947498723397352,../20230510_Glx_B6_HAse/20230510_mouseb6_vtyppa_loc1_roi4_rep1_PRE.nc,Enzyme
187,20230510,4.0,0,pa,1.0,5,1,272.2916564941406,0.7621912375714793,../20230510_Glx_B6_HAse/20230510_mouseb6_vtyppa_loc1_roi5_rep1_PRE.nc,Enzyme
188,20230510,4.0,1,pa,1.0,5,1,260.73748779296875,0.6222760790251814,../20230510_Glx_B6_HAse/20230510_mouseb6_vtyppa_loc1_roi5_rep1_PRE.nc,Enzyme
189,20230510,4.0,2,pa,1.0,5,1,271.4291687011719,0.650211844318704,../20230510_Glx_B6_HAse/20230510_mouseb6_vtyppa_loc1_roi5_rep1_PRE.nc,Enzyme
190,20230510,4.0,3,pa,1.0,5,1,270.8083190917969,0.7106973145238888,../20230510_Glx_B6_HAse/20230510_mouseb6_vtyppa_loc1_roi5_rep1_PRE.nc,Enzyme
191,20230510,4.0,4,pa,1.0,5,1,353.9583435058594,0.5518616097788771,../20230510_Glx_B6_HAse/20230510_mouseb6_vtyppa_loc1_roi5_rep1_PRE.nc,Enzyme
192,20230510,4.0,5,pa,1.0,5,1,287.1708374023437,0.5640260087425711,../20230510_Glx_B6_HAse/20230510_mouseb6_vtyppa_loc1_roi5_rep1_PRE.nc,Enzyme
193,20230510,4.0,6,pa,1.0,5,1,305.9041748046875,0.5442126315728697,../20230510_Glx_B6_HAse/20230510_mouseb6_vtyppa_loc1_roi5_rep1_PRE.nc,Enzyme
194,20230510,4.0,7,pa,1.0,5,1,286.8541564941406,0.5164806264955467,../20230510_Glx_B6_HAse/20230510_mouseb6_vtyppa_loc1_roi5_rep1_PRE.nc,Enzyme
195,20230510,4.0,8,pa,1.0,5,1,305.4916687011719,0.4793032232081857,../20230510_Glx_B6_HAse/20230510_mouseb6_vtyppa_loc1_roi5_rep1_PRE.nc,Enzyme
196,20230510,4.0,9,pa,1.0,5,1,288.0708312988281,0.5709840615066986,../20230510_Glx_B6_HAse/20230510_mouseb6_vtyppa_loc1_roi5_rep1_PRE.nc,Enzyme
197,20230510,4.0,10,pa,1.0,5,1,268.5333557128906,0.4845199568893897,../20230510_Glx_B6_HAse/20230510_mouseb6_vtyppa_loc1_roi5_rep1_PRE.nc,Enzyme
198,20230510,4.0,11,pa,1.0,5,1,327.48748779296875,0.5127225765042306,../20230510_Glx_B6_HAse/20230510_mouseb6_vtyppa_loc1_roi5_rep1_PRE.nc,Enzyme
199,20230510,4.0,12,pa,1.0,5,1,322.3041687011719,0.5455864339497534,../20230510_Glx_B6_HAse/20230510_mouseb6_vtyppa_loc1_roi5_rep1_PRE.nc,Enzyme
200,20230510,4.0,13,pa,1.0,5,1,313.13751220703125,0.7141987325280122,../20230510_Glx_B6_HAse/20230510_mouseb6_vtyppa_loc1_roi5_rep1_PRE.nc,Enzyme
201,20230510,4.0,14,pa,1.0,5,1,273.98748779296875,0.7007057607743812,../20230510_Glx_B6_HAse/20230510_mouseb6_vtyppa_loc1_roi5_rep1_PRE.nc,Enzyme
202,20230510,4.0,15,pa,1.0,5,1,273.8000183105469,0.6152226579951322,../20230510_Glx_B6_HAse/20230510_mouseb6_vtyppa_loc1_roi5_rep1_PRE.nc,Enzyme
203,20230510,4.0,16,pa,1.0,5,1,286.70416259765625,0.5846356906065832,../20230510_Glx_B6_HAse/20230510_mouseb6_vtyppa_loc1_roi5_rep1_PRE.nc,Enzyme
204,20230510,5.0,0,pa,1.0,6,1,179.5208282470703,0.62118997619745,../20230510_Glx_B6_HAse/20230510_mouseb6_vtyppa_loc1_roi6_rep1_PRE.nc,Enzyme
205,20230510,5.0,1,pa,1.0,6,1,169.8916778564453,0.8015971269378085,../20230510_Glx_B6_HAse/20230510_mouseb6_vtyppa_loc1_roi6_rep1_PRE.nc,Enzyme
206,20230510,5.0,2,pa,1.0,6,1,196.46250915527344,0.7377744360939913,../20230510_Glx_B6_HAse/20230510_mouseb6_vtyppa_loc1_roi6_rep1_PRE.nc,Enzyme
207,20230510,5.0,3,pa,1.0,6,1,194.24166870117188,0.6358389469699729,../20230510_Glx_B6_HAse/20230510_mouseb6_vtyppa_loc1_roi6_rep1_PRE.nc,Enzyme
208,20230510,5.0,4,pa,1.0,6,1,200.1041717529297,0.6670143838274682,../20230510_Glx_B6_HAse/20230510_mouseb6_vtyppa_loc1_roi6_rep1_PRE.nc,Enzyme
209,20230510,5.0,5,pa,1.0,6,1,179.26251220703125,0.7032838954747461,../20230510_Glx_B6_HAse/20230510_mouseb6_vtyppa_loc1_roi6_rep1_PRE.nc,Enzyme
210,20230510,5.0,6,pa,1.0,6,1,191.8874969482422,0.6093270951570637,../20230510_Glx_B6_HAse/20230510_mouseb6_vtyppa_loc1_roi6_rep1_PRE.nc,Enzyme
211,20230510,5.0,7,pa,1.0,6,1,180.6374969482422,0.6944831078980918,../20230510_Glx_B6_HAse/20230510_mouseb6_vtyppa_loc1_roi6_rep1_PRE.nc,Enzyme
212,20230510,5.0,8,pa,1.0,6,1,205.77084350585935,0.5575555347702827,../20230510_Glx_B6_HAse/20230510_mouseb6_vtyppa_loc1_roi6_rep1_PRE.nc,Enzyme
213,20230510,5.0,9,pa,1.0,6,1,196.1125030517578,0.5759127805542967,../20230510_Glx_B6_HAse/20230510_mouseb6_vtyppa_loc1_roi6_rep1_PRE.nc,Enzyme
214,20230510,5.0,10,pa,1.0,6,1,170.96250915527344,0.6653699914922414,../20230510_Glx_B6_HAse/20230510_mouseb6_vtyppa_loc1_roi6_rep1_PRE.nc,Enzyme
215,20230510,5.0,11,pa,1.0,6,1,167.7375030517578,0.5742560593285164,../20230510_Glx_B6_HAse/20230510_mouseb6_vtyppa_loc1_roi6_rep1_PRE.nc,Enzyme
216,20230510,5.0,12,pa,1.0,6,1,186.97499084472656,0.5287893854988878,../20230510_Glx_B6_HAse/20230510_mouseb6_vtyppa_loc1_roi6_rep1_PRE.nc,Enzyme
217,20230510,5.0,13,pa,1.0,6,1,210.6875,0.5130508060122905,../20230510_Glx_B6_HAse/20230510_mouseb6_vtyppa_loc1_roi6_rep1_PRE.nc,Enzyme
218,20230510,5.0,14,pa,1.0,6,1,217.35415649414065,0.5422947038090966,../20230510_Glx_B6_HAse/20230510_mouseb6_vtyppa_loc1_roi6_rep1_PRE.nc,Enzyme
219,20230510,5.0,15,pa,1.0,6,1,206.6916656494141,0.5642664258071768,../20230510_Glx_B6_HAse/20230510_mouseb6_vtyppa_loc1_roi6_rep1_PRE.nc,Enzyme
220,20230510,5.0,16,pa,1.0,6,1,199.9708404541016,0.7004147002100918,../20230510_Glx_B6_HAse/20230510_mouseb6_vtyppa_loc1_roi6_rep1_PRE.nc,Enzyme
221,20230510,6.0,0,pea,1.0,1,1,154.57916259765625,0.6498074439872153,../20230510_Glx_B6_HAse/20230510_mouseb6_vtyppea_loc1_roi1_rep1_PRE.nc,Enzyme
222,20230510,6.0,1,pea,1.0,1,1,220.73333740234372,0.4763944896119048,../20230510_Glx_B6_HAse/20230510_mouseb6_vtyppea_loc1_roi1_rep1_PRE.nc,Enzyme
223,20230510,6.0,2,pea,1.0,1,1,177.4833221435547,0.5994761265573201,../20230510_Glx_B6_HAse/20230510_mouseb6_vtyppea_loc1_roi1_rep1_PRE.nc,Enzyme
224,20230510,6.0,3,pea,1.0,1,1,141.19583129882812,0.6763227217945176,../20230510_Glx_B6_HAse/20230510_mouseb6_vtyppea_loc1_roi1_rep1_PRE.nc,Enzyme
225,20230510,6.0,4,pea,1.0,1,1,149.94166564941406,0.6142178517515318,../20230510_Glx_B6_HAse/20230510_mouseb6_vtyppea_loc1_roi1_rep1_PRE.nc,Enzyme
226,20230510,6.0,5,pea,1.0,1,1,146.2208251953125,0.5258406449887151,../20230510_Glx_B6_HAse/20230510_mouseb6_vtyppea_loc1_roi1_rep1_PRE.nc,Enzyme
227,20230510,6.0,6,pea,1.0,1,1,155.32916259765625,0.5733501176205508,../20230510_Glx_B6_HAse/20230510_mouseb6_vtyppea_loc1_roi1_rep1_PRE.nc,Enzyme
228,20230510,6.0,7,pea,1.0,1,1,158.02500915527344,0.7961102067019299,../20230510_Glx_B6_HAse/20230510_mouseb6_vtyppea_loc1_roi1_rep1_PRE.nc,Enzyme
229,20230510,6.0,8,pea,1.0,1,1,150.03749084472656,0.6121030995958898,../20230510_Glx_B6_HAse/20230510_mouseb6_vtyppea_loc1_roi1_rep1_PRE.nc,Enzyme
230,20230510,6.0,9,pea,1.0,1,1,150.32916259765625,0.5578972769455306,../20230510_Glx_B6_HAse/20230510_mouseb6_vtyppea_loc1_roi1_rep1_PRE.nc,Enzyme
231,20230510,6.0,10,pea,1.0,1,1,149.9375,0.5612342221890291,../20230510_Glx_B6_HAse/20230510_mouseb6_vtyppea_loc1_roi1_rep1_PRE.nc,Enzyme
232,20230510,6.0,11,pea,1.0,1,1,141.30833435058594,0.574886361474567,../20230510_Glx_B6_HAse/20230510_mouseb6_vtyppea_loc1_roi1_rep1_PRE.nc,Enzyme
233,20230510,6.0,12,pea,1.0,1,1,138.08750915527344,0.6592850699113618,../20230510_Glx_B6_HAse/20230510_mouseb6_vtyppea_loc1_roi1_rep1_PRE.nc,Enzyme
234,20230510,6.0,13,pea,1.0,1,1,128.9083251953125,0.6911948492478013,../20230510_Glx_B6_HAse/20230510_mouseb6_vtyppea_loc1_roi1_rep1_PRE.nc,Enzyme
235,20230510,6.0,14,pea,1.0,1,1,145.08334350585938,0.6357514127002075,../20230510_Glx_B6_HAse/20230510_mouseb6_vtyppea_loc1_roi1_rep1_PRE.nc,Enzyme
236,20230510,6.0,15,pea,1.0,1,1,149.87916564941406,0.6480780355954177,../20230510_Glx_B6_HAse/20230510_mouseb6_vtyppea_loc1_roi1_rep1_PRE.nc,Enzyme
237,20230510,6.0,16,pea,1.0,1,1,143.6333465576172,0.6056521874474475,../20230510_Glx_B6_HAse/20230510_mouseb6_vtyppea_loc1_roi1_rep1_PRE.nc,Enzyme
238,20230510,7.0,0,pea,1.0,2,1,277.75,0.7796451857034453,../20230510_Glx_B6_HAse/20230510_mouseb6_vtyppea_loc1_roi2_rep1_PRE.nc,Enzyme
239,20230510,7.0,1,pea,1.0,2,1,273.1041564941406,0.7525817967847985,../20230510_Glx_B6_HAse/20230510_mouseb6_vtyppea_loc1_roi2_rep1_PRE.nc,Enzyme
240,20230510,7.0,2,pea,1.0,2,1,230.7083282470703,0.771044213129682,../20230510_Glx_B6_HAse/20230510_mouseb6_vtyppea_loc1_roi2_rep1_PRE.nc,Enzyme
241,20230510,7.0,3,pea,1.0,2,1,225.375,0.782227287874559,../20230510_Glx_B6_HAse/20230510_mouseb6_vtyppea_loc1_roi2_rep1_PRE.nc,Enzyme
242,20230510,7.0,4,pea,1.0,2,1,266.870849609375,0.7274566175918615,../20230510_Glx_B6_HAse/20230510_mouseb6_vtyppea_loc1_roi2_rep1_PRE.nc,Enzyme
243,20230510,7.0,5,pea,1.0,2,1,276.6541748046875,0.6385397092643469,../20230510_Glx_B6_HAse/20230510_mouseb6_vtyppea_loc1_roi2_rep1_PRE.nc,Enzyme
244,20230510,7.0,6,pea,1.0,2,1,339.7291564941406,0.5099337012610672,../20230510_Glx_B6_HAse/20230510_mouseb6_vtyppea_loc1_roi2_rep1_PRE.nc,Enzyme
245,20230510,7.0,7,pea,1.0,2,1,349.8208312988281,0.5223074100075655,../20230510_Glx_B6_HAse/20230510_mouseb6_vtyppea_loc1_roi2_rep1_PRE.nc,Enzyme
246,20230510,7.0,8,pea,1.0,2,1,306.4000244140625,0.5892907332075717,../20230510_Glx_B6_HAse/20230510_mouseb6_vtyppea_loc1_roi2_rep1_PRE.nc,Enzyme
247,20230510,7.0,9,pea,1.0,2,1,296.7749938964844,0.5517326660671543,../20230510_Glx_B6_HAse/20230510_mouseb6_vtyppea_loc1_roi2_rep1_PRE.nc,Enzyme
248,20230510,7.0,10,pea,1.0,2,1,312.6541748046875,0.5175217021191619,../20230510_Glx_B6_HAse/20230510_mouseb6_vtyppea_loc1_roi2_rep1_PRE.nc,Enzyme
249,20230510,7.0,11,pea,1.0,2,1,273.6666564941406,0.5559816569073994,../20230510_Glx_B6_HAse/20230510_mouseb6_vtyppea_loc1_roi2_rep1_PRE.nc,Enzyme
250,20230510,7.0,12,pea,1.0,2,1,270.2875061035156,0.5892033238504695,../20230510_Glx_B6_HAse/20230510_mouseb6_vtyppea_loc1_roi2_rep1_PRE.nc,Enzyme
251,20230510,7.0,13,pea,1.0,2,1,260.0333251953125,0.7330367151481788,../20230510_Glx_B6_HAse/20230510_mouseb6_vtyppea_loc1_roi2_rep1_PRE.nc,Enzyme
252,20230510,7.0,14,pea,1.0,2,1,372.9083251953125,0.5316416501466859,../20230510_Glx_B6_HAse/20230510_mouseb6_vtyppea_loc1_roi2_rep1_PRE.nc,Enzyme
253,20230510,7.0,15,pea,1.0,2,1,281.0625,0.5498706352077153,../20230510_Glx_B6_HAse/20230510_mouseb6_vtyppea_loc1_roi2_rep1_PRE.nc,Enzyme
254,20230510,7.0,16,pea,1.0,2,1,308.808349609375,0.5078888498520394,../20230510_Glx_B6_HAse/20230510_mouseb6_vtyppea_loc1_roi2_rep1_PRE.nc,Enzyme
255,20230510,8.0,0,pea,1.0,3,1,249.1875,0.510653822292533,../20230510_Glx_B6_HAse/20230510_mouseb6_vtyppea_loc1_roi3_rep1_PRE.nc,Enzyme
256,20230510,8.0,1,pea,1.0,3,1,255.45416259765625,0.481245480447129,../20230510_Glx_B6_HAse/20230510_mouseb6_vtyppea_loc1_roi3_rep1_PRE.nc,Enzyme
257,20230510,8.0,2,pea,1.0,3,1,264.76666259765625,0.4806524852263387,../20230510_Glx_B6_HAse/20230510_mouseb6_vtyppea_loc1_roi3_rep1_PRE.nc,Enzyme
258,20230510,8.0,3,pea,1.0,3,1,256.4916687011719,0.4811095170754687,../20230510_Glx_B6_HAse/20230510_mouseb6_vtyppea_loc1_roi3_rep1_PRE.nc,Enzyme
259,20230510,8.0,4,pea,1.0,3,1,204.3458404541016,0.5007014380735039,../20230510_Glx_B6_HAse/20230510_mouseb6_vtyppea_loc1_roi3_rep1_PRE.nc,Enzyme
260,20230510,8.0,5,pea,1.0,3,1,225.4875030517578,0.4765939658030026,../20230510_Glx_B6_HAse/20230510_mouseb6_vtyppea_loc1_roi3_rep1_PRE.nc,Enzyme
261,20230510,8.0,6,pea,1.0,3,1,237.22499084472656,0.4866287424881137,../20230510_Glx_B6_HAse/20230510_mouseb6_vtyppea_loc1_roi3_rep1_PRE.nc,Enzyme
262,20230510,8.0,7,pea,1.0,3,1,223.44583129882807,0.4947082266802708,../20230510_Glx_B6_HAse/20230510_mouseb6_vtyppea_loc1_roi3_rep1_PRE.nc,Enzyme
263,20230510,8.0,8,pea,1.0,3,1,254.0666656494141,0.5122536222576428,../20230510_Glx_B6_HAse/20230510_mouseb6_vtyppea_loc1_roi3_rep1_PRE.nc,Enzyme
264,20230510,8.0,9,pea,1.0,3,1,257.6830444335937,0.5075443754579312,../20230510_Glx_B6_HAse/20230510_mouseb6_vtyppea_loc1_roi3_rep1_PRE.nc,Enzyme
265,20230510,9.0,0,pea,1.0,4,1,168.87083435058594,0.5982102827324173,../20230510_Glx_B6_HAse/20230510_mouseb6_vtyppea_loc1_roi4_rep1_PRE.nc,Enzyme
266,20230510,9.0,1,pea,1.0,4,1,206.09165954589844,0.5470759359420069,../20230510_Glx_B6_HAse/20230510_mouseb6_vtyppea_loc1_roi4_rep1_PRE.nc,Enzyme
267,20230510,9.0,2,pea,1.0,4,1,209.9624938964844,0.589925322338794,../20230510_Glx_B6_HAse/20230510_mouseb6_vtyppea_loc1_roi4_rep1_PRE.nc,Enzyme
268,20230510,9.0,3,pea,1.0,4,1,171.20416259765625,0.5381940148371236,../20230510_Glx_B6_HAse/20230510_mouseb6_vtyppea_loc1_roi4_rep1_PRE.nc,Enzyme
269,20230510,9.0,4,pea,1.0,4,1,184.4499969482422,0.6012672371035022,../20230510_Glx_B6_HAse/20230510_mouseb6_vtyppea_loc1_roi4_rep1_PRE.nc,Enzyme
270,20230510,9.0,5,pea,1.0,4,1,206.74166870117188,0.5950721300645763,../20230510_Glx_B6_HAse/20230510_mouseb6_vtyppea_loc1_roi4_rep1_PRE.nc,Enzyme
271,20230510,9.0,6,pea,1.0,4,1,185.50833129882807,0.5845617480273994,../20230510_Glx_B6_HAse/20230510_mouseb6_vtyppea_loc1_roi4_rep1_PRE.nc,Enzyme
272,20230510,9.0,7,pea,1.0,4,1,203.4291534423828,0.4898239457279515,../20230510_Glx_B6_HAse/20230510_mouseb6_vtyppea_loc1_roi4_rep1_PRE.nc,Enzyme
273,20230510,9.0,8,pea,1.0,4,1,134.09584045410156,0.6606911354306632,../20230510_Glx_B6_HAse/20230510_mouseb6_vtyppea_loc1_roi4_rep1_PRE.nc,Enzyme
274,20230510,9.0,9,pea,1.0,4,1,126.2750015258789,0.5236841517519472,../20230510_Glx_B6_HAse/20230510_mouseb6_vtyppea_loc1_roi4_rep1_PRE.nc,Enzyme
275,20230510,9.0,10,pea,1.0,4,1,168.17916870117188,0.609310788676567,../20230510_Glx_B6_HAse/20230510_mouseb6_vtyppea_loc1_roi4_rep1_PRE.nc,Enzyme
276,20230510,9.0,11,pea,1.0,4,1,207.37083435058597,0.5349369389169637,../20230510_Glx_B6_HAse/20230510_mouseb6_vtyppea_loc1_roi4_rep1_PRE.nc,Enzyme
277,20230510,9.0,12,pea,1.0,4,1,214.70416259765625,0.6699333181473773,../20230510_Glx_B6_HAse/20230510_mouseb6_vtyppea_loc1_roi4_rep1_PRE.nc,Enzyme
278,20230510,9.0,13,pea,1.0,4,1,259.5083312988281,0.5417668747563932,../20230510_Glx_B6_HAse/20230510_mouseb6_vtyppea_loc1_roi4_rep1_PRE.nc,Enzyme
279,20230510,9.0,14,pea,1.0,4,1,204.7541656494141,0.5494934401323291,../20230510_Glx_B6_HAse/20230510_mouseb6_vtyppea_loc1_roi4_rep1_PRE.nc,Enzyme
280,20230510,10.0,0,pea,1.0,5,1,164.14166259765625,0.7744655099402965,../20230510_Glx_B6_HAse/20230510_mouseb6_vtyppea_loc1_roi5_rep1_PRE.nc,Enzyme
281,20230510,10.0,1,pea,1.0,5,1,162.8958282470703,0.8652518640190828,../20230510_Glx_B6_HAse/20230510_mouseb6_vtyppea_loc1_roi5_rep1_PRE.nc,Enzyme
282,20230510,10.0,2,pea,1.0,5,1,172.21250915527344,0.8871685897824151,../20230510_Glx_B6_HAse/20230510_mouseb6_vtyppea_loc1_roi5_rep1_PRE.nc,Enzyme
283,20230510,10.0,3,pea,1.0,5,1,152.875,1.0572127858276863,../20230510_Glx_B6_HAse/20230510_mouseb6_vtyppea_loc1_roi5_rep1_PRE.nc,Enzyme
284,20230510,10.0,4,pea,1.0,5,1,174.2333221435547,0.8247182481662018,../20230510_Glx_B6_HAse/20230510_mouseb6_vtyppea_loc1_roi5_rep1_PRE.nc,Enzyme
285,20230510,10.0,5,pea,1.0,5,1,167.9375,0.7106854110078562,../20230510_Glx_B6_HAse/20230510_mouseb6_vtyppea_loc1_roi5_rep1_PRE.nc,Enzyme
286,20230510,10.0,6,pea,1.0,5,1,190.0958404541016,0.6515267037352815,../20230510_Glx_B6_HAse/20230510_mouseb6_vtyppea_loc1_roi5_rep1_PRE.nc,Enzyme
287,20230510,10.0,7,pea,1.0,5,1,181.2708282470703,0.6767076933133872,../20230510_Glx_B6_HAse/20230510_mouseb6_vtyppea_loc1_roi5_rep1_PRE.nc,Enzyme
288,20230510,10.0,8,pea,1.0,5,1,192.57083129882807,0.6881035104565534,../20230510_Glx_B6_HAse/20230510_mouseb6_vtyppea_loc1_roi5_rep1_PRE.nc,Enzyme
289,20230510,10.0,9,pea,1.0,5,1,144.15834045410156,1.196398678268605,../20230510_Glx_B6_HAse/20230510_mouseb6_vtyppea_loc1_roi5_rep1_PRE.nc,Enzyme
290,20230510,10.0,10,pea,1.0,5,1,120.21666717529295,1.5010234726588294,../20230510_Glx_B6_HAse/20230510_mouseb6_vtyppea_loc1_roi5_rep1_PRE.nc,Enzyme
291,20230510,10.0,11,pea,1.0,5,1,147.6583251953125,1.3612369276159269,../20230510_Glx_B6_HAse/20230510_mouseb6_vtyppea_loc1_roi5_rep1_PRE.nc,Enzyme
292,20230510,10.0,12,pea,1.0,5,1,160.75892639160156,1.118196919402421,../20230510_Glx_B6_HAse/20230510_mouseb6_vtyppea_loc1_roi5_rep1_PRE.nc,Enzyme
293,20230510,11.0,0,pea,1.0,6,1,360.67913818359375,0.5160399037125211,../20230510_Glx_B6_HAse/20230510_mouseb6_vtyppea_loc1_roi6_rep1_PRE.nc,Enzyme
294,20230510,11.0,1,pea,1.0,6,1,298.6291809082031,0.5570682336130469,../20230510_Glx_B6_HAse/20230510_mouseb6_vtyppea_loc1_roi6_rep1_PRE.nc,Enzyme
295,20230510,11.0,2,pea,1.0,6,1,345.76666259765625,0.5326916157827511,../20230510_Glx_B6_HAse/20230510_mouseb6_vtyppea_loc1_roi6_rep1_PRE.nc,Enzyme
296,20230510,11.0,3,pea,1.0,6,1,325.4291687011719,0.5711388399903495,../20230510_Glx_B6_HAse/20230510_mouseb6_vtyppea_loc1_roi6_rep1_PRE.nc,Enzyme
297,20230510,11.0,4,pea,1.0,6,1,298.1458435058594,0.4986237685066154,../20230510_Glx_B6_HAse/20230510_mouseb6_vtyppea_loc1_roi6_rep1_PRE.nc,Enzyme
298,20230510,11.0,5,pea,1.0,6,1,285.0208435058594,0.5933741456140229,../20230510_Glx_B6_HAse/20230510_mouseb6_vtyppea_loc1_roi6_rep1_PRE.nc,Enzyme
299,20230510,11.0,6,pea,1.0,6,1,299.5375061035156,0.5807976660718425,../20230510_Glx_B6_HAse/20230510_mouseb6_vtyppea_loc1_roi6_rep1_PRE.nc,Enzyme
300,20230510,11.0,7,pea,1.0,6,1,267.8583374023437,0.6828141380314121,../20230510_Glx_B6_HAse/20230510_mouseb6_vtyppea_loc1_roi6_rep1_PRE.nc,Enzyme
301,20230510,11.0,8,pea,1.0,6,1,252.9624938964844,0.7622294671586688,../20230510_Glx_B6_HAse/20230510_mouseb6_vtyppea_loc1_roi6_rep1_PRE.nc,Enzyme
302,20230510,11.0,9,pea,1.0,6,1,157.17916870117188,1.060089209414433,../20230510_Glx_B6_HAse/20230510_mouseb6_vtyppea_loc1_roi6_rep1_PRE.nc,Enzyme
303,20230510,11.0,10,pea,1.0,6,1,170.6999969482422,0.9826229949871582,../20230510_Glx_B6_HAse/20230510_mouseb6_vtyppea_loc1_roi6_rep1_PRE.nc,Enzyme
304,20230510,11.0,11,pea,1.0,6,1,250.1583251953125,0.8347783119860965,../20230510_Glx_B6_HAse/20230510_mouseb6_vtyppea_loc1_roi6_rep1_PRE.nc,Enzyme
305,20230510,11.0,12,pea,1.0,6,1,218.9541778564453,0.6613011038236346,../20230510_Glx_B6_HAse/20230510_mouseb6_vtyppea_loc1_roi6_rep1_PRE.nc,Enzyme
306,20230510,11.0,13,pea,1.0,6,1,257.2166748046875,0.7261500463866262,../20230510_Glx_B6_HAse/20230510_mouseb6_vtyppea_loc1_roi6_rep1_PRE.nc,Enzyme
307,20230510,11.0,14,pea,1.0,6,1,225.0500030517578,0.8755771175858931,../20230510_Glx_B6_HAse/20230510_mouseb6_vtyppea_loc1_roi6_rep1_PRE.nc,Enzyme
308,20230510,11.0,15,pea,1.0,6,1,203.92916870117188,1.0926873480671495,../20230510_Glx_B6_HAse/20230510_mouseb6_vtyppea_loc1_roi6_rep1_PRE.nc,Enzyme
309,20230510,11.0,16,pea,1.0,6,1,184.39584350585935,0.6093857424419586,../20230510_Glx_B6_HAse/20230510_mouseb6_vtyppea_loc1_roi6_rep1_PRE.nc,Enzyme
310,20230511,0.0,0,pa,1.0,1,1,267.4916687011719,0.5777711312376749,../20230511_Glx_B6_HAse/20230511_mouseb6_vtyppa_loc1_roi1_rep1_PRE.nc,Enzyme
311,20230511,0.0,1,pa,1.0,1,1,239.76666259765625,0.6092661166786415,../20230511_Glx_B6_HAse/20230511_mouseb6_vtyppa_loc1_roi1_rep1_PRE.nc,Enzyme
312,20230511,0.0,2,pa,1.0,1,1,243.5249938964844,0.5465780945327261,../20230511_Glx_B6_HAse/20230511_mouseb6_vtyppa_loc1_roi1_rep1_PRE.nc,Enzyme
313,20230511,0.0,3,pa,1.0,1,1,233.5666656494141,0.6491761273796435,../20230511_Glx_B6_HAse/20230511_mouseb6_vtyppa_loc1_roi1_rep1_PRE.nc,Enzyme
314,20230511,0.0,4,pa,1.0,1,1,230.87083435058597,0.6474217355940299,../20230511_Glx_B6_HAse/20230511_mouseb6_vtyppa_loc1_roi1_rep1_PRE.nc,Enzyme
315,20230511,0.0,5,pa,1.0,1,1,251.2083282470703,0.5299347072951602,../20230511_Glx_B6_HAse/20230511_mouseb6_vtyppa_loc1_roi1_rep1_PRE.nc,Enzyme
316,20230511,0.0,6,pa,1.0,1,1,246.30833435058597,0.6262923101498558,../20230511_Glx_B6_HAse/20230511_mouseb6_vtyppa_loc1_roi1_rep1_PRE.nc,Enzyme
317,20230511,0.0,7,pa,1.0,1,1,269.0,0.779738455908158,../20230511_Glx_B6_HAse/20230511_mouseb6_vtyppa_loc1_roi1_rep1_PRE.nc,Enzyme
318,20230511,0.0,8,pa,1.0,1,1,228.90415954589844,0.6235329456254319,../20230511_Glx_B6_HAse/20230511_mouseb6_vtyppa_loc1_roi1_rep1_PRE.nc,Enzyme
319,20230511,0.0,9,pa,1.0,1,1,273.0583190917969,0.5327053921470258,../20230511_Glx_B6_HAse/20230511_mouseb6_vtyppa_loc1_roi1_rep1_PRE.nc,Enzyme
320,20230511,0.0,10,pa,1.0,1,1,274.70416259765625,0.571536178175152,../20230511_Glx_B6_HAse/20230511_mouseb6_vtyppa_loc1_roi1_rep1_PRE.nc,Enzyme
321,20230511,0.0,11,pa,1.0,1,1,270.1333312988281,0.5193666037430131,../20230511_Glx_B6_HAse/20230511_mouseb6_vtyppa_loc1_roi1_rep1_PRE.nc,Enzyme
322,20230511,0.0,12,pa,1.0,1,1,192.3625030517578,0.5936145621542697,../20230511_Glx_B6_HAse/20230511_mouseb6_vtyppa_loc1_roi1_rep1_PRE.nc,Enzyme
323,20230511,0.0,13,pa,1.0,1,1,197.34165954589844,0.6308133811099208,../20230511_Glx_B6_HAse/20230511_mouseb6_vtyppa_loc1_roi1_rep1_PRE.nc,Enzyme
324,20230511,0.0,14,pa,1.0,1,1,205.8249969482422,0.5785086518150058,../20230511_Glx_B6_HAse/20230511_mouseb6_vtyppa_loc1_roi1_rep1_PRE.nc,Enzyme
325,20230511,0.0,15,pa,1.0,1,1,177.86666870117188,0.7841928597821103,../20230511_Glx_B6_HAse/20230511_mouseb6_vtyppa_loc1_roi1_rep1_PRE.nc,Enzyme
326,20230511,0.0,16,pa,1.0,1,1,174.54583740234375,0.7789438071321116,../20230511_Glx_B6_HAse/20230511_mouseb6_vtyppa_loc1_roi1_rep1_PRE.nc,Enzyme
327,20230511,1.0,0,pa,1.0,2,1,278.8125,0.7191544813228231,../20230511_Glx_B6_HAse/20230511_mouseb6_vtyppa_loc1_roi2_rep1_PRE.nc,Enzyme
328,20230511,1.0,1,pa,1.0,2,1,285.3541564941406,0.6358557094544321,../20230511_Glx_B6_HAse/20230511_mouseb6_vtyppa_loc1_roi2_rep1_PRE.nc,Enzyme
329,20230511,1.0,2,pa,1.0,2,1,213.6750030517578,0.7635469482805689,../20230511_Glx_B6_HAse/20230511_mouseb6_vtyppa_loc1_roi2_rep1_PRE.nc,Enzyme
330,20230511,1.0,3,pa,1.0,2,1,214.7833404541016,0.6826584158673439,../20230511_Glx_B6_HAse/20230511_mouseb6_vtyppa_loc1_roi2_rep1_PRE.nc,Enzyme
331,20230511,1.0,4,pa,1.0,2,1,292.6333312988281,0.6173411808940578,../20230511_Glx_B6_HAse/20230511_mouseb6_vtyppa_loc1_roi2_rep1_PRE.nc,Enzyme
332,20230511,1.0,5,pa,1.0,2,1,252.1499938964844,0.6808762211474314,../20230511_Glx_B6_HAse/20230511_mouseb6_vtyppa_loc1_roi2_rep1_PRE.nc,Enzyme
333,20230511,1.0,6,pa,1.0,2,1,189.20416259765625,0.9100170546186522,../20230511_Glx_B6_HAse/20230511_mouseb6_vtyppa_loc1_roi2_rep1_PRE.nc,Enzyme
334,20230511,1.0,7,pa,1.0,2,1,142.0749969482422,0.7030071004083159,../20230511_Glx_B6_HAse/20230511_mouseb6_vtyppa_loc1_roi2_rep1_PRE.nc,Enzyme
335,20230511,1.0,8,pa,1.0,2,1,150.35833740234375,0.5559761351068435,../20230511_Glx_B6_HAse/20230511_mouseb6_vtyppa_loc1_roi2_rep1_PRE.nc,Enzyme
336,20230511,1.0,9,pa,1.0,2,1,142.89999389648438,0.5016344065120862,../20230511_Glx_B6_HAse/20230511_mouseb6_vtyppa_loc1_roi2_rep1_PRE.nc,Enzyme
337,20230511,1.0,10,pa,1.0,2,1,149.84584045410156,0.5270662643563682,../20230511_Glx_B6_HAse/20230511_mouseb6_vtyppa_loc1_roi2_rep1_PRE.nc,Enzyme
338,20230511,1.0,11,pa,1.0,2,1,157.25,0.5451424755833986,../20230511_Glx_B6_HAse/20230511_mouseb6_vtyppa_loc1_roi2_rep1_PRE.nc,Enzyme
339,20230511,1.0,12,pa,1.0,2,1,168.57916259765625,0.620453979443427,../20230511_Glx_B6_HAse/20230511_mouseb6_vtyppa_loc1_roi2_rep1_PRE.nc,Enzyme
340,20230511,1.0,13,pa,1.0,2,1,156.17083740234375,0.5383435092100202,../20230511_Glx_B6_HAse/20230511_mouseb6_vtyppa_loc1_roi2_rep1_PRE.nc,Enzyme
341,20230511,1.0,14,pa,1.0,2,1,148.87083435058594,0.5662063960519164,../20230511_Glx_B6_HAse/20230511_mouseb6_vtyppa_loc1_roi2_rep1_PRE.nc,Enzyme
342,20230511,1.0,15,pa,1.0,2,1,174.8291778564453,0.5141454703406116,../20230511_Glx_B6_HAse/20230511_mouseb6_vtyppa_loc1_roi2_rep1_PRE.nc,Enzyme
343,20230511,1.0,16,pa,1.0,2,1,153.37916564941406,0.6643812318512423,../20230511_Glx_B6_HAse/20230511_mouseb6_vtyppa_loc1_roi2_rep1_PRE.nc,Enzyme
344,20230511,2.0,0,pa,1.0,3,1,165.22500610351562,0.6179039110547466,../20230511_Glx_B6_HAse/20230511_mouseb6_vtyppa_loc1_roi3_rep1_PRE.nc,Enzyme
345,20230511,2.0,1,pa,1.0,3,1,173.03334045410156,0.5680517250676013,../20230511_Glx_B6_HAse/20230511_mouseb6_vtyppa_loc1_roi3_rep1_PRE.nc,Enzyme
346,20230511,2.0,2,pa,1.0,3,1,195.1583251953125,0.6689876898940262,../20230511_Glx_B6_HAse/20230511_mouseb6_vtyppa_loc1_roi3_rep1_PRE.nc,Enzyme
347,20230511,2.0,3,pa,1.0,3,1,206.4416656494141,0.685473873245432,../20230511_Glx_B6_HAse/20230511_mouseb6_vtyppa_loc1_roi3_rep1_PRE.nc,Enzyme
348,20230511,2.0,4,pa,1.0,3,1,190.70416259765625,0.6321303323448612,../20230511_Glx_B6_HAse/20230511_mouseb6_vtyppa_loc1_roi3_rep1_PRE.nc,Enzyme
349,20230511,2.0,5,pa,1.0,3,1,181.6125030517578,0.6078157752778781,../20230511_Glx_B6_HAse/20230511_mouseb6_vtyppa_loc1_roi3_rep1_PRE.nc,Enzyme
350,20230511,2.0,6,pa,1.0,3,1,177.51666259765625,0.6125418152675042,../20230511_Glx_B6_HAse/20230511_mouseb6_vtyppa_loc1_roi3_rep1_PRE.nc,Enzyme
351,20230511,2.0,7,pa,1.0,3,1,165.9875030517578,0.6474045317666428,../20230511_Glx_B6_HAse/20230511_mouseb6_vtyppa_loc1_roi3_rep1_PRE.nc,Enzyme
352,20230511,2.0,8,pa,1.0,3,1,177.65415954589844,0.6339284901731225,../20230511_Glx_B6_HAse/20230511_mouseb6_vtyppa_loc1_roi3_rep1_PRE.nc,Enzyme
353,20230511,2.0,9,pa,1.0,3,1,178.74166870117188,0.5634081670261072,../20230511_Glx_B6_HAse/20230511_mouseb6_vtyppa_loc1_roi3_rep1_PRE.nc,Enzyme
354,20230511,2.0,10,pa,1.0,3,1,185.57916259765625,0.6431598382432028,../20230511_Glx_B6_HAse/20230511_mouseb6_vtyppa_loc1_roi3_rep1_PRE.nc,Enzyme
355,20230511,2.0,11,pa,1.0,3,1,183.68333435058597,0.5919368759365172,../20230511_Glx_B6_HAse/20230511_mouseb6_vtyppa_loc1_roi3_rep1_PRE.nc,Enzyme
356,20230511,2.0,12,pa,1.0,3,1,202.9791717529297,0.5575424386770338,../20230511_Glx_B6_HAse/20230511_mouseb6_vtyppa_loc1_roi3_rep1_PRE.nc,Enzyme
357,20230511,2.0,13,pa,1.0,3,1,182.7083282470703,0.5863918784124739,../20230511_Glx_B6_HAse/20230511_mouseb6_vtyppa_loc1_roi3_rep1_PRE.nc,Enzyme
358,20230511,2.0,14,pa,1.0,3,1,214.3291778564453,0.5604042679173953,../20230511_Glx_B6_HAse/20230511_mouseb6_vtyppa_loc1_roi3_rep1_PRE.nc,Enzyme
359,20230511,2.0,15,pa,1.0,3,1,203.64166259765625,0.6136394466863838,../20230511_Glx_B6_HAse/20230511_mouseb6_vtyppa_loc1_roi3_rep1_PRE.nc,Enzyme
360,20230511,2.0,16,pa,1.0,3,1,248.1875,0.6368692745765843,../20230511_Glx_B6_HAse/20230511_mouseb6_vtyppa_loc1_roi3_rep1_PRE.nc,Enzyme
361,20230511,3.0,0,pa,1.0,4,1,179.71249389648438,0.5177301999989283,../20230511_Glx_B6_HAse/20230511_mouseb6_vtyppa_loc1_roi4_rep1_PRE.nc,Enzyme
362,20230511,3.0,1,pa,1.0,4,1,168.43333435058594,0.5229716251498492,../20230511_Glx_B6_HAse/20230511_mouseb6_vtyppa_loc1_roi4_rep1_PRE.nc,Enzyme
363,20230511,3.0,2,pa,1.0,4,1,133.75833129882812,0.5676805017433646,../20230511_Glx_B6_HAse/20230511_mouseb6_vtyppa_loc1_roi4_rep1_PRE.nc,Enzyme
364,20230511,3.0,3,pa,1.0,4,1,150.77499389648438,0.4828918748969565,../20230511_Glx_B6_HAse/20230511_mouseb6_vtyppa_loc1_roi4_rep1_PRE.nc,Enzyme
365,20230511,3.0,4,pa,1.0,4,1,133.74166870117188,0.5236833732285354,../20230511_Glx_B6_HAse/20230511_mouseb6_vtyppa_loc1_roi4_rep1_PRE.nc,Enzyme
366,20230511,3.0,5,pa,1.0,4,1,135.4583282470703,0.5292880272455458,../20230511_Glx_B6_HAse/20230511_mouseb6_vtyppa_loc1_roi4_rep1_PRE.nc,Enzyme
367,20230511,3.0,6,pa,1.0,4,1,131.95416259765625,0.4889820849480562,../20230511_Glx_B6_HAse/20230511_mouseb6_vtyppa_loc1_roi4_rep1_PRE.nc,Enzyme
368,20230511,3.0,7,pa,1.0,4,1,145.82916259765625,0.5174798456263677,../20230511_Glx_B6_HAse/20230511_mouseb6_vtyppa_loc1_roi4_rep1_PRE.nc,Enzyme
369,20230511,3.0,8,pa,1.0,4,1,144.24166870117188,0.5207563621055835,../20230511_Glx_B6_HAse/20230511_mouseb6_vtyppa_loc1_roi4_rep1_PRE.nc,Enzyme
370,20230511,3.0,9,pa,1.0,4,1,150.6875,0.553558999633063,../20230511_Glx_B6_HAse/20230511_mouseb6_vtyppa_loc1_roi4_rep1_PRE.nc,Enzyme
371,20230511,3.0,10,pa,1.0,4,1,151.83750915527344,0.4839272119720946,../20230511_Glx_B6_HAse/20230511_mouseb6_vtyppa_loc1_roi4_rep1_PRE.nc,Enzyme
372,20230511,3.0,11,pa,1.0,4,1,133.86666870117188,0.4731230447553886,../20230511_Glx_B6_HAse/20230511_mouseb6_vtyppa_loc1_roi4_rep1_PRE.nc,Enzyme
373,20230511,3.0,12,pa,1.0,4,1,144.8125,0.4547109766985693,../20230511_Glx_B6_HAse/20230511_mouseb6_vtyppa_loc1_roi4_rep1_PRE.nc,Enzyme
374,20230511,3.0,13,pa,1.0,4,1,151.53334045410156,0.507166342997818,../20230511_Glx_B6_HAse/20230511_mouseb6_vtyppa_loc1_roi4_rep1_PRE.nc,Enzyme
375,20230511,3.0,14,pa,1.0,4,1,146.5,0.5195154478846135,../20230511_Glx_B6_HAse/20230511_mouseb6_vtyppa_loc1_roi4_rep1_PRE.nc,Enzyme
376,20230511,3.0,15,pa,1.0,4,1,137.47084045410156,0.5995944232513514,../20230511_Glx_B6_HAse/20230511_mouseb6_vtyppa_loc1_roi4_rep1_PRE.nc,Enzyme
377,20230511,3.0,16,pa,1.0,4,1,141.93331909179688,0.5017539968779151,../20230511_Glx_B6_HAse/20230511_mouseb6_vtyppa_loc1_roi4_rep1_PRE.nc,Enzyme
378,20230511,4.0,0,pa,1.0,5,1,188.35415649414065,0.6699469391743048,../20230511_Glx_B6_HAse/20230511_mouseb6_vtyppa_loc1_roi5_rep1_PRE.nc,Enzyme
379,20230511,4.0,1,pa,1.0,5,1,180.80416870117188,0.7618792107810195,../20230511_Glx_B6_HAse/20230511_mouseb6_vtyppa_loc1_roi5_rep1_PRE.nc,Enzyme
380,20230511,4.0,2,pa,1.0,5,1,191.77915954589844,0.588158656675377,../20230511_Glx_B6_HAse/20230511_mouseb6_vtyppa_loc1_roi5_rep1_PRE.nc,Enzyme
381,20230511,4.0,3,pa,1.0,5,1,195.8000030517578,0.6140834425630013,../20230511_Glx_B6_HAse/20230511_mouseb6_vtyppa_loc1_roi5_rep1_PRE.nc,Enzyme
382,20230511,4.0,4,pa,1.0,5,1,252.0375061035156,0.6036150513403897,../20230511_Glx_B6_HAse/20230511_mouseb6_vtyppa_loc1_roi5_rep1_PRE.nc,Enzyme
383,20230511,4.0,5,pa,1.0,5,1,236.0124969482422,0.5468008348389114,../20230511_Glx_B6_HAse/20230511_mouseb6_vtyppa_loc1_roi5_rep1_PRE.nc,Enzyme
384,20230511,4.0,6,pa,1.0,5,1,230.45834350585935,0.5578608394133181,../20230511_Glx_B6_HAse/20230511_mouseb6_vtyppa_loc1_roi5_rep1_PRE.nc,Enzyme
385,20230511,4.0,7,pa,1.0,5,1,239.5041656494141,0.5223592635267167,../20230511_Glx_B6_HAse/20230511_mouseb6_vtyppa_loc1_roi5_rep1_PRE.nc,Enzyme
386,20230511,4.0,8,pa,1.0,5,1,222.66249084472656,0.6181738264225075,../20230511_Glx_B6_HAse/20230511_mouseb6_vtyppa_loc1_roi5_rep1_PRE.nc,Enzyme
387,20230511,4.0,9,pa,1.0,5,1,261.3999938964844,0.5431000493681958,../20230511_Glx_B6_HAse/20230511_mouseb6_vtyppa_loc1_roi5_rep1_PRE.nc,Enzyme
388,20230511,4.0,10,pa,1.0,5,1,258.8833312988281,0.5868567726182962,../20230511_Glx_B6_HAse/20230511_mouseb6_vtyppa_loc1_roi5_rep1_PRE.nc,Enzyme
389,20230511,4.0,11,pa,1.0,5,1,238.91249084472656,0.4898832517334306,../20230511_Glx_B6_HAse/20230511_mouseb6_vtyppa_loc1_roi5_rep1_PRE.nc,Enzyme
390,20230511,4.0,12,pa,1.0,5,1,178.39999389648438,0.7604307934752531,../20230511_Glx_B6_HAse/20230511_mouseb6_vtyppa_loc1_roi5_rep1_PRE.nc,Enzyme
391,20230511,4.0,13,pa,1.0,5,1,240.40415954589844,0.6256606965065751,../20230511_Glx_B6_HAse/20230511_mouseb6_vtyppa_loc1_roi5_rep1_PRE.nc,Enzyme
392,20230511,4.0,14,pa,1.0,5,1,206.4666748046875,0.7409552488848905,../20230511_Glx_B6_HAse/20230511_mouseb6_vtyppa_loc1_roi5_rep1_PRE.nc,Enzyme
393,20230511,4.0,15,pa,1.0,5,1,199.9125061035156,0.7499802478310728,../20230511_Glx_B6_HAse/20230511_mouseb6_vtyppa_loc1_roi5_rep1_PRE.nc,Enzyme
394,20230511,4.0,16,pa,1.0,5,1,187.5416717529297,0.7574666979351932,../20230511_Glx_B6_HAse/20230511_mouseb6_vtyppa_loc1_roi5_rep1_PRE.nc,Enzyme
395,20230511,5.0,0,pa,1.0,6,1,138.66665649414062,0.4752361781030507,../20230511_Glx_B6_HAse/20230511_mouseb6_vtyppa_loc1_roi6_rep1_PRE.nc,Enzyme
396,20230511,5.0,1,pa,1.0,6,1,148.46665954589844,0.5384236939019296,../20230511_Glx_B6_HAse/20230511_mouseb6_vtyppa_loc1_roi6_rep1_PRE.nc,Enzyme
397,20230511,5.0,2,pa,1.0,6,1,106.39583587646484,0.5603862977322203,../20230511_Glx_B6_HAse/20230511_mouseb6_vtyppa_loc1_roi6_rep1_PRE.nc,Enzyme
398,20230511,5.0,3,pa,1.0,6,1,128.39584350585938,0.5093893702861546,../20230511_Glx_B6_HAse/20230511_mouseb6_vtyppa_loc1_roi6_rep1_PRE.nc,Enzyme
399,20230511,5.0,4,pa,1.0,6,1,164.33749389648438,0.486243372095623,../20230511_Glx_B6_HAse/20230511_mouseb6_vtyppa_loc1_roi6_rep1_PRE.nc,Enzyme
400,20230511,5.0,5,pa,1.0,6,1,138.62083435058594,0.5029819246239768,../20230511_Glx_B6_HAse/20230511_mouseb6_vtyppa_loc1_roi6_rep1_PRE.nc,Enzyme
401,20230511,5.0,6,pa,1.0,6,1,137.7083282470703,0.4539069443002053,../20230511_Glx_B6_HAse/20230511_mouseb6_vtyppa_loc1_roi6_rep1_PRE.nc,Enzyme
402,20230511,5.0,7,pa,1.0,6,1,111.6374969482422,0.5525798274570362,../20230511_Glx_B6_HAse/20230511_mouseb6_vtyppa_loc1_roi6_rep1_PRE.nc,Enzyme
403,20230511,5.0,8,pa,1.0,6,1,125.12916564941406,0.5025663809436655,../20230511_Glx_B6_HAse/20230511_mouseb6_vtyppa_loc1_roi6_rep1_PRE.nc,Enzyme
404,20230511,5.0,9,pa,1.0,6,1,125.72917175292967,0.5525877456046256,../20230511_Glx_B6_HAse/20230511_mouseb6_vtyppa_loc1_roi6_rep1_PRE.nc,Enzyme
405,20230511,5.0,10,pa,1.0,6,1,95.1750030517578,0.663282965054659,../20230511_Glx_B6_HAse/20230511_mouseb6_vtyppa_loc1_roi6_rep1_PRE.nc,Enzyme
406,20230511,5.0,11,pa,1.0,6,1,89.89286041259766,0.8662656534876968,../20230511_Glx_B6_HAse/20230511_mouseb6_vtyppa_loc1_roi6_rep1_PRE.nc,Enzyme
407,20230512,0.0,0,pa,1.0,1,1,273.8291931152344,0.5736302622571837,../20230512_Glx_B6_HAse/20230512_mouseb6_vtyppa_loc1_roi1_rep1_PRE.nc,Saline
408,20230512,0.0,1,pa,1.0,1,1,213.05416870117188,0.6471185227608113,../20230512_Glx_B6_HAse/20230512_mouseb6_vtyppa_loc1_roi1_rep1_PRE.nc,Saline
409,20230512,0.0,2,pa,1.0,1,1,228.4875030517578,0.6183608581601732,../20230512_Glx_B6_HAse/20230512_mouseb6_vtyppa_loc1_roi1_rep1_PRE.nc,Saline
410,20230512,0.0,3,pa,1.0,1,1,240.44583129882807,0.7512614105132001,../20230512_Glx_B6_HAse/20230512_mouseb6_vtyppa_loc1_roi1_rep1_PRE.nc,Saline
411,20230512,0.0,4,pa,1.0,1,1,189.29583740234372,0.9114641223024696,../20230512_Glx_B6_HAse/20230512_mouseb6_vtyppa_loc1_roi1_rep1_PRE.nc,Saline
412,20230512,0.0,5,pa,1.0,1,1,196.7250061035156,0.7574683363964484,../20230512_Glx_B6_HAse/20230512_mouseb6_vtyppa_loc1_roi1_rep1_PRE.nc,Saline
413,20230512,0.0,6,pa,1.0,1,1,214.7708282470703,0.7764986351415359,../20230512_Glx_B6_HAse/20230512_mouseb6_vtyppa_loc1_roi1_rep1_PRE.nc,Saline
414,20230512,0.0,7,pa,1.0,1,1,243.6875,0.6020378689168217,../20230512_Glx_B6_HAse/20230512_mouseb6_vtyppa_loc1_roi1_rep1_PRE.nc,Saline
415,20230512,0.0,8,pa,1.0,1,1,222.6708221435547,0.7322789196297269,../20230512_Glx_B6_HAse/20230512_mouseb6_vtyppa_loc1_roi1_rep1_PRE.nc,Saline
416,20230512,0.0,9,pa,1.0,1,1,280.32501220703125,0.6532994492247383,../20230512_Glx_B6_HAse/20230512_mouseb6_vtyppa_loc1_roi1_rep1_PRE.nc,Saline
417,20230512,0.0,10,pa,1.0,1,1,243.7708282470703,0.677243421717036,../20230512_Glx_B6_HAse/20230512_mouseb6_vtyppa_loc1_roi1_rep1_PRE.nc,Saline
418,20230512,0.0,11,pa,1.0,1,1,249.8125,0.7153296966845445,../20230512_Glx_B6_HAse/20230512_mouseb6_vtyppa_loc1_roi1_rep1_PRE.nc,Saline
419,20230512,0.0,12,pa,1.0,1,1,218.38333129882807,0.651018010748338,../20230512_Glx_B6_HAse/20230512_mouseb6_vtyppa_loc1_roi1_rep1_PRE.nc,Saline
420,20230512,0.0,13,pa,1.0,1,1,236.5333404541016,0.6890113705552634,../20230512_Glx_B6_HAse/20230512_mouseb6_vtyppa_loc1_roi1_rep1_PRE.nc,Saline
421,20230512,0.0,14,pa,1.0,1,1,204.8958282470703,0.7636295833872474,../20230512_Glx_B6_HAse/20230512_mouseb6_vtyppa_loc1_roi1_rep1_PRE.nc,Saline
422,20230512,0.0,15,pa,1.0,1,1,219.3791656494141,0.7651698772176081,../20230512_Glx_B6_HAse/20230512_mouseb6_vtyppa_loc1_roi1_rep1_PRE.nc,Saline
423,20230512,0.0,16,pa,1.0,1,1,262.35418701171875,0.7077388092125435,../20230512_Glx_B6_HAse/20230512_mouseb6_vtyppa_loc1_roi1_rep1_PRE.nc,Saline
424,20230512,1.0,0,pa,1.0,2,1,255.3000030517578,0.5432729653831107,../20230512_Glx_B6_HAse/20230512_mouseb6_vtyppa_loc1_roi2_rep1_PRE.nc,Saline
425,20230512,1.0,1,pa,1.0,2,1,207.90000915527344,0.7727552320684838,../20230512_Glx_B6_HAse/20230512_mouseb6_vtyppa_loc1_roi2_rep1_PRE.nc,Saline
426,20230512,1.0,2,pa,1.0,2,1,228.27915954589844,0.6987363664618707,../20230512_Glx_B6_HAse/20230512_mouseb6_vtyppa_loc1_roi2_rep1_PRE.nc,Saline
427,20230512,1.0,3,pa,1.0,2,1,219.87083435058597,0.6647144384284694,../20230512_Glx_B6_HAse/20230512_mouseb6_vtyppa_loc1_roi2_rep1_PRE.nc,Saline
428,20230512,1.0,4,pa,1.0,2,1,218.93333435058597,0.6939840955910371,../20230512_Glx_B6_HAse/20230512_mouseb6_vtyppa_loc1_roi2_rep1_PRE.nc,Saline
429,20230512,1.0,5,pa,1.0,2,1,210.82916259765625,0.711690445131835,../20230512_Glx_B6_HAse/20230512_mouseb6_vtyppa_loc1_roi2_rep1_PRE.nc,Saline
430,20230512,1.0,6,pa,1.0,2,1,232.19583129882807,0.7399121475610887,../20230512_Glx_B6_HAse/20230512_mouseb6_vtyppa_loc1_roi2_rep1_PRE.nc,Saline
431,20230512,1.0,7,pa,1.0,2,1,190.3166656494141,0.96353721290842,../20230512_Glx_B6_HAse/20230512_mouseb6_vtyppa_loc1_roi2_rep1_PRE.nc,Saline
432,20230512,1.0,8,pa,1.0,2,1,202.9416656494141,0.7648336266104937,../20230512_Glx_B6_HAse/20230512_mouseb6_vtyppa_loc1_roi2_rep1_PRE.nc,Saline
433,20230512,1.0,9,pa,1.0,2,1,227.1083221435547,0.6734271827195285,../20230512_Glx_B6_HAse/20230512_mouseb6_vtyppa_loc1_roi2_rep1_PRE.nc,Saline
434,20230512,1.0,10,pa,1.0,2,1,252.84165954589844,0.641800805554154,../20230512_Glx_B6_HAse/20230512_mouseb6_vtyppa_loc1_roi2_rep1_PRE.nc,Saline
435,20230512,1.0,11,pa,1.0,2,1,200.8000030517578,0.6136390137000036,../20230512_Glx_B6_HAse/20230512_mouseb6_vtyppa_loc1_roi2_rep1_PRE.nc,Saline
436,20230512,1.0,12,pa,1.0,2,1,221.7875061035156,0.6808834963699381,../20230512_Glx_B6_HAse/20230512_mouseb6_vtyppa_loc1_roi2_rep1_PRE.nc,Saline
437,20230512,1.0,13,pa,1.0,2,1,238.24583435058597,0.6501440315806605,../20230512_Glx_B6_HAse/20230512_mouseb6_vtyppa_loc1_roi2_rep1_PRE.nc,Saline
438,20230512,1.0,14,pa,1.0,2,1,265.620849609375,0.5461871603752129,../20230512_Glx_B6_HAse/20230512_mouseb6_vtyppa_loc1_roi2_rep1_PRE.nc,Saline
439,20230512,1.0,15,pa,1.0,2,1,242.4499969482422,0.5817075638438278,../20230512_Glx_B6_HAse/20230512_mouseb6_vtyppa_loc1_roi2_rep1_PRE.nc,Saline
440,20230512,1.0,16,pa,1.0,2,1,232.1875,0.5282245277729477,../20230512_Glx_B6_HAse/20230512_mouseb6_vtyppa_loc1_roi2_rep1_PRE.nc,Saline
441,20230512,2.0,0,pa,1.0,3,1,327.83331298828125,0.7447307066620668,../20230512_Glx_B6_HAse/20230512_mouseb6_vtyppa_loc1_roi3_rep1_PRE.nc,Saline
442,20230512,2.0,1,pa,1.0,3,1,315.1958312988281,0.663401896939649,../20230512_Glx_B6_HAse/20230512_mouseb6_vtyppa_loc1_roi3_rep1_PRE.nc,Saline
443,20230512,2.0,2,pa,1.0,3,1,345.82916259765625,0.6902142549767051,../20230512_Glx_B6_HAse/20230512_mouseb6_vtyppa_loc1_roi3_rep1_PRE.nc,Saline
444,20230512,2.0,3,pa,1.0,3,1,424.5125122070313,0.655377882082392,../20230512_Glx_B6_HAse/20230512_mouseb6_vtyppa_loc1_roi3_rep1_PRE.nc,Saline
445,20230512,2.0,4,pa,1.0,3,1,396.5124816894531,0.6248736709948024,../20230512_Glx_B6_HAse/20230512_mouseb6_vtyppa_loc1_roi3_rep1_PRE.nc,Saline
446,20230512,2.0,5,pa,1.0,3,1,439.0958557128906,0.603205660599414,../20230512_Glx_B6_HAse/20230512_mouseb6_vtyppa_loc1_roi3_rep1_PRE.nc,Saline
447,20230512,2.0,6,pa,1.0,3,1,408.9458312988281,0.5977486083819605,../20230512_Glx_B6_HAse/20230512_mouseb6_vtyppa_loc1_roi3_rep1_PRE.nc,Saline
448,20230512,2.0,7,pa,1.0,3,1,429.17083740234375,0.6336056906184995,../20230512_Glx_B6_HAse/20230512_mouseb6_vtyppa_loc1_roi3_rep1_PRE.nc,Saline
449,20230512,2.0,8,pa,1.0,3,1,389.0083312988281,0.6156533550133741,../20230512_Glx_B6_HAse/20230512_mouseb6_vtyppa_loc1_roi3_rep1_PRE.nc,Saline
450,20230512,2.0,9,pa,1.0,3,1,402.0291748046875,0.5812763132905906,../20230512_Glx_B6_HAse/20230512_mouseb6_vtyppa_loc1_roi3_rep1_PRE.nc,Saline
451,20230512,2.0,10,pa,1.0,3,1,487.98333740234375,0.5704280928218257,../20230512_Glx_B6_HAse/20230512_mouseb6_vtyppa_loc1_roi3_rep1_PRE.nc,Saline
452,20230512,2.0,11,pa,1.0,3,1,337.7958374023437,0.6221254151090592,../20230512_Glx_B6_HAse/20230512_mouseb6_vtyppa_loc1_roi3_rep1_PRE.nc,Saline
453,20230512,2.0,12,pa,1.0,3,1,374.0958251953125,0.539846074731551,../20230512_Glx_B6_HAse/20230512_mouseb6_vtyppa_loc1_roi3_rep1_PRE.nc,Saline
454,20230512,2.0,13,pa,1.0,3,1,348.1958312988281,0.5784641273611415,../20230512_Glx_B6_HAse/20230512_mouseb6_vtyppa_loc1_roi3_rep1_PRE.nc,Saline
455,20230512,2.0,14,pa,1.0,3,1,360.9666442871094,0.5670963462020027,../20230512_Glx_B6_HAse/20230512_mouseb6_vtyppa_loc1_roi3_rep1_PRE.nc,Saline
456,20230512,2.0,15,pa,1.0,3,1,389.48333740234375,0.5396804158399154,../20230512_Glx_B6_HAse/20230512_mouseb6_vtyppa_loc1_roi3_rep1_PRE.nc,Saline
457,20230512,2.0,16,pa,1.0,3,1,351.6916809082031,0.630501320125564,../20230512_Glx_B6_HAse/20230512_mouseb6_vtyppa_loc1_roi3_rep1_PRE.nc,Saline
458,20230512,3.0,0,pa,1.0,4,1,172.63333129882812,0.7062092824489777,../20230512_Glx_B6_HAse/20230512_mouseb6_vtyppa_loc1_roi4_rep1_PRE.nc,Saline
459,20230512,3.0,1,pa,1.0,4,1,145.2916717529297,0.7239454102417139,../20230512_Glx_B6_HAse/20230512_mouseb6_vtyppa_loc1_roi4_rep1_PRE.nc,Saline
460,20230512,3.0,2,pa,1.0,4,1,140.42916870117188,0.7171286838633704,../20230512_Glx_B6_HAse/20230512_mouseb6_vtyppa_loc1_roi4_rep1_PRE.nc,Saline
461,20230512,3.0,3,pa,1.0,4,1,167.2624969482422,0.6150567986663743,../20230512_Glx_B6_HAse/20230512_mouseb6_vtyppa_loc1_roi4_rep1_PRE.nc,Saline
462,20230512,3.0,4,pa,1.0,4,1,198.4624938964844,0.5301892983049559,../20230512_Glx_B6_HAse/20230512_mouseb6_vtyppa_loc1_roi4_rep1_PRE.nc,Saline
463,20230512,3.0,5,pa,1.0,4,1,200.68333435058597,0.5837172538913871,../20230512_Glx_B6_HAse/20230512_mouseb6_vtyppa_loc1_roi4_rep1_PRE.nc,Saline
464,20230512,3.0,6,pa,1.0,4,1,185.9416656494141,0.6038233563554882,../20230512_Glx_B6_HAse/20230512_mouseb6_vtyppa_loc1_roi4_rep1_PRE.nc,Saline
465,20230512,3.0,7,pa,1.0,4,1,164.9583282470703,0.6696037229301083,../20230512_Glx_B6_HAse/20230512_mouseb6_vtyppa_loc1_roi4_rep1_PRE.nc,Saline
466,20230512,3.0,8,pa,1.0,4,1,178.88333129882812,0.7365012090127465,../20230512_Glx_B6_HAse/20230512_mouseb6_vtyppa_loc1_roi4_rep1_PRE.nc,Saline
467,20230512,3.0,9,pa,1.0,4,1,164.51666259765625,0.6715799147064124,../20230512_Glx_B6_HAse/20230512_mouseb6_vtyppa_loc1_roi4_rep1_PRE.nc,Saline
468,20230512,3.0,10,pa,1.0,4,1,173.8125,0.6032629303965719,../20230512_Glx_B6_HAse/20230512_mouseb6_vtyppa_loc1_roi4_rep1_PRE.nc,Saline
469,20230512,3.0,11,pa,1.0,4,1,147.69166564941406,0.7079633262523012,../20230512_Glx_B6_HAse/20230512_mouseb6_vtyppa_loc1_roi4_rep1_PRE.nc,Saline
470,20230512,3.0,12,pa,1.0,4,1,157.7833251953125,0.7676869505744822,../20230512_Glx_B6_HAse/20230512_mouseb6_vtyppa_loc1_roi4_rep1_PRE.nc,Saline
471,20230512,3.0,13,pa,1.0,4,1,159.90000915527344,0.7745910207279463,../20230512_Glx_B6_HAse/20230512_mouseb6_vtyppa_loc1_roi4_rep1_PRE.nc,Saline
472,20230512,3.0,14,pa,1.0,4,1,172.5083465576172,0.7874206097782431,../20230512_Glx_B6_HAse/20230512_mouseb6_vtyppa_loc1_roi4_rep1_PRE.nc,Saline
473,20230512,3.0,15,pa,1.0,4,1,179.84999084472656,0.7438417902727341,../20230512_Glx_B6_HAse/20230512_mouseb6_vtyppa_loc1_roi4_rep1_PRE.nc,Saline
474,20230512,3.0,16,pa,1.0,4,1,142.49583435058594,0.7804161776701528,../20230512_Glx_B6_HAse/20230512_mouseb6_vtyppa_loc1_roi4_rep1_PRE.nc,Saline
475,20230512,4.0,0,pa,1.0,5,1,269.45416259765625,0.6333083550844213,../20230512_Glx_B6_HAse/20230512_mouseb6_vtyppa_loc1_roi5_rep1_PRE.nc,Saline
476,20230512,4.0,1,pa,1.0,5,1,271.1125183105469,0.7079341526810164,../20230512_Glx_B6_HAse/20230512_mouseb6_vtyppa_loc1_roi5_rep1_PRE.nc,Saline
477,20230512,4.0,2,pa,1.0,5,1,292.7416687011719,0.6268017438413499,../20230512_Glx_B6_HAse/20230512_mouseb6_vtyppa_loc1_roi5_rep1_PRE.nc,Saline
478,20230512,4.0,3,pa,1.0,5,1,257.9458312988281,0.648290066459462,../20230512_Glx_B6_HAse/20230512_mouseb6_vtyppa_loc1_roi5_rep1_PRE.nc,Saline
479,20230512,4.0,4,pa,1.0,5,1,255.375,0.6096336502155281,../20230512_Glx_B6_HAse/20230512_mouseb6_vtyppa_loc1_roi5_rep1_PRE.nc,Saline
480,20230512,4.0,5,pa,1.0,5,1,249.55833435058597,0.6481256874544338,../20230512_Glx_B6_HAse/20230512_mouseb6_vtyppa_loc1_roi5_rep1_PRE.nc,Saline
481,20230512,4.0,6,pa,1.0,5,1,254.1750030517578,0.6044564825885191,../20230512_Glx_B6_HAse/20230512_mouseb6_vtyppa_loc1_roi5_rep1_PRE.nc,Saline
482,20230512,4.0,7,pa,1.0,5,1,249.97499084472656,0.5542632910418347,../20230512_Glx_B6_HAse/20230512_mouseb6_vtyppa_loc1_roi5_rep1_PRE.nc,Saline
483,20230512,4.0,8,pa,1.0,5,1,217.5124969482422,0.5615748825393599,../20230512_Glx_B6_HAse/20230512_mouseb6_vtyppa_loc1_roi5_rep1_PRE.nc,Saline
484,20230512,4.0,9,pa,1.0,5,1,236.92083740234372,0.5670604630318347,../20230512_Glx_B6_HAse/20230512_mouseb6_vtyppa_loc1_roi5_rep1_PRE.nc,Saline
485,20230512,4.0,10,pa,1.0,5,1,232.2333221435547,0.5566972094480621,../20230512_Glx_B6_HAse/20230512_mouseb6_vtyppa_loc1_roi5_rep1_PRE.nc,Saline
486,20230512,4.0,11,pa,1.0,5,1,223.05416870117188,0.5558647680836628,../20230512_Glx_B6_HAse/20230512_mouseb6_vtyppa_loc1_roi5_rep1_PRE.nc,Saline
487,20230512,4.0,12,pa,1.0,5,1,207.68333435058597,0.6535293757013775,../20230512_Glx_B6_HAse/20230512_mouseb6_vtyppa_loc1_roi5_rep1_PRE.nc,Saline
488,20230512,4.0,13,pa,1.0,5,1,217.67916870117188,0.6218708079866063,../20230512_Glx_B6_HAse/20230512_mouseb6_vtyppa_loc1_roi5_rep1_PRE.nc,Saline
489,20230512,4.0,14,pa,1.0,5,1,213.2291717529297,0.6414052877397907,../20230512_Glx_B6_HAse/20230512_mouseb6_vtyppa_loc1_roi5_rep1_PRE.nc,Saline
490,20230512,4.0,15,pa,1.0,5,1,251.7166748046875,0.5925535401088321,../20230512_Glx_B6_HAse/20230512_mouseb6_vtyppa_loc1_roi5_rep1_PRE.nc,Saline
491,20230512,4.0,16,pa,1.0,5,1,225.79583740234372,0.6185076183985192,../20230512_Glx_B6_HAse/20230512_mouseb6_vtyppa_loc1_roi5_rep1_PRE.nc,Saline
492,20230512,5.0,0,pa,1.0,6,1,198.00833129882807,0.8047478041313556,../20230512_Glx_B6_HAse/20230512_mouseb6_vtyppa_loc1_roi6_rep1_PRE.nc,Saline
493,20230512,5.0,1,pa,1.0,6,1,257.2208251953125,0.6742825159566292,../20230512_Glx_B6_HAse/20230512_mouseb6_vtyppa_loc1_roi6_rep1_PRE.nc,Saline
494,20230512,5.0,2,pa,1.0,6,1,305.5083312988281,0.6641305178078647,../20230512_Glx_B6_HAse/20230512_mouseb6_vtyppa_loc1_roi6_rep1_PRE.nc,Saline
495,20230512,5.0,3,pa,1.0,6,1,276.4291687011719,0.6376328207738435,../20230512_Glx_B6_HAse/20230512_mouseb6_vtyppa_loc1_roi6_rep1_PRE.nc,Saline
496,20230512,5.0,4,pa,1.0,6,1,211.48333740234372,0.6129808085076226,../20230512_Glx_B6_HAse/20230512_mouseb6_vtyppa_loc1_roi6_rep1_PRE.nc,Saline
497,20230512,5.0,5,pa,1.0,6,1,208.8541717529297,0.5654567331352354,../20230512_Glx_B6_HAse/20230512_mouseb6_vtyppa_loc1_roi6_rep1_PRE.nc,Saline
498,20230512,5.0,6,pa,1.0,6,1,203.3500061035156,0.6079026403799422,../20230512_Glx_B6_HAse/20230512_mouseb6_vtyppa_loc1_roi6_rep1_PRE.nc,Saline
499,20230512,5.0,7,pa,1.0,6,1,237.2708282470703,0.5493563335001499,../20230512_Glx_B6_HAse/20230512_mouseb6_vtyppa_loc1_roi6_rep1_PRE.nc,Saline
500,20230512,5.0,8,pa,1.0,6,1,209.7624969482422,0.6322347388965418,../20230512_Glx_B6_HAse/20230512_mouseb6_vtyppa_loc1_roi6_rep1_PRE.nc,Saline
501,20230512,5.0,9,pa,1.0,6,1,261.3333435058594,0.6411193839670286,../20230512_Glx_B6_HAse/20230512_mouseb6_vtyppa_loc1_roi6_rep1_PRE.nc,Saline
502,20230512,5.0,10,pa,1.0,6,1,265.7083435058594,0.6173253142857645,../20230512_Glx_B6_HAse/20230512_mouseb6_vtyppa_loc1_roi6_rep1_PRE.nc,Saline
503,20230512,5.0,11,pa,1.0,6,1,285.54168701171875,0.7073735651186244,../20230512_Glx_B6_HAse/20230512_mouseb6_vtyppa_loc1_roi6_rep1_PRE.nc,Saline
504,20230512,5.0,12,pa,1.0,6,1,231.9875030517578,0.6766918799237067,../20230512_Glx_B6_HAse/20230512_mouseb6_vtyppa_loc1_roi6_rep1_PRE.nc,Saline
505,20230512,5.0,13,pa,1.0,6,1,189.99583435058597,0.6906983055262275,../20230512_Glx_B6_HAse/20230512_mouseb6_vtyppa_loc1_roi6_rep1_PRE.nc,Saline
506,20230512,5.0,14,pa,1.0,6,1,210.3000030517578,0.6864963084222091,../20230512_Glx_B6_HAse/20230512_mouseb6_vtyppa_loc1_roi6_rep1_PRE.nc,Saline
507,20230512,5.0,15,pa,1.0,6,1,207.6291656494141,0.6255282343194426,../20230512_Glx_B6_HAse/20230512_mouseb6_vtyppa_loc1_roi6_rep1_PRE.nc,Saline
508,20230512,5.0,16,pa,1.0,6,1,213.91249084472656,0.59924015235355,../20230512_Glx_B6_HAse/20230512_mouseb6_vtyppa_loc1_roi6_rep1_PRE.nc,Saline
509,20230512,6.0,0,pea,1.0,1,1,233.5375061035156,0.6113806795146789,../20230512_Glx_B6_HAse/20230512_mouseb6_vtyppea_loc1_roi1_rep1_PRE.nc,Saline
510,20230512,6.0,1,pea,1.0,1,1,177.76251220703125,0.737669976854175,../20230512_Glx_B6_HAse/20230512_mouseb6_vtyppea_loc1_roi1_rep1_PRE.nc,Saline
511,20230512,6.0,2,pea,1.0,1,1,203.4166717529297,0.649633382175115,../20230512_Glx_B6_HAse/20230512_mouseb6_vtyppea_loc1_roi1_rep1_PRE.nc,Saline
512,20230512,6.0,3,pea,1.0,1,1,209.4125061035156,0.7431360825621374,../20230512_Glx_B6_HAse/20230512_mouseb6_vtyppea_loc1_roi1_rep1_PRE.nc,Saline
513,20230512,6.0,4,pea,1.0,1,1,208.5833282470703,0.7743545064222992,../20230512_Glx_B6_HAse/20230512_mouseb6_vtyppea_loc1_roi1_rep1_PRE.nc,Saline
514,20230512,6.0,5,pea,1.0,1,1,222.8625030517578,0.7016001840999276,../20230512_Glx_B6_HAse/20230512_mouseb6_vtyppea_loc1_roi1_rep1_PRE.nc,Saline
515,20230512,6.0,6,pea,1.0,1,1,235.6958465576172,0.5855574916342796,../20230512_Glx_B6_HAse/20230512_mouseb6_vtyppea_loc1_roi1_rep1_PRE.nc,Saline
516,20230512,6.0,7,pea,1.0,1,1,303.5249938964844,0.5556869381992066,../20230512_Glx_B6_HAse/20230512_mouseb6_vtyppea_loc1_roi1_rep1_PRE.nc,Saline
517,20230512,6.0,8,pea,1.0,1,1,262.2208557128906,0.5648394486017595,../20230512_Glx_B6_HAse/20230512_mouseb6_vtyppea_loc1_roi1_rep1_PRE.nc,Saline
518,20230512,6.0,9,pea,1.0,1,1,178.85415649414062,0.621009147611512,../20230512_Glx_B6_HAse/20230512_mouseb6_vtyppea_loc1_roi1_rep1_PRE.nc,Saline
519,20230512,6.0,10,pea,1.0,1,1,235.8541717529297,0.6653096636533182,../20230512_Glx_B6_HAse/20230512_mouseb6_vtyppea_loc1_roi1_rep1_PRE.nc,Saline
520,20230512,6.0,11,pea,1.0,1,1,244.4083404541016,0.704529628935391,../20230512_Glx_B6_HAse/20230512_mouseb6_vtyppea_loc1_roi1_rep1_PRE.nc,Saline
521,20230512,6.0,12,pea,1.0,1,1,253.41249084472656,0.6898891685801819,../20230512_Glx_B6_HAse/20230512_mouseb6_vtyppea_loc1_roi1_rep1_PRE.nc,Saline
522,20230512,6.0,13,pea,1.0,1,1,215.4624938964844,0.8255524770879376,../20230512_Glx_B6_HAse/20230512_mouseb6_vtyppea_loc1_roi1_rep1_PRE.nc,Saline
523,20230512,6.0,14,pea,1.0,1,1,234.6875,0.7911386882311929,../20230512_Glx_B6_HAse/20230512_mouseb6_vtyppea_loc1_roi1_rep1_PRE.nc,Saline
524,20230512,6.0,15,pea,1.0,1,1,230.52084350585935,0.7812871391422891,../20230512_Glx_B6_HAse/20230512_mouseb6_vtyppea_loc1_roi1_rep1_PRE.nc,Saline
525,20230512,6.0,16,pea,1.0,1,1,271.57916259765625,0.7731711430515635,../20230512_Glx_B6_HAse/20230512_mouseb6_vtyppea_loc1_roi1_rep1_PRE.nc,Saline
526,20230512,7.0,0,pea,1.0,2,1,217.25,0.6156147187433998,../20230512_Glx_B6_HAse/20230512_mouseb6_vtyppea_loc1_roi2_rep1_PRE.nc,Saline
527,20230512,7.0,1,pea,1.0,2,1,192.5500030517578,0.6076339488965044,../20230512_Glx_B6_HAse/20230512_mouseb6_vtyppea_loc1_roi2_rep1_PRE.nc,Saline
528,20230512,7.0,2,pea,1.0,2,1,180.57501220703125,0.8230794450504739,../20230512_Glx_B6_HAse/20230512_mouseb6_vtyppea_loc1_roi2_rep1_PRE.nc,Saline
529,20230512,7.0,3,pea,1.0,2,1,177.76251220703125,0.9562039628925276,../20230512_Glx_B6_HAse/20230512_mouseb6_vtyppea_loc1_roi2_rep1_PRE.nc,Saline
530,20230512,7.0,4,pea,1.0,2,1,186.35415649414065,0.6407464815344013,../20230512_Glx_B6_HAse/20230512_mouseb6_vtyppea_loc1_roi2_rep1_PRE.nc,Saline
531,20230512,7.0,5,pea,1.0,2,1,182.9250030517578,0.6436865769937467,../20230512_Glx_B6_HAse/20230512_mouseb6_vtyppea_loc1_roi2_rep1_PRE.nc,Saline
532,20230512,7.0,6,pea,1.0,2,1,165.375,0.7909840626429504,../20230512_Glx_B6_HAse/20230512_mouseb6_vtyppea_loc1_roi2_rep1_PRE.nc,Saline
533,20230512,7.0,7,pea,1.0,2,1,189.36666870117188,0.8148159946194166,../20230512_Glx_B6_HAse/20230512_mouseb6_vtyppea_loc1_roi2_rep1_PRE.nc,Saline
534,20230512,7.0,8,pea,1.0,2,1,140.70416259765625,0.7902282465284762,../20230512_Glx_B6_HAse/20230512_mouseb6_vtyppea_loc1_roi2_rep1_PRE.nc,Saline
535,20230512,7.0,9,pea,1.0,2,1,132.22499084472656,0.6577585815587188,../20230512_Glx_B6_HAse/20230512_mouseb6_vtyppea_loc1_roi2_rep1_PRE.nc,Saline
536,20230512,7.0,10,pea,1.0,2,1,119.26250457763672,1.003900798795164,../20230512_Glx_B6_HAse/20230512_mouseb6_vtyppea_loc1_roi2_rep1_PRE.nc,Saline
537,20230512,7.0,11,pea,1.0,2,1,117.27082824707033,0.9501852634489668,../20230512_Glx_B6_HAse/20230512_mouseb6_vtyppea_loc1_roi2_rep1_PRE.nc,Saline
538,20230512,7.0,12,pea,1.0,2,1,123.53333282470705,0.8778545384936481,../20230512_Glx_B6_HAse/20230512_mouseb6_vtyppea_loc1_roi2_rep1_PRE.nc,Saline
539,20230512,7.0,13,pea,1.0,2,1,125.98332977294922,0.7433791279186148,../20230512_Glx_B6_HAse/20230512_mouseb6_vtyppea_loc1_roi2_rep1_PRE.nc,Saline
540,20230512,7.0,14,pea,1.0,2,1,118.49166870117188,0.911703396523064,../20230512_Glx_B6_HAse/20230512_mouseb6_vtyppea_loc1_roi2_rep1_PRE.nc,Saline
541,20230512,7.0,15,pea,1.0,2,1,138.7375030517578,0.974932061253805,../20230512_Glx_B6_HAse/20230512_mouseb6_vtyppea_loc1_roi2_rep1_PRE.nc,Saline
542,20230512,7.0,16,pea,1.0,2,1,148.1583251953125,0.8693870666472483,../20230512_Glx_B6_HAse/20230512_mouseb6_vtyppea_loc1_roi2_rep1_PRE.nc,Saline
543,20230512,8.0,0,pea,1.0,3,1,212.6625061035156,0.5579538635418189,../20230512_Glx_B6_HAse/20230512_mouseb6_vtyppea_loc1_roi3_rep1_PRE.nc,Saline
544,20230512,8.0,1,pea,1.0,3,1,169.48333740234375,0.5852338541313314,../20230512_Glx_B6_HAse/20230512_mouseb6_vtyppea_loc1_roi3_rep1_PRE.nc,Saline
545,20230512,8.0,2,pea,1.0,3,1,160.53334045410156,0.5616966671736872,../20230512_Glx_B6_HAse/20230512_mouseb6_vtyppea_loc1_roi3_rep1_PRE.nc,Saline
546,20230512,8.0,3,pea,1.0,3,1,192.55416870117188,0.5241520807033577,../20230512_Glx_B6_HAse/20230512_mouseb6_vtyppea_loc1_roi3_rep1_PRE.nc,Saline
547,20230512,8.0,4,pea,1.0,3,1,192.80831909179688,0.5917689933980695,../20230512_Glx_B6_HAse/20230512_mouseb6_vtyppea_loc1_roi3_rep1_PRE.nc,Saline
548,20230512,8.0,5,pea,1.0,3,1,168.8458251953125,0.658357634581231,../20230512_Glx_B6_HAse/20230512_mouseb6_vtyppea_loc1_roi3_rep1_PRE.nc,Saline
549,20230512,8.0,6,pea,1.0,3,1,186.4666748046875,0.6213550078973478,../20230512_Glx_B6_HAse/20230512_mouseb6_vtyppea_loc1_roi3_rep1_PRE.nc,Saline
550,20230512,8.0,7,pea,1.0,3,1,187.54583740234372,0.6121267937121376,../20230512_Glx_B6_HAse/20230512_mouseb6_vtyppea_loc1_roi3_rep1_PRE.nc,Saline
551,20230512,8.0,8,pea,1.0,3,1,193.8000030517578,0.5210115658251278,../20230512_Glx_B6_HAse/20230512_mouseb6_vtyppea_loc1_roi3_rep1_PRE.nc,Saline
552,20230512,8.0,9,pea,1.0,3,1,186.5124969482422,0.5713156286907519,../20230512_Glx_B6_HAse/20230512_mouseb6_vtyppea_loc1_roi3_rep1_PRE.nc,Saline
553,20230512,8.0,10,pea,1.0,3,1,230.9166717529297,0.5132659666950636,../20230512_Glx_B6_HAse/20230512_mouseb6_vtyppea_loc1_roi3_rep1_PRE.nc,Saline
554,20230512,8.0,11,pea,1.0,3,1,156.71249389648438,0.6675997133237161,../20230512_Glx_B6_HAse/20230512_mouseb6_vtyppea_loc1_roi3_rep1_PRE.nc,Saline
555,20230512,8.0,12,pea,1.0,3,1,158.99581909179688,0.6134016676919193,../20230512_Glx_B6_HAse/20230512_mouseb6_vtyppea_loc1_roi3_rep1_PRE.nc,Saline
556,20230512,8.0,13,pea,1.0,3,1,163.05416870117188,0.6287915683078137,../20230512_Glx_B6_HAse/20230512_mouseb6_vtyppea_loc1_roi3_rep1_PRE.nc,Saline
557,20230512,8.0,14,pea,1.0,3,1,224.3333282470703,0.5413107014006919,../20230512_Glx_B6_HAse/20230512_mouseb6_vtyppea_loc1_roi3_rep1_PRE.nc,Saline
558,20230512,8.0,15,pea,1.0,3,1,161.99166870117188,0.6205223480496868,../20230512_Glx_B6_HAse/20230512_mouseb6_vtyppea_loc1_roi3_rep1_PRE.nc,Saline
559,20230512,8.0,16,pea,1.0,3,1,169.58749389648438,0.522991569577412,../20230512_Glx_B6_HAse/20230512_mouseb6_vtyppea_loc1_roi3_rep1_PRE.nc,Saline
560,20230512,9.0,0,pea,1.0,4,1,164.52915954589844,1.1454681940097853,../20230512_Glx_B6_HAse/20230512_mouseb6_vtyppea_loc1_roi4_rep1_PRE.nc,Saline
561,20230512,9.0,1,pea,1.0,4,1,149.7333221435547,1.1133820877632328,../20230512_Glx_B6_HAse/20230512_mouseb6_vtyppea_loc1_roi4_rep1_PRE.nc,Saline
562,20230512,9.0,2,pea,1.0,4,1,182.1291656494141,0.8078499505237295,../20230512_Glx_B6_HAse/20230512_mouseb6_vtyppea_loc1_roi4_rep1_PRE.nc,Saline
563,20230512,9.0,3,pea,1.0,4,1,170.88333129882812,0.8428511541760308,../20230512_Glx_B6_HAse/20230512_mouseb6_vtyppea_loc1_roi4_rep1_PRE.nc,Saline
564,20230512,9.0,4,pea,1.0,4,1,143.3916778564453,0.8774465210635587,../20230512_Glx_B6_HAse/20230512_mouseb6_vtyppea_loc1_roi4_rep1_PRE.nc,Saline
565,20230512,9.0,5,pea,1.0,4,1,165.01666259765625,0.7817097391250559,../20230512_Glx_B6_HAse/20230512_mouseb6_vtyppea_loc1_roi4_rep1_PRE.nc,Saline
566,20230512,9.0,6,pea,1.0,4,1,190.56668090820312,0.5794138828957467,../20230512_Glx_B6_HAse/20230512_mouseb6_vtyppea_loc1_roi4_rep1_PRE.nc,Saline
567,20230512,9.0,7,pea,1.0,4,1,194.3416748046875,0.6110579057961976,../20230512_Glx_B6_HAse/20230512_mouseb6_vtyppea_loc1_roi4_rep1_PRE.nc,Saline
568,20230512,9.0,8,pea,1.0,4,1,203.62083435058597,0.5526031942881108,../20230512_Glx_B6_HAse/20230512_mouseb6_vtyppea_loc1_roi4_rep1_PRE.nc,Saline
569,20230512,9.0,9,pea,1.0,4,1,216.0166778564453,0.5013246010564065,../20230512_Glx_B6_HAse/20230512_mouseb6_vtyppea_loc1_roi4_rep1_PRE.nc,Saline
570,20230512,9.0,10,pea,1.0,4,1,192.42916870117188,0.6396958336374978,../20230512_Glx_B6_HAse/20230512_mouseb6_vtyppea_loc1_roi4_rep1_PRE.nc,Saline
571,20230512,9.0,11,pea,1.0,4,1,214.5625,0.7112465774155792,../20230512_Glx_B6_HAse/20230512_mouseb6_vtyppea_loc1_roi4_rep1_PRE.nc,Saline
572,20230512,9.0,12,pea,1.0,4,1,205.875,0.6668992112411624,../20230512_Glx_B6_HAse/20230512_mouseb6_vtyppea_loc1_roi4_rep1_PRE.nc,Saline
573,20230512,9.0,13,pea,1.0,4,1,193.41249084472656,0.6519741694901422,../20230512_Glx_B6_HAse/20230512_mouseb6_vtyppea_loc1_roi4_rep1_PRE.nc,Saline
574,20230512,9.0,14,pea,1.0,4,1,208.2291717529297,0.5464441895747867,../20230512_Glx_B6_HAse/20230512_mouseb6_vtyppea_loc1_roi4_rep1_PRE.nc,Saline
575,20230512,9.0,15,pea,1.0,4,1,223.5041656494141,0.5934863499921954,../20230512_Glx_B6_HAse/20230512_mouseb6_vtyppea_loc1_roi4_rep1_PRE.nc,Saline
576,20230512,9.0,16,pea,1.0,4,1,186.6916656494141,0.7390061491957474,../20230512_Glx_B6_HAse/20230512_mouseb6_vtyppea_loc1_roi4_rep1_PRE.nc,Saline
577,20230512,10.0,0,pea,1.0,5,1,252.9375,0.5738185507513973,../20230512_Glx_B6_HAse/20230512_mouseb6_vtyppea_loc1_roi5_rep1_PRE.nc,Saline
578,20230512,10.0,1,pea,1.0,5,1,234.8916778564453,0.6944792671254623,../20230512_Glx_B6_HAse/20230512_mouseb6_vtyppea_loc1_roi5_rep1_PRE.nc,Saline
579,20230512,10.0,2,pea,1.0,5,1,274.9291687011719,0.6959758263783766,../20230512_Glx_B6_HAse/20230512_mouseb6_vtyppea_loc1_roi5_rep1_PRE.nc,Saline
580,20230512,10.0,3,pea,1.0,5,1,235.9250030517578,0.637458574657008,../20230512_Glx_B6_HAse/20230512_mouseb6_vtyppea_loc1_roi5_rep1_PRE.nc,Saline
581,20230512,10.0,4,pea,1.0,5,1,215.3958282470703,0.5830265601510902,../20230512_Glx_B6_HAse/20230512_mouseb6_vtyppea_loc1_roi5_rep1_PRE.nc,Saline
582,20230512,10.0,5,pea,1.0,5,1,204.4750061035156,0.6900893768805523,../20230512_Glx_B6_HAse/20230512_mouseb6_vtyppea_loc1_roi5_rep1_PRE.nc,Saline
583,20230512,10.0,6,pea,1.0,5,1,254.71665954589844,0.6464040687925869,../20230512_Glx_B6_HAse/20230512_mouseb6_vtyppea_loc1_roi5_rep1_PRE.nc,Saline
584,20230512,10.0,7,pea,1.0,5,1,297.73748779296875,0.5838711329240263,../20230512_Glx_B6_HAse/20230512_mouseb6_vtyppea_loc1_roi5_rep1_PRE.nc,Saline
585,20230512,10.0,8,pea,1.0,5,1,286.6041564941406,0.6842005363174204,../20230512_Glx_B6_HAse/20230512_mouseb6_vtyppea_loc1_roi5_rep1_PRE.nc,Saline
586,20230512,10.0,9,pea,1.0,5,1,262.8125,0.7086248159758778,../20230512_Glx_B6_HAse/20230512_mouseb6_vtyppea_loc1_roi5_rep1_PRE.nc,Saline
587,20230512,10.0,10,pea,1.0,5,1,268.2833251953125,0.6612946034920234,../20230512_Glx_B6_HAse/20230512_mouseb6_vtyppea_loc1_roi5_rep1_PRE.nc,Saline
588,20230512,10.0,11,pea,1.0,5,1,297.9416809082031,0.6741352090225149,../20230512_Glx_B6_HAse/20230512_mouseb6_vtyppea_loc1_roi5_rep1_PRE.nc,Saline
589,20230512,10.0,12,pea,1.0,5,1,307.2166748046875,0.6297224798735456,../20230512_Glx_B6_HAse/20230512_mouseb6_vtyppea_loc1_roi5_rep1_PRE.nc,Saline
590,20230512,10.0,13,pea,1.0,5,1,356.7624816894531,0.6260126994087954,../20230512_Glx_B6_HAse/20230512_mouseb6_vtyppea_loc1_roi5_rep1_PRE.nc,Saline
591,20230512,10.0,14,pea,1.0,5,1,278.3041687011719,0.5871577089126884,../20230512_Glx_B6_HAse/20230512_mouseb6_vtyppea_loc1_roi5_rep1_PRE.nc,Saline
592,20230512,10.0,15,pea,1.0,5,1,300.7916564941406,0.5869997975016642,../20230512_Glx_B6_HAse/20230512_mouseb6_vtyppea_loc1_roi5_rep1_PRE.nc,Saline
593,20230512,10.0,16,pea,1.0,5,1,388.4041748046875,0.6514155407494754,../20230512_Glx_B6_HAse/20230512_mouseb6_vtyppea_loc1_roi5_rep1_PRE.nc,Saline
594,20230512,11.0,0,pea,1.0,6,1,158.91249084472656,0.7643326783315488,../20230512_Glx_B6_HAse/20230512_mouseb6_vtyppea_loc1_roi6_rep1_PRE.nc,Saline
595,20230512,11.0,1,pea,1.0,6,1,152.80416870117188,0.5950526258494583,../20230512_Glx_B6_HAse/20230512_mouseb6_vtyppea_loc1_roi6_rep1_PRE.nc,Saline
596,20230512,11.0,2,pea,1.0,6,1,126.00833129882812,0.6258826908213776,../20230512_Glx_B6_HAse/20230512_mouseb6_vtyppea_loc1_roi6_rep1_PRE.nc,Saline
597,20230512,11.0,3,pea,1.0,6,1,134.22084045410156,0.6259130592888905,../20230512_Glx_B6_HAse/20230512_mouseb6_vtyppea_loc1_roi6_rep1_PRE.nc,Saline
598,20230512,11.0,4,pea,1.0,6,1,134.0541534423828,0.6275185662138326,../20230512_Glx_B6_HAse/20230512_mouseb6_vtyppea_loc1_roi6_rep1_PRE.nc,Saline
599,20230512,11.0,5,pea,1.0,6,1,133.19166564941406,0.90064700592403,../20230512_Glx_B6_HAse/20230512_mouseb6_vtyppea_loc1_roi6_rep1_PRE.nc,Saline
600,20230512,11.0,6,pea,1.0,6,1,114.5749969482422,0.7478380166340354,../20230512_Glx_B6_HAse/20230512_mouseb6_vtyppea_loc1_roi6_rep1_PRE.nc,Saline
601,20230512,11.0,7,pea,1.0,6,1,122.90833282470705,0.623600920340703,../20230512_Glx_B6_HAse/20230512_mouseb6_vtyppea_loc1_roi6_rep1_PRE.nc,Saline
602,20230512,11.0,8,pea,1.0,6,1,148.21665954589844,0.5586879587540029,../20230512_Glx_B6_HAse/20230512_mouseb6_vtyppea_loc1_roi6_rep1_PRE.nc,Saline
603,20230512,11.0,9,pea,1.0,6,1,130.68333435058594,0.6563087468474931,../20230512_Glx_B6_HAse/20230512_mouseb6_vtyppea_loc1_roi6_rep1_PRE.nc,Saline
604,20230512,11.0,10,pea,1.0,6,1,161.75,0.5833633878542374,../20230512_Glx_B6_HAse/20230512_mouseb6_vtyppea_loc1_roi6_rep1_PRE.nc,Saline
605,20230512,11.0,11,pea,1.0,6,1,173.23333740234375,0.6086958424436497,../20230512_Glx_B6_HAse/20230512_mouseb6_vtyppea_loc1_roi6_rep1_PRE.nc,Saline
606,20230512,11.0,12,pea,1.0,6,1,169.04583740234375,0.5681682313439742,../20230512_Glx_B6_HAse/20230512_mouseb6_vtyppea_loc1_roi6_rep1_PRE.nc,Saline
607,20230512,11.0,13,pea,1.0,6,1,184.5625,0.5947186576894565,../20230512_Glx_B6_HAse/20230512_mouseb6_vtyppea_loc1_roi6_rep1_PRE.nc,Saline
608,20230512,11.0,14,pea,1.0,6,1,170.3249969482422,0.6484799953322024,../20230512_Glx_B6_HAse/20230512_mouseb6_vtyppea_loc1_roi6_rep1_PRE.nc,Saline
609,20230512,11.0,15,pea,1.0,6,1,167.33749389648438,0.6152682960747871,../20230512_Glx_B6_HAse/20230512_mouseb6_vtyppea_loc1_roi6_rep1_PRE.nc,Saline
610,20230512,11.0,16,pea,1.0,6,1,193.0625,0.5462163496330297,../20230512_Glx_B6_HAse/20230512_mouseb6_vtyppea_loc1_roi6_rep1_PRE.nc,Saline
611,20230513,0.0,0,pa,1.0,1,1,219.75833129882807,0.8416156523102412,../20230513_Glx_B6_HAse/20230512_mouseb6_vtyppa_loc1_roi1_rep1_PRE.nc,Saline
612,20230513,0.0,1,pa,1.0,1,1,246.16249084472656,0.8296871052411615,../20230513_Glx_B6_HAse/20230512_mouseb6_vtyppa_loc1_roi1_rep1_PRE.nc,Saline
613,20230513,0.0,2,pa,1.0,1,1,227.14166259765625,0.6650296002652613,../20230513_Glx_B6_HAse/20230512_mouseb6_vtyppa_loc1_roi1_rep1_PRE.nc,Saline
614,20230513,0.0,3,pa,1.0,1,1,231.87918090820312,0.6893814728146753,../20230513_Glx_B6_HAse/20230512_mouseb6_vtyppa_loc1_roi1_rep1_PRE.nc,Saline
615,20230513,0.0,4,pa,1.0,1,1,259.2833251953125,0.5829564888726945,../20230513_Glx_B6_HAse/20230512_mouseb6_vtyppa_loc1_roi1_rep1_PRE.nc,Saline
616,20230513,0.0,5,pa,1.0,1,1,252.25833129882807,0.5145267999164058,../20230513_Glx_B6_HAse/20230512_mouseb6_vtyppa_loc1_roi1_rep1_PRE.nc,Saline
617,20230513,0.0,6,pa,1.0,1,1,237.1916656494141,0.6709695704186632,../20230513_Glx_B6_HAse/20230512_mouseb6_vtyppa_loc1_roi1_rep1_PRE.nc,Saline
618,20230513,0.0,7,pa,1.0,1,1,263.1625061035156,0.9691991659780392,../20230513_Glx_B6_HAse/20230512_mouseb6_vtyppa_loc1_roi1_rep1_PRE.nc,Saline
619,20230513,0.0,8,pa,1.0,1,1,254.4208221435547,0.8363710317654882,../20230513_Glx_B6_HAse/20230512_mouseb6_vtyppa_loc1_roi1_rep1_PRE.nc,Saline
620,20230513,0.0,9,pa,1.0,1,1,265.120849609375,0.7777194387281584,../20230513_Glx_B6_HAse/20230512_mouseb6_vtyppa_loc1_roi1_rep1_PRE.nc,Saline
621,20230513,0.0,10,pa,1.0,1,1,241.97499084472656,0.7515083550615409,../20230513_Glx_B6_HAse/20230512_mouseb6_vtyppa_loc1_roi1_rep1_PRE.nc,Saline
622,20230513,0.0,11,pa,1.0,1,1,266.3999938964844,0.7189900353927845,../20230513_Glx_B6_HAse/20230512_mouseb6_vtyppa_loc1_roi1_rep1_PRE.nc,Saline
623,20230513,0.0,12,pa,1.0,1,1,230.24166870117188,0.631879583461549,../20230513_Glx_B6_HAse/20230512_mouseb6_vtyppa_loc1_roi1_rep1_PRE.nc,Saline
624,20230513,0.0,13,pa,1.0,1,1,243.0874938964844,0.689162717428219,../20230513_Glx_B6_HAse/20230512_mouseb6_vtyppa_loc1_roi1_rep1_PRE.nc,Saline
625,20230513,0.0,14,pa,1.0,1,1,220.95834350585935,0.6346793329935844,../20230513_Glx_B6_HAse/20230512_mouseb6_vtyppa_loc1_roi1_rep1_PRE.nc,Saline
626,20230513,0.0,15,pa,1.0,1,1,220.94583129882807,0.638948633177753,../20230513_Glx_B6_HAse/20230512_mouseb6_vtyppa_loc1_roi1_rep1_PRE.nc,Saline
627,20230513,0.0,16,pa,1.0,1,1,254.1291656494141,0.6665863984389516,../20230513_Glx_B6_HAse/20230512_mouseb6_vtyppa_loc1_roi1_rep1_PRE.nc,Saline
628,20230513,1.0,0,pa,1.0,2,1,185.6000061035156,0.6792874113777002,../20230513_Glx_B6_HAse/20230512_mouseb6_vtyppa_loc1_roi2_rep1_PRE.nc,Saline
629,20230513,1.0,1,pa,1.0,2,1,190.94583129882807,0.6141078707797546,../20230513_Glx_B6_HAse/20230512_mouseb6_vtyppa_loc1_roi2_rep1_PRE.nc,Saline
630,20230513,1.0,2,pa,1.0,2,1,192.6666717529297,0.6433229105764164,../20230513_Glx_B6_HAse/20230512_mouseb6_vtyppa_loc1_roi2_rep1_PRE.nc,Saline
631,20230513,1.0,3,pa,1.0,2,1,208.49166870117188,0.5440004112465998,../20230513_Glx_B6_HAse/20230512_mouseb6_vtyppa_loc1_roi2_rep1_PRE.nc,Saline
632,20230513,1.0,4,pa,1.0,2,1,233.32916259765625,0.5896377762493501,../20230513_Glx_B6_HAse/20230512_mouseb6_vtyppa_loc1_roi2_rep1_PRE.nc,Saline
633,20230513,1.0,5,pa,1.0,2,1,223.22499084472656,0.6000619095795151,../20230513_Glx_B6_HAse/20230512_mouseb6_vtyppa_loc1_roi2_rep1_PRE.nc,Saline
634,20230513,1.0,6,pa,1.0,2,1,216.5089263916016,0.6655561867715215,../20230513_Glx_B6_HAse/20230512_mouseb6_vtyppa_loc1_roi2_rep1_PRE.nc,Saline
635,20230513,2.0,0,pa,1.0,3,1,232.8874969482422,0.5297724086501474,../20230513_Glx_B6_HAse/20230512_mouseb6_vtyppa_loc1_roi3_rep1_PRE.nc,Saline
636,20230513,2.0,1,pa,1.0,3,1,274.0333251953125,0.5400972719195439,../20230513_Glx_B6_HAse/20230512_mouseb6_vtyppa_loc1_roi3_rep1_PRE.nc,Saline
637,20230513,2.0,2,pa,1.0,3,1,297.6999816894531,0.6520610177698846,../20230513_Glx_B6_HAse/20230512_mouseb6_vtyppa_loc1_roi3_rep1_PRE.nc,Saline
638,20230513,2.0,3,pa,1.0,3,1,286.85418701171875,0.5822238560455655,../20230513_Glx_B6_HAse/20230512_mouseb6_vtyppa_loc1_roi3_rep1_PRE.nc,Saline
639,20230513,2.0,4,pa,1.0,3,1,301.2791748046875,0.5476113382362793,../20230513_Glx_B6_HAse/20230512_mouseb6_vtyppa_loc1_roi3_rep1_PRE.nc,Saline
640,20230513,2.0,5,pa,1.0,3,1,233.9499969482422,0.6423244787625761,../20230513_Glx_B6_HAse/20230512_mouseb6_vtyppa_loc1_roi3_rep1_PRE.nc,Saline
641,20230513,2.0,6,pa,1.0,3,1,208.4083404541016,0.6828510038362389,../20230513_Glx_B6_HAse/20230512_mouseb6_vtyppa_loc1_roi3_rep1_PRE.nc,Saline
642,20230513,2.0,7,pa,1.0,3,1,181.6708221435547,0.8339246641425241,../20230513_Glx_B6_HAse/20230512_mouseb6_vtyppa_loc1_roi3_rep1_PRE.nc,Saline
643,20230513,2.0,8,pa,1.0,3,1,203.22915649414065,0.6178052603571278,../20230513_Glx_B6_HAse/20230512_mouseb6_vtyppa_loc1_roi3_rep1_PRE.nc,Saline
644,20230513,2.0,9,pa,1.0,3,1,189.4499969482422,0.7441649891338591,../20230513_Glx_B6_HAse/20230512_mouseb6_vtyppa_loc1_roi3_rep1_PRE.nc,Saline
645,20230513,2.0,10,pa,1.0,3,1,216.49583435058597,0.5601942643348218,../20230513_Glx_B6_HAse/20230512_mouseb6_vtyppa_loc1_roi3_rep1_PRE.nc,Saline
646,20230513,2.0,11,pa,1.0,3,1,230.8125,0.6342556919749761,../20230513_Glx_B6_HAse/20230512_mouseb6_vtyppa_loc1_roi3_rep1_PRE.nc,Saline
647,20230513,2.0,12,pa,1.0,3,1,303.5178527832031,0.6168742275073706,../20230513_Glx_B6_HAse/20230512_mouseb6_vtyppa_loc1_roi3_rep1_PRE.nc,Saline
648,20230513,3.0,0,pa,1.0,4,1,260.54168701171875,0.7077735227205131,../20230513_Glx_B6_HAse/20230512_mouseb6_vtyppa_loc1_roi4_rep1_PRE.nc,Saline
649,20230513,3.0,1,pa,1.0,4,1,232.93333435058597,0.606365394571558,../20230513_Glx_B6_HAse/20230512_mouseb6_vtyppa_loc1_roi4_rep1_PRE.nc,Saline
650,20230513,3.0,2,pa,1.0,4,1,216.75,0.6751219019305942,../20230513_Glx_B6_HAse/20230512_mouseb6_vtyppa_loc1_roi4_rep1_PRE.nc,Saline
651,20230513,3.0,3,pa,1.0,4,1,206.1291656494141,0.6358356035576821,../20230513_Glx_B6_HAse/20230512_mouseb6_vtyppa_loc1_roi4_rep1_PRE.nc,Saline
652,20230513,3.0,4,pa,1.0,4,1,230.1000061035156,0.6108906541393395,../20230513_Glx_B6_HAse/20230512_mouseb6_vtyppa_loc1_roi4_rep1_PRE.nc,Saline
653,20230513,3.0,5,pa,1.0,4,1,234.73333740234372,0.5163034224976353,../20230513_Glx_B6_HAse/20230512_mouseb6_vtyppa_loc1_roi4_rep1_PRE.nc,Saline
654,20230513,3.0,6,pa,1.0,4,1,241.7416534423828,0.5736909445566418,../20230513_Glx_B6_HAse/20230512_mouseb6_vtyppa_loc1_roi4_rep1_PRE.nc,Saline
655,20230513,3.0,7,pa,1.0,4,1,283.29998779296875,0.5787282045128017,../20230513_Glx_B6_HAse/20230512_mouseb6_vtyppa_loc1_roi4_rep1_PRE.nc,Saline
656,20230513,3.0,8,pa,1.0,4,1,303.4125061035156,0.502812763595049,../20230513_Glx_B6_HAse/20230512_mouseb6_vtyppa_loc1_roi4_rep1_PRE.nc,Saline
657,20230513,3.0,9,pa,1.0,4,1,250.1916656494141,0.6138992521598672,../20230513_Glx_B6_HAse/20230512_mouseb6_vtyppa_loc1_roi4_rep1_PRE.nc,Saline
658,20230513,3.0,10,pa,1.0,4,1,264.76666259765625,0.586978774177917,../20230513_Glx_B6_HAse/20230512_mouseb6_vtyppa_loc1_roi4_rep1_PRE.nc,Saline
659,20230513,3.0,11,pa,1.0,4,1,262.7250061035156,0.5535495288514146,../20230513_Glx_B6_HAse/20230512_mouseb6_vtyppa_loc1_roi4_rep1_PRE.nc,Saline
660,20230513,3.0,12,pa,1.0,4,1,243.0375061035156,0.5283574501054933,../20230513_Glx_B6_HAse/20230512_mouseb6_vtyppa_loc1_roi4_rep1_PRE.nc,Saline
661,20230513,3.0,13,pa,1.0,4,1,276.0916748046875,0.5666575392776259,../20230513_Glx_B6_HAse/20230512_mouseb6_vtyppa_loc1_roi4_rep1_PRE.nc,Saline
662,20230513,3.0,14,pa,1.0,4,1,231.1291656494141,0.57004730514735,../20230513_Glx_B6_HAse/20230512_mouseb6_vtyppa_loc1_roi4_rep1_PRE.nc,Saline
663,20230513,3.0,15,pa,1.0,4,1,278.39166259765625,0.5011817045887109,../20230513_Glx_B6_HAse/20230512_mouseb6_vtyppa_loc1_roi4_rep1_PRE.nc,Saline
664,20230513,3.0,16,pa,1.0,4,1,250.1499938964844,0.5185836562026983,../20230513_Glx_B6_HAse/20230512_mouseb6_vtyppa_loc1_roi4_rep1_PRE.nc,Saline
665,20230513,4.0,0,pa,1.0,5,1,351.41668701171875,0.6531425584178145,../20230513_Glx_B6_HAse/20230512_mouseb6_vtyppa_loc1_roi5_rep1_PRE.nc,Saline
666,20230513,4.0,1,pa,1.0,5,1,367.0916748046875,0.7071343261639988,../20230513_Glx_B6_HAse/20230512_mouseb6_vtyppa_loc1_roi5_rep1_PRE.nc,Saline
667,20230513,4.0,2,pa,1.0,5,1,413.9125061035156,0.6008209729447453,../20230513_Glx_B6_HAse/20230512_mouseb6_vtyppa_loc1_roi5_rep1_PRE.nc,Saline
668,20230513,4.0,3,pa,1.0,5,1,439.0208435058594,0.6973073356072048,../20230513_Glx_B6_HAse/20230512_mouseb6_vtyppa_loc1_roi5_rep1_PRE.nc,Saline
669,20230513,4.0,4,pa,1.0,5,1,439.9583435058594,0.6629211537565459,../20230513_Glx_B6_HAse/20230512_mouseb6_vtyppa_loc1_roi5_rep1_PRE.nc,Saline
670,20230513,4.0,5,pa,1.0,5,1,460.2583312988281,0.5598843605648004,../20230513_Glx_B6_HAse/20230512_mouseb6_vtyppa_loc1_roi5_rep1_PRE.nc,Saline
671,20230513,4.0,6,pa,1.0,5,1,433.1875,0.557745796235024,../20230513_Glx_B6_HAse/20230512_mouseb6_vtyppa_loc1_roi5_rep1_PRE.nc,Saline
672,20230513,4.0,7,pa,1.0,5,1,394.8625183105469,0.6504345072212144,../20230513_Glx_B6_HAse/20230512_mouseb6_vtyppa_loc1_roi5_rep1_PRE.nc,Saline
673,20230513,4.0,8,pa,1.0,5,1,316.45416259765625,0.8529493218779406,../20230513_Glx_B6_HAse/20230512_mouseb6_vtyppa_loc1_roi5_rep1_PRE.nc,Saline
674,20230513,4.0,9,pa,1.0,5,1,359.2250061035156,0.8192287163754322,../20230513_Glx_B6_HAse/20230512_mouseb6_vtyppa_loc1_roi5_rep1_PRE.nc,Saline
675,20230513,4.0,10,pa,1.0,5,1,314.7791748046875,0.8016514786386305,../20230513_Glx_B6_HAse/20230512_mouseb6_vtyppa_loc1_roi5_rep1_PRE.nc,Saline
676,20230513,4.0,11,pa,1.0,5,1,281.9583435058594,0.9298332707570583,../20230513_Glx_B6_HAse/20230512_mouseb6_vtyppa_loc1_roi5_rep1_PRE.nc,Saline
677,20230513,4.0,12,pa,1.0,5,1,276.3125,1.0122817365078922,../20230513_Glx_B6_HAse/20230512_mouseb6_vtyppa_loc1_roi5_rep1_PRE.nc,Saline
678,20230513,4.0,13,pa,1.0,5,1,266.3541564941406,0.9978729960928654,../20230513_Glx_B6_HAse/20230512_mouseb6_vtyppa_loc1_roi5_rep1_PRE.nc,Saline
679,20230513,4.0,14,pa,1.0,5,1,273.1208190917969,0.9953341479238343,../20230513_Glx_B6_HAse/20230512_mouseb6_vtyppa_loc1_roi5_rep1_PRE.nc,Saline
680,20230513,4.0,15,pa,1.0,5,1,255.76251220703125,0.8692864439014358,../20230513_Glx_B6_HAse/20230512_mouseb6_vtyppa_loc1_roi5_rep1_PRE.nc,Saline
681,20230513,4.0,16,pa,1.0,5,1,296.9791564941406,0.6036927594416834,../20230513_Glx_B6_HAse/20230512_mouseb6_vtyppa_loc1_roi5_rep1_PRE.nc,Saline
682,20230513,5.0,0,pa,1.0,6,1,187.7541656494141,0.6510390495616891,../20230513_Glx_B6_HAse/20230512_mouseb6_vtyppa_loc1_roi6_rep1_PRE.nc,Saline
683,20230513,5.0,1,pa,1.0,6,1,209.62083435058597,0.8356824346833199,../20230513_Glx_B6_HAse/20230512_mouseb6_vtyppa_loc1_roi6_rep1_PRE.nc,Saline
684,20230513,5.0,2,pa,1.0,6,1,230.36248779296875,0.688788563629355,../20230513_Glx_B6_HAse/20230512_mouseb6_vtyppa_loc1_roi6_rep1_PRE.nc,Saline
685,20230513,5.0,3,pa,1.0,6,1,209.9458465576172,0.7163339235139355,../20230513_Glx_B6_HAse/20230512_mouseb6_vtyppa_loc1_roi6_rep1_PRE.nc,Saline
686,20230513,5.0,4,pa,1.0,6,1,220.57916259765625,0.7249086682093434,../20230513_Glx_B6_HAse/20230512_mouseb6_vtyppa_loc1_roi6_rep1_PRE.nc,Saline
687,20230513,5.0,5,pa,1.0,6,1,285.4083251953125,0.5626373184900695,../20230513_Glx_B6_HAse/20230512_mouseb6_vtyppa_loc1_roi6_rep1_PRE.nc,Saline
688,20230513,5.0,6,pa,1.0,6,1,314.57916259765625,0.5916689956548011,../20230513_Glx_B6_HAse/20230512_mouseb6_vtyppa_loc1_roi6_rep1_PRE.nc,Saline
689,20230513,5.0,7,pa,1.0,6,1,341.6916809082031,0.5921075823923813,../20230513_Glx_B6_HAse/20230512_mouseb6_vtyppa_loc1_roi6_rep1_PRE.nc,Saline
690,20230513,5.0,8,pa,1.0,6,1,339.1166687011719,0.5456264291914432,../20230513_Glx_B6_HAse/20230512_mouseb6_vtyppa_loc1_roi6_rep1_PRE.nc,Saline
691,20230513,5.0,9,pa,1.0,6,1,369.5499877929688,0.5324240845128722,../20230513_Glx_B6_HAse/20230512_mouseb6_vtyppa_loc1_roi6_rep1_PRE.nc,Saline
692,20230513,5.0,10,pa,1.0,6,1,393.0541687011719,0.5140364119718156,../20230513_Glx_B6_HAse/20230512_mouseb6_vtyppa_loc1_roi6_rep1_PRE.nc,Saline
693,20230513,5.0,11,pa,1.0,6,1,467.3208312988281,0.5477047770465163,../20230513_Glx_B6_HAse/20230512_mouseb6_vtyppa_loc1_roi6_rep1_PRE.nc,Saline
694,20230513,5.0,12,pa,1.0,6,1,443.2874755859375,0.5421163298516694,../20230513_Glx_B6_HAse/20230512_mouseb6_vtyppa_loc1_roi6_rep1_PRE.nc,Saline
695,20230513,5.0,13,pa,1.0,6,1,394.4541931152344,0.5392610553351542,../20230513_Glx_B6_HAse/20230512_mouseb6_vtyppa_loc1_roi6_rep1_PRE.nc,Saline
696,20230513,5.0,14,pa,1.0,6,1,350.14166259765625,0.5690430025975456,../20230513_Glx_B6_HAse/20230512_mouseb6_vtyppa_loc1_roi6_rep1_PRE.nc,Saline
697,20230513,5.0,15,pa,1.0,6,1,334.77081298828125,0.6126954286889383,../20230513_Glx_B6_HAse/20230512_mouseb6_vtyppa_loc1_roi6_rep1_PRE.nc,Saline
698,20230513,5.0,16,pa,1.0,6,1,314.691650390625,0.6997605974105693,../20230513_Glx_B6_HAse/20230512_mouseb6_vtyppa_loc1_roi6_rep1_PRE.nc,Saline
699,20230513,6.0,0,pea,1.0,1,1,266.89166259765625,0.6591056810902048,../20230513_Glx_B6_HAse/20230512_mouseb6_vtyppea_loc1_roi1_rep1_PRE.nc,Saline
700,20230513,6.0,1,pea,1.0,1,1,268.91668701171875,0.624149576818849,../20230513_Glx_B6_HAse/20230512_mouseb6_vtyppea_loc1_roi1_rep1_PRE.nc,Saline
701,20230513,6.0,2,pea,1.0,1,1,248.59165954589844,0.5688087770500686,../20230513_Glx_B6_HAse/20230512_mouseb6_vtyppea_loc1_roi1_rep1_PRE.nc,Saline
702,20230513,6.0,3,pea,1.0,1,1,272.4333190917969,0.6751676703884597,../20230513_Glx_B6_HAse/20230512_mouseb6_vtyppea_loc1_roi1_rep1_PRE.nc,Saline
703,20230513,6.0,4,pea,1.0,1,1,252.2541656494141,0.7806563793167406,../20230513_Glx_B6_HAse/20230512_mouseb6_vtyppea_loc1_roi1_rep1_PRE.nc,Saline
704,20230513,6.0,5,pea,1.0,1,1,244.9624938964844,0.8807714155588807,../20230513_Glx_B6_HAse/20230512_mouseb6_vtyppea_loc1_roi1_rep1_PRE.nc,Saline
705,20230513,6.0,6,pea,1.0,1,1,253.99583435058597,0.5265796144991609,../20230513_Glx_B6_HAse/20230512_mouseb6_vtyppea_loc1_roi1_rep1_PRE.nc,Saline
706,20230513,6.0,7,pea,1.0,1,1,201.42083740234372,1.2626058653302297,../20230513_Glx_B6_HAse/20230512_mouseb6_vtyppea_loc1_roi1_rep1_PRE.nc,Saline
707,20230513,6.0,8,pea,1.0,1,1,209.4708404541016,0.6751299263880446,../20230513_Glx_B6_HAse/20230512_mouseb6_vtyppea_loc1_roi1_rep1_PRE.nc,Saline
708,20230513,6.0,9,pea,1.0,1,1,193.7250061035156,1.1343944923351157,../20230513_Glx_B6_HAse/20230512_mouseb6_vtyppea_loc1_roi1_rep1_PRE.nc,Saline
709,20230513,6.0,10,pea,1.0,1,1,211.375,0.684607421411252,../20230513_Glx_B6_HAse/20230512_mouseb6_vtyppea_loc1_roi1_rep1_PRE.nc,Saline
710,20230513,7.0,0,pea,1.0,2,1,266.5458374023437,0.7178338110368752,../20230513_Glx_B6_HAse/20230512_mouseb6_vtyppea_loc1_roi2_rep1_PRE.nc,Saline
711,20230513,7.0,1,pea,1.0,2,1,281.9250183105469,0.6231907103206185,../20230513_Glx_B6_HAse/20230512_mouseb6_vtyppea_loc1_roi2_rep1_PRE.nc,Saline
712,20230513,7.0,2,pea,1.0,2,1,269.70831298828125,0.5377328360485499,../20230513_Glx_B6_HAse/20230512_mouseb6_vtyppea_loc1_roi2_rep1_PRE.nc,Saline
713,20230513,7.0,3,pea,1.0,2,1,279.8583374023437,0.5328061623593686,../20230513_Glx_B6_HAse/20230512_mouseb6_vtyppea_loc1_roi2_rep1_PRE.nc,Saline
714,20230513,7.0,4,pea,1.0,2,1,261.875,0.5280741576763223,../20230513_Glx_B6_HAse/20230512_mouseb6_vtyppea_loc1_roi2_rep1_PRE.nc,Saline
715,20230513,7.0,5,pea,1.0,2,1,273.75,0.5747527409041737,../20230513_Glx_B6_HAse/20230512_mouseb6_vtyppea_loc1_roi2_rep1_PRE.nc,Saline
716,20230513,7.0,6,pea,1.0,2,1,301.1708374023437,0.5224046728131084,../20230513_Glx_B6_HAse/20230512_mouseb6_vtyppea_loc1_roi2_rep1_PRE.nc,Saline
717,20230513,7.0,7,pea,1.0,2,1,290.5375061035156,0.515237185272561,../20230513_Glx_B6_HAse/20230512_mouseb6_vtyppea_loc1_roi2_rep1_PRE.nc,Saline
718,20230513,7.0,8,pea,1.0,2,1,260.5708312988281,0.5854429593114249,../20230513_Glx_B6_HAse/20230512_mouseb6_vtyppea_loc1_roi2_rep1_PRE.nc,Saline
719,20230513,7.0,9,pea,1.0,2,1,307.79998779296875,0.6098928578564041,../20230513_Glx_B6_HAse/20230512_mouseb6_vtyppea_loc1_roi2_rep1_PRE.nc,Saline
720,20230513,7.0,10,pea,1.0,2,1,246.38333129882807,0.7824334593181265,../20230513_Glx_B6_HAse/20230512_mouseb6_vtyppea_loc1_roi2_rep1_PRE.nc,Saline
721,20230513,7.0,11,pea,1.0,2,1,290.3874816894531,0.7925353866810302,../20230513_Glx_B6_HAse/20230512_mouseb6_vtyppea_loc1_roi2_rep1_PRE.nc,Saline
722,20230513,7.0,12,pea,1.0,2,1,265.6708374023437,0.7131173121495975,../20230513_Glx_B6_HAse/20230512_mouseb6_vtyppea_loc1_roi2_rep1_PRE.nc,Saline
723,20230513,7.0,13,pea,1.0,2,1,264.8458251953125,0.7295577212866264,../20230513_Glx_B6_HAse/20230512_mouseb6_vtyppea_loc1_roi2_rep1_PRE.nc,Saline
724,20230513,7.0,14,pea,1.0,2,1,243.8166656494141,0.7289764986649933,../20230513_Glx_B6_HAse/20230512_mouseb6_vtyppea_loc1_roi2_rep1_PRE.nc,Saline
725,20230513,7.0,15,pea,1.0,2,1,220.4250030517578,0.9625045871913968,../20230513_Glx_B6_HAse/20230512_mouseb6_vtyppea_loc1_roi2_rep1_PRE.nc,Saline
726,20230513,7.0,16,pea,1.0,2,1,264.77081298828125,0.952329438576131,../20230513_Glx_B6_HAse/20230512_mouseb6_vtyppea_loc1_roi2_rep1_PRE.nc,Saline
727,20230513,8.0,0,pea,1.0,3,1,260.6000061035156,0.5530537229964466,../20230513_Glx_B6_HAse/20230512_mouseb6_vtyppea_loc1_roi3_rep1_PRE.nc,Saline
728,20230513,8.0,1,pea,1.0,3,1,253.87083435058597,0.6132407538909669,../20230513_Glx_B6_HAse/20230512_mouseb6_vtyppea_loc1_roi3_rep1_PRE.nc,Saline
729,20230513,8.0,2,pea,1.0,3,1,212.5124969482422,0.5803021277631911,../20230513_Glx_B6_HAse/20230512_mouseb6_vtyppea_loc1_roi3_rep1_PRE.nc,Saline
730,20230513,8.0,3,pea,1.0,3,1,190.68333435058597,0.6375545424663204,../20230513_Glx_B6_HAse/20230512_mouseb6_vtyppea_loc1_roi3_rep1_PRE.nc,Saline
731,20230513,8.0,4,pea,1.0,3,1,211.96250915527344,0.6264303374021996,../20230513_Glx_B6_HAse/20230512_mouseb6_vtyppea_loc1_roi3_rep1_PRE.nc,Saline
732,20230513,8.0,5,pea,1.0,3,1,230.07083129882807,0.6164663973998012,../20230513_Glx_B6_HAse/20230512_mouseb6_vtyppea_loc1_roi3_rep1_PRE.nc,Saline
733,20230513,8.0,6,pea,1.0,3,1,259.8708190917969,0.5459664619086141,../20230513_Glx_B6_HAse/20230512_mouseb6_vtyppea_loc1_roi3_rep1_PRE.nc,Saline
734,20230513,8.0,7,pea,1.0,3,1,216.74166870117188,0.7750788346450408,../20230513_Glx_B6_HAse/20230512_mouseb6_vtyppea_loc1_roi3_rep1_PRE.nc,Saline
735,20230513,8.0,8,pea,1.0,3,1,198.3125,0.8673994432438068,../20230513_Glx_B6_HAse/20230512_mouseb6_vtyppea_loc1_roi3_rep1_PRE.nc,Saline
736,20230513,8.0,9,pea,1.0,3,1,228.79998779296875,0.7607492475120429,../20230513_Glx_B6_HAse/20230512_mouseb6_vtyppea_loc1_roi3_rep1_PRE.nc,Saline
737,20230513,8.0,10,pea,1.0,3,1,240.6916656494141,0.5508551691003155,../20230513_Glx_B6_HAse/20230512_mouseb6_vtyppea_loc1_roi3_rep1_PRE.nc,Saline
738,20230513,8.0,11,pea,1.0,3,1,249.27915954589844,0.5006766231912458,../20230513_Glx_B6_HAse/20230512_mouseb6_vtyppea_loc1_roi3_rep1_PRE.nc,Saline
739,20230513,8.0,12,pea,1.0,3,1,285.95001220703125,0.5131244890659071,../20230513_Glx_B6_HAse/20230512_mouseb6_vtyppea_loc1_roi3_rep1_PRE.nc,Saline
740,20230513,8.0,13,pea,1.0,3,1,230.72915649414065,0.680076820408664,../20230513_Glx_B6_HAse/20230512_mouseb6_vtyppea_loc1_roi3_rep1_PRE.nc,Saline
741,20230513,8.0,14,pea,1.0,3,1,225.92083740234372,0.6895164484157421,../20230513_Glx_B6_HAse/20230512_mouseb6_vtyppea_loc1_roi3_rep1_PRE.nc,Saline
742,20230513,8.0,15,pea,1.0,3,1,172.44166564941406,0.8863578871004472,../20230513_Glx_B6_HAse/20230512_mouseb6_vtyppea_loc1_roi3_rep1_PRE.nc,Saline
743,20230513,8.0,16,pea,1.0,3,1,179.89166259765625,1.054231741936553,../20230513_Glx_B6_HAse/20230512_mouseb6_vtyppea_loc1_roi3_rep1_PRE.nc,Saline
744,20230513,9.0,0,pea,1.0,4,1,308.7333374023437,0.5010977222976775,../20230513_Glx_B6_HAse/20230512_mouseb6_vtyppea_loc1_roi4_rep1_PRE.nc,Saline
745,20230513,9.0,1,pea,1.0,4,1,344.20001220703125,0.4714773393635383,../20230513_Glx_B6_HAse/20230512_mouseb6_vtyppea_loc1_roi4_rep1_PRE.nc,Saline
746,20230513,9.0,2,pea,1.0,4,1,317.45831298828125,0.5109263432873127,../20230513_Glx_B6_HAse/20230512_mouseb6_vtyppea_loc1_roi4_rep1_PRE.nc,Saline
747,20230513,9.0,3,pea,1.0,4,1,321.02081298828125,0.5121434410366308,../20230513_Glx_B6_HAse/20230512_mouseb6_vtyppea_loc1_roi4_rep1_PRE.nc,Saline
748,20230513,9.0,4,pea,1.0,4,1,296.8374938964844,0.4863611414560143,../20230513_Glx_B6_HAse/20230512_mouseb6_vtyppea_loc1_roi4_rep1_PRE.nc,Saline
749,20230513,9.0,5,pea,1.0,4,1,316.4125061035156,0.4361086070220106,../20230513_Glx_B6_HAse/20230512_mouseb6_vtyppea_loc1_roi4_rep1_PRE.nc,Saline
750,20230513,9.0,6,pea,1.0,4,1,243.5041656494141,0.5312589765216571,../20230513_Glx_B6_HAse/20230512_mouseb6_vtyppea_loc1_roi4_rep1_PRE.nc,Saline
751,20230513,9.0,7,pea,1.0,4,1,228.3416748046875,0.5689493441322044,../20230513_Glx_B6_HAse/20230512_mouseb6_vtyppea_loc1_roi4_rep1_PRE.nc,Saline
752,20230513,9.0,8,pea,1.0,4,1,247.3458251953125,0.5815096266082025,../20230513_Glx_B6_HAse/20230512_mouseb6_vtyppea_loc1_roi4_rep1_PRE.nc,Saline
753,20230513,9.0,9,pea,1.0,4,1,245.42916870117188,0.5467928411918717,../20230513_Glx_B6_HAse/20230512_mouseb6_vtyppea_loc1_roi4_rep1_PRE.nc,Saline
754,20230513,9.0,10,pea,1.0,4,1,261.3333435058594,0.5584963463190198,../20230513_Glx_B6_HAse/20230512_mouseb6_vtyppea_loc1_roi4_rep1_PRE.nc,Saline
755,20230513,9.0,11,pea,1.0,4,1,215.01666259765625,0.6780744571117787,../20230513_Glx_B6_HAse/20230512_mouseb6_vtyppea_loc1_roi4_rep1_PRE.nc,Saline
756,20230513,9.0,12,pea,1.0,4,1,233.84999084472656,0.5727410978209408,../20230513_Glx_B6_HAse/20230512_mouseb6_vtyppea_loc1_roi4_rep1_PRE.nc,Saline
757,20230513,9.0,13,pea,1.0,4,1,232.40415954589844,0.5386491897639331,../20230513_Glx_B6_HAse/20230512_mouseb6_vtyppea_loc1_roi4_rep1_PRE.nc,Saline
758,20230513,9.0,14,pea,1.0,4,1,260.0458374023437,0.4937934716730855,../20230513_Glx_B6_HAse/20230512_mouseb6_vtyppea_loc1_roi4_rep1_PRE.nc,Saline
759,20230513,9.0,15,pea,1.0,4,1,262.4250183105469,0.5452898876923521,../20230513_Glx_B6_HAse/20230512_mouseb6_vtyppea_loc1_roi4_rep1_PRE.nc,Saline
760,20230513,9.0,16,pea,1.0,4,1,221.25833129882807,0.7091934715792775,../20230513_Glx_B6_HAse/20230512_mouseb6_vtyppea_loc1_roi4_rep1_PRE.nc,Saline
761,20230513,10.0,0,pea,1.0,5,1,287.7333374023437,0.671615666019562,../20230513_Glx_B6_HAse/20230512_mouseb6_vtyppea_loc1_roi5_rep1_PRE.nc,Saline
762,20230513,10.0,1,pea,1.0,5,1,211.2624969482422,0.6318559744377483,../20230513_Glx_B6_HAse/20230512_mouseb6_vtyppea_loc1_roi5_rep1_PRE.nc,Saline
763,20230513,10.0,2,pea,1.0,5,1,209.73748779296875,0.6651250498675013,../20230513_Glx_B6_HAse/20230512_mouseb6_vtyppea_loc1_roi5_rep1_PRE.nc,Saline
764,20230513,10.0,3,pea,1.0,5,1,271.0249938964844,0.6584358693937242,../20230513_Glx_B6_HAse/20230512_mouseb6_vtyppea_loc1_roi5_rep1_PRE.nc,Saline
765,20230513,10.0,4,pea,1.0,5,1,258.0249938964844,0.6158140056434269,../20230513_Glx_B6_HAse/20230512_mouseb6_vtyppea_loc1_roi5_rep1_PRE.nc,Saline
766,20230513,10.0,5,pea,1.0,5,1,265.14166259765625,0.542110099270249,../20230513_Glx_B6_HAse/20230512_mouseb6_vtyppea_loc1_roi5_rep1_PRE.nc,Saline
767,20230513,10.0,6,pea,1.0,5,1,271.6166687011719,0.4832066888306394,../20230513_Glx_B6_HAse/20230512_mouseb6_vtyppea_loc1_roi5_rep1_PRE.nc,Saline
768,20230513,10.0,7,pea,1.0,5,1,274.5458374023437,0.5160195568445938,../20230513_Glx_B6_HAse/20230512_mouseb6_vtyppea_loc1_roi5_rep1_PRE.nc,Saline
769,20230513,10.0,8,pea,1.0,5,1,266.6333312988281,0.6033575893763825,../20230513_Glx_B6_HAse/20230512_mouseb6_vtyppea_loc1_roi5_rep1_PRE.nc,Saline
770,20230513,10.0,9,pea,1.0,5,1,262.6541748046875,0.6067009951477924,../20230513_Glx_B6_HAse/20230512_mouseb6_vtyppea_loc1_roi5_rep1_PRE.nc,Saline
771,20230513,10.0,10,pea,1.0,5,1,310.8458251953125,0.563133889301264,../20230513_Glx_B6_HAse/20230512_mouseb6_vtyppea_loc1_roi5_rep1_PRE.nc,Saline
772,20230513,10.0,11,pea,1.0,5,1,249.25,0.7008928977250064,../20230513_Glx_B6_HAse/20230512_mouseb6_vtyppea_loc1_roi5_rep1_PRE.nc,Saline
773,20230513,10.0,12,pea,1.0,5,1,249.71665954589844,0.6019408695689087,../20230513_Glx_B6_HAse/20230512_mouseb6_vtyppea_loc1_roi5_rep1_PRE.nc,Saline
774,20230513,10.0,13,pea,1.0,5,1,246.3166656494141,0.6553633593539377,../20230513_Glx_B6_HAse/20230512_mouseb6_vtyppea_loc1_roi5_rep1_PRE.nc,Saline
775,20230513,10.0,14,pea,1.0,5,1,231.6000061035156,0.6918436774512353,../20230513_Glx_B6_HAse/20230512_mouseb6_vtyppea_loc1_roi5_rep1_PRE.nc,Saline
776,20230513,10.0,15,pea,1.0,5,1,235.44583129882807,0.6247410369476809,../20230513_Glx_B6_HAse/20230512_mouseb6_vtyppea_loc1_roi5_rep1_PRE.nc,Saline
777,20230513,10.0,16,pea,1.0,5,1,259.82916259765625,0.565904297426829,../20230513_Glx_B6_HAse/20230512_mouseb6_vtyppea_loc1_roi5_rep1_PRE.nc,Saline
778,20230513,11.0,0,pea,1.0,6,1,163.62916564941406,0.6544601950818562,../20230513_Glx_B6_HAse/20230512_mouseb6_vtyppea_loc1_roi6_rep1_PRE.nc,Saline
779,20230513,11.0,1,pea,1.0,6,1,191.50833129882807,0.5215023850042566,../20230513_Glx_B6_HAse/20230512_mouseb6_vtyppea_loc1_roi6_rep1_PRE.nc,Saline
780,20230513,11.0,2,pea,1.0,6,1,170.99166870117188,0.57235267455216,../20230513_Glx_B6_HAse/20230512_mouseb6_vtyppea_loc1_roi6_rep1_PRE.nc,Saline
781,20230513,11.0,3,pea,1.0,6,1,189.07916259765625,0.5191806595129212,../20230513_Glx_B6_HAse/20230512_mouseb6_vtyppea_loc1_roi6_rep1_PRE.nc,Saline
782,20230513,11.0,4,pea,1.0,6,1,168.13333129882812,0.5108050127118413,../20230513_Glx_B6_HAse/20230512_mouseb6_vtyppea_loc1_roi6_rep1_PRE.nc,Saline
783,20230513,11.0,5,pea,1.0,6,1,182.375,0.5856336604174229,../20230513_Glx_B6_HAse/20230512_mouseb6_vtyppea_loc1_roi6_rep1_PRE.nc,Saline
784,20230513,11.0,6,pea,1.0,6,1,180.51666259765625,0.6221972787262984,../20230513_Glx_B6_HAse/20230512_mouseb6_vtyppea_loc1_roi6_rep1_PRE.nc,Saline
785,20230513,11.0,7,pea,1.0,6,1,176.84165954589844,0.5969461750258068,../20230513_Glx_B6_HAse/20230512_mouseb6_vtyppea_loc1_roi6_rep1_PRE.nc,Saline
786,20230513,11.0,8,pea,1.0,6,1,199.49166870117188,0.4990114655241327,../20230513_Glx_B6_HAse/20230512_mouseb6_vtyppea_loc1_roi6_rep1_PRE.nc,Saline
787,20230513,11.0,9,pea,1.0,6,1,216.5249938964844,0.4830097232061471,../20230513_Glx_B6_HAse/20230512_mouseb6_vtyppea_loc1_roi6_rep1_PRE.nc,Saline
788,20230513,11.0,10,pea,1.0,6,1,195.84165954589844,0.6265126465912291,../20230513_Glx_B6_HAse/20230512_mouseb6_vtyppea_loc1_roi6_rep1_PRE.nc,Saline
789,20230513,11.0,11,pea,1.0,6,1,210.75,0.5465814327270341,../20230513_Glx_B6_HAse/20230512_mouseb6_vtyppea_loc1_roi6_rep1_PRE.nc,Saline
790,20230513,11.0,12,pea,1.0,6,1,218.3916778564453,0.4501606667052137,../20230513_Glx_B6_HAse/20230512_mouseb6_vtyppea_loc1_roi6_rep1_PRE.nc,Saline
791,20230513,11.0,13,pea,1.0,6,1,206.71665954589844,0.547104897016967,../20230513_Glx_B6_HAse/20230512_mouseb6_vtyppea_loc1_roi6_rep1_PRE.nc,Saline
792,20230513,11.0,14,pea,1.0,6,1,239.14166259765625,0.5533930355954648,../20230513_Glx_B6_HAse/20230512_mouseb6_vtyppea_loc1_roi6_rep1_PRE.nc,Saline
793,20230513,11.0,15,pea,1.0,6,1,221.1499938964844,0.5798998519599365,../20230513_Glx_B6_HAse/20230512_mouseb6_vtyppea_loc1_roi6_rep1_PRE.nc,Saline
794,20230513,11.0,16,pea,1.0,6,1,236.8791656494141,0.5460145827770111,../20230513_Glx_B6_HAse/20230512_mouseb6_vtyppea_loc1_roi6_rep1_PRE.nc,Saline
795,20230517,0.0,0,pa,1.0,1,1,176.5749969482422,0.5194149023356162,../20230517_Glx_B6_HAse/20230517_mouseb6_vtyppa_loc1_roi1_rep1_PRE.nc,Saline
796,20230517,0.0,1,pa,1.0,1,1,190.3541717529297,0.5302372593987831,../20230517_Glx_B6_HAse/20230517_mouseb6_vtyppa_loc1_roi1_rep1_PRE.nc,Saline
797,20230517,0.0,2,pa,1.0,1,1,230.41665649414065,0.5488512563479672,../20230517_Glx_B6_HAse/20230517_mouseb6_vtyppa_loc1_roi1_rep1_PRE.nc,Saline
798,20230517,0.0,3,pa,1.0,1,1,200.8000030517578,0.6061615457154995,../20230517_Glx_B6_HAse/20230517_mouseb6_vtyppa_loc1_roi1_rep1_PRE.nc,Saline
799,20230517,0.0,4,pa,1.0,1,1,156.4041748046875,0.6550670547615243,../20230517_Glx_B6_HAse/20230517_mouseb6_vtyppa_loc1_roi1_rep1_PRE.nc,Saline
800,20230517,0.0,5,pa,1.0,1,1,165.54998779296875,0.6507786294625421,../20230517_Glx_B6_HAse/20230517_mouseb6_vtyppa_loc1_roi1_rep1_PRE.nc,Saline
801,20230517,0.0,6,pa,1.0,1,1,180.9458465576172,0.6248452590936923,../20230517_Glx_B6_HAse/20230517_mouseb6_vtyppa_loc1_roi1_rep1_PRE.nc,Saline
802,20230517,0.0,7,pa,1.0,1,1,141.3125,0.6746065544453629,../20230517_Glx_B6_HAse/20230517_mouseb6_vtyppa_loc1_roi1_rep1_PRE.nc,Saline
803,20230517,0.0,8,pa,1.0,1,1,136.25,0.6219379703807033,../20230517_Glx_B6_HAse/20230517_mouseb6_vtyppa_loc1_roi1_rep1_PRE.nc,Saline
804,20230517,0.0,9,pa,1.0,1,1,142.6458282470703,0.648650629127832,../20230517_Glx_B6_HAse/20230517_mouseb6_vtyppa_loc1_roi1_rep1_PRE.nc,Saline
805,20230517,0.0,10,pa,1.0,1,1,142.73748779296875,0.6277710548167137,../20230517_Glx_B6_HAse/20230517_mouseb6_vtyppa_loc1_roi1_rep1_PRE.nc,Saline
806,20230517,0.0,11,pa,1.0,1,1,152.98333740234375,0.5905824780785921,../20230517_Glx_B6_HAse/20230517_mouseb6_vtyppa_loc1_roi1_rep1_PRE.nc,Saline
807,20230517,0.0,12,pa,1.0,1,1,173.77915954589844,0.5132843910230359,../20230517_Glx_B6_HAse/20230517_mouseb6_vtyppa_loc1_roi1_rep1_PRE.nc,Saline
808,20230517,0.0,13,pa,1.0,1,1,164.27500915527344,0.5388920883124114,../20230517_Glx_B6_HAse/20230517_mouseb6_vtyppa_loc1_roi1_rep1_PRE.nc,Saline
809,20230517,0.0,14,pa,1.0,1,1,146.9875030517578,0.5584512155809702,../20230517_Glx_B6_HAse/20230517_mouseb6_vtyppa_loc1_roi1_rep1_PRE.nc,Saline
810,20230517,0.0,15,pa,1.0,1,1,155.80833435058594,0.5502761647038383,../20230517_Glx_B6_HAse/20230517_mouseb6_vtyppa_loc1_roi1_rep1_PRE.nc,Saline
811,20230517,0.0,16,pa,1.0,1,1,148.5416717529297,0.6107326564816444,../20230517_Glx_B6_HAse/20230517_mouseb6_vtyppa_loc1_roi1_rep1_PRE.nc,Saline
812,20230517,1.0,0,pa,1.0,2,1,168.9583282470703,0.8253791178419968,../20230517_Glx_B6_HAse/20230517_mouseb6_vtyppa_loc1_roi2_rep1_PRE.nc,Saline
813,20230517,1.0,1,pa,1.0,2,1,182.19583129882807,0.8402666473813212,../20230517_Glx_B6_HAse/20230517_mouseb6_vtyppa_loc1_roi2_rep1_PRE.nc,Saline
814,20230517,1.0,2,pa,1.0,2,1,182.72915649414065,0.7550902863282584,../20230517_Glx_B6_HAse/20230517_mouseb6_vtyppa_loc1_roi2_rep1_PRE.nc,Saline
815,20230517,1.0,3,pa,1.0,2,1,180.84999084472656,0.7304260945102934,../20230517_Glx_B6_HAse/20230517_mouseb6_vtyppa_loc1_roi2_rep1_PRE.nc,Saline
816,20230517,1.0,4,pa,1.0,2,1,188.1374969482422,0.8870592890047495,../20230517_Glx_B6_HAse/20230517_mouseb6_vtyppa_loc1_roi2_rep1_PRE.nc,Saline
817,20230517,1.0,5,pa,1.0,2,1,227.88333129882807,0.7107321782496363,../20230517_Glx_B6_HAse/20230517_mouseb6_vtyppa_loc1_roi2_rep1_PRE.nc,Saline
818,20230517,1.0,6,pa,1.0,2,1,194.70416259765625,0.8151314404640196,../20230517_Glx_B6_HAse/20230517_mouseb6_vtyppa_loc1_roi2_rep1_PRE.nc,Saline
819,20230517,1.0,7,pa,1.0,2,1,181.2166748046875,0.6186396476862289,../20230517_Glx_B6_HAse/20230517_mouseb6_vtyppa_loc1_roi2_rep1_PRE.nc,Saline
820,20230517,1.0,8,pa,1.0,2,1,194.2708282470703,0.6897862719649738,../20230517_Glx_B6_HAse/20230517_mouseb6_vtyppa_loc1_roi2_rep1_PRE.nc,Saline
821,20230517,1.0,9,pa,1.0,2,1,261.5,0.5735481874469961,../20230517_Glx_B6_HAse/20230517_mouseb6_vtyppa_loc1_roi2_rep1_PRE.nc,Saline
822,20230517,1.0,10,pa,1.0,2,1,220.90000915527344,0.5144394652002783,../20230517_Glx_B6_HAse/20230517_mouseb6_vtyppa_loc1_roi2_rep1_PRE.nc,Saline
823,20230517,1.0,11,pa,1.0,2,1,233.45834350585935,0.5595620292958197,../20230517_Glx_B6_HAse/20230517_mouseb6_vtyppa_loc1_roi2_rep1_PRE.nc,Saline
824,20230517,1.0,12,pa,1.0,2,1,160.59165954589844,0.6930805102169807,../20230517_Glx_B6_HAse/20230517_mouseb6_vtyppa_loc1_roi2_rep1_PRE.nc,Saline
825,20230517,1.0,13,pa,1.0,2,1,167.17916870117188,0.6344709913914577,../20230517_Glx_B6_HAse/20230517_mouseb6_vtyppa_loc1_roi2_rep1_PRE.nc,Saline
826,20230517,1.0,14,pa,1.0,2,1,154.27500915527344,0.6771079342000182,../20230517_Glx_B6_HAse/20230517_mouseb6_vtyppa_loc1_roi2_rep1_PRE.nc,Saline
827,20230517,1.0,15,pa,1.0,2,1,147.1416778564453,0.6958438731230817,../20230517_Glx_B6_HAse/20230517_mouseb6_vtyppa_loc1_roi2_rep1_PRE.nc,Saline
828,20230517,1.0,16,pa,1.0,2,1,173.5500030517578,0.5642070836466075,../20230517_Glx_B6_HAse/20230517_mouseb6_vtyppa_loc1_roi2_rep1_PRE.nc,Saline
829,20230517,2.0,0,pa,1.0,3,1,163.32083129882812,0.6071065474209814,../20230517_Glx_B6_HAse/20230517_mouseb6_vtyppa_loc1_roi3_rep1_PRE.nc,Saline
830,20230517,2.0,1,pa,1.0,3,1,165.6041717529297,0.4948517501183849,../20230517_Glx_B6_HAse/20230517_mouseb6_vtyppa_loc1_roi3_rep1_PRE.nc,Saline
831,20230517,2.0,2,pa,1.0,3,1,207.375,0.3844607311511074,../20230517_Glx_B6_HAse/20230517_mouseb6_vtyppa_loc1_roi3_rep1_PRE.nc,Saline
832,20230517,2.0,3,pa,1.0,3,1,171.16250610351562,0.5405903876076471,../20230517_Glx_B6_HAse/20230517_mouseb6_vtyppa_loc1_roi3_rep1_PRE.nc,Saline
833,20230517,2.0,4,pa,1.0,3,1,159.30833435058594,0.5641110437114165,../20230517_Glx_B6_HAse/20230517_mouseb6_vtyppa_loc1_roi3_rep1_PRE.nc,Saline
834,20230517,2.0,5,pa,1.0,3,1,159.30833435058594,0.5660779491457801,../20230517_Glx_B6_HAse/20230517_mouseb6_vtyppa_loc1_roi3_rep1_PRE.nc,Saline
835,20230517,2.0,6,pa,1.0,3,1,167.5625,0.5308144655425352,../20230517_Glx_B6_HAse/20230517_mouseb6_vtyppa_loc1_roi3_rep1_PRE.nc,Saline
836,20230517,2.0,7,pa,1.0,3,1,141.0416717529297,0.5591113356311742,../20230517_Glx_B6_HAse/20230517_mouseb6_vtyppa_loc1_roi3_rep1_PRE.nc,Saline
837,20230517,2.0,8,pa,1.0,3,1,157.65834045410156,0.541352697279964,../20230517_Glx_B6_HAse/20230517_mouseb6_vtyppa_loc1_roi3_rep1_PRE.nc,Saline
838,20230517,2.0,9,pa,1.0,3,1,151.5916748046875,0.6363661960493097,../20230517_Glx_B6_HAse/20230517_mouseb6_vtyppa_loc1_roi3_rep1_PRE.nc,Saline
839,20230517,2.0,10,pa,1.0,3,1,126.38750457763672,0.5563481759064539,../20230517_Glx_B6_HAse/20230517_mouseb6_vtyppa_loc1_roi3_rep1_PRE.nc,Saline
840,20230517,2.0,11,pa,1.0,3,1,135.1999969482422,0.6070392123158209,../20230517_Glx_B6_HAse/20230517_mouseb6_vtyppa_loc1_roi3_rep1_PRE.nc,Saline
841,20230517,2.0,12,pa,1.0,3,1,139.8874969482422,0.5584089096845668,../20230517_Glx_B6_HAse/20230517_mouseb6_vtyppa_loc1_roi3_rep1_PRE.nc,Saline
842,20230517,2.0,13,pa,1.0,3,1,152.9916534423828,0.5936229949850622,../20230517_Glx_B6_HAse/20230517_mouseb6_vtyppa_loc1_roi3_rep1_PRE.nc,Saline
843,20230517,2.0,14,pa,1.0,3,1,152.6999969482422,0.5666557827784867,../20230517_Glx_B6_HAse/20230517_mouseb6_vtyppa_loc1_roi3_rep1_PRE.nc,Saline
844,20230517,2.0,15,pa,1.0,3,1,144.50416564941406,0.493295154264283,../20230517_Glx_B6_HAse/20230517_mouseb6_vtyppa_loc1_roi3_rep1_PRE.nc,Saline
845,20230517,2.0,16,pa,1.0,3,1,155.89166259765625,0.5112827587973087,../20230517_Glx_B6_HAse/20230517_mouseb6_vtyppa_loc1_roi3_rep1_PRE.nc,Saline
846,20230517,3.0,0,pa,1.0,4,1,243.8916778564453,0.516039615688946,../20230517_Glx_B6_HAse/20230517_mouseb6_vtyppa_loc1_roi4_rep1_PRE.nc,Saline
847,20230517,3.0,1,pa,1.0,4,1,248.70001220703125,0.5457227186985116,../20230517_Glx_B6_HAse/20230517_mouseb6_vtyppa_loc1_roi4_rep1_PRE.nc,Saline
848,20230517,3.0,2,pa,1.0,4,1,237.25,0.5904502065822305,../20230517_Glx_B6_HAse/20230517_mouseb6_vtyppa_loc1_roi4_rep1_PRE.nc,Saline
849,20230517,3.0,3,pa,1.0,4,1,220.5833282470703,0.6092273268832237,../20230517_Glx_B6_HAse/20230517_mouseb6_vtyppa_loc1_roi4_rep1_PRE.nc,Saline
850,20230517,3.0,4,pa,1.0,4,1,218.65415954589844,0.5976783819774004,../20230517_Glx_B6_HAse/20230517_mouseb6_vtyppa_loc1_roi4_rep1_PRE.nc,Saline
851,20230517,3.0,5,pa,1.0,4,1,229.71250915527344,0.5897459113781067,../20230517_Glx_B6_HAse/20230517_mouseb6_vtyppa_loc1_roi4_rep1_PRE.nc,Saline
852,20230517,3.0,6,pa,1.0,4,1,215.09165954589844,0.5420537262457017,../20230517_Glx_B6_HAse/20230517_mouseb6_vtyppa_loc1_roi4_rep1_PRE.nc,Saline
853,20230517,3.0,7,pa,1.0,4,1,243.3791656494141,0.5627915986342198,../20230517_Glx_B6_HAse/20230517_mouseb6_vtyppa_loc1_roi4_rep1_PRE.nc,Saline
854,20230517,3.0,8,pa,1.0,4,1,234.8125,0.6332226147189705,../20230517_Glx_B6_HAse/20230517_mouseb6_vtyppa_loc1_roi4_rep1_PRE.nc,Saline
855,20230517,3.0,9,pa,1.0,4,1,215.2208404541016,0.7390805583739053,../20230517_Glx_B6_HAse/20230517_mouseb6_vtyppa_loc1_roi4_rep1_PRE.nc,Saline
856,20230517,3.0,10,pa,1.0,4,1,206.07916259765625,0.6735197253804608,../20230517_Glx_B6_HAse/20230517_mouseb6_vtyppa_loc1_roi4_rep1_PRE.nc,Saline
857,20230517,3.0,11,pa,1.0,4,1,210.7416534423828,0.632922661316358,../20230517_Glx_B6_HAse/20230517_mouseb6_vtyppa_loc1_roi4_rep1_PRE.nc,Saline
858,20230517,3.0,12,pa,1.0,4,1,217.3208465576172,0.6328327730833412,../20230517_Glx_B6_HAse/20230517_mouseb6_vtyppa_loc1_roi4_rep1_PRE.nc,Saline
859,20230517,3.0,13,pa,1.0,4,1,232.23333740234372,0.594155833636952,../20230517_Glx_B6_HAse/20230517_mouseb6_vtyppa_loc1_roi4_rep1_PRE.nc,Saline
860,20230517,3.0,14,pa,1.0,4,1,246.7916717529297,0.5417227051443602,../20230517_Glx_B6_HAse/20230517_mouseb6_vtyppa_loc1_roi4_rep1_PRE.nc,Saline
861,20230517,3.0,15,pa,1.0,4,1,214.2375030517578,0.5891312988048599,../20230517_Glx_B6_HAse/20230517_mouseb6_vtyppa_loc1_roi4_rep1_PRE.nc,Saline
862,20230517,3.0,16,pa,1.0,4,1,176.68333435058594,0.5984469848631377,../20230517_Glx_B6_HAse/20230517_mouseb6_vtyppa_loc1_roi4_rep1_PRE.nc,Saline
863,20230517,4.0,0,pa,1.0,5,1,206.30416870117188,0.6150606520089489,../20230517_Glx_B6_HAse/20230517_mouseb6_vtyppa_loc1_roi5_rep1_PRE.nc,Saline
864,20230517,4.0,1,pa,1.0,5,1,222.49166870117188,0.6413304083249832,../20230517_Glx_B6_HAse/20230517_mouseb6_vtyppa_loc1_roi5_rep1_PRE.nc,Saline
865,20230517,4.0,2,pa,1.0,5,1,151.66250610351562,0.7273879605417737,../20230517_Glx_B6_HAse/20230517_mouseb6_vtyppa_loc1_roi5_rep1_PRE.nc,Saline
866,20230517,4.0,3,pa,1.0,5,1,154.72084045410156,0.6421135063307024,../20230517_Glx_B6_HAse/20230517_mouseb6_vtyppa_loc1_roi5_rep1_PRE.nc,Saline
867,20230517,4.0,4,pa,1.0,5,1,177.2624969482422,0.5333022488996385,../20230517_Glx_B6_HAse/20230517_mouseb6_vtyppa_loc1_roi5_rep1_PRE.nc,Saline
868,20230517,4.0,5,pa,1.0,5,1,143.7791748046875,0.6232523408735144,../20230517_Glx_B6_HAse/20230517_mouseb6_vtyppa_loc1_roi5_rep1_PRE.nc,Saline
869,20230517,4.0,6,pa,1.0,5,1,191.0,0.5462396625947677,../20230517_Glx_B6_HAse/20230517_mouseb6_vtyppa_loc1_roi5_rep1_PRE.nc,Saline
870,20230517,4.0,7,pa,1.0,5,1,168.5749969482422,0.5585437649895616,../20230517_Glx_B6_HAse/20230517_mouseb6_vtyppa_loc1_roi5_rep1_PRE.nc,Saline
871,20230517,4.0,8,pa,1.0,5,1,172.5916748046875,0.5747479593907698,../20230517_Glx_B6_HAse/20230517_mouseb6_vtyppa_loc1_roi5_rep1_PRE.nc,Saline
872,20230517,4.0,9,pa,1.0,5,1,143.64166259765625,0.559827222228671,../20230517_Glx_B6_HAse/20230517_mouseb6_vtyppa_loc1_roi5_rep1_PRE.nc,Saline
873,20230517,4.0,10,pa,1.0,5,1,164.94166564941406,0.5103569292205057,../20230517_Glx_B6_HAse/20230517_mouseb6_vtyppa_loc1_roi5_rep1_PRE.nc,Saline
874,20230517,4.0,11,pa,1.0,5,1,167.82083129882812,0.5181459607071894,../20230517_Glx_B6_HAse/20230517_mouseb6_vtyppa_loc1_roi5_rep1_PRE.nc,Saline
875,20230517,4.0,12,pa,1.0,5,1,186.18333435058597,0.5460531408274981,../20230517_Glx_B6_HAse/20230517_mouseb6_vtyppa_loc1_roi5_rep1_PRE.nc,Saline
876,20230517,4.0,13,pa,1.0,5,1,180.54165649414065,0.5904979525129194,../20230517_Glx_B6_HAse/20230517_mouseb6_vtyppa_loc1_roi5_rep1_PRE.nc,Saline
877,20230517,4.0,14,pa,1.0,5,1,157.4166717529297,0.7231599636564303,../20230517_Glx_B6_HAse/20230517_mouseb6_vtyppa_loc1_roi5_rep1_PRE.nc,Saline
878,20230517,4.0,15,pa,1.0,5,1,160.3291778564453,0.6827935227907611,../20230517_Glx_B6_HAse/20230517_mouseb6_vtyppa_loc1_roi5_rep1_PRE.nc,Saline
879,20230517,4.0,16,pa,1.0,5,1,192.93333435058597,0.7771914216914151,../20230517_Glx_B6_HAse/20230517_mouseb6_vtyppa_loc1_roi5_rep1_PRE.nc,Saline
880,20230517,5.0,0,pa,1.0,6,1,178.54998779296875,0.6136588832927005,../20230517_Glx_B6_HAse/20230517_mouseb6_vtyppa_loc1_roi6_rep1_PRE.nc,Saline
881,20230517,5.0,1,pa,1.0,6,1,173.15000915527344,0.6494896810537473,../20230517_Glx_B6_HAse/20230517_mouseb6_vtyppa_loc1_roi6_rep1_PRE.nc,Saline
882,20230517,5.0,2,pa,1.0,6,1,172.81666564941406,0.8172373304871722,../20230517_Glx_B6_HAse/20230517_mouseb6_vtyppa_loc1_roi6_rep1_PRE.nc,Saline
883,20230517,5.0,3,pa,1.0,6,1,169.8125,0.806405156550886,../20230517_Glx_B6_HAse/20230517_mouseb6_vtyppa_loc1_roi6_rep1_PRE.nc,Saline
884,20230517,5.0,4,pa,1.0,6,1,197.74583435058597,0.7128682875994399,../20230517_Glx_B6_HAse/20230517_mouseb6_vtyppa_loc1_roi6_rep1_PRE.nc,Saline
885,20230517,5.0,5,pa,1.0,6,1,188.7208404541016,0.6149677009032789,../20230517_Glx_B6_HAse/20230517_mouseb6_vtyppa_loc1_roi6_rep1_PRE.nc,Saline
886,20230517,5.0,6,pa,1.0,6,1,148.875,0.7054736965446693,../20230517_Glx_B6_HAse/20230517_mouseb6_vtyppa_loc1_roi6_rep1_PRE.nc,Saline
887,20230517,5.0,7,pa,1.0,6,1,166.85000610351562,0.6927940499192444,../20230517_Glx_B6_HAse/20230517_mouseb6_vtyppa_loc1_roi6_rep1_PRE.nc,Saline
888,20230517,5.0,8,pa,1.0,6,1,171.37916564941406,0.7183475517367455,../20230517_Glx_B6_HAse/20230517_mouseb6_vtyppa_loc1_roi6_rep1_PRE.nc,Saline
889,20230517,5.0,9,pa,1.0,6,1,179.64166259765625,0.5841778896577363,../20230517_Glx_B6_HAse/20230517_mouseb6_vtyppa_loc1_roi6_rep1_PRE.nc,Saline
890,20230517,5.0,10,pa,1.0,6,1,192.9791717529297,0.590797497656968,../20230517_Glx_B6_HAse/20230517_mouseb6_vtyppa_loc1_roi6_rep1_PRE.nc,Saline
891,20230517,5.0,11,pa,1.0,6,1,213.90000915527344,0.5037153646605058,../20230517_Glx_B6_HAse/20230517_mouseb6_vtyppa_loc1_roi6_rep1_PRE.nc,Saline
892,20230517,5.0,12,pa,1.0,6,1,181.75833129882807,0.5647752338047879,../20230517_Glx_B6_HAse/20230517_mouseb6_vtyppa_loc1_roi6_rep1_PRE.nc,Saline
893,20230517,5.0,13,pa,1.0,6,1,183.8374938964844,0.5868093922403151,../20230517_Glx_B6_HAse/20230517_mouseb6_vtyppa_loc1_roi6_rep1_PRE.nc,Saline
894,20230517,5.0,14,pa,1.0,6,1,156.01666259765625,0.7724669676082524,../20230517_Glx_B6_HAse/20230517_mouseb6_vtyppa_loc1_roi6_rep1_PRE.nc,Saline
895,20230517,5.0,15,pa,1.0,6,1,137.39999389648438,0.8779786216905722,../20230517_Glx_B6_HAse/20230517_mouseb6_vtyppa_loc1_roi6_rep1_PRE.nc,Saline
896,20230517,5.0,16,pa,1.0,6,1,119.79999542236328,0.934179786316918,../20230517_Glx_B6_HAse/20230517_mouseb6_vtyppa_loc1_roi6_rep1_PRE.nc,Saline
897,20230517,6.0,0,pea,1.0,1,1,119.56666564941406,0.6354823972823146,../20230517_Glx_B6_HAse/20230517_mouseb6_vtyppea_loc1_roi1_rep1_PRE.nc,Saline
898,20230517,6.0,1,pea,1.0,1,1,120.85832977294922,0.5559859794021544,../20230517_Glx_B6_HAse/20230517_mouseb6_vtyppea_loc1_roi1_rep1_PRE.nc,Saline
899,20230517,6.0,2,pea,1.0,1,1,133.57916259765625,0.7273909317848841,../20230517_Glx_B6_HAse/20230517_mouseb6_vtyppea_loc1_roi1_rep1_PRE.nc,Saline
900,20230517,6.0,3,pea,1.0,1,1,110.90833282470705,0.8291128565486288,../20230517_Glx_B6_HAse/20230517_mouseb6_vtyppea_loc1_roi1_rep1_PRE.nc,Saline
901,20230517,6.0,4,pea,1.0,1,1,124.70832824707033,0.7712852850833712,../20230517_Glx_B6_HAse/20230517_mouseb6_vtyppea_loc1_roi1_rep1_PRE.nc,Saline
902,20230517,6.0,5,pea,1.0,1,1,117.62916564941406,0.6263983420072213,../20230517_Glx_B6_HAse/20230517_mouseb6_vtyppea_loc1_roi1_rep1_PRE.nc,Saline
903,20230517,6.0,6,pea,1.0,1,1,106.61249542236328,0.7494807574104173,../20230517_Glx_B6_HAse/20230517_mouseb6_vtyppea_loc1_roi1_rep1_PRE.nc,Saline
904,20230517,6.0,7,pea,1.0,1,1,106.14999389648438,0.7955391834936617,../20230517_Glx_B6_HAse/20230517_mouseb6_vtyppea_loc1_roi1_rep1_PRE.nc,Saline
905,20230517,6.0,8,pea,1.0,1,1,116.72917175292967,0.6998059683233587,../20230517_Glx_B6_HAse/20230517_mouseb6_vtyppea_loc1_roi1_rep1_PRE.nc,Saline
906,20230517,6.0,9,pea,1.0,1,1,127.57917022705078,0.8727885826317492,../20230517_Glx_B6_HAse/20230517_mouseb6_vtyppea_loc1_roi1_rep1_PRE.nc,Saline
907,20230517,6.0,10,pea,1.0,1,1,116.6875,0.914192369394968,../20230517_Glx_B6_HAse/20230517_mouseb6_vtyppea_loc1_roi1_rep1_PRE.nc,Saline
908,20230517,6.0,11,pea,1.0,1,1,127.85833740234376,0.8501582100231924,../20230517_Glx_B6_HAse/20230517_mouseb6_vtyppea_loc1_roi1_rep1_PRE.nc,Saline
909,20230517,7.0,0,pea,1.0,2,1,175.37083435058594,0.650623715483208,../20230517_Glx_B6_HAse/20230517_mouseb6_vtyppea_loc1_roi2_rep1_PRE.nc,Saline
910,20230517,7.0,1,pea,1.0,2,1,201.80416870117188,0.601244755763523,../20230517_Glx_B6_HAse/20230517_mouseb6_vtyppea_loc1_roi2_rep1_PRE.nc,Saline
911,20230517,7.0,2,pea,1.0,2,1,179.90000915527344,0.6067988390054402,../20230517_Glx_B6_HAse/20230517_mouseb6_vtyppea_loc1_roi2_rep1_PRE.nc,Saline
912,20230517,7.0,3,pea,1.0,2,1,207.8458251953125,0.5052496149359637,../20230517_Glx_B6_HAse/20230517_mouseb6_vtyppea_loc1_roi2_rep1_PRE.nc,Saline
913,20230517,7.0,4,pea,1.0,2,1,203.11666870117188,0.4940808803945463,../20230517_Glx_B6_HAse/20230517_mouseb6_vtyppea_loc1_roi2_rep1_PRE.nc,Saline
914,20230517,7.0,5,pea,1.0,2,1,173.25,0.6020751677628343,../20230517_Glx_B6_HAse/20230517_mouseb6_vtyppea_loc1_roi2_rep1_PRE.nc,Saline
915,20230517,7.0,6,pea,1.0,2,1,217.91665649414065,0.5493771318088079,../20230517_Glx_B6_HAse/20230517_mouseb6_vtyppea_loc1_roi2_rep1_PRE.nc,Saline
916,20230517,7.0,7,pea,1.0,2,1,223.4541778564453,0.5709077971974409,../20230517_Glx_B6_HAse/20230517_mouseb6_vtyppea_loc1_roi2_rep1_PRE.nc,Saline
917,20230517,7.0,8,pea,1.0,2,1,209.01251220703125,0.5463362893838254,../20230517_Glx_B6_HAse/20230517_mouseb6_vtyppea_loc1_roi2_rep1_PRE.nc,Saline
918,20230517,7.0,9,pea,1.0,2,1,210.6875,0.558463598914428,../20230517_Glx_B6_HAse/20230517_mouseb6_vtyppea_loc1_roi2_rep1_PRE.nc,Saline
919,20230517,7.0,10,pea,1.0,2,1,191.6416778564453,0.5804155852925494,../20230517_Glx_B6_HAse/20230517_mouseb6_vtyppea_loc1_roi2_rep1_PRE.nc,Saline
920,20230517,7.0,11,pea,1.0,2,1,210.8458404541016,0.5930356372119397,../20230517_Glx_B6_HAse/20230517_mouseb6_vtyppea_loc1_roi2_rep1_PRE.nc,Saline
921,20230517,7.0,12,pea,1.0,2,1,192.8249969482422,0.6154610154248428,../20230517_Glx_B6_HAse/20230517_mouseb6_vtyppea_loc1_roi2_rep1_PRE.nc,Saline
922,20230517,7.0,13,pea,1.0,2,1,251.89166259765625,0.5323627866092485,../20230517_Glx_B6_HAse/20230517_mouseb6_vtyppea_loc1_roi2_rep1_PRE.nc,Saline
923,20230517,7.0,14,pea,1.0,2,1,280.8791809082031,0.6712895373772542,../20230517_Glx_B6_HAse/20230517_mouseb6_vtyppea_loc1_roi2_rep1_PRE.nc,Saline
924,20230517,7.0,15,pea,1.0,2,1,146.8625030517578,1.1615641019839391,../20230517_Glx_B6_HAse/20230517_mouseb6_vtyppea_loc1_roi2_rep1_PRE.nc,Saline
925,20230517,7.0,16,pea,1.0,2,1,180.14166259765625,0.7982283345985737,../20230517_Glx_B6_HAse/20230517_mouseb6_vtyppea_loc1_roi2_rep1_PRE.nc,Saline
926,20230517,8.0,0,pea,1.0,3,1,233.0124969482422,0.5303909366447189,../20230517_Glx_B6_HAse/20230517_mouseb6_vtyppea_loc1_roi3_rep1_PRE.nc,Saline
927,20230517,8.0,1,pea,1.0,3,1,235.5208282470703,0.5180101026527034,../20230517_Glx_B6_HAse/20230517_mouseb6_vtyppea_loc1_roi3_rep1_PRE.nc,Saline
928,20230517,8.0,2,pea,1.0,3,1,201.47499084472656,0.5093593138471836,../20230517_Glx_B6_HAse/20230517_mouseb6_vtyppea_loc1_roi3_rep1_PRE.nc,Saline
929,20230517,8.0,3,pea,1.0,3,1,196.49583435058597,0.5640074539464196,../20230517_Glx_B6_HAse/20230517_mouseb6_vtyppea_loc1_roi3_rep1_PRE.nc,Saline
930,20230517,8.0,4,pea,1.0,3,1,221.9499969482422,0.5089567481169494,../20230517_Glx_B6_HAse/20230517_mouseb6_vtyppea_loc1_roi3_rep1_PRE.nc,Saline
931,20230517,8.0,5,pea,1.0,3,1,230.36666870117188,0.6023109072050106,../20230517_Glx_B6_HAse/20230517_mouseb6_vtyppea_loc1_roi3_rep1_PRE.nc,Saline
932,20230517,8.0,6,pea,1.0,3,1,176.15415954589844,0.7828383229612673,../20230517_Glx_B6_HAse/20230517_mouseb6_vtyppea_loc1_roi3_rep1_PRE.nc,Saline
933,20230517,8.0,7,pea,1.0,3,1,208.8625030517578,0.5725623507656777,../20230517_Glx_B6_HAse/20230517_mouseb6_vtyppea_loc1_roi3_rep1_PRE.nc,Saline
934,20230517,8.0,8,pea,1.0,3,1,197.2541656494141,0.637820418941829,../20230517_Glx_B6_HAse/20230517_mouseb6_vtyppea_loc1_roi3_rep1_PRE.nc,Saline
935,20230517,8.0,9,pea,1.0,3,1,220.4750061035156,0.782734379909412,../20230517_Glx_B6_HAse/20230517_mouseb6_vtyppea_loc1_roi3_rep1_PRE.nc,Saline
936,20230517,8.0,10,pea,1.0,3,1,231.29583740234372,0.7685179544411184,../20230517_Glx_B6_HAse/20230517_mouseb6_vtyppea_loc1_roi3_rep1_PRE.nc,Saline
937,20230517,8.0,11,pea,1.0,3,1,207.0958404541016,0.7313281398785573,../20230517_Glx_B6_HAse/20230517_mouseb6_vtyppea_loc1_roi3_rep1_PRE.nc,Saline
938,20230517,8.0,12,pea,1.0,3,1,238.0625,0.8744128197275803,../20230517_Glx_B6_HAse/20230517_mouseb6_vtyppea_loc1_roi3_rep1_PRE.nc,Saline
939,20230517,8.0,13,pea,1.0,3,1,225.74583435058597,0.6305826835975441,../20230517_Glx_B6_HAse/20230517_mouseb6_vtyppea_loc1_roi3_rep1_PRE.nc,Saline
940,20230517,8.0,14,pea,1.0,3,1,170.99583435058594,0.6420619591088728,../20230517_Glx_B6_HAse/20230517_mouseb6_vtyppea_loc1_roi3_rep1_PRE.nc,Saline
941,20230517,8.0,15,pea,1.0,3,1,169.74166870117188,0.6044358541303079,../20230517_Glx_B6_HAse/20230517_mouseb6_vtyppea_loc1_roi3_rep1_PRE.nc,Saline
942,20230517,8.0,16,pea,1.0,3,1,180.6750030517578,0.6925214322806477,../20230517_Glx_B6_HAse/20230517_mouseb6_vtyppea_loc1_roi3_rep1_PRE.nc,Saline
943,20230517,9.0,0,pea,1.0,4,1,117.1624984741211,0.6410392997787958,../20230517_Glx_B6_HAse/20230517_mouseb6_vtyppea_loc1_roi4_rep1_PRE.nc,Saline
944,20230517,9.0,1,pea,1.0,4,1,124.72083282470705,0.697971513131573,../20230517_Glx_B6_HAse/20230517_mouseb6_vtyppea_loc1_roi4_rep1_PRE.nc,Saline
945,20230517,9.0,2,pea,1.0,4,1,100.0625,0.6062778769465983,../20230517_Glx_B6_HAse/20230517_mouseb6_vtyppea_loc1_roi4_rep1_PRE.nc,Saline
946,20230517,9.0,3,pea,1.0,4,1,97.67083740234376,0.6992885359977046,../20230517_Glx_B6_HAse/20230517_mouseb6_vtyppea_loc1_roi4_rep1_PRE.nc,Saline
947,20230517,9.0,4,pea,1.0,4,1,116.50833892822266,0.6583750309349512,../20230517_Glx_B6_HAse/20230517_mouseb6_vtyppea_loc1_roi4_rep1_PRE.nc,Saline
948,20230517,9.0,5,pea,1.0,4,1,99.8526840209961,0.6616270613457464,../20230517_Glx_B6_HAse/20230517_mouseb6_vtyppea_loc1_roi4_rep1_PRE.nc,Saline
949,20230517,10.0,0,pea,1.0,5,1,176.63751220703125,0.5871430977191836,../20230517_Glx_B6_HAse/20230517_mouseb6_vtyppea_loc1_roi5_rep1_PRE.nc,Saline
950,20230517,10.0,1,pea,1.0,5,1,145.44168090820312,0.6735803595850028,../20230517_Glx_B6_HAse/20230517_mouseb6_vtyppea_loc1_roi5_rep1_PRE.nc,Saline
951,20230517,10.0,2,pea,1.0,5,1,159.25416564941406,0.5916799573442509,../20230517_Glx_B6_HAse/20230517_mouseb6_vtyppea_loc1_roi5_rep1_PRE.nc,Saline
952,20230517,10.0,3,pea,1.0,5,1,167.55833435058594,0.5596459491076651,../20230517_Glx_B6_HAse/20230517_mouseb6_vtyppea_loc1_roi5_rep1_PRE.nc,Saline
953,20230517,10.0,4,pea,1.0,5,1,185.32916259765625,0.5921999592636701,../20230517_Glx_B6_HAse/20230517_mouseb6_vtyppea_loc1_roi5_rep1_PRE.nc,Saline
954,20230517,10.0,5,pea,1.0,5,1,161.53750610351562,0.5330526100544447,../20230517_Glx_B6_HAse/20230517_mouseb6_vtyppea_loc1_roi5_rep1_PRE.nc,Saline
955,20230517,10.0,6,pea,1.0,5,1,134.47915649414062,0.5448671467377212,../20230517_Glx_B6_HAse/20230517_mouseb6_vtyppea_loc1_roi5_rep1_PRE.nc,Saline
956,20230517,10.0,7,pea,1.0,5,1,125.44166564941406,0.6341089626823233,../20230517_Glx_B6_HAse/20230517_mouseb6_vtyppea_loc1_roi5_rep1_PRE.nc,Saline
957,20230517,10.0,8,pea,1.0,5,1,148.3000030517578,0.592525688262821,../20230517_Glx_B6_HAse/20230517_mouseb6_vtyppea_loc1_roi5_rep1_PRE.nc,Saline
958,20230517,10.0,9,pea,1.0,5,1,148.4583282470703,0.6028939713076099,../20230517_Glx_B6_HAse/20230517_mouseb6_vtyppea_loc1_roi5_rep1_PRE.nc,Saline
959,20230517,10.0,10,pea,1.0,5,1,151.96249389648438,0.5599702096292076,../20230517_Glx_B6_HAse/20230517_mouseb6_vtyppea_loc1_roi5_rep1_PRE.nc,Saline
960,20230517,10.0,11,pea,1.0,5,1,176.3333282470703,0.5566413069323174,../20230517_Glx_B6_HAse/20230517_mouseb6_vtyppea_loc1_roi5_rep1_PRE.nc,Saline
961,20230517,10.0,12,pea,1.0,5,1,145.45834350585938,0.7268467677988963,../20230517_Glx_B6_HAse/20230517_mouseb6_vtyppea_loc1_roi5_rep1_PRE.nc,Saline
962,20230517,10.0,13,pea,1.0,5,1,150.2375030517578,0.7124206187849358,../20230517_Glx_B6_HAse/20230517_mouseb6_vtyppea_loc1_roi5_rep1_PRE.nc,Saline
963,20230517,10.0,14,pea,1.0,5,1,152.72499084472656,0.5742231241054652,../20230517_Glx_B6_HAse/20230517_mouseb6_vtyppea_loc1_roi5_rep1_PRE.nc,Saline
964,20230517,10.0,15,pea,1.0,5,1,148.9375,0.6708321942161103,../20230517_Glx_B6_HAse/20230517_mouseb6_vtyppea_loc1_roi5_rep1_PRE.nc,Saline
965,20230517,10.0,16,pea,1.0,5,1,143.55416870117188,0.6528766680145611,../20230517_Glx_B6_HAse/20230517_mouseb6_vtyppea_loc1_roi5_rep1_PRE.nc,Saline
966,20230523,0.0,0,pa,1.0,1,1,283.8583374023437,0.6261934140667693,../20230523_Glx_B6_HAse/20230523_mouseb6_vtyppa_loc1_roi1_rep1_PRE.nc,Enzyme
967,20230523,0.0,1,pa,1.0,1,1,245.09999084472656,0.6368230508037025,../20230523_Glx_B6_HAse/20230523_mouseb6_vtyppa_loc1_roi1_rep1_PRE.nc,Enzyme
968,20230523,0.0,2,pa,1.0,1,1,226.39584350585935,0.6604049320000211,../20230523_Glx_B6_HAse/20230523_mouseb6_vtyppa_loc1_roi1_rep1_PRE.nc,Enzyme
969,20230523,0.0,3,pa,1.0,1,1,249.24583435058597,0.7700973883076835,../20230523_Glx_B6_HAse/20230523_mouseb6_vtyppa_loc1_roi1_rep1_PRE.nc,Enzyme
970,20230523,0.0,4,pa,1.0,1,1,283.0749816894531,0.6508870256410433,../20230523_Glx_B6_HAse/20230523_mouseb6_vtyppa_loc1_roi1_rep1_PRE.nc,Enzyme
971,20230523,0.0,5,pa,1.0,1,1,230.4624938964844,0.7334776313000504,../20230523_Glx_B6_HAse/20230523_mouseb6_vtyppa_loc1_roi1_rep1_PRE.nc,Enzyme
972,20230523,0.0,6,pa,1.0,1,1,255.625,0.6054876383327623,../20230523_Glx_B6_HAse/20230523_mouseb6_vtyppa_loc1_roi1_rep1_PRE.nc,Enzyme
973,20230523,0.0,7,pa,1.0,1,1,236.0958251953125,0.6470966408709686,../20230523_Glx_B6_HAse/20230523_mouseb6_vtyppa_loc1_roi1_rep1_PRE.nc,Enzyme
974,20230523,0.0,8,pa,1.0,1,1,250.4375,0.6763539664645966,../20230523_Glx_B6_HAse/20230523_mouseb6_vtyppa_loc1_roi1_rep1_PRE.nc,Enzyme
975,20230523,0.0,9,pa,1.0,1,1,258.92498779296875,0.6191389040818792,../20230523_Glx_B6_HAse/20230523_mouseb6_vtyppa_loc1_roi1_rep1_PRE.nc,Enzyme
976,20230523,0.0,10,pa,1.0,1,1,278.9708251953125,0.5708565188234759,../20230523_Glx_B6_HAse/20230523_mouseb6_vtyppa_loc1_roi1_rep1_PRE.nc,Enzyme
977,20230523,0.0,11,pa,1.0,1,1,277.7791748046875,0.6189430908663548,../20230523_Glx_B6_HAse/20230523_mouseb6_vtyppa_loc1_roi1_rep1_PRE.nc,Enzyme
978,20230523,0.0,12,pa,1.0,1,1,264.11248779296875,0.5946608838111306,../20230523_Glx_B6_HAse/20230523_mouseb6_vtyppa_loc1_roi1_rep1_PRE.nc,Enzyme
979,20230523,0.0,13,pa,1.0,1,1,327.8458251953125,0.5332887070639974,../20230523_Glx_B6_HAse/20230523_mouseb6_vtyppa_loc1_roi1_rep1_PRE.nc,Enzyme
980,20230523,0.0,14,pa,1.0,1,1,289.3208312988281,0.5774081149202359,../20230523_Glx_B6_HAse/20230523_mouseb6_vtyppa_loc1_roi1_rep1_PRE.nc,Enzyme
981,20230523,0.0,15,pa,1.0,1,1,278.9291687011719,0.5438870858339392,../20230523_Glx_B6_HAse/20230523_mouseb6_vtyppa_loc1_roi1_rep1_PRE.nc,Enzyme
982,20230523,0.0,16,pa,1.0,1,1,277.17498779296875,0.5653101039718216,../20230523_Glx_B6_HAse/20230523_mouseb6_vtyppa_loc1_roi1_rep1_PRE.nc,Enzyme
983,20230523,1.0,0,pa,1.0,2,1,196.53749084472656,0.6751743800355452,../20230523_Glx_B6_HAse/20230523_mouseb6_vtyppa_loc1_roi2_rep1_PRE.nc,Enzyme
984,20230523,1.0,1,pa,1.0,2,1,209.0333251953125,0.721143658451689,../20230523_Glx_B6_HAse/20230523_mouseb6_vtyppa_loc1_roi2_rep1_PRE.nc,Enzyme
985,20230523,1.0,2,pa,1.0,2,1,191.26251220703125,0.774314551900962,../20230523_Glx_B6_HAse/20230523_mouseb6_vtyppa_loc1_roi2_rep1_PRE.nc,Enzyme
986,20230523,1.0,3,pa,1.0,2,1,166.92916870117188,0.8415005590695114,../20230523_Glx_B6_HAse/20230523_mouseb6_vtyppa_loc1_roi2_rep1_PRE.nc,Enzyme
987,20230523,1.0,4,pa,1.0,2,1,210.4083404541016,0.6220290415436445,../20230523_Glx_B6_HAse/20230523_mouseb6_vtyppa_loc1_roi2_rep1_PRE.nc,Enzyme
988,20230523,1.0,5,pa,1.0,2,1,189.5,0.7123059047349624,../20230523_Glx_B6_HAse/20230523_mouseb6_vtyppa_loc1_roi2_rep1_PRE.nc,Enzyme
989,20230523,1.0,6,pa,1.0,2,1,199.6458282470703,0.7084401677512102,../20230523_Glx_B6_HAse/20230523_mouseb6_vtyppa_loc1_roi2_rep1_PRE.nc,Enzyme
990,20230523,1.0,7,pa,1.0,2,1,257.20416259765625,0.5217154099311624,../20230523_Glx_B6_HAse/20230523_mouseb6_vtyppa_loc1_roi2_rep1_PRE.nc,Enzyme
991,20230523,1.0,8,pa,1.0,2,1,243.5,0.5453596879905909,../20230523_Glx_B6_HAse/20230523_mouseb6_vtyppa_loc1_roi2_rep1_PRE.nc,Enzyme
992,20230523,1.0,9,pa,1.0,2,1,202.63333129882807,0.5383899667232355,../20230523_Glx_B6_HAse/20230523_mouseb6_vtyppa_loc1_roi2_rep1_PRE.nc,Enzyme
993,20230523,1.0,10,pa,1.0,2,1,199.0958404541016,0.5061734697528243,../20230523_Glx_B6_HAse/20230523_mouseb6_vtyppa_loc1_roi2_rep1_PRE.nc,Enzyme
994,20230523,1.0,11,pa,1.0,2,1,255.78749084472656,0.6280944690928698,../20230523_Glx_B6_HAse/20230523_mouseb6_vtyppa_loc1_roi2_rep1_PRE.nc,Enzyme
995,20230523,1.0,12,pa,1.0,2,1,184.6041717529297,0.8285645821408397,../20230523_Glx_B6_HAse/20230523_mouseb6_vtyppa_loc1_roi2_rep1_PRE.nc,Enzyme
996,20230523,1.0,13,pa,1.0,2,1,187.57916259765625,0.7168493753566046,../20230523_Glx_B6_HAse/20230523_mouseb6_vtyppa_loc1_roi2_rep1_PRE.nc,Enzyme
997,20230523,1.0,14,pa,1.0,2,1,205.1583404541016,0.6346550040227444,../20230523_Glx_B6_HAse/20230523_mouseb6_vtyppa_loc1_roi2_rep1_PRE.nc,Enzyme
998,20230523,1.0,15,pa,1.0,2,1,193.6000061035156,0.7201007509839459,../20230523_Glx_B6_HAse/20230523_mouseb6_vtyppa_loc1_roi2_rep1_PRE.nc,Enzyme
999,20230523,1.0,16,pa,1.0,2,1,200.625,0.7538456211036311,../20230523_Glx_B6_HAse/20230523_mouseb6_vtyppa_loc1_roi2_rep1_PRE.nc,Enzyme
1000,20230523,2.0,0,pa,1.0,3,1,224.46250915527344,0.6918828710814273,../20230523_Glx_B6_HAse/20230523_mouseb6_vtyppa_loc1_roi3_rep1_PRE.nc,Enzyme
1001,20230523,2.0,1,pa,1.0,3,1,204.3791656494141,0.6681467348841881,../20230523_Glx_B6_HAse/20230523_mouseb6_vtyppa_loc1_roi3_rep1_PRE.nc,Enzyme
1002,20230523,2.0,2,pa,1.0,3,1,231.7208404541016,0.5967504415170781,../20230523_Glx_B6_HAse/20230523_mouseb6_vtyppa_loc1_roi3_rep1_PRE.nc,Enzyme
1003,20230523,2.0,3,pa,1.0,3,1,207.0833282470703,0.5896972220324548,../20230523_Glx_B6_HAse/20230523_mouseb6_vtyppa_loc1_roi3_rep1_PRE.nc,Enzyme
1004,20230523,2.0,4,pa,1.0,3,1,243.20416259765625,0.5823328166642128,../20230523_Glx_B6_HAse/20230523_mouseb6_vtyppa_loc1_roi3_rep1_PRE.nc,Enzyme
1005,20230523,2.0,5,pa,1.0,3,1,280.9291687011719,0.6138097477583475,../20230523_Glx_B6_HAse/20230523_mouseb6_vtyppa_loc1_roi3_rep1_PRE.nc,Enzyme
1006,20230523,2.0,6,pa,1.0,3,1,219.5416717529297,0.7445513089946016,../20230523_Glx_B6_HAse/20230523_mouseb6_vtyppa_loc1_roi3_rep1_PRE.nc,Enzyme
1007,20230523,2.0,7,pa,1.0,3,1,277.58331298828125,0.5518815075437712,../20230523_Glx_B6_HAse/20230523_mouseb6_vtyppa_loc1_roi3_rep1_PRE.nc,Enzyme
1008,20230523,2.0,8,pa,1.0,3,1,250.32916259765625,0.6062415438050117,../20230523_Glx_B6_HAse/20230523_mouseb6_vtyppa_loc1_roi3_rep1_PRE.nc,Enzyme
1009,20230523,2.0,9,pa,1.0,3,1,228.2749938964844,0.6424417965070935,../20230523_Glx_B6_HAse/20230523_mouseb6_vtyppa_loc1_roi3_rep1_PRE.nc,Enzyme
1010,20230523,2.0,10,pa,1.0,3,1,232.45416259765625,0.6570520684398667,../20230523_Glx_B6_HAse/20230523_mouseb6_vtyppa_loc1_roi3_rep1_PRE.nc,Enzyme
1011,20230523,2.0,11,pa,1.0,3,1,260.88751220703125,0.7229404907265271,../20230523_Glx_B6_HAse/20230523_mouseb6_vtyppa_loc1_roi3_rep1_PRE.nc,Enzyme
1012,20230523,2.0,12,pa,1.0,3,1,248.82916259765625,0.9300757116558848,../20230523_Glx_B6_HAse/20230523_mouseb6_vtyppa_loc1_roi3_rep1_PRE.nc,Enzyme
1013,20230523,2.0,13,pa,1.0,3,1,216.9875030517578,0.90812146294715,../20230523_Glx_B6_HAse/20230523_mouseb6_vtyppa_loc1_roi3_rep1_PRE.nc,Enzyme
1014,20230523,2.0,14,pa,1.0,3,1,295.70831298828125,0.5856415010765575,../20230523_Glx_B6_HAse/20230523_mouseb6_vtyppa_loc1_roi3_rep1_PRE.nc,Enzyme
1015,20230523,2.0,15,pa,1.0,3,1,296.4041748046875,0.5275563907727229,../20230523_Glx_B6_HAse/20230523_mouseb6_vtyppa_loc1_roi3_rep1_PRE.nc,Enzyme
1016,20230523,2.0,16,pa,1.0,3,1,232.05833435058597,0.7457701160626048,../20230523_Glx_B6_HAse/20230523_mouseb6_vtyppa_loc1_roi3_rep1_PRE.nc,Enzyme
1017,20230523,3.0,0,pa,1.0,4,1,204.2833404541016,0.702553265162509,../20230523_Glx_B6_HAse/20230523_mouseb6_vtyppa_loc1_roi4_rep1_PRE.nc,Enzyme
1018,20230523,3.0,1,pa,1.0,4,1,202.4875030517578,0.7452869901541103,../20230523_Glx_B6_HAse/20230523_mouseb6_vtyppa_loc1_roi4_rep1_PRE.nc,Enzyme
1019,20230523,3.0,2,pa,1.0,4,1,181.2749938964844,0.797443449446471,../20230523_Glx_B6_HAse/20230523_mouseb6_vtyppa_loc1_roi4_rep1_PRE.nc,Enzyme
1020,20230523,3.0,3,pa,1.0,4,1,184.1958465576172,0.7551125664648479,../20230523_Glx_B6_HAse/20230523_mouseb6_vtyppa_loc1_roi4_rep1_PRE.nc,Enzyme
1021,20230523,3.0,4,pa,1.0,4,1,198.5874938964844,0.7326061933783785,../20230523_Glx_B6_HAse/20230523_mouseb6_vtyppa_loc1_roi4_rep1_PRE.nc,Enzyme
1022,20230523,3.0,5,pa,1.0,4,1,203.2291717529297,0.7097050584341359,../20230523_Glx_B6_HAse/20230523_mouseb6_vtyppa_loc1_roi4_rep1_PRE.nc,Enzyme
1023,20230523,3.0,6,pa,1.0,4,1,223.7208251953125,0.7738441588029622,../20230523_Glx_B6_HAse/20230523_mouseb6_vtyppa_loc1_roi4_rep1_PRE.nc,Enzyme
1024,20230523,3.0,7,pa,1.0,4,1,206.7833251953125,0.7200708935980606,../20230523_Glx_B6_HAse/20230523_mouseb6_vtyppa_loc1_roi4_rep1_PRE.nc,Enzyme
1025,20230523,3.0,8,pa,1.0,4,1,201.95001220703125,0.6468512335863201,../20230523_Glx_B6_HAse/20230523_mouseb6_vtyppa_loc1_roi4_rep1_PRE.nc,Enzyme
1026,20230523,3.0,9,pa,1.0,4,1,206.1708221435547,0.6782582043457652,../20230523_Glx_B6_HAse/20230523_mouseb6_vtyppa_loc1_roi4_rep1_PRE.nc,Enzyme
1027,20230523,3.0,10,pa,1.0,4,1,215.42916870117188,0.607494664400779,../20230523_Glx_B6_HAse/20230523_mouseb6_vtyppa_loc1_roi4_rep1_PRE.nc,Enzyme
1028,20230523,3.0,11,pa,1.0,4,1,241.17916870117188,0.7007914816998382,../20230523_Glx_B6_HAse/20230523_mouseb6_vtyppa_loc1_roi4_rep1_PRE.nc,Enzyme
1029,20230523,3.0,12,pa,1.0,4,1,212.31668090820312,0.6529029352578246,../20230523_Glx_B6_HAse/20230523_mouseb6_vtyppa_loc1_roi4_rep1_PRE.nc,Enzyme
1030,20230523,3.0,13,pa,1.0,4,1,242.08750915527344,0.6984494490934711,../20230523_Glx_B6_HAse/20230523_mouseb6_vtyppa_loc1_roi4_rep1_PRE.nc,Enzyme
1031,20230523,3.0,14,pa,1.0,4,1,237.0333251953125,0.5962669081700381,../20230523_Glx_B6_HAse/20230523_mouseb6_vtyppa_loc1_roi4_rep1_PRE.nc,Enzyme
1032,20230523,3.0,15,pa,1.0,4,1,235.6000061035156,0.658861770993428,../20230523_Glx_B6_HAse/20230523_mouseb6_vtyppa_loc1_roi4_rep1_PRE.nc,Enzyme
1033,20230523,3.0,16,pa,1.0,4,1,225.4083251953125,0.629542920198517,../20230523_Glx_B6_HAse/20230523_mouseb6_vtyppa_loc1_roi4_rep1_PRE.nc,Enzyme
1034,20230523,4.0,0,pa,1.0,5,1,240.24583435058597,0.6356605340876214,../20230523_Glx_B6_HAse/20230523_mouseb6_vtyppa_loc1_roi5_rep1_PRE.nc,Enzyme
1035,20230523,4.0,1,pa,1.0,5,1,234.67083740234372,0.6976558805660983,../20230523_Glx_B6_HAse/20230523_mouseb6_vtyppa_loc1_roi5_rep1_PRE.nc,Enzyme
1036,20230523,4.0,2,pa,1.0,5,1,209.71665954589844,0.7461537572552566,../20230523_Glx_B6_HAse/20230523_mouseb6_vtyppa_loc1_roi5_rep1_PRE.nc,Enzyme
1037,20230523,4.0,3,pa,1.0,5,1,189.2958221435547,0.6369301628221857,../20230523_Glx_B6_HAse/20230523_mouseb6_vtyppa_loc1_roi5_rep1_PRE.nc,Enzyme
1038,20230523,4.0,4,pa,1.0,5,1,206.125,0.6447237962674656,../20230523_Glx_B6_HAse/20230523_mouseb6_vtyppa_loc1_roi5_rep1_PRE.nc,Enzyme
1039,20230523,4.0,5,pa,1.0,5,1,198.8000030517578,0.6392814328699196,../20230523_Glx_B6_HAse/20230523_mouseb6_vtyppa_loc1_roi5_rep1_PRE.nc,Enzyme
1040,20230523,4.0,6,pa,1.0,5,1,215.30416870117188,0.6028676082683951,../20230523_Glx_B6_HAse/20230523_mouseb6_vtyppa_loc1_roi5_rep1_PRE.nc,Enzyme
1041,20230523,4.0,7,pa,1.0,5,1,202.20416259765625,0.6970170687079325,../20230523_Glx_B6_HAse/20230523_mouseb6_vtyppa_loc1_roi5_rep1_PRE.nc,Enzyme
1042,20230523,4.0,8,pa,1.0,5,1,200.79583740234372,0.7900314504804967,../20230523_Glx_B6_HAse/20230523_mouseb6_vtyppa_loc1_roi5_rep1_PRE.nc,Enzyme
1043,20230523,4.0,9,pa,1.0,5,1,208.9208221435547,0.6274881401174012,../20230523_Glx_B6_HAse/20230523_mouseb6_vtyppa_loc1_roi5_rep1_PRE.nc,Enzyme
1044,20230523,4.0,10,pa,1.0,5,1,216.0749969482422,0.5715982977125785,../20230523_Glx_B6_HAse/20230523_mouseb6_vtyppa_loc1_roi5_rep1_PRE.nc,Enzyme
1045,20230523,4.0,11,pa,1.0,5,1,148.33750915527344,0.9413374061434427,../20230523_Glx_B6_HAse/20230523_mouseb6_vtyppa_loc1_roi5_rep1_PRE.nc,Enzyme
1046,20230523,4.0,12,pa,1.0,5,1,184.14584350585935,0.8893018111289701,../20230523_Glx_B6_HAse/20230523_mouseb6_vtyppa_loc1_roi5_rep1_PRE.nc,Enzyme
1047,20230523,4.0,13,pa,1.0,5,1,152.86666870117188,1.0316893630642163,../20230523_Glx_B6_HAse/20230523_mouseb6_vtyppa_loc1_roi5_rep1_PRE.nc,Enzyme
1048,20230523,4.0,14,pa,1.0,5,1,109.5999984741211,1.853818969409907,../20230523_Glx_B6_HAse/20230523_mouseb6_vtyppa_loc1_roi5_rep1_PRE.nc,Enzyme
1049,20230523,4.0,15,pa,1.0,5,1,148.1041717529297,1.4610666425464562,../20230523_Glx_B6_HAse/20230523_mouseb6_vtyppa_loc1_roi5_rep1_PRE.nc,Enzyme
1050,20230523,4.0,16,pa,1.0,5,1,151.2375030517578,1.5700813165426384,../20230523_Glx_B6_HAse/20230523_mouseb6_vtyppa_loc1_roi5_rep1_PRE.nc,Enzyme
1051,20230523,5.0,0,pa,2.0,1,1,179.1875,1.5379372592137115,../20230523_Glx_B6_HAse/20230523_mouseb6_vtyppa_loc2_roi1_rep1_notelarger-diam_PRE.nc,Enzyme
1052,20230523,5.0,1,pa,2.0,1,1,205.375,0.9189765082199488,../20230523_Glx_B6_HAse/20230523_mouseb6_vtyppa_loc2_roi1_rep1_notelarger-diam_PRE.nc,Enzyme
1053,20230523,5.0,2,pa,2.0,1,1,219.0333404541016,0.8166024442025499,../20230523_Glx_B6_HAse/20230523_mouseb6_vtyppa_loc2_roi1_rep1_notelarger-diam_PRE.nc,Enzyme
1054,20230523,5.0,3,pa,2.0,1,1,250.89584350585935,0.7644413117459717,../20230523_Glx_B6_HAse/20230523_mouseb6_vtyppa_loc2_roi1_rep1_notelarger-diam_PRE.nc,Enzyme
1055,20230523,5.0,4,pa,2.0,1,1,203.3166656494141,0.8008471282824222,../20230523_Glx_B6_HAse/20230523_mouseb6_vtyppa_loc2_roi1_rep1_notelarger-diam_PRE.nc,Enzyme
1056,20230523,5.0,5,pa,2.0,1,1,209.7708282470703,0.7319479667442055,../20230523_Glx_B6_HAse/20230523_mouseb6_vtyppa_loc2_roi1_rep1_notelarger-diam_PRE.nc,Enzyme
1057,20230523,5.0,6,pa,2.0,1,1,196.3125,0.7733209723352222,../20230523_Glx_B6_HAse/20230523_mouseb6_vtyppa_loc2_roi1_rep1_notelarger-diam_PRE.nc,Enzyme
1058,20230523,5.0,7,pa,2.0,1,1,171.49166870117188,0.9666321284550576,../20230523_Glx_B6_HAse/20230523_mouseb6_vtyppa_loc2_roi1_rep1_notelarger-diam_PRE.nc,Enzyme
1059,20230523,5.0,8,pa,2.0,1,1,140.6875,1.2931534884185412,../20230523_Glx_B6_HAse/20230523_mouseb6_vtyppa_loc2_roi1_rep1_notelarger-diam_PRE.nc,Enzyme
1060,20230523,5.0,9,pa,2.0,1,1,153.45416259765625,0.7913280067916569,../20230523_Glx_B6_HAse/20230523_mouseb6_vtyppa_loc2_roi1_rep1_notelarger-diam_PRE.nc,Enzyme
1061,20230523,5.0,10,pa,2.0,1,1,163.41665649414062,0.7134093701949625,../20230523_Glx_B6_HAse/20230523_mouseb6_vtyppa_loc2_roi1_rep1_notelarger-diam_PRE.nc,Enzyme
1062,20230523,5.0,11,pa,2.0,1,1,133.1999969482422,0.9286600389816764,../20230523_Glx_B6_HAse/20230523_mouseb6_vtyppa_loc2_roi1_rep1_notelarger-diam_PRE.nc,Enzyme
1063,20230523,5.0,12,pa,2.0,1,1,164.5625,0.9884800689068286,../20230523_Glx_B6_HAse/20230523_mouseb6_vtyppa_loc2_roi1_rep1_notelarger-diam_PRE.nc,Enzyme
1064,20230523,5.0,13,pa,2.0,1,1,182.61666870117188,0.9032664423663804,../20230523_Glx_B6_HAse/20230523_mouseb6_vtyppa_loc2_roi1_rep1_notelarger-diam_PRE.nc,Enzyme
1065,20230523,5.0,14,pa,2.0,1,1,138.77499389648438,1.2535634766034538,../20230523_Glx_B6_HAse/20230523_mouseb6_vtyppa_loc2_roi1_rep1_notelarger-diam_PRE.nc,Enzyme
1066,20230523,5.0,15,pa,2.0,1,1,149.85000610351562,0.9853494153003158,../20230523_Glx_B6_HAse/20230523_mouseb6_vtyppa_loc2_roi1_rep1_notelarger-diam_PRE.nc,Enzyme
1067,20230523,5.0,16,pa,2.0,1,1,159.5500030517578,0.8582709974070356,../20230523_Glx_B6_HAse/20230523_mouseb6_vtyppa_loc2_roi1_rep1_notelarger-diam_PRE.nc,Enzyme
1068,20230523,6.0,0,pea,1.0,1,1,146.77915954589844,1.656434347297698,../20230523_Glx_B6_HAse/20230523_mouseb6_vtyppea_loc1_roi1_rep1_PRE.nc,Enzyme
1069,20230523,6.0,1,pea,1.0,1,1,170.05416870117188,1.216979014521172,../20230523_Glx_B6_HAse/20230523_mouseb6_vtyppea_loc1_roi1_rep1_PRE.nc,Enzyme
1070,20230523,6.0,2,pea,1.0,1,1,231.90415954589844,0.7758632978138083,../20230523_Glx_B6_HAse/20230523_mouseb6_vtyppea_loc1_roi1_rep1_PRE.nc,Enzyme
1071,20230523,6.0,3,pea,1.0,1,1,173.44583129882812,1.1606105921119476,../20230523_Glx_B6_HAse/20230523_mouseb6_vtyppea_loc1_roi1_rep1_PRE.nc,Enzyme
1072,20230523,6.0,4,pea,1.0,1,1,287.2958068847656,0.757526882394735,../20230523_Glx_B6_HAse/20230523_mouseb6_vtyppea_loc1_roi1_rep1_PRE.nc,Enzyme
1073,20230523,6.0,5,pea,1.0,1,1,300.2333374023437,0.893676989756872,../20230523_Glx_B6_HAse/20230523_mouseb6_vtyppea_loc1_roi1_rep1_PRE.nc,Enzyme
1074,20230523,6.0,6,pea,1.0,1,1,174.3291778564453,0.9034937084281632,../20230523_Glx_B6_HAse/20230523_mouseb6_vtyppea_loc1_roi1_rep1_PRE.nc,Enzyme
1075,20230523,6.0,7,pea,1.0,1,1,169.5541534423828,0.7598347149117437,../20230523_Glx_B6_HAse/20230523_mouseb6_vtyppea_loc1_roi1_rep1_PRE.nc,Enzyme
1076,20230523,6.0,8,pea,1.0,1,1,175.91250610351562,0.8166393337797512,../20230523_Glx_B6_HAse/20230523_mouseb6_vtyppea_loc1_roi1_rep1_PRE.nc,Enzyme
1077,20230523,6.0,9,pea,1.0,1,1,150.49583435058594,0.8456232280940754,../20230523_Glx_B6_HAse/20230523_mouseb6_vtyppea_loc1_roi1_rep1_PRE.nc,Enzyme
1078,20230523,6.0,10,pea,1.0,1,1,152.5416717529297,0.7657263778226633,../20230523_Glx_B6_HAse/20230523_mouseb6_vtyppea_loc1_roi1_rep1_PRE.nc,Enzyme
1079,20230523,6.0,11,pea,1.0,1,1,153.25416564941406,1.1314781223654935,../20230523_Glx_B6_HAse/20230523_mouseb6_vtyppea_loc1_roi1_rep1_PRE.nc,Enzyme
1080,20230523,6.0,12,pea,1.0,1,1,178.1666717529297,0.8821669663447218,../20230523_Glx_B6_HAse/20230523_mouseb6_vtyppea_loc1_roi1_rep1_PRE.nc,Enzyme
1081,20230523,6.0,13,pea,1.0,1,1,155.75,1.0893927319840733,../20230523_Glx_B6_HAse/20230523_mouseb6_vtyppea_loc1_roi1_rep1_PRE.nc,Enzyme
1082,20230523,6.0,14,pea,1.0,1,1,176.88333129882812,0.7741407961428194,../20230523_Glx_B6_HAse/20230523_mouseb6_vtyppea_loc1_roi1_rep1_PRE.nc,Enzyme
1083,20230523,6.0,15,pea,1.0,1,1,176.4375,0.7941939834893256,../20230523_Glx_B6_HAse/20230523_mouseb6_vtyppea_loc1_roi1_rep1_PRE.nc,Enzyme
1084,20230523,6.0,16,pea,1.0,1,1,155.42083740234375,0.8700048687156641,../20230523_Glx_B6_HAse/20230523_mouseb6_vtyppea_loc1_roi1_rep1_PRE.nc,Enzyme
1085,20230523,7.0,0,pea,1.0,2,1,196.34999084472656,0.8773008701119218,../20230523_Glx_B6_HAse/20230523_mouseb6_vtyppea_loc1_roi2_rep1_PRE.nc,Enzyme
1086,20230523,7.0,1,pea,1.0,2,1,202.2208251953125,0.8246456725432665,../20230523_Glx_B6_HAse/20230523_mouseb6_vtyppea_loc1_roi2_rep1_PRE.nc,Enzyme
1087,20230523,7.0,2,pea,1.0,2,1,199.97499084472656,0.8255188298953983,../20230523_Glx_B6_HAse/20230523_mouseb6_vtyppea_loc1_roi2_rep1_PRE.nc,Enzyme
1088,20230523,7.0,3,pea,1.0,2,1,207.5,0.7064816898619315,../20230523_Glx_B6_HAse/20230523_mouseb6_vtyppea_loc1_roi2_rep1_PRE.nc,Enzyme
1089,20230523,7.0,4,pea,1.0,2,1,214.6750030517578,0.8223475677193856,../20230523_Glx_B6_HAse/20230523_mouseb6_vtyppea_loc1_roi2_rep1_PRE.nc,Enzyme
1090,20230523,7.0,5,pea,1.0,2,1,209.24166870117188,1.0554666282694452,../20230523_Glx_B6_HAse/20230523_mouseb6_vtyppea_loc1_roi2_rep1_PRE.nc,Enzyme
1091,20230523,7.0,6,pea,1.0,2,1,224.91249084472656,0.9228268958116492,../20230523_Glx_B6_HAse/20230523_mouseb6_vtyppea_loc1_roi2_rep1_PRE.nc,Enzyme
1092,20230523,7.0,7,pea,1.0,2,1,207.80833435058597,0.950844631950734,../20230523_Glx_B6_HAse/20230523_mouseb6_vtyppea_loc1_roi2_rep1_PRE.nc,Enzyme
1093,20230523,8.0,0,pea,1.0,3,1,207.24583435058597,0.8761404583195371,../20230523_Glx_B6_HAse/20230523_mouseb6_vtyppea_loc1_roi3_rep1_PRE.nc,Enzyme
1094,20230523,8.0,1,pea,1.0,3,1,212.7250061035156,0.9046866269202102,../20230523_Glx_B6_HAse/20230523_mouseb6_vtyppea_loc1_roi3_rep1_PRE.nc,Enzyme
1095,20230523,8.0,2,pea,1.0,3,1,154.97084045410156,1.0056596755667866,../20230523_Glx_B6_HAse/20230523_mouseb6_vtyppea_loc1_roi3_rep1_PRE.nc,Enzyme
1096,20230523,8.0,3,pea,1.0,3,1,156.7624969482422,1.0973515829053695,../20230523_Glx_B6_HAse/20230523_mouseb6_vtyppea_loc1_roi3_rep1_PRE.nc,Enzyme
1097,20230523,8.0,4,pea,1.0,3,1,187.4083404541016,0.8069172963436988,../20230523_Glx_B6_HAse/20230523_mouseb6_vtyppea_loc1_roi3_rep1_PRE.nc,Enzyme
1098,20230523,8.0,5,pea,1.0,3,1,215.4499969482422,0.8006975158596167,../20230523_Glx_B6_HAse/20230523_mouseb6_vtyppea_loc1_roi3_rep1_PRE.nc,Enzyme
1099,20230523,8.0,6,pea,1.0,3,1,159.43333435058594,0.8291881801043357,../20230523_Glx_B6_HAse/20230523_mouseb6_vtyppea_loc1_roi3_rep1_PRE.nc,Enzyme
1100,20230523,8.0,7,pea,1.0,3,1,163.73333740234375,0.9387191620347,../20230523_Glx_B6_HAse/20230523_mouseb6_vtyppea_loc1_roi3_rep1_PRE.nc,Enzyme
1101,20230523,8.0,8,pea,1.0,3,1,213.37083435058597,0.8128501185986815,../20230523_Glx_B6_HAse/20230523_mouseb6_vtyppea_loc1_roi3_rep1_PRE.nc,Enzyme
1102,20230523,8.0,9,pea,1.0,3,1,181.9583282470703,0.88187387775813,../20230523_Glx_B6_HAse/20230523_mouseb6_vtyppea_loc1_roi3_rep1_PRE.nc,Enzyme
1103,20230523,8.0,10,pea,1.0,3,1,152.1416778564453,0.9946394764925384,../20230523_Glx_B6_HAse/20230523_mouseb6_vtyppea_loc1_roi3_rep1_PRE.nc,Enzyme
1104,20230523,8.0,11,pea,1.0,3,1,169.52499389648438,0.953303423394412,../20230523_Glx_B6_HAse/20230523_mouseb6_vtyppea_loc1_roi3_rep1_PRE.nc,Enzyme
1105,20230523,8.0,12,pea,1.0,3,1,160.4666748046875,0.8385376079682537,../20230523_Glx_B6_HAse/20230523_mouseb6_vtyppea_loc1_roi3_rep1_PRE.nc,Enzyme
1106,20230523,8.0,13,pea,1.0,3,1,164.73748779296875,0.830492193929407,../20230523_Glx_B6_HAse/20230523_mouseb6_vtyppea_loc1_roi3_rep1_PRE.nc,Enzyme
1107,20230523,8.0,14,pea,1.0,3,1,169.6041717529297,0.803763541019197,../20230523_Glx_B6_HAse/20230523_mouseb6_vtyppea_loc1_roi3_rep1_PRE.nc,Enzyme
1108,20230523,8.0,15,pea,1.0,3,1,130.00833129882812,0.855735008392779,../20230523_Glx_B6_HAse/20230523_mouseb6_vtyppea_loc1_roi3_rep1_PRE.nc,Enzyme
1109,20230523,8.0,16,pea,1.0,3,1,130.5833282470703,0.7887704057706345,../20230523_Glx_B6_HAse/20230523_mouseb6_vtyppea_loc1_roi3_rep1_PRE.nc,Enzyme
1110,20230523,9.0,0,pea,1.0,4,1,193.50418090820312,1.024676928953078,../20230523_Glx_B6_HAse/20230523_mouseb6_vtyppea_loc1_roi4_rep1_PRE.nc,Enzyme
1111,20230523,9.0,1,pea,1.0,4,1,185.7041778564453,0.7940683916907899,../20230523_Glx_B6_HAse/20230523_mouseb6_vtyppea_loc1_roi4_rep1_PRE.nc,Enzyme
1112,20230523,9.0,2,pea,1.0,4,1,216.04583740234372,0.915062464811215,../20230523_Glx_B6_HAse/20230523_mouseb6_vtyppea_loc1_roi4_rep1_PRE.nc,Enzyme
1113,20230523,9.0,3,pea,1.0,4,1,205.0041656494141,0.9583754903683108,../20230523_Glx_B6_HAse/20230523_mouseb6_vtyppea_loc1_roi4_rep1_PRE.nc,Enzyme
1114,20230523,9.0,4,pea,1.0,4,1,218.8125,0.690988226435764,../20230523_Glx_B6_HAse/20230523_mouseb6_vtyppea_loc1_roi4_rep1_PRE.nc,Enzyme
1115,20230523,9.0,5,pea,1.0,4,1,202.0375061035156,1.0292187988450832,../20230523_Glx_B6_HAse/20230523_mouseb6_vtyppea_loc1_roi4_rep1_PRE.nc,Enzyme
1116,20230523,9.0,6,pea,1.0,4,1,173.79165649414062,1.1700991944537107,../20230523_Glx_B6_HAse/20230523_mouseb6_vtyppea_loc1_roi4_rep1_PRE.nc,Enzyme
1117,20230523,9.0,7,pea,1.0,4,1,175.42916870117188,1.131363417269953,../20230523_Glx_B6_HAse/20230523_mouseb6_vtyppea_loc1_roi4_rep1_PRE.nc,Enzyme
1118,20230523,9.0,8,pea,1.0,4,1,170.4375,1.3213404183438575,../20230523_Glx_B6_HAse/20230523_mouseb6_vtyppea_loc1_roi4_rep1_PRE.nc,Enzyme
1119,20230523,9.0,9,pea,1.0,4,1,176.1791534423828,1.1524651885546933,../20230523_Glx_B6_HAse/20230523_mouseb6_vtyppea_loc1_roi4_rep1_PRE.nc,Enzyme
1120,20230523,9.0,10,pea,1.0,4,1,160.5166778564453,1.169295359543831,../20230523_Glx_B6_HAse/20230523_mouseb6_vtyppea_loc1_roi4_rep1_PRE.nc,Enzyme
1121,20230523,9.0,11,pea,1.0,4,1,203.4875030517578,1.050168342763775,../20230523_Glx_B6_HAse/20230523_mouseb6_vtyppea_loc1_roi4_rep1_PRE.nc,Enzyme
1122,20230523,9.0,12,pea,1.0,4,1,207.60415649414065,0.9839235572630806,../20230523_Glx_B6_HAse/20230523_mouseb6_vtyppea_loc1_roi4_rep1_PRE.nc,Enzyme
1123,20230523,9.0,13,pea,1.0,4,1,189.82083129882807,0.9603802556875916,../20230523_Glx_B6_HAse/20230523_mouseb6_vtyppea_loc1_roi4_rep1_PRE.nc,Enzyme
1124,20230523,9.0,14,pea,1.0,4,1,227.9375,0.8314509894826697,../20230523_Glx_B6_HAse/20230523_mouseb6_vtyppea_loc1_roi4_rep1_PRE.nc,Enzyme
1125,20230523,9.0,15,pea,1.0,4,1,195.3541717529297,0.968884885467546,../20230523_Glx_B6_HAse/20230523_mouseb6_vtyppea_loc1_roi4_rep1_PRE.nc,Enzyme
1126,20230523,9.0,16,pea,1.0,4,1,237.69583129882807,0.9619701769345896,../20230523_Glx_B6_HAse/20230523_mouseb6_vtyppea_loc1_roi4_rep1_PRE.nc,Enzyme
1127,20230523,10.0,0,pea,1.0,5,1,162.31666564941406,0.9736028687383468,../20230523_Glx_B6_HAse/20230523_mouseb6_vtyppea_loc1_roi5_rep1_PRE.nc,Enzyme
1128,20230523,10.0,1,pea,1.0,5,1,208.2708282470703,0.8093572412106107,../20230523_Glx_B6_HAse/20230523_mouseb6_vtyppea_loc1_roi5_rep1_PRE.nc,Enzyme
1129,20230523,10.0,2,pea,1.0,5,1,181.1750030517578,0.7663959231025621,../20230523_Glx_B6_HAse/20230523_mouseb6_vtyppea_loc1_roi5_rep1_PRE.nc,Enzyme
1130,20230523,10.0,3,pea,1.0,5,1,167.3000030517578,0.836999683287519,../20230523_Glx_B6_HAse/20230523_mouseb6_vtyppea_loc1_roi5_rep1_PRE.nc,Enzyme
1131,20230523,10.0,4,pea,1.0,5,1,172.42916870117188,0.7758812140734734,../20230523_Glx_B6_HAse/20230523_mouseb6_vtyppea_loc1_roi5_rep1_PRE.nc,Enzyme
1132,20230523,10.0,5,pea,1.0,5,1,201.45001220703125,0.8164119106840968,../20230523_Glx_B6_HAse/20230523_mouseb6_vtyppea_loc1_roi5_rep1_PRE.nc,Enzyme
1133,20230523,10.0,6,pea,1.0,5,1,213.26251220703125,0.6499216076212726,../20230523_Glx_B6_HAse/20230523_mouseb6_vtyppea_loc1_roi5_rep1_PRE.nc,Enzyme
1134,20230523,10.0,7,pea,1.0,5,1,189.11666870117188,0.7826520165096412,../20230523_Glx_B6_HAse/20230523_mouseb6_vtyppea_loc1_roi5_rep1_PRE.nc,Enzyme
1135,20230523,10.0,8,pea,1.0,5,1,191.4416656494141,0.7373803548904792,../20230523_Glx_B6_HAse/20230523_mouseb6_vtyppea_loc1_roi5_rep1_PRE.nc,Enzyme
1136,20230523,10.0,9,pea,1.0,5,1,180.00416564941406,0.7207533951691129,../20230523_Glx_B6_HAse/20230523_mouseb6_vtyppea_loc1_roi5_rep1_PRE.nc,Enzyme
1137,20230523,10.0,10,pea,1.0,5,1,179.79998779296875,0.8452949310684124,../20230523_Glx_B6_HAse/20230523_mouseb6_vtyppea_loc1_roi5_rep1_PRE.nc,Enzyme
1138,20230523,11.0,0,pea,1.0,6,1,297.0500183105469,0.7529165914779593,../20230523_Glx_B6_HAse/20230523_mouseb6_vtyppea_loc1_roi6_rep1_PRE.nc,Enzyme
1139,20230523,11.0,1,pea,1.0,6,1,239.67083740234372,0.690504075424109,../20230523_Glx_B6_HAse/20230523_mouseb6_vtyppea_loc1_roi6_rep1_PRE.nc,Enzyme
1140,20230523,11.0,2,pea,1.0,6,1,225.20834350585935,0.8159254664933308,../20230523_Glx_B6_HAse/20230523_mouseb6_vtyppea_loc1_roi6_rep1_PRE.nc,Enzyme
1141,20230523,11.0,3,pea,1.0,6,1,182.0041656494141,0.953944766138767,../20230523_Glx_B6_HAse/20230523_mouseb6_vtyppea_loc1_roi6_rep1_PRE.nc,Enzyme
1142,20230523,11.0,4,pea,1.0,6,1,188.6083221435547,0.8279513610762893,../20230523_Glx_B6_HAse/20230523_mouseb6_vtyppea_loc1_roi6_rep1_PRE.nc,Enzyme
1143,20230523,11.0,5,pea,1.0,6,1,214.75,0.7148910419751426,../20230523_Glx_B6_HAse/20230523_mouseb6_vtyppea_loc1_roi6_rep1_PRE.nc,Enzyme
1144,20230523,11.0,6,pea,1.0,6,1,232.30833435058597,0.8263397413310939,../20230523_Glx_B6_HAse/20230523_mouseb6_vtyppea_loc1_roi6_rep1_PRE.nc,Enzyme
1145,20230523,11.0,7,pea,1.0,6,1,305.41668701171875,0.7259698916551497,../20230523_Glx_B6_HAse/20230523_mouseb6_vtyppea_loc1_roi6_rep1_PRE.nc,Enzyme
1146,20230523,11.0,8,pea,1.0,6,1,317.7458190917969,0.7665037760256896,../20230523_Glx_B6_HAse/20230523_mouseb6_vtyppea_loc1_roi6_rep1_PRE.nc,Enzyme
1147,20230523,11.0,9,pea,1.0,6,1,266.8958435058594,0.808781023230045,../20230523_Glx_B6_HAse/20230523_mouseb6_vtyppea_loc1_roi6_rep1_PRE.nc,Enzyme
1148,20230523,11.0,10,pea,1.0,6,1,286.8583374023437,0.6484573565852506,../20230523_Glx_B6_HAse/20230523_mouseb6_vtyppea_loc1_roi6_rep1_PRE.nc,Enzyme
1149,20230523,11.0,11,pea,1.0,6,1,269.125,0.8487796340757527,../20230523_Glx_B6_HAse/20230523_mouseb6_vtyppea_loc1_roi6_rep1_PRE.nc,Enzyme
1150,20230523,11.0,12,pea,1.0,6,1,247.21665954589844,0.9671075184263735,../20230523_Glx_B6_HAse/20230523_mouseb6_vtyppea_loc1_roi6_rep1_PRE.nc,Enzyme
1151,20230523,11.0,13,pea,1.0,6,1,224.42498779296875,0.923735223343565,../20230523_Glx_B6_HAse/20230523_mouseb6_vtyppea_loc1_roi6_rep1_PRE.nc,Enzyme
1152,20230523,11.0,14,pea,1.0,6,1,256.75,0.8476422744042366,../20230523_Glx_B6_HAse/20230523_mouseb6_vtyppea_loc1_roi6_rep1_PRE.nc,Enzyme
1153,20230523,11.0,15,pea,1.0,6,1,276.3416748046875,0.6610456117202443,../20230523_Glx_B6_HAse/20230523_mouseb6_vtyppea_loc1_roi6_rep1_PRE.nc,Enzyme
1154,20230523,11.0,16,pea,1.0,6,1,461.379150390625,0.6844420127563504,../20230523_Glx_B6_HAse/20230523_mouseb6_vtyppea_loc1_roi6_rep1_PRE.nc,Enzyme
1155,20230524,0.0,0,pa,1.0,1,1,326.6499938964844,0.6915464610108546,../20230524_Glx_B6_HAse/20230524_mouseb6_vtyppa_loc1_roi1_rep1_PRE.nc,Saline
1156,20230524,0.0,1,pa,1.0,1,1,278.495849609375,0.6267415740495607,../20230524_Glx_B6_HAse/20230524_mouseb6_vtyppa_loc1_roi1_rep1_PRE.nc,Saline
1157,20230524,0.0,2,pa,1.0,1,1,281.2749938964844,0.6260620897543057,../20230524_Glx_B6_HAse/20230524_mouseb6_vtyppa_loc1_roi1_rep1_PRE.nc,Saline
1158,20230524,0.0,3,pa,1.0,1,1,253.49166870117188,0.7224234217615202,../20230524_Glx_B6_HAse/20230524_mouseb6_vtyppa_loc1_roi1_rep1_PRE.nc,Saline
1159,20230524,0.0,4,pa,1.0,1,1,243.35833740234372,0.7514599746610395,../20230524_Glx_B6_HAse/20230524_mouseb6_vtyppa_loc1_roi1_rep1_PRE.nc,Saline
1160,20230524,0.0,5,pa,1.0,1,1,246.44583129882807,0.7675479619649482,../20230524_Glx_B6_HAse/20230524_mouseb6_vtyppa_loc1_roi1_rep1_PRE.nc,Saline
1161,20230524,0.0,6,pa,1.0,1,1,275.9333190917969,0.6134057328853164,../20230524_Glx_B6_HAse/20230524_mouseb6_vtyppa_loc1_roi1_rep1_PRE.nc,Saline
1162,20230524,0.0,7,pa,1.0,1,1,254.67083740234372,0.705199972840446,../20230524_Glx_B6_HAse/20230524_mouseb6_vtyppa_loc1_roi1_rep1_PRE.nc,Saline
1163,20230524,0.0,8,pa,1.0,1,1,252.17916870117188,0.7716906205918577,../20230524_Glx_B6_HAse/20230524_mouseb6_vtyppa_loc1_roi1_rep1_PRE.nc,Saline
1164,20230524,0.0,9,pa,1.0,1,1,265.1291809082031,0.7504766745001235,../20230524_Glx_B6_HAse/20230524_mouseb6_vtyppa_loc1_roi1_rep1_PRE.nc,Saline
1165,20230524,0.0,10,pa,1.0,1,1,279.1125183105469,0.6799572395680153,../20230524_Glx_B6_HAse/20230524_mouseb6_vtyppa_loc1_roi1_rep1_PRE.nc,Saline
1166,20230524,0.0,11,pa,1.0,1,1,281.5291442871094,0.7211556657918308,../20230524_Glx_B6_HAse/20230524_mouseb6_vtyppa_loc1_roi1_rep1_PRE.nc,Saline
1167,20230524,0.0,12,pa,1.0,1,1,291.7166748046875,0.6988617311615222,../20230524_Glx_B6_HAse/20230524_mouseb6_vtyppa_loc1_roi1_rep1_PRE.nc,Saline
1168,20230524,0.0,13,pa,1.0,1,1,316.120849609375,0.6454337966405642,../20230524_Glx_B6_HAse/20230524_mouseb6_vtyppa_loc1_roi1_rep1_PRE.nc,Saline
1169,20230524,0.0,14,pa,1.0,1,1,274.0249938964844,0.6497885654912846,../20230524_Glx_B6_HAse/20230524_mouseb6_vtyppa_loc1_roi1_rep1_PRE.nc,Saline
1170,20230524,0.0,15,pa,1.0,1,1,304.4166564941406,0.7213057970606558,../20230524_Glx_B6_HAse/20230524_mouseb6_vtyppa_loc1_roi1_rep1_PRE.nc,Saline
1171,20230524,0.0,16,pa,1.0,1,1,273.375,0.8923522777060661,../20230524_Glx_B6_HAse/20230524_mouseb6_vtyppa_loc1_roi1_rep1_PRE.nc,Saline
1172,20230524,1.0,0,pa,1.0,2,1,379.1499938964844,0.8203160967380126,../20230524_Glx_B6_HAse/20230524_mouseb6_vtyppa_loc1_roi2_rep1_PRE.nc,Saline
1173,20230524,1.0,1,pa,1.0,2,1,307.1458435058594,0.8296079959620977,../20230524_Glx_B6_HAse/20230524_mouseb6_vtyppa_loc1_roi2_rep1_PRE.nc,Saline
1174,20230524,1.0,2,pa,1.0,2,1,304.0291442871094,0.8042410447035034,../20230524_Glx_B6_HAse/20230524_mouseb6_vtyppa_loc1_roi2_rep1_PRE.nc,Saline
1175,20230524,1.0,3,pa,1.0,2,1,306.4208374023437,0.7511599003335243,../20230524_Glx_B6_HAse/20230524_mouseb6_vtyppa_loc1_roi2_rep1_PRE.nc,Saline
1176,20230524,1.0,4,pa,1.0,2,1,266.941650390625,0.7359520599732905,../20230524_Glx_B6_HAse/20230524_mouseb6_vtyppa_loc1_roi2_rep1_PRE.nc,Saline
1177,20230524,1.0,5,pa,1.0,2,1,282.1583251953125,0.8197930979973056,../20230524_Glx_B6_HAse/20230524_mouseb6_vtyppa_loc1_roi2_rep1_PRE.nc,Saline
1178,20230524,1.0,6,pa,1.0,2,1,307.45416259765625,0.7901953474785918,../20230524_Glx_B6_HAse/20230524_mouseb6_vtyppa_loc1_roi2_rep1_PRE.nc,Saline
1179,20230524,1.0,7,pa,1.0,2,1,291.0541687011719,0.849416628364121,../20230524_Glx_B6_HAse/20230524_mouseb6_vtyppa_loc1_roi2_rep1_PRE.nc,Saline
1180,20230524,1.0,8,pa,1.0,2,1,312.8374938964844,0.8533658294903715,../20230524_Glx_B6_HAse/20230524_mouseb6_vtyppa_loc1_roi2_rep1_PRE.nc,Saline
1181,20230524,1.0,9,pa,1.0,2,1,324.3999938964844,0.6836396396983516,../20230524_Glx_B6_HAse/20230524_mouseb6_vtyppa_loc1_roi2_rep1_PRE.nc,Saline
1182,20230524,1.0,10,pa,1.0,2,1,314.1166687011719,0.66909121567014,../20230524_Glx_B6_HAse/20230524_mouseb6_vtyppa_loc1_roi2_rep1_PRE.nc,Saline
1183,20230524,1.0,11,pa,1.0,2,1,346.4875183105469,0.7280868045724481,../20230524_Glx_B6_HAse/20230524_mouseb6_vtyppa_loc1_roi2_rep1_PRE.nc,Saline
1184,20230524,1.0,12,pa,1.0,2,1,309.4083251953125,0.6774923835467666,../20230524_Glx_B6_HAse/20230524_mouseb6_vtyppa_loc1_roi2_rep1_PRE.nc,Saline
1185,20230524,1.0,13,pa,1.0,2,1,325.4416809082031,0.6844703094714445,../20230524_Glx_B6_HAse/20230524_mouseb6_vtyppa_loc1_roi2_rep1_PRE.nc,Saline
1186,20230524,1.0,14,pa,1.0,2,1,345.5749816894531,0.6821671062381404,../20230524_Glx_B6_HAse/20230524_mouseb6_vtyppa_loc1_roi2_rep1_PRE.nc,Saline
1187,20230524,2.0,0,pa,1.0,3,1,270.1875,0.9135370850711666,../20230524_Glx_B6_HAse/20230524_mouseb6_vtyppa_loc1_roi3_rep1_PRE.nc,Saline
1188,20230524,2.0,1,pa,1.0,3,1,226.79165649414065,0.90387309834768,../20230524_Glx_B6_HAse/20230524_mouseb6_vtyppa_loc1_roi3_rep1_PRE.nc,Saline
1189,20230524,2.0,2,pa,1.0,3,1,251.5874938964844,0.8244266462405933,../20230524_Glx_B6_HAse/20230524_mouseb6_vtyppa_loc1_roi3_rep1_PRE.nc,Saline
1190,20230524,2.0,3,pa,1.0,3,1,217.99583435058597,0.9005805847397189,../20230524_Glx_B6_HAse/20230524_mouseb6_vtyppa_loc1_roi3_rep1_PRE.nc,Saline
1191,20230524,2.0,4,pa,1.0,3,1,215.7916717529297,0.7571328705759753,../20230524_Glx_B6_HAse/20230524_mouseb6_vtyppa_loc1_roi3_rep1_PRE.nc,Saline
1192,20230524,2.0,5,pa,1.0,3,1,255.7833404541016,0.7643094567120832,../20230524_Glx_B6_HAse/20230524_mouseb6_vtyppa_loc1_roi3_rep1_PRE.nc,Saline
1193,20230524,2.0,6,pa,1.0,3,1,251.29998779296875,0.7742440294123746,../20230524_Glx_B6_HAse/20230524_mouseb6_vtyppa_loc1_roi3_rep1_PRE.nc,Saline
1194,20230524,2.0,7,pa,1.0,3,1,255.6958465576172,0.8048379129385752,../20230524_Glx_B6_HAse/20230524_mouseb6_vtyppa_loc1_roi3_rep1_PRE.nc,Saline
1195,20230524,2.0,8,pa,1.0,3,1,255.5291748046875,0.7612942863744244,../20230524_Glx_B6_HAse/20230524_mouseb6_vtyppa_loc1_roi3_rep1_PRE.nc,Saline
1196,20230524,2.0,9,pa,1.0,3,1,298.9166564941406,0.7012784000013349,../20230524_Glx_B6_HAse/20230524_mouseb6_vtyppa_loc1_roi3_rep1_PRE.nc,Saline
1197,20230524,2.0,10,pa,1.0,3,1,283.2583312988281,0.6827633547216003,../20230524_Glx_B6_HAse/20230524_mouseb6_vtyppa_loc1_roi3_rep1_PRE.nc,Saline
1198,20230524,2.0,11,pa,1.0,3,1,267.3333435058594,0.6509365968370086,../20230524_Glx_B6_HAse/20230524_mouseb6_vtyppa_loc1_roi3_rep1_PRE.nc,Saline
1199,20230524,2.0,12,pa,1.0,3,1,280.3000183105469,0.6384040475210028,../20230524_Glx_B6_HAse/20230524_mouseb6_vtyppa_loc1_roi3_rep1_PRE.nc,Saline
1200,20230524,2.0,13,pa,1.0,3,1,259.0291442871094,0.7019166423212413,../20230524_Glx_B6_HAse/20230524_mouseb6_vtyppa_loc1_roi3_rep1_PRE.nc,Saline
1201,20230524,2.0,14,pa,1.0,3,1,285.07501220703125,0.6579732644913618,../20230524_Glx_B6_HAse/20230524_mouseb6_vtyppa_loc1_roi3_rep1_PRE.nc,Saline
1202,20230524,2.0,15,pa,1.0,3,1,273.9916687011719,0.7555866041201253,../20230524_Glx_B6_HAse/20230524_mouseb6_vtyppa_loc1_roi3_rep1_PRE.nc,Saline
1203,20230524,2.0,16,pa,1.0,3,1,320.9458312988281,0.619613535686119,../20230524_Glx_B6_HAse/20230524_mouseb6_vtyppa_loc1_roi3_rep1_PRE.nc,Saline
1204,20230524,3.0,0,pa,1.0,4,1,313.4375,0.6444201383135576,../20230524_Glx_B6_HAse/20230524_mouseb6_vtyppa_loc1_roi4_rep1_PRE.nc,Saline
1205,20230524,3.0,1,pa,1.0,4,1,237.44583129882807,0.7870939010103648,../20230524_Glx_B6_HAse/20230524_mouseb6_vtyppa_loc1_roi4_rep1_PRE.nc,Saline
1206,20230524,3.0,2,pa,1.0,4,1,244.17916870117188,0.8031642467746486,../20230524_Glx_B6_HAse/20230524_mouseb6_vtyppa_loc1_roi4_rep1_PRE.nc,Saline
1207,20230524,3.0,3,pa,1.0,4,1,257.5083312988281,0.7333153230064424,../20230524_Glx_B6_HAse/20230524_mouseb6_vtyppa_loc1_roi4_rep1_PRE.nc,Saline
1208,20230524,3.0,4,pa,1.0,4,1,274.3166809082031,0.7128608333073936,../20230524_Glx_B6_HAse/20230524_mouseb6_vtyppa_loc1_roi4_rep1_PRE.nc,Saline
1209,20230524,3.0,5,pa,1.0,4,1,338.97918701171875,0.791374774465879,../20230524_Glx_B6_HAse/20230524_mouseb6_vtyppa_loc1_roi4_rep1_PRE.nc,Saline
1210,20230524,3.0,6,pa,1.0,4,1,353.79998779296875,0.69125854972829,../20230524_Glx_B6_HAse/20230524_mouseb6_vtyppa_loc1_roi4_rep1_PRE.nc,Saline
1211,20230524,3.0,7,pa,1.0,4,1,357.20001220703125,0.7835950053231745,../20230524_Glx_B6_HAse/20230524_mouseb6_vtyppa_loc1_roi4_rep1_PRE.nc,Saline
1212,20230524,3.0,8,pa,1.0,4,1,284.495849609375,0.784426012561225,../20230524_Glx_B6_HAse/20230524_mouseb6_vtyppa_loc1_roi4_rep1_PRE.nc,Saline
1213,20230524,3.0,9,pa,1.0,4,1,298.5249938964844,0.8528799867776609,../20230524_Glx_B6_HAse/20230524_mouseb6_vtyppa_loc1_roi4_rep1_PRE.nc,Saline
1214,20230524,3.0,10,pa,1.0,4,1,257.9625244140625,0.9660928953297716,../20230524_Glx_B6_HAse/20230524_mouseb6_vtyppa_loc1_roi4_rep1_PRE.nc,Saline
1215,20230524,3.0,11,pa,1.0,4,1,255.5041656494141,0.8825281655261946,../20230524_Glx_B6_HAse/20230524_mouseb6_vtyppa_loc1_roi4_rep1_PRE.nc,Saline
1216,20230524,3.0,12,pa,1.0,4,1,267.8208312988281,0.8086368835414406,../20230524_Glx_B6_HAse/20230524_mouseb6_vtyppa_loc1_roi4_rep1_PRE.nc,Saline
1217,20230524,3.0,13,pa,1.0,4,1,271.7041931152344,0.8121007191456795,../20230524_Glx_B6_HAse/20230524_mouseb6_vtyppa_loc1_roi4_rep1_PRE.nc,Saline
1218,20230524,3.0,14,pa,1.0,4,1,300.9916687011719,0.8281781394888946,../20230524_Glx_B6_HAse/20230524_mouseb6_vtyppa_loc1_roi4_rep1_PRE.nc,Saline
1219,20230524,3.0,15,pa,1.0,4,1,296.6333312988281,0.7716121041950615,../20230524_Glx_B6_HAse/20230524_mouseb6_vtyppa_loc1_roi4_rep1_PRE.nc,Saline
1220,20230524,3.0,16,pa,1.0,4,1,234.01666259765625,0.9561891174408864,../20230524_Glx_B6_HAse/20230524_mouseb6_vtyppa_loc1_roi4_rep1_PRE.nc,Saline
1221,20230524,4.0,0,pa,1.0,6,1,243.9375,1.0570579337180337,../20230524_Glx_B6_HAse/20230524_mouseb6_vtyppa_loc1_roi6_rep1_PRE.nc,Saline
1222,20230524,4.0,1,pa,1.0,6,1,274.1499938964844,0.8944064920736342,../20230524_Glx_B6_HAse/20230524_mouseb6_vtyppa_loc1_roi6_rep1_PRE.nc,Saline
1223,20230524,4.0,2,pa,1.0,6,1,293.6083374023437,0.8715167390854451,../20230524_Glx_B6_HAse/20230524_mouseb6_vtyppa_loc1_roi6_rep1_PRE.nc,Saline
1224,20230524,4.0,3,pa,1.0,6,1,304.1625061035156,0.7071010985217706,../20230524_Glx_B6_HAse/20230524_mouseb6_vtyppa_loc1_roi6_rep1_PRE.nc,Saline
1225,20230524,4.0,4,pa,1.0,6,1,272.4125061035156,0.7769060067645861,../20230524_Glx_B6_HAse/20230524_mouseb6_vtyppa_loc1_roi6_rep1_PRE.nc,Saline
1226,20230524,4.0,5,pa,1.0,6,1,267.379150390625,0.8992456884165564,../20230524_Glx_B6_HAse/20230524_mouseb6_vtyppa_loc1_roi6_rep1_PRE.nc,Saline
1227,20230524,4.0,6,pa,1.0,6,1,247.4875030517578,0.9053471746410916,../20230524_Glx_B6_HAse/20230524_mouseb6_vtyppa_loc1_roi6_rep1_PRE.nc,Saline
1228,20230524,4.0,7,pa,1.0,6,1,284.20416259765625,0.7053258469060057,../20230524_Glx_B6_HAse/20230524_mouseb6_vtyppa_loc1_roi6_rep1_PRE.nc,Saline
1229,20230524,4.0,8,pa,1.0,6,1,321.5541687011719,0.8348842765683818,../20230524_Glx_B6_HAse/20230524_mouseb6_vtyppa_loc1_roi6_rep1_PRE.nc,Saline
1230,20230524,4.0,9,pa,1.0,6,1,303.39166259765625,0.68797999560552,../20230524_Glx_B6_HAse/20230524_mouseb6_vtyppa_loc1_roi6_rep1_PRE.nc,Saline
1231,20230524,4.0,10,pa,1.0,6,1,286.51251220703125,0.7084480413492837,../20230524_Glx_B6_HAse/20230524_mouseb6_vtyppa_loc1_roi6_rep1_PRE.nc,Saline
1232,20230524,4.0,11,pa,1.0,6,1,294.20831298828125,0.6608740565934899,../20230524_Glx_B6_HAse/20230524_mouseb6_vtyppa_loc1_roi6_rep1_PRE.nc,Saline
1233,20230524,4.0,12,pa,1.0,6,1,300.6916809082031,0.7429912414570423,../20230524_Glx_B6_HAse/20230524_mouseb6_vtyppa_loc1_roi6_rep1_PRE.nc,Saline
1234,20230524,4.0,13,pa,1.0,6,1,364.3125,0.6312829232882061,../20230524_Glx_B6_HAse/20230524_mouseb6_vtyppa_loc1_roi6_rep1_PRE.nc,Saline
1235,20230524,4.0,14,pa,1.0,6,1,365.8875122070313,0.7797666074984105,../20230524_Glx_B6_HAse/20230524_mouseb6_vtyppa_loc1_roi6_rep1_PRE.nc,Saline
1236,20230524,4.0,15,pa,1.0,6,1,408.933349609375,0.8173897944649837,../20230524_Glx_B6_HAse/20230524_mouseb6_vtyppa_loc1_roi6_rep1_PRE.nc,Saline
1237,20230524,4.0,16,pa,1.0,6,1,430.70416259765625,0.8629323978651944,../20230524_Glx_B6_HAse/20230524_mouseb6_vtyppa_loc1_roi6_rep1_PRE.nc,Saline
1238,20230524,5.0,0,pea,1.0,1,1,231.0666656494141,0.6297462875727333,../20230524_Glx_B6_HAse/20230524_mouseb6_vtyppea_loc1_roi1_rep1_PRE.nc,Saline
1239,20230524,5.0,1,pea,1.0,1,1,258.4291687011719,0.733327732364317,../20230524_Glx_B6_HAse/20230524_mouseb6_vtyppea_loc1_roi1_rep1_PRE.nc,Saline
1240,20230524,5.0,2,pea,1.0,1,1,216.3541717529297,1.0701598865731237,../20230524_Glx_B6_HAse/20230524_mouseb6_vtyppea_loc1_roi1_rep1_PRE.nc,Saline
1241,20230524,5.0,3,pea,1.0,1,1,190.84165954589844,0.8566069987650745,../20230524_Glx_B6_HAse/20230524_mouseb6_vtyppea_loc1_roi1_rep1_PRE.nc,Saline
1242,20230524,5.0,4,pea,1.0,1,1,219.69583129882807,0.7877650956800615,../20230524_Glx_B6_HAse/20230524_mouseb6_vtyppea_loc1_roi1_rep1_PRE.nc,Saline
1243,20230524,5.0,5,pea,1.0,1,1,237.54165649414065,0.6942777209411349,../20230524_Glx_B6_HAse/20230524_mouseb6_vtyppea_loc1_roi1_rep1_PRE.nc,Saline
1244,20230524,5.0,6,pea,1.0,1,1,225.1999969482422,0.8729936858317359,../20230524_Glx_B6_HAse/20230524_mouseb6_vtyppea_loc1_roi1_rep1_PRE.nc,Saline
1245,20230524,5.0,7,pea,1.0,1,1,270.5041809082031,0.7462227370505744,../20230524_Glx_B6_HAse/20230524_mouseb6_vtyppea_loc1_roi1_rep1_PRE.nc,Saline
1246,20230524,5.0,8,pea,1.0,1,1,269.558349609375,0.8762346134088761,../20230524_Glx_B6_HAse/20230524_mouseb6_vtyppea_loc1_roi1_rep1_PRE.nc,Saline
1247,20230524,5.0,9,pea,1.0,1,1,286.3500061035156,0.8225448239298484,../20230524_Glx_B6_HAse/20230524_mouseb6_vtyppea_loc1_roi1_rep1_PRE.nc,Saline
1248,20230524,5.0,10,pea,1.0,1,1,290.5892944335937,0.7475051545482799,../20230524_Glx_B6_HAse/20230524_mouseb6_vtyppea_loc1_roi1_rep1_PRE.nc,Saline
1249,20230524,6.0,0,pea,1.0,2,1,173.1875,0.7519395230537734,../20230524_Glx_B6_HAse/20230524_mouseb6_vtyppea_loc1_roi2_rep1_PRE.nc,Saline
1250,20230524,6.0,1,pea,1.0,2,1,187.58750915527344,0.7420568471298774,../20230524_Glx_B6_HAse/20230524_mouseb6_vtyppea_loc1_roi2_rep1_PRE.nc,Saline
1251,20230524,6.0,2,pea,1.0,2,1,199.55416870117188,0.7168933176224295,../20230524_Glx_B6_HAse/20230524_mouseb6_vtyppea_loc1_roi2_rep1_PRE.nc,Saline
1252,20230524,6.0,3,pea,1.0,2,1,185.3541717529297,0.6495663075253858,../20230524_Glx_B6_HAse/20230524_mouseb6_vtyppea_loc1_roi2_rep1_PRE.nc,Saline
1253,20230524,6.0,4,pea,1.0,2,1,165.1875,0.7215124357522559,../20230524_Glx_B6_HAse/20230524_mouseb6_vtyppea_loc1_roi2_rep1_PRE.nc,Saline
1254,20230524,6.0,5,pea,1.0,2,1,175.2375030517578,0.7544884109408642,../20230524_Glx_B6_HAse/20230524_mouseb6_vtyppea_loc1_roi2_rep1_PRE.nc,Saline
1255,20230524,6.0,6,pea,1.0,2,1,209.0749969482422,0.6773501765105736,../20230524_Glx_B6_HAse/20230524_mouseb6_vtyppea_loc1_roi2_rep1_PRE.nc,Saline
1256,20230524,6.0,7,pea,1.0,2,1,172.82083129882812,0.8793858057145704,../20230524_Glx_B6_HAse/20230524_mouseb6_vtyppea_loc1_roi2_rep1_PRE.nc,Saline
1257,20230524,7.0,0,pea,1.0,3,1,354.3666381835937,1.0245268831387888,../20230524_Glx_B6_HAse/20230524_mouseb6_vtyppea_loc1_roi3_rep1_PRE.nc,Saline
1258,20230524,7.0,1,pea,1.0,3,1,451.0,0.7191276630428629,../20230524_Glx_B6_HAse/20230524_mouseb6_vtyppea_loc1_roi3_rep1_PRE.nc,Saline
1259,20230524,7.0,2,pea,1.0,3,1,315.7833557128906,0.8838760796181103,../20230524_Glx_B6_HAse/20230524_mouseb6_vtyppea_loc1_roi3_rep1_PRE.nc,Saline
1260,20230524,7.0,3,pea,1.0,3,1,376.3958435058594,0.6411621853840599,../20230524_Glx_B6_HAse/20230524_mouseb6_vtyppea_loc1_roi3_rep1_PRE.nc,Saline
1261,20230524,7.0,4,pea,1.0,3,1,334.4583435058594,0.5947749381590077,../20230524_Glx_B6_HAse/20230524_mouseb6_vtyppea_loc1_roi3_rep1_PRE.nc,Saline
1262,20230524,7.0,5,pea,1.0,3,1,313.9708557128906,0.658562957393412,../20230524_Glx_B6_HAse/20230524_mouseb6_vtyppea_loc1_roi3_rep1_PRE.nc,Saline
1263,20230524,7.0,6,pea,1.0,3,1,315.47918701171875,0.6354447705465001,../20230524_Glx_B6_HAse/20230524_mouseb6_vtyppea_loc1_roi3_rep1_PRE.nc,Saline
1264,20230524,7.0,7,pea,1.0,3,1,363.5374755859375,0.6262692239271557,../20230524_Glx_B6_HAse/20230524_mouseb6_vtyppea_loc1_roi3_rep1_PRE.nc,Saline
1265,20230524,7.0,8,pea,1.0,3,1,337.25,0.6427574196570921,../20230524_Glx_B6_HAse/20230524_mouseb6_vtyppea_loc1_roi3_rep1_PRE.nc,Saline
1266,20230524,7.0,9,pea,1.0,3,1,356.9208374023437,0.6130543154000688,../20230524_Glx_B6_HAse/20230524_mouseb6_vtyppea_loc1_roi3_rep1_PRE.nc,Saline
1267,20230524,7.0,10,pea,1.0,3,1,406.3249816894531,0.5973965870884955,../20230524_Glx_B6_HAse/20230524_mouseb6_vtyppea_loc1_roi3_rep1_PRE.nc,Saline
1268,20230524,7.0,11,pea,1.0,3,1,378.2166748046875,0.6403923926663058,../20230524_Glx_B6_HAse/20230524_mouseb6_vtyppea_loc1_roi3_rep1_PRE.nc,Saline
1269,20230524,7.0,12,pea,1.0,3,1,360.9166564941406,0.5537697825627551,../20230524_Glx_B6_HAse/20230524_mouseb6_vtyppea_loc1_roi3_rep1_PRE.nc,Saline
1270,20230524,7.0,13,pea,1.0,3,1,300.5,0.6548257726275285,../20230524_Glx_B6_HAse/20230524_mouseb6_vtyppea_loc1_roi3_rep1_PRE.nc,Saline
1271,20230524,7.0,14,pea,1.0,3,1,289.4458312988281,0.7004712019085798,../20230524_Glx_B6_HAse/20230524_mouseb6_vtyppea_loc1_roi3_rep1_PRE.nc,Saline
1272,20230524,7.0,15,pea,1.0,3,1,298.8458251953125,0.6113439887252579,../20230524_Glx_B6_HAse/20230524_mouseb6_vtyppea_loc1_roi3_rep1_PRE.nc,Saline
1273,20230524,7.0,16,pea,1.0,3,1,279.1583557128906,0.6792184050541903,../20230524_Glx_B6_HAse/20230524_mouseb6_vtyppea_loc1_roi3_rep1_PRE.nc,Saline
1274,20230524,8.0,0,pea,1.0,4,1,256.8583374023437,0.7781383598443624,../20230524_Glx_B6_HAse/20230524_mouseb6_vtyppea_loc1_roi4_rep1_PRE.nc,Saline
1275,20230524,8.0,1,pea,1.0,4,1,266.20416259765625,0.6643880326457329,../20230524_Glx_B6_HAse/20230524_mouseb6_vtyppea_loc1_roi4_rep1_PRE.nc,Saline
1276,20230524,8.0,2,pea,1.0,4,1,260.8458251953125,0.6713989897884128,../20230524_Glx_B6_HAse/20230524_mouseb6_vtyppea_loc1_roi4_rep1_PRE.nc,Saline
1277,20230524,8.0,3,pea,1.0,4,1,313.6000061035156,0.6499957407768369,../20230524_Glx_B6_HAse/20230524_mouseb6_vtyppea_loc1_roi4_rep1_PRE.nc,Saline
1278,20230524,8.0,4,pea,1.0,4,1,348.0583190917969,0.7241928599617213,../20230524_Glx_B6_HAse/20230524_mouseb6_vtyppea_loc1_roi4_rep1_PRE.nc,Saline
1279,20230524,8.0,5,pea,1.0,4,1,310.3166809082031,0.6853933471851684,../20230524_Glx_B6_HAse/20230524_mouseb6_vtyppea_loc1_roi4_rep1_PRE.nc,Saline
1280,20230524,8.0,6,pea,1.0,4,1,356.4375,0.6163919925196952,../20230524_Glx_B6_HAse/20230524_mouseb6_vtyppea_loc1_roi4_rep1_PRE.nc,Saline
1281,20230524,8.0,7,pea,1.0,4,1,341.7666931152344,0.6172914231788922,../20230524_Glx_B6_HAse/20230524_mouseb6_vtyppea_loc1_roi4_rep1_PRE.nc,Saline
1282,20230524,8.0,8,pea,1.0,4,1,311.6500244140625,0.6173592703660338,../20230524_Glx_B6_HAse/20230524_mouseb6_vtyppea_loc1_roi4_rep1_PRE.nc,Saline
1283,20230524,8.0,9,pea,1.0,4,1,303.9750061035156,0.6670695225545893,../20230524_Glx_B6_HAse/20230524_mouseb6_vtyppea_loc1_roi4_rep1_PRE.nc,Saline
1284,20230524,8.0,10,pea,1.0,4,1,322.745849609375,0.7013730562021158,../20230524_Glx_B6_HAse/20230524_mouseb6_vtyppea_loc1_roi4_rep1_PRE.nc,Saline
1285,20230524,8.0,11,pea,1.0,4,1,325.7083435058594,0.7502256101393204,../20230524_Glx_B6_HAse/20230524_mouseb6_vtyppea_loc1_roi4_rep1_PRE.nc,Saline
1286,20230524,8.0,12,pea,1.0,4,1,290.6541748046875,0.7286242208603656,../20230524_Glx_B6_HAse/20230524_mouseb6_vtyppea_loc1_roi4_rep1_PRE.nc,Saline
1287,20230524,8.0,13,pea,1.0,4,1,305.558349609375,0.6778910076022667,../20230524_Glx_B6_HAse/20230524_mouseb6_vtyppea_loc1_roi4_rep1_PRE.nc,Saline
1288,20230524,8.0,14,pea,1.0,4,1,303.0333251953125,0.6591670738555971,../20230524_Glx_B6_HAse/20230524_mouseb6_vtyppea_loc1_roi4_rep1_PRE.nc,Saline
1289,20230524,8.0,15,pea,1.0,4,1,258.1916809082031,0.8543888345730007,../20230524_Glx_B6_HAse/20230524_mouseb6_vtyppea_loc1_roi4_rep1_PRE.nc,Saline
1290,20230524,8.0,16,pea,1.0,4,1,278.5416564941406,0.6623185202629451,../20230524_Glx_B6_HAse/20230524_mouseb6_vtyppea_loc1_roi4_rep1_PRE.nc,Saline
1291,20230526,0.0,0,pa,1.0,1,2,196.84165954589844,0.8191431583562984,../20230526_Glx_B6_HAse/20230526_mouseb6_vtyppa_loc1_roi1_rep2_noteactivealignment_PRE.nc,Enzyme
1292,20230526,0.0,1,pa,1.0,1,2,210.42498779296875,0.785190289944392,../20230526_Glx_B6_HAse/20230526_mouseb6_vtyppa_loc1_roi1_rep2_noteactivealignment_PRE.nc,Enzyme
1293,20230526,0.0,2,pa,1.0,1,2,165.92498779296875,0.7405192498133161,../20230526_Glx_B6_HAse/20230526_mouseb6_vtyppa_loc1_roi1_rep2_noteactivealignment_PRE.nc,Enzyme
1294,20230526,0.0,3,pa,1.0,1,2,193.2833404541016,0.6864113570324908,../20230526_Glx_B6_HAse/20230526_mouseb6_vtyppa_loc1_roi1_rep2_noteactivealignment_PRE.nc,Enzyme
1295,20230526,0.0,4,pa,1.0,1,2,166.4208221435547,0.9631218774208696,../20230526_Glx_B6_HAse/20230526_mouseb6_vtyppa_loc1_roi1_rep2_noteactivealignment_PRE.nc,Enzyme
1296,20230526,0.0,5,pa,1.0,1,2,149.49583435058594,0.811393215617014,../20230526_Glx_B6_HAse/20230526_mouseb6_vtyppa_loc1_roi1_rep2_noteactivealignment_PRE.nc,Enzyme
1297,20230526,0.0,6,pa,1.0,1,2,135.7166748046875,0.9270620308700456,../20230526_Glx_B6_HAse/20230526_mouseb6_vtyppa_loc1_roi1_rep2_noteactivealignment_PRE.nc,Enzyme
1298,20230526,0.0,7,pa,1.0,1,2,162.3541717529297,0.8655950377061415,../20230526_Glx_B6_HAse/20230526_mouseb6_vtyppa_loc1_roi1_rep2_noteactivealignment_PRE.nc,Enzyme
1299,20230526,0.0,8,pa,1.0,1,2,132.0833282470703,1.4339154455702798,../20230526_Glx_B6_HAse/20230526_mouseb6_vtyppa_loc1_roi1_rep2_noteactivealignment_PRE.nc,Enzyme
1300,20230526,0.0,9,pa,1.0,1,2,135.44583129882812,1.3526540308046613,../20230526_Glx_B6_HAse/20230526_mouseb6_vtyppa_loc1_roi1_rep2_noteactivealignment_PRE.nc,Enzyme
1301,20230526,0.0,10,pa,1.0,1,2,121.88333129882812,0.7361737833945564,../20230526_Glx_B6_HAse/20230526_mouseb6_vtyppa_loc1_roi1_rep2_noteactivealignment_PRE.nc,Enzyme
1302,20230526,0.0,11,pa,1.0,1,2,125.80416107177734,0.9312401818727996,../20230526_Glx_B6_HAse/20230526_mouseb6_vtyppa_loc1_roi1_rep2_noteactivealignment_PRE.nc,Enzyme
1303,20230526,0.0,12,pa,1.0,1,2,155.49166870117188,0.8279598362085608,../20230526_Glx_B6_HAse/20230526_mouseb6_vtyppa_loc1_roi1_rep2_noteactivealignment_PRE.nc,Enzyme
1304,20230526,0.0,13,pa,1.0,1,2,122.7458267211914,1.6763575815388296,../20230526_Glx_B6_HAse/20230526_mouseb6_vtyppa_loc1_roi1_rep2_noteactivealignment_PRE.nc,Enzyme
1305,20230526,0.0,14,pa,1.0,1,2,115.99583435058594,0.8832398961276361,../20230526_Glx_B6_HAse/20230526_mouseb6_vtyppa_loc1_roi1_rep2_noteactivealignment_PRE.nc,Enzyme
1306,20230526,0.0,15,pa,1.0,1,2,117.9499969482422,0.7599707135236509,../20230526_Glx_B6_HAse/20230526_mouseb6_vtyppa_loc1_roi1_rep2_noteactivealignment_PRE.nc,Enzyme
1307,20230526,0.0,16,pa,1.0,1,2,113.11666107177734,0.771596257471364,../20230526_Glx_B6_HAse/20230526_mouseb6_vtyppa_loc1_roi1_rep2_noteactivealignment_PRE.nc,Enzyme
1308,20230526,1.0,0,pa,2.0,1,2,223.7208404541016,1.2650129290855072,../20230526_Glx_B6_HAse/20230526_mouseb6_vtyppa_loc2_roi1_rep2_noteactivealignment_PRE.nc,Enzyme
1309,20230526,1.0,1,pa,2.0,1,2,249.4375,1.2377943333765435,../20230526_Glx_B6_HAse/20230526_mouseb6_vtyppa_loc2_roi1_rep2_noteactivealignment_PRE.nc,Enzyme
1310,20230526,1.0,2,pa,2.0,1,2,260.4041442871094,1.175963597449502,../20230526_Glx_B6_HAse/20230526_mouseb6_vtyppa_loc2_roi1_rep2_noteactivealignment_PRE.nc,Enzyme
1311,20230526,1.0,3,pa,2.0,1,2,249.02500915527344,1.0713046391306216,../20230526_Glx_B6_HAse/20230526_mouseb6_vtyppa_loc2_roi1_rep2_noteactivealignment_PRE.nc,Enzyme
1312,20230526,1.0,4,pa,2.0,1,2,290.941650390625,1.0300399765581996,../20230526_Glx_B6_HAse/20230526_mouseb6_vtyppa_loc2_roi1_rep2_noteactivealignment_PRE.nc,Enzyme
1313,20230526,1.0,5,pa,2.0,1,2,287.8708190917969,0.7569794918451368,../20230526_Glx_B6_HAse/20230526_mouseb6_vtyppa_loc2_roi1_rep2_noteactivealignment_PRE.nc,Enzyme
1314,20230526,1.0,6,pa,2.0,1,2,310.5083312988281,0.6512959578807143,../20230526_Glx_B6_HAse/20230526_mouseb6_vtyppa_loc2_roi1_rep2_noteactivealignment_PRE.nc,Enzyme
1315,20230526,1.0,7,pa,2.0,1,2,319.2791442871094,0.5794247772972718,../20230526_Glx_B6_HAse/20230526_mouseb6_vtyppa_loc2_roi1_rep2_noteactivealignment_PRE.nc,Enzyme
1316,20230526,1.0,8,pa,2.0,1,2,295.7124938964844,0.6171205925906564,../20230526_Glx_B6_HAse/20230526_mouseb6_vtyppa_loc2_roi1_rep2_noteactivealignment_PRE.nc,Enzyme
1317,20230526,1.0,9,pa,2.0,1,2,310.566650390625,0.5963161776421289,../20230526_Glx_B6_HAse/20230526_mouseb6_vtyppa_loc2_roi1_rep2_noteactivealignment_PRE.nc,Enzyme
1318,20230526,1.0,10,pa,2.0,1,2,308.1583251953125,0.6160028395728224,../20230526_Glx_B6_HAse/20230526_mouseb6_vtyppa_loc2_roi1_rep2_noteactivealignment_PRE.nc,Enzyme
1319,20230526,1.0,11,pa,2.0,1,2,326.23748779296875,0.6561027911403148,../20230526_Glx_B6_HAse/20230526_mouseb6_vtyppa_loc2_roi1_rep2_noteactivealignment_PRE.nc,Enzyme
1320,20230526,1.0,12,pa,2.0,1,2,320.7875061035156,0.6260252218154245,../20230526_Glx_B6_HAse/20230526_mouseb6_vtyppa_loc2_roi1_rep2_noteactivealignment_PRE.nc,Enzyme
1321,20230526,1.0,13,pa,2.0,1,2,356.72918701171875,0.720221253095919,../20230526_Glx_B6_HAse/20230526_mouseb6_vtyppa_loc2_roi1_rep2_noteactivealignment_PRE.nc,Enzyme
1322,20230526,1.0,14,pa,2.0,1,2,304.191650390625,0.9922989711393548,../20230526_Glx_B6_HAse/20230526_mouseb6_vtyppa_loc2_roi1_rep2_noteactivealignment_PRE.nc,Enzyme
1323,20230526,1.0,15,pa,2.0,1,2,308.07916259765625,0.916098720628945,../20230526_Glx_B6_HAse/20230526_mouseb6_vtyppa_loc2_roi1_rep2_noteactivealignment_PRE.nc,Enzyme
1324,20230526,1.0,16,pa,2.0,1,2,364.3541564941406,0.7341368178769422,../20230526_Glx_B6_HAse/20230526_mouseb6_vtyppa_loc2_roi1_rep2_noteactivealignment_PRE.nc,Enzyme
1325,20230526,2.0,0,pea,1.0,1,2,94.1374969482422,0.7356076294546939,../20230526_Glx_B6_HAse/20230526_mouseb6_vtyppea_loc1_roi1_rep2_noteactivealignment_PRE.nc,Enzyme
1326,20230526,2.0,1,pea,1.0,1,2,119.30833435058594,0.6209600079553688,../20230526_Glx_B6_HAse/20230526_mouseb6_vtyppea_loc1_roi1_rep2_noteactivealignment_PRE.nc,Enzyme
1327,20230526,2.0,2,pea,1.0,1,2,109.73333740234376,0.718460392893296,../20230526_Glx_B6_HAse/20230526_mouseb6_vtyppea_loc1_roi1_rep2_noteactivealignment_PRE.nc,Enzyme
1328,20230526,2.0,3,pea,1.0,1,2,114.3125,0.5801769712262987,../20230526_Glx_B6_HAse/20230526_mouseb6_vtyppea_loc1_roi1_rep2_noteactivealignment_PRE.nc,Enzyme
1329,20230526,3.0,0,pea,2.0,1,2,191.0500030517578,0.6314989295773354,../20230526_Glx_B6_HAse/20230526_mouseb6_vtyppea_loc2_roi1_rep2_noteactivealignment_PRE.nc,Enzyme
1330,20230526,3.0,1,pea,2.0,1,2,183.82501220703125,0.6645031635354146,../20230526_Glx_B6_HAse/20230526_mouseb6_vtyppea_loc2_roi1_rep2_noteactivealignment_PRE.nc,Enzyme
1331,20230526,3.0,2,pea,2.0,1,2,153.1041717529297,0.7564994396940601,../20230526_Glx_B6_HAse/20230526_mouseb6_vtyppea_loc2_roi1_rep2_noteactivealignment_PRE.nc,Enzyme
1332,20230526,3.0,3,pea,2.0,1,2,196.2541656494141,0.6199696521888536,../20230526_Glx_B6_HAse/20230526_mouseb6_vtyppea_loc2_roi1_rep2_noteactivealignment_PRE.nc,Enzyme
1333,20230526,3.0,4,pea,2.0,1,2,167.4083251953125,0.8433063966072188,../20230526_Glx_B6_HAse/20230526_mouseb6_vtyppea_loc2_roi1_rep2_noteactivealignment_PRE.nc,Enzyme
1334,20230526,3.0,5,pea,2.0,1,2,118.51667022705078,0.978412374963972,../20230526_Glx_B6_HAse/20230526_mouseb6_vtyppea_loc2_roi1_rep2_noteactivealignment_PRE.nc,Enzyme
1335,20230526,3.0,6,pea,2.0,1,2,145.27084350585938,0.8652241748121474,../20230526_Glx_B6_HAse/20230526_mouseb6_vtyppea_loc2_roi1_rep2_noteactivealignment_PRE.nc,Enzyme
1336,20230526,3.0,7,pea,2.0,1,2,165.9375,0.930535797008196,../20230526_Glx_B6_HAse/20230526_mouseb6_vtyppea_loc2_roi1_rep2_noteactivealignment_PRE.nc,Enzyme
1337,20230527,0.0,0,pa,1.0,1,1,249.07916259765625,1.2087517255530322,../20230527_Glx_B6_HAse/20230527_mouseb6_vtyppa_loc1_roi1_rep1_PRE.nc,Enzyme
1338,20230527,0.0,1,pa,1.0,1,1,295.45416259765625,1.044040522720085,../20230527_Glx_B6_HAse/20230527_mouseb6_vtyppa_loc1_roi1_rep1_PRE.nc,Enzyme
1339,20230527,0.0,2,pa,1.0,1,1,366.6124877929688,0.808952218847652,../20230527_Glx_B6_HAse/20230527_mouseb6_vtyppa_loc1_roi1_rep1_PRE.nc,Enzyme
1340,20230527,0.0,3,pa,1.0,1,1,363.6000061035156,0.8643687521044785,../20230527_Glx_B6_HAse/20230527_mouseb6_vtyppa_loc1_roi1_rep1_PRE.nc,Enzyme
1341,20230527,0.0,4,pa,1.0,1,1,413.9291687011719,0.7200984471208371,../20230527_Glx_B6_HAse/20230527_mouseb6_vtyppa_loc1_roi1_rep1_PRE.nc,Enzyme
1342,20230527,0.0,5,pa,1.0,1,1,400.0958251953125,0.7621291695093,../20230527_Glx_B6_HAse/20230527_mouseb6_vtyppa_loc1_roi1_rep1_PRE.nc,Enzyme
1343,20230527,0.0,6,pa,1.0,1,1,422.9125061035156,0.6291155758634007,../20230527_Glx_B6_HAse/20230527_mouseb6_vtyppa_loc1_roi1_rep1_PRE.nc,Enzyme
1344,20230527,0.0,7,pa,1.0,1,1,366.1333312988281,0.7024838661317339,../20230527_Glx_B6_HAse/20230527_mouseb6_vtyppa_loc1_roi1_rep1_PRE.nc,Enzyme
1345,20230527,0.0,8,pa,1.0,1,1,363.4500122070313,0.7164087672430253,../20230527_Glx_B6_HAse/20230527_mouseb6_vtyppa_loc1_roi1_rep1_PRE.nc,Enzyme
1346,20230527,0.0,9,pa,1.0,1,1,370.9458312988281,0.6891627048142945,../20230527_Glx_B6_HAse/20230527_mouseb6_vtyppa_loc1_roi1_rep1_PRE.nc,Enzyme
1347,20230527,0.0,10,pa,1.0,1,1,390.4666748046875,0.6328286584421576,../20230527_Glx_B6_HAse/20230527_mouseb6_vtyppa_loc1_roi1_rep1_PRE.nc,Enzyme
1348,20230527,0.0,11,pa,1.0,1,1,363.3833312988281,0.687514157068041,../20230527_Glx_B6_HAse/20230527_mouseb6_vtyppa_loc1_roi1_rep1_PRE.nc,Enzyme
1349,20230527,0.0,12,pa,1.0,1,1,342.26666259765625,0.7631345732900071,../20230527_Glx_B6_HAse/20230527_mouseb6_vtyppa_loc1_roi1_rep1_PRE.nc,Enzyme
1350,20230527,0.0,13,pa,1.0,1,1,329.625,0.7357064155508914,../20230527_Glx_B6_HAse/20230527_mouseb6_vtyppa_loc1_roi1_rep1_PRE.nc,Enzyme
1351,20230527,0.0,14,pa,1.0,1,1,319.8416748046875,0.7016643101854992,../20230527_Glx_B6_HAse/20230527_mouseb6_vtyppa_loc1_roi1_rep1_PRE.nc,Enzyme
1352,20230527,0.0,15,pa,1.0,1,1,253.8125,0.8362543987200328,../20230527_Glx_B6_HAse/20230527_mouseb6_vtyppa_loc1_roi1_rep1_PRE.nc,Enzyme
1353,20230527,0.0,16,pa,1.0,1,1,281.39166259765625,0.8358051473730239,../20230527_Glx_B6_HAse/20230527_mouseb6_vtyppa_loc1_roi1_rep1_PRE.nc,Enzyme
1354,20230527,1.0,0,pa,1.0,2,1,296.0083312988281,0.8030977944441816,../20230527_Glx_B6_HAse/20230527_mouseb6_vtyppa_loc1_roi2_rep1_PRE.nc,Enzyme
1355,20230527,1.0,1,pa,1.0,2,1,276.8416442871094,1.184610433024966,../20230527_Glx_B6_HAse/20230527_mouseb6_vtyppa_loc1_roi2_rep1_PRE.nc,Enzyme
1356,20230527,1.0,2,pa,1.0,2,1,256.8666687011719,0.8735442353377112,../20230527_Glx_B6_HAse/20230527_mouseb6_vtyppa_loc1_roi2_rep1_PRE.nc,Enzyme
1357,20230527,1.0,3,pa,1.0,2,1,257.40625,0.7917733804589988,../20230527_Glx_B6_HAse/20230527_mouseb6_vtyppa_loc1_roi2_rep1_PRE.nc,Enzyme
1358,20230527,2.0,0,pa,1.0,3,1,300.1750183105469,0.7633453616432546,../20230527_Glx_B6_HAse/20230527_mouseb6_vtyppa_loc1_roi3_rep1_PRE.nc,Enzyme
1359,20230527,2.0,1,pa,1.0,3,1,358.1458435058594,0.7786196507878549,../20230527_Glx_B6_HAse/20230527_mouseb6_vtyppa_loc1_roi3_rep1_PRE.nc,Enzyme
1360,20230527,2.0,2,pa,1.0,3,1,328.0333251953125,0.8579658582794146,../20230527_Glx_B6_HAse/20230527_mouseb6_vtyppa_loc1_roi3_rep1_PRE.nc,Enzyme
1361,20230527,2.0,3,pa,1.0,3,1,335.5208435058594,0.938014068101088,../20230527_Glx_B6_HAse/20230527_mouseb6_vtyppa_loc1_roi3_rep1_PRE.nc,Enzyme
1362,20230527,2.0,4,pa,1.0,3,1,363.9458312988281,0.7258868190475429,../20230527_Glx_B6_HAse/20230527_mouseb6_vtyppa_loc1_roi3_rep1_PRE.nc,Enzyme
1363,20230527,2.0,5,pa,1.0,3,1,298.27081298828125,0.849024582156756,../20230527_Glx_B6_HAse/20230527_mouseb6_vtyppa_loc1_roi3_rep1_PRE.nc,Enzyme
1364,20230527,2.0,6,pa,1.0,3,1,416.60833740234375,0.7535849789508567,../20230527_Glx_B6_HAse/20230527_mouseb6_vtyppa_loc1_roi3_rep1_PRE.nc,Enzyme
1365,20230527,2.0,7,pa,1.0,3,1,302.8833312988281,0.9981691459214652,../20230527_Glx_B6_HAse/20230527_mouseb6_vtyppa_loc1_roi3_rep1_PRE.nc,Enzyme
1366,20230527,2.0,8,pa,1.0,3,1,279.3500061035156,0.8480898111990915,../20230527_Glx_B6_HAse/20230527_mouseb6_vtyppa_loc1_roi3_rep1_PRE.nc,Enzyme
1367,20230527,2.0,9,pa,1.0,3,1,294.625,0.8886415295820608,../20230527_Glx_B6_HAse/20230527_mouseb6_vtyppa_loc1_roi3_rep1_PRE.nc,Enzyme
1368,20230527,2.0,10,pa,1.0,3,1,265.1499938964844,0.9527556639604272,../20230527_Glx_B6_HAse/20230527_mouseb6_vtyppa_loc1_roi3_rep1_PRE.nc,Enzyme
1369,20230527,2.0,11,pa,1.0,3,1,310.066650390625,0.7488031742471084,../20230527_Glx_B6_HAse/20230527_mouseb6_vtyppa_loc1_roi3_rep1_PRE.nc,Enzyme
1370,20230527,2.0,12,pa,1.0,3,1,317.7166748046875,0.8472841740646494,../20230527_Glx_B6_HAse/20230527_mouseb6_vtyppa_loc1_roi3_rep1_PRE.nc,Enzyme
1371,20230527,2.0,13,pa,1.0,3,1,372.2916870117188,0.7626194875420047,../20230527_Glx_B6_HAse/20230527_mouseb6_vtyppa_loc1_roi3_rep1_PRE.nc,Enzyme
1372,20230527,2.0,14,pa,1.0,3,1,451.1000061035156,0.7614917940800127,../20230527_Glx_B6_HAse/20230527_mouseb6_vtyppa_loc1_roi3_rep1_PRE.nc,Enzyme
1373,20230527,2.0,15,pa,1.0,3,1,471.24163818359375,0.7638205372047688,../20230527_Glx_B6_HAse/20230527_mouseb6_vtyppa_loc1_roi3_rep1_PRE.nc,Enzyme
1374,20230527,2.0,16,pa,1.0,3,1,632.1708374023438,0.6499099967338567,../20230527_Glx_B6_HAse/20230527_mouseb6_vtyppa_loc1_roi3_rep1_PRE.nc,Enzyme
1375,20230527,3.0,0,pa,1.0,4,1,422.42083740234375,0.6180670266325038,../20230527_Glx_B6_HAse/20230527_mouseb6_vtyppa_loc1_roi4_rep1_PRE.nc,Enzyme
1376,20230527,3.0,1,pa,1.0,4,1,400.9124755859375,0.6387877436503483,../20230527_Glx_B6_HAse/20230527_mouseb6_vtyppa_loc1_roi4_rep1_PRE.nc,Enzyme
1377,20230527,3.0,2,pa,1.0,4,1,416.4458312988281,0.6409828700372965,../20230527_Glx_B6_HAse/20230527_mouseb6_vtyppa_loc1_roi4_rep1_PRE.nc,Enzyme
1378,20230527,3.0,3,pa,1.0,4,1,473.3083190917969,0.6829559149167642,../20230527_Glx_B6_HAse/20230527_mouseb6_vtyppa_loc1_roi4_rep1_PRE.nc,Enzyme
1379,20230527,3.0,4,pa,1.0,4,1,416.0708312988281,0.8019191926699949,../20230527_Glx_B6_HAse/20230527_mouseb6_vtyppa_loc1_roi4_rep1_PRE.nc,Enzyme
1380,20230527,3.0,5,pa,1.0,4,1,482.7208557128906,0.8441335292655343,../20230527_Glx_B6_HAse/20230527_mouseb6_vtyppa_loc1_roi4_rep1_PRE.nc,Enzyme
1381,20230527,3.0,6,pa,1.0,4,1,469.8416442871094,0.7327768165568627,../20230527_Glx_B6_HAse/20230527_mouseb6_vtyppa_loc1_roi4_rep1_PRE.nc,Enzyme
1382,20230527,3.0,7,pa,1.0,4,1,513.92919921875,0.8231788162398828,../20230527_Glx_B6_HAse/20230527_mouseb6_vtyppa_loc1_roi4_rep1_PRE.nc,Enzyme
1383,20230527,3.0,8,pa,1.0,4,1,464.4583435058594,0.7756959124440542,../20230527_Glx_B6_HAse/20230527_mouseb6_vtyppa_loc1_roi4_rep1_PRE.nc,Enzyme
1384,20230527,3.0,9,pa,1.0,4,1,362.1750183105469,0.8518975204755017,../20230527_Glx_B6_HAse/20230527_mouseb6_vtyppa_loc1_roi4_rep1_PRE.nc,Enzyme
1385,20230527,3.0,10,pa,1.0,4,1,370.0333251953125,0.9086637538105636,../20230527_Glx_B6_HAse/20230527_mouseb6_vtyppa_loc1_roi4_rep1_PRE.nc,Enzyme
1386,20230527,4.0,0,pea,1.0,1,1,210.5749969482422,0.9446439425967464,../20230527_Glx_B6_HAse/20230527_mouseb6_vtyppea_loc1_roi1_rep1_PRE.nc,Enzyme
1387,20230527,4.0,1,pea,1.0,1,1,199.07916259765625,0.783376527266836,../20230527_Glx_B6_HAse/20230527_mouseb6_vtyppea_loc1_roi1_rep1_PRE.nc,Enzyme
1388,20230527,4.0,2,pea,1.0,1,1,195.5041656494141,0.7620882340059272,../20230527_Glx_B6_HAse/20230527_mouseb6_vtyppea_loc1_roi1_rep1_PRE.nc,Enzyme
1389,20230527,4.0,3,pea,1.0,1,1,147.12083435058594,0.9399457811791804,../20230527_Glx_B6_HAse/20230527_mouseb6_vtyppea_loc1_roi1_rep1_PRE.nc,Enzyme
1390,20230527,4.0,4,pea,1.0,1,1,144.84999084472656,0.7821454929898609,../20230527_Glx_B6_HAse/20230527_mouseb6_vtyppea_loc1_roi1_rep1_PRE.nc,Enzyme
1391,20230527,4.0,5,pea,1.0,1,1,192.1458282470703,0.821575235285267,../20230527_Glx_B6_HAse/20230527_mouseb6_vtyppea_loc1_roi1_rep1_PRE.nc,Enzyme
1392,20230527,4.0,6,pea,1.0,1,1,171.61666870117188,0.9587897566701454,../20230527_Glx_B6_HAse/20230527_mouseb6_vtyppea_loc1_roi1_rep1_PRE.nc,Enzyme
1393,20230527,4.0,7,pea,1.0,1,1,188.72499084472656,0.9089606763807048,../20230527_Glx_B6_HAse/20230527_mouseb6_vtyppea_loc1_roi1_rep1_PRE.nc,Enzyme
1394,20230527,4.0,8,pea,1.0,1,1,214.19583129882807,1.0513500232773678,../20230527_Glx_B6_HAse/20230527_mouseb6_vtyppea_loc1_roi1_rep1_PRE.nc,Enzyme
1395,20230527,4.0,9,pea,1.0,1,1,175.9291534423828,0.9758278484303858,../20230527_Glx_B6_HAse/20230527_mouseb6_vtyppea_loc1_roi1_rep1_PRE.nc,Enzyme
1396,20230527,4.0,10,pea,1.0,1,1,205.55416870117188,1.0124851121525549,../20230527_Glx_B6_HAse/20230527_mouseb6_vtyppea_loc1_roi1_rep1_PRE.nc,Enzyme
1397,20230527,4.0,11,pea,1.0,1,1,204.6666717529297,0.9149941025667656,../20230527_Glx_B6_HAse/20230527_mouseb6_vtyppea_loc1_roi1_rep1_PRE.nc,Enzyme
1398,20230527,4.0,12,pea,1.0,1,1,134.64166259765625,1.1760084953822043,../20230527_Glx_B6_HAse/20230527_mouseb6_vtyppea_loc1_roi1_rep1_PRE.nc,Enzyme
1399,20230527,4.0,13,pea,1.0,1,1,186.3374938964844,0.8863044823108903,../20230527_Glx_B6_HAse/20230527_mouseb6_vtyppea_loc1_roi1_rep1_PRE.nc,Enzyme
1400,20230527,4.0,14,pea,1.0,1,1,194.3999938964844,1.0677842844578922,../20230527_Glx_B6_HAse/20230527_mouseb6_vtyppea_loc1_roi1_rep1_PRE.nc,Enzyme
1401,20230527,4.0,15,pea,1.0,1,1,159.56666564941406,1.422297409329228,../20230527_Glx_B6_HAse/20230527_mouseb6_vtyppea_loc1_roi1_rep1_PRE.nc,Enzyme
1402,20230527,4.0,16,pea,1.0,1,1,198.3249969482422,1.0344170039420364,../20230527_Glx_B6_HAse/20230527_mouseb6_vtyppea_loc1_roi1_rep1_PRE.nc,Enzyme
1403,20230527,5.0,0,pea,1.0,2,1,157.0916748046875,0.8010591959577237,../20230527_Glx_B6_HAse/20230527_mouseb6_vtyppea_loc1_roi2_rep1_PRE.nc,Enzyme
1404,20230527,5.0,1,pea,1.0,2,1,142.7916717529297,0.7328004952133542,../20230527_Glx_B6_HAse/20230527_mouseb6_vtyppea_loc1_roi2_rep1_PRE.nc,Enzyme
1405,20230527,5.0,2,pea,1.0,2,1,163.5500030517578,0.7225944965546828,../20230527_Glx_B6_HAse/20230527_mouseb6_vtyppea_loc1_roi2_rep1_PRE.nc,Enzyme
1406,20230527,5.0,3,pea,1.0,2,1,172.00833129882812,0.5851946516264986,../20230527_Glx_B6_HAse/20230527_mouseb6_vtyppea_loc1_roi2_rep1_PRE.nc,Enzyme
1407,20230527,5.0,4,pea,1.0,2,1,141.30833435058594,0.822712787239591,../20230527_Glx_B6_HAse/20230527_mouseb6_vtyppea_loc1_roi2_rep1_PRE.nc,Enzyme
1408,20230527,5.0,5,pea,1.0,2,1,151.99583435058594,0.7392472520088943,../20230527_Glx_B6_HAse/20230527_mouseb6_vtyppea_loc1_roi2_rep1_PRE.nc,Enzyme
1409,20230527,5.0,6,pea,1.0,2,1,138.4541778564453,0.7376926124235581,../20230527_Glx_B6_HAse/20230527_mouseb6_vtyppea_loc1_roi2_rep1_PRE.nc,Enzyme
1410,20230527,5.0,7,pea,1.0,2,1,165.21665954589844,0.6344855014165296,../20230527_Glx_B6_HAse/20230527_mouseb6_vtyppea_loc1_roi2_rep1_PRE.nc,Enzyme
1411,20230527,5.0,8,pea,1.0,2,1,169.18333435058594,0.6714519834997399,../20230527_Glx_B6_HAse/20230527_mouseb6_vtyppea_loc1_roi2_rep1_PRE.nc,Enzyme
1412,20230527,5.0,9,pea,1.0,2,1,169.30833435058594,0.67480382273202,../20230527_Glx_B6_HAse/20230527_mouseb6_vtyppea_loc1_roi2_rep1_PRE.nc,Enzyme
1413,20230527,5.0,10,pea,1.0,2,1,185.32916259765625,0.6898015216856386,../20230527_Glx_B6_HAse/20230527_mouseb6_vtyppea_loc1_roi2_rep1_PRE.nc,Enzyme
1414,20230527,5.0,11,pea,1.0,2,1,172.8333282470703,0.688577713102974,../20230527_Glx_B6_HAse/20230527_mouseb6_vtyppea_loc1_roi2_rep1_PRE.nc,Enzyme
1415,20230527,5.0,12,pea,1.0,2,1,169.99583435058594,0.7368038883441033,../20230527_Glx_B6_HAse/20230527_mouseb6_vtyppea_loc1_roi2_rep1_PRE.nc,Enzyme
1416,20230527,5.0,13,pea,1.0,2,1,177.0124969482422,0.641219183439654,../20230527_Glx_B6_HAse/20230527_mouseb6_vtyppea_loc1_roi2_rep1_PRE.nc,Enzyme
1417,20230527,5.0,14,pea,1.0,2,1,172.71665954589844,0.7783813941973777,../20230527_Glx_B6_HAse/20230527_mouseb6_vtyppea_loc1_roi2_rep1_PRE.nc,Enzyme
1418,20230527,5.0,15,pea,1.0,2,1,209.77500915527344,0.7835656570292361,../20230527_Glx_B6_HAse/20230527_mouseb6_vtyppea_loc1_roi2_rep1_PRE.nc,Enzyme
1419,20230527,5.0,16,pea,1.0,2,1,212.58334350585935,0.8138724158269612,../20230527_Glx_B6_HAse/20230527_mouseb6_vtyppea_loc1_roi2_rep1_PRE.nc,Enzyme
1420,20230527,6.0,0,pea,1.0,3,1,118.03333282470705,0.8294523468340297,../20230527_Glx_B6_HAse/20230527_mouseb6_vtyppea_loc1_roi3_rep1_PRE.nc,Enzyme
1421,20230527,6.0,1,pea,1.0,3,1,142.14999389648438,1.027506142781576,../20230527_Glx_B6_HAse/20230527_mouseb6_vtyppea_loc1_roi3_rep1_PRE.nc,Enzyme
1422,20230527,6.0,2,pea,1.0,3,1,137.05833435058594,1.031086213478929,../20230527_Glx_B6_HAse/20230527_mouseb6_vtyppea_loc1_roi3_rep1_PRE.nc,Enzyme
1423,20230527,6.0,3,pea,1.0,3,1,138.25833129882812,0.96248724663122,../20230527_Glx_B6_HAse/20230527_mouseb6_vtyppea_loc1_roi3_rep1_PRE.nc,Enzyme
1424,20230527,6.0,4,pea,1.0,3,1,130.25416564941406,0.8516977774548773,../20230527_Glx_B6_HAse/20230527_mouseb6_vtyppea_loc1_roi3_rep1_PRE.nc,Enzyme
1425,20230527,6.0,5,pea,1.0,3,1,133.25416564941406,0.8627725277817799,../20230527_Glx_B6_HAse/20230527_mouseb6_vtyppea_loc1_roi3_rep1_PRE.nc,Enzyme
1426,20230527,6.0,6,pea,1.0,3,1,156.7291717529297,0.9008801712227132,../20230527_Glx_B6_HAse/20230527_mouseb6_vtyppea_loc1_roi3_rep1_PRE.nc,Enzyme
1427,20230527,6.0,7,pea,1.0,3,1,162.32916259765625,0.7815138523598808,../20230527_Glx_B6_HAse/20230527_mouseb6_vtyppea_loc1_roi3_rep1_PRE.nc,Enzyme
1428,20230527,6.0,8,pea,1.0,3,1,139.93333435058594,0.7454678970911486,../20230527_Glx_B6_HAse/20230527_mouseb6_vtyppea_loc1_roi3_rep1_PRE.nc,Enzyme
1429,20230527,6.0,9,pea,1.0,3,1,107.0999984741211,0.8707838420824955,../20230527_Glx_B6_HAse/20230527_mouseb6_vtyppea_loc1_roi3_rep1_PRE.nc,Enzyme
1430,20230527,6.0,10,pea,1.0,3,1,144.92916870117188,0.6590945802656127,../20230527_Glx_B6_HAse/20230527_mouseb6_vtyppea_loc1_roi3_rep1_PRE.nc,Enzyme
1431,20230527,6.0,11,pea,1.0,3,1,156.53334045410156,0.7515820927360092,../20230527_Glx_B6_HAse/20230527_mouseb6_vtyppea_loc1_roi3_rep1_PRE.nc,Enzyme
1432,20230527,6.0,12,pea,1.0,3,1,162.32083129882812,0.6820076393872224,../20230527_Glx_B6_HAse/20230527_mouseb6_vtyppea_loc1_roi3_rep1_PRE.nc,Enzyme
1433,20230527,6.0,13,pea,1.0,3,1,162.25,0.8746205850985518,../20230527_Glx_B6_HAse/20230527_mouseb6_vtyppea_loc1_roi3_rep1_PRE.nc,Enzyme
1434,20230527,6.0,14,pea,1.0,3,1,103.0999984741211,1.2008193027436842,../20230527_Glx_B6_HAse/20230527_mouseb6_vtyppea_loc1_roi3_rep1_PRE.nc,Enzyme
1435,20230527,6.0,15,pea,1.0,3,1,120.22083282470705,0.9022188870997608,../20230527_Glx_B6_HAse/20230527_mouseb6_vtyppea_loc1_roi3_rep1_PRE.nc,Enzyme
1436,20230527,6.0,16,pea,1.0,3,1,135.43331909179688,1.011416490329037,../20230527_Glx_B6_HAse/20230527_mouseb6_vtyppea_loc1_roi3_rep1_PRE.nc,Enzyme
1437,20230527,7.0,0,pea,1.0,4,1,154.6458282470703,0.7281835482448313,../20230527_Glx_B6_HAse/20230527_mouseb6_vtyppea_loc1_roi4_rep1_PRE.nc,Enzyme
1438,20230527,7.0,1,pea,1.0,4,1,148.7083282470703,0.7677007918462003,../20230527_Glx_B6_HAse/20230527_mouseb6_vtyppea_loc1_roi4_rep1_PRE.nc,Enzyme
1439,20230527,7.0,2,pea,1.0,4,1,132.40415954589844,0.7578163436269694,../20230527_Glx_B6_HAse/20230527_mouseb6_vtyppea_loc1_roi4_rep1_PRE.nc,Enzyme
1440,20230527,7.0,3,pea,1.0,4,1,166.5416717529297,0.6677789005977959,../20230527_Glx_B6_HAse/20230527_mouseb6_vtyppea_loc1_roi4_rep1_PRE.nc,Enzyme
1441,20230527,7.0,4,pea,1.0,4,1,140.80416870117188,0.6683741958469268,../20230527_Glx_B6_HAse/20230527_mouseb6_vtyppea_loc1_roi4_rep1_PRE.nc,Enzyme
1442,20230527,7.0,5,pea,1.0,4,1,146.0749969482422,0.8448182109018134,../20230527_Glx_B6_HAse/20230527_mouseb6_vtyppea_loc1_roi4_rep1_PRE.nc,Enzyme
1443,20230527,7.0,6,pea,1.0,4,1,164.72500610351562,0.7521492591374842,../20230527_Glx_B6_HAse/20230527_mouseb6_vtyppea_loc1_roi4_rep1_PRE.nc,Enzyme
1444,20230527,7.0,7,pea,1.0,4,1,128.83750915527344,0.9543796193500586,../20230527_Glx_B6_HAse/20230527_mouseb6_vtyppea_loc1_roi4_rep1_PRE.nc,Enzyme
1445,20230527,7.0,8,pea,1.0,4,1,137.9499969482422,0.6653890324468793,../20230527_Glx_B6_HAse/20230527_mouseb6_vtyppea_loc1_roi4_rep1_PRE.nc,Enzyme
1446,20230527,7.0,9,pea,1.0,4,1,126.14167022705078,0.7640411748742078,../20230527_Glx_B6_HAse/20230527_mouseb6_vtyppea_loc1_roi4_rep1_PRE.nc,Enzyme
1447,20230527,7.0,10,pea,1.0,4,1,136.1666717529297,0.905969489814914,../20230527_Glx_B6_HAse/20230527_mouseb6_vtyppea_loc1_roi4_rep1_PRE.nc,Enzyme
1448,20230527,7.0,11,pea,1.0,4,1,143.33334350585938,0.6732557507072536,../20230527_Glx_B6_HAse/20230527_mouseb6_vtyppea_loc1_roi4_rep1_PRE.nc,Enzyme
1449,20230527,7.0,12,pea,1.0,4,1,173.0833282470703,0.6911429750100906,../20230527_Glx_B6_HAse/20230527_mouseb6_vtyppea_loc1_roi4_rep1_PRE.nc,Enzyme
1450,20230527,7.0,13,pea,1.0,4,1,158.31666564941406,0.7099159680704932,../20230527_Glx_B6_HAse/20230527_mouseb6_vtyppea_loc1_roi4_rep1_PRE.nc,Enzyme
1451,20230527,7.0,14,pea,1.0,4,1,166.39584350585938,0.7506215269741533,../20230527_Glx_B6_HAse/20230527_mouseb6_vtyppea_loc1_roi4_rep1_PRE.nc,Enzyme
1452,20230527,7.0,15,pea,1.0,4,1,141.4291534423828,0.7644631671889381,../20230527_Glx_B6_HAse/20230527_mouseb6_vtyppea_loc1_roi4_rep1_PRE.nc,Enzyme
1453,20230527,7.0,16,pea,1.0,4,1,106.88333129882812,0.7357761032642393,../20230527_Glx_B6_HAse/20230527_mouseb6_vtyppea_loc1_roi4_rep1_PRE.nc,Enzyme
1487,20230504,0.0,0,pa,1.0,,1,191.2888946533203,0.552116974767057,../../Glycocalyx_frap/20230504_Glx_B6_HAse/20230504_mouseb6_vtypa_loc1_rep1_noterecovery_80x40.nc,Enzyme
1488,20230504,0.0,1,pa,1.0,,1,190.67999267578125,0.6022044148611926,../../Glycocalyx_frap/20230504_Glx_B6_HAse/20230504_mouseb6_vtypa_loc1_rep1_noterecovery_80x40.nc,Enzyme
1489,20230504,0.0,2,pa,1.0,,1,175.27000427246094,0.6197940753082365,../../Glycocalyx_frap/20230504_Glx_B6_HAse/20230504_mouseb6_vtypa_loc1_rep1_noterecovery_80x40.nc,Enzyme
1490,20230504,0.0,3,pa,1.0,,1,168.89089965820312,0.6281180661474101,../../Glycocalyx_frap/20230504_Glx_B6_HAse/20230504_mouseb6_vtypa_loc1_rep1_noterecovery_80x40.nc,Enzyme
1491,20230504,1.0,0,pa,1.0,,2,212.4555511474609,0.9110177501703848,../../Glycocalyx_frap/20230504_Glx_B6_HAse/20230504_mouseb6_vtyppa_loc1_rep2_noterecovery_80x40.nc,Enzyme
1492,20230504,1.0,1,pa,1.0,,2,197.42999267578125,0.6626664676706983,../../Glycocalyx_frap/20230504_Glx_B6_HAse/20230504_mouseb6_vtyppa_loc1_rep2_noterecovery_80x40.nc,Enzyme
1493,20230504,1.0,2,pa,1.0,,2,189.3300018310547,0.6939806313543482,../../Glycocalyx_frap/20230504_Glx_B6_HAse/20230504_mouseb6_vtyppa_loc1_rep2_noterecovery_80x40.nc,Enzyme
1494,20230504,1.0,3,pa,1.0,,2,185.1499938964844,0.8043453395456767,../../Glycocalyx_frap/20230504_Glx_B6_HAse/20230504_mouseb6_vtyppa_loc1_rep2_noterecovery_80x40.nc,Enzyme
1495,20230504,2.0,0,pa,1.0,,2,170.09999084472656,0.6839719421594904,../../Glycocalyx_frap/20230504_Glx_B6_HAse/20230504_mouseb6_vtyppa_loc1_rep2_noterecovery_80x40_0001.nc,Enzyme
1496,20230504,2.0,1,pa,1.0,,2,175.77999877929688,0.7487019236637481,../../Glycocalyx_frap/20230504_Glx_B6_HAse/20230504_mouseb6_vtyppa_loc1_rep2_noterecovery_80x40_0001.nc,Enzyme
1497,20230504,2.0,2,pa,1.0,,2,156.84999084472656,0.7701581370122988,../../Glycocalyx_frap/20230504_Glx_B6_HAse/20230504_mouseb6_vtyppa_loc1_rep2_noterecovery_80x40_0001.nc,Enzyme
1498,20230504,2.0,3,pa,1.0,,2,152.48182678222656,0.7168910471064484,../../Glycocalyx_frap/20230504_Glx_B6_HAse/20230504_mouseb6_vtyppa_loc1_rep2_noterecovery_80x40_0001.nc,Enzyme
1499,20230504,3.0,0,pa,1.0,,2,104.84444427490234,0.6381001758811683,../../Glycocalyx_frap/20230504_Glx_B6_HAse/20230504_mouseb6_vtyppa_loc1_rep2_noterecovery_80x40_0002.nc,Enzyme
1500,20230504,3.0,1,pa,1.0,,2,107.94000244140624,0.6787981341106576,../../Glycocalyx_frap/20230504_Glx_B6_HAse/20230504_mouseb6_vtyppa_loc1_rep2_noterecovery_80x40_0002.nc,Enzyme
1501,20230504,3.0,2,pa,1.0,,2,93.23999786376952,0.7195544330526649,../../Glycocalyx_frap/20230504_Glx_B6_HAse/20230504_mouseb6_vtyppa_loc1_rep2_noterecovery_80x40_0002.nc,Enzyme
1502,20230504,3.0,3,pa,1.0,,2,96.654541015625,0.8192400724396718,../../Glycocalyx_frap/20230504_Glx_B6_HAse/20230504_mouseb6_vtyppa_loc1_rep2_noterecovery_80x40_0002.nc,Enzyme
1503,20230504,4.0,0,pa,1.0,,2,181.87777709960935,0.5702563993075866,../../Glycocalyx_frap/20230504_Glx_B6_HAse/20230504_mouseb6_vtyppa_loc1_rep2_noterecovery_80x40_0003.nc,Enzyme
1504,20230504,4.0,1,pa,1.0,,2,177.77000427246094,0.4641368427328581,../../Glycocalyx_frap/20230504_Glx_B6_HAse/20230504_mouseb6_vtyppa_loc1_rep2_noterecovery_80x40_0003.nc,Enzyme
1505,20230504,4.0,2,pa,1.0,,2,165.47999572753906,0.5336281790124057,../../Glycocalyx_frap/20230504_Glx_B6_HAse/20230504_mouseb6_vtyppa_loc1_rep2_noterecovery_80x40_0003.nc,Enzyme
1506,20230504,4.0,3,pa,1.0,,2,192.5900115966797,0.5762594421182347,../../Glycocalyx_frap/20230504_Glx_B6_HAse/20230504_mouseb6_vtyppa_loc1_rep2_noterecovery_80x40_0003.nc,Enzyme
1527,20230510,12.0,0,pa,1.0,1,1,198.12222222222223,0.6304330624793123,../../Glycocalyx_frap/20230510_Glx_B6_HAse/20230510_mouseb6_vtyppa_loc1_roi1_rep1_noterecovery.nc,Enzyme
1528,20230510,12.0,1,pa,1.0,1,1,210.11,0.5796729287437156,../../Glycocalyx_frap/20230510_Glx_B6_HAse/20230510_mouseb6_vtyppa_loc1_roi1_rep1_noterecovery.nc,Enzyme
1529,20230510,12.0,2,pa,1.0,1,1,187.14,0.6060372904978435,../../Glycocalyx_frap/20230510_Glx_B6_HAse/20230510_mouseb6_vtyppa_loc1_roi1_rep1_noterecovery.nc,Enzyme
1530,20230510,12.0,3,pa,1.0,1,1,230.08,0.5808257137404527,../../Glycocalyx_frap/20230510_Glx_B6_HAse/20230510_mouseb6_vtyppa_loc1_roi1_rep1_noterecovery.nc,Enzyme
1531,20230510,12.0,4,pa,1.0,1,1,204.67,0.6770215391536365,../../Glycocalyx_frap/20230510_Glx_B6_HAse/20230510_mouseb6_vtyppa_loc1_roi1_rep1_noterecovery.nc,Enzyme
1532,20230510,12.0,5,pa,1.0,1,1,229.65,0.5973560939646855,../../Glycocalyx_frap/20230510_Glx_B6_HAse/20230510_mouseb6_vtyppa_loc1_roi1_rep1_noterecovery.nc,Enzyme
1533,20230510,12.0,6,pa,1.0,1,1,243.57,0.5761487640536064,../../Glycocalyx_frap/20230510_Glx_B6_HAse/20230510_mouseb6_vtyppa_loc1_roi1_rep1_noterecovery.nc,Enzyme
1534,20230510,12.0,7,pa,1.0,1,1,229.54,0.6013526659183206,../../Glycocalyx_frap/20230510_Glx_B6_HAse/20230510_mouseb6_vtyppa_loc1_roi1_rep1_noterecovery.nc,Enzyme
1535,20230511,6.0,0,pa,1.0,1,1,128.13333333333333,0.6038689615086539,../../Glycocalyx_frap/20230511_Glx_B6_HAse/20230511_mouseb6_vtyppa_loc1_roi1_rep1_noterecovery.nc,Enzyme
1536,20230511,6.0,1,pa,1.0,1,1,112.42,0.6309642698077828,../../Glycocalyx_frap/20230511_Glx_B6_HAse/20230511_mouseb6_vtyppa_loc1_roi1_rep1_noterecovery.nc,Enzyme
1537,20230511,6.0,2,pa,1.0,1,1,117.23,0.6181240216420263,../../Glycocalyx_frap/20230511_Glx_B6_HAse/20230511_mouseb6_vtyppa_loc1_roi1_rep1_noterecovery.nc,Enzyme
1538,20230511,6.0,3,pa,1.0,1,1,124.37,0.5752072689113886,../../Glycocalyx_frap/20230511_Glx_B6_HAse/20230511_mouseb6_vtyppa_loc1_roi1_rep1_noterecovery.nc,Enzyme
1539,20230511,6.0,4,pa,1.0,1,1,108.25,0.5714596002435948,../../Glycocalyx_frap/20230511_Glx_B6_HAse/20230511_mouseb6_vtyppa_loc1_roi1_rep1_noterecovery.nc,Enzyme
1540,20230511,6.0,5,pa,1.0,1,1,109.14,0.6092175200925135,../../Glycocalyx_frap/20230511_Glx_B6_HAse/20230511_mouseb6_vtyppa_loc1_roi1_rep1_noterecovery.nc,Enzyme
1541,20230511,6.0,6,pa,1.0,1,1,114.29,0.5946805566192209,../../Glycocalyx_frap/20230511_Glx_B6_HAse/20230511_mouseb6_vtyppa_loc1_roi1_rep1_noterecovery.nc,Enzyme
1542,20230511,6.0,7,pa,1.0,1,1,104.85,0.6771852773085427,../../Glycocalyx_frap/20230511_Glx_B6_HAse/20230511_mouseb6_vtyppa_loc1_roi1_rep1_noterecovery.nc,Enzyme
1543,20230512,12.0,0,pa,2.0,1,1,401.76666666666665,0.5694178345579088,../../Glycocalyx_frap/20230512_Glx_B6_HAse/20230512_mouseb6_vtyppa_loc2_roi1_rep1_noterecovery.nc,Saline
1544,20230512,12.0,1,pa,2.0,1,1,412.7,0.5539722500588051,../../Glycocalyx_frap/20230512_Glx_B6_HAse/20230512_mouseb6_vtyppa_loc2_roi1_rep1_noterecovery.nc,Saline
1545,20230512,12.0,2,pa,2.0,1,1,432.56,0.5730020995201206,../../Glycocalyx_frap/20230512_Glx_B6_HAse/20230512_mouseb6_vtyppa_loc2_roi1_rep1_noterecovery.nc,Saline
1546,20230512,12.0,3,pa,2.0,1,1,421.31,0.5026892508850976,../../Glycocalyx_frap/20230512_Glx_B6_HAse/20230512_mouseb6_vtyppa_loc2_roi1_rep1_noterecovery.nc,Saline
1547,20230512,12.0,4,pa,2.0,1,1,390.59,0.5837808099617092,../../Glycocalyx_frap/20230512_Glx_B6_HAse/20230512_mouseb6_vtyppa_loc2_roi1_rep1_noterecovery.nc,Saline
1548,20230512,12.0,5,pa,2.0,1,1,401.65,0.5566705023212278,../../Glycocalyx_frap/20230512_Glx_B6_HAse/20230512_mouseb6_vtyppa_loc2_roi1_rep1_noterecovery.nc,Saline
1549,20230512,12.0,6,pa,2.0,1,1,386.11,0.5393714400867207,../../Glycocalyx_frap/20230512_Glx_B6_HAse/20230512_mouseb6_vtyppa_loc2_roi1_rep1_noterecovery.nc,Saline
1550,20230512,12.0,7,pa,2.0,1,1,384.12,0.5396312438923171,../../Glycocalyx_frap/20230512_Glx_B6_HAse/20230512_mouseb6_vtyppa_loc2_roi1_rep1_noterecovery.nc,Saline
1551,20230512,13.0,0,pa,2.0,1,2,299.1888888888889,0.5713592749992576,../../Glycocalyx_frap/20230512_Glx_B6_HAse/20230512_mouseb6_vtyppa_loc2_roi1_rep2_noterecovery.nc,Saline
1552,20230512,13.0,1,pa,2.0,1,2,307.15000000000003,0.6452876918516569,../../Glycocalyx_frap/20230512_Glx_B6_HAse/20230512_mouseb6_vtyppa_loc2_roi1_rep2_noterecovery.nc,Saline
1553,20230512,13.0,2,pa,2.0,1,2,324.73999999999995,0.571652740648867,../../Glycocalyx_frap/20230512_Glx_B6_HAse/20230512_mouseb6_vtyppa_loc2_roi1_rep2_noterecovery.nc,Saline
1554,20230512,13.0,3,pa,2.0,1,2,321.15000000000003,0.5618015052610048,../../Glycocalyx_frap/20230512_Glx_B6_HAse/20230512_mouseb6_vtyppa_loc2_roi1_rep2_noterecovery.nc,Saline
1555,20230512,13.0,4,pa,2.0,1,2,306.3,0.6474131571808498,../../Glycocalyx_frap/20230512_Glx_B6_HAse/20230512_mouseb6_vtyppa_loc2_roi1_rep2_noterecovery.nc,Saline
1556,20230512,13.0,5,pa,2.0,1,2,301.97,0.5970131014747346,../../Glycocalyx_frap/20230512_Glx_B6_HAse/20230512_mouseb6_vtyppa_loc2_roi1_rep2_noterecovery.nc,Saline
1557,20230512,13.0,6,pa,2.0,1,2,264.51,0.613523397037391,../../Glycocalyx_frap/20230512_Glx_B6_HAse/20230512_mouseb6_vtyppa_loc2_roi1_rep2_noterecovery.nc,Saline
1558,20230512,13.0,7,pa,2.0,1,2,272.67999999999995,0.6232986927469708,../../Glycocalyx_frap/20230512_Glx_B6_HAse/20230512_mouseb6_vtyppa_loc2_roi1_rep2_noterecovery.nc,Saline
1559,20230512,14.0,0,pa,2.0,1,3,309.27777777777777,0.591460387056654,../../Glycocalyx_frap/20230512_Glx_B6_HAse/20230512_mouseb6_vtyppa_loc2_roi1_rep3_noterecovery.nc,Saline
1560,20230512,14.0,1,pa,2.0,1,3,360.09000000000003,0.5111063981297,../../Glycocalyx_frap/20230512_Glx_B6_HAse/20230512_mouseb6_vtyppa_loc2_roi1_rep3_noterecovery.nc,Saline
1561,20230512,14.0,2,pa,2.0,1,3,301.65000000000003,0.628267156752262,../../Glycocalyx_frap/20230512_Glx_B6_HAse/20230512_mouseb6_vtyppa_loc2_roi1_rep3_noterecovery.nc,Saline
1562,20230512,14.0,3,pa,2.0,1,3,251.4,0.6946895684917741,../../Glycocalyx_frap/20230512_Glx_B6_HAse/20230512_mouseb6_vtyppa_loc2_roi1_rep3_noterecovery.nc,Saline
1563,20230512,14.0,4,pa,2.0,1,3,371.0100000000001,0.6614409704587905,../../Glycocalyx_frap/20230512_Glx_B6_HAse/20230512_mouseb6_vtyppa_loc2_roi1_rep3_noterecovery.nc,Saline
1564,20230512,14.0,5,pa,2.0,1,3,362.2,0.6499564056402184,../../Glycocalyx_frap/20230512_Glx_B6_HAse/20230512_mouseb6_vtyppa_loc2_roi1_rep3_noterecovery.nc,Saline
1565,20230512,14.0,6,pa,2.0,1,3,435.66,0.7447428717294866,../../Glycocalyx_frap/20230512_Glx_B6_HAse/20230512_mouseb6_vtyppa_loc2_roi1_rep3_noterecovery.nc,Saline
1566,20230512,14.0,7,pa,2.0,1,3,463.81,0.6986903825896258,../../Glycocalyx_frap/20230512_Glx_B6_HAse/20230512_mouseb6_vtyppa_loc2_roi1_rep3_noterecovery.nc,Saline
1567,20230513,12.0,0,pa,1.0,1,1,124.56666666666666,0.6930088113732259,../../Glycocalyx_frap/20230513_Glx_B6_HAse/20230512_mouseb6_vtyppa_loc1_roi1_rep1_noterecovery.nc,Saline
1568,20230513,12.0,1,pa,1.0,1,1,140.98999999999998,0.5352544541989932,../../Glycocalyx_frap/20230513_Glx_B6_HAse/20230512_mouseb6_vtyppa_loc1_roi1_rep1_noterecovery.nc,Saline
1569,20230513,12.0,2,pa,1.0,1,1,153.93,0.5763176113333468,../../Glycocalyx_frap/20230513_Glx_B6_HAse/20230512_mouseb6_vtyppa_loc1_roi1_rep1_noterecovery.nc,Saline
1570,20230513,12.0,3,pa,1.0,1,1,170.4,0.5690017666632363,../../Glycocalyx_frap/20230513_Glx_B6_HAse/20230512_mouseb6_vtyppa_loc1_roi1_rep1_noterecovery.nc,Saline
1571,20230513,12.0,4,pa,1.0,1,1,143.86,0.5333352701202579,../../Glycocalyx_frap/20230513_Glx_B6_HAse/20230512_mouseb6_vtyppa_loc1_roi1_rep1_noterecovery.nc,Saline
1572,20230513,12.0,5,pa,1.0,1,1,133.36,0.5784521966745618,../../Glycocalyx_frap/20230513_Glx_B6_HAse/20230512_mouseb6_vtyppa_loc1_roi1_rep1_noterecovery.nc,Saline
1573,20230513,12.0,6,pa,1.0,1,1,134.62,0.5579582732159054,../../Glycocalyx_frap/20230513_Glx_B6_HAse/20230512_mouseb6_vtyppa_loc1_roi1_rep1_noterecovery.nc,Saline
1574,20230513,12.0,7,pa,1.0,1,1,134.26999999999998,0.51076330259602,../../Glycocalyx_frap/20230513_Glx_B6_HAse/20230512_mouseb6_vtyppa_loc1_roi1_rep1_noterecovery.nc,Saline
1575,20230513,13.0,0,pa,1.0,2,1,120.6,0.6519922753361109,../../Glycocalyx_frap/20230513_Glx_B6_HAse/20230512_mouseb6_vtyppa_loc1_roi2_rep1_noterecovery.nc,Saline
1576,20230513,13.0,1,pa,1.0,2,1,142.62,0.6221015498531666,../../Glycocalyx_frap/20230513_Glx_B6_HAse/20230512_mouseb6_vtyppa_loc1_roi2_rep1_noterecovery.nc,Saline
1577,20230513,13.0,2,pa,1.0,2,1,132.84,0.754874614553088,../../Glycocalyx_frap/20230513_Glx_B6_HAse/20230512_mouseb6_vtyppa_loc1_roi2_rep1_noterecovery.nc,Saline
1578,20230513,13.0,3,pa,1.0,2,1,114.12,0.6428173371922962,../../Glycocalyx_frap/20230513_Glx_B6_HAse/20230512_mouseb6_vtyppa_loc1_roi2_rep1_noterecovery.nc,Saline
1579,20230513,13.0,4,pa,1.0,2,1,156.66,0.5733556805342231,../../Glycocalyx_frap/20230513_Glx_B6_HAse/20230512_mouseb6_vtyppa_loc1_roi2_rep1_noterecovery.nc,Saline
1580,20230513,13.0,5,pa,1.0,2,1,137.01999999999998,0.587194123021668,../../Glycocalyx_frap/20230513_Glx_B6_HAse/20230512_mouseb6_vtyppa_loc1_roi2_rep1_noterecovery.nc,Saline
1581,20230513,13.0,6,pa,1.0,2,1,103.75,0.7940167561978281,../../Glycocalyx_frap/20230513_Glx_B6_HAse/20230512_mouseb6_vtyppa_loc1_roi2_rep1_noterecovery.nc,Saline
1582,20230513,13.0,7,pa,1.0,2,1,109.57,0.6693607599961009,../../Glycocalyx_frap/20230513_Glx_B6_HAse/20230512_mouseb6_vtyppa_loc1_roi2_rep1_noterecovery.nc,Saline
1583,20230517,11.0,0,pa,2.0,1,1,189.01111111111112,0.8270750802529687,../../Glycocalyx_frap/20230517_Glx_B6_HAse/20230517_mouseb6_vtyppa_loc2_roi1_rep1_noterecovery.nc,Saline
1584,20230517,11.0,1,pa,2.0,1,1,210.49,0.8174691909867408,../../Glycocalyx_frap/20230517_Glx_B6_HAse/20230517_mouseb6_vtyppa_loc2_roi1_rep1_noterecovery.nc,Saline
1585,20230517,11.0,2,pa,2.0,1,1,230.68,0.8860830479883216,../../Glycocalyx_frap/20230517_Glx_B6_HAse/20230517_mouseb6_vtyppa_loc2_roi1_rep1_noterecovery.nc,Saline
1586,20230517,11.0,3,pa,2.0,1,1,195.3,1.0233272068020682,../../Glycocalyx_frap/20230517_Glx_B6_HAse/20230517_mouseb6_vtyppa_loc2_roi1_rep1_noterecovery.nc,Saline
1587,20230517,11.0,4,pa,2.0,1,1,227.04,0.8879817297406514,../../Glycocalyx_frap/20230517_Glx_B6_HAse/20230517_mouseb6_vtyppa_loc2_roi1_rep1_noterecovery.nc,Saline
1588,20230517,11.0,5,pa,2.0,1,1,208.8,0.8462319039677798,../../Glycocalyx_frap/20230517_Glx_B6_HAse/20230517_mouseb6_vtyppa_loc2_roi1_rep1_noterecovery.nc,Saline
1589,20230517,11.0,6,pa,2.0,1,1,227.2,0.7543112273678173,../../Glycocalyx_frap/20230517_Glx_B6_HAse/20230517_mouseb6_vtyppa_loc2_roi1_rep1_noterecovery.nc,Saline
1590,20230517,11.0,7,pa,2.0,1,1,235.88,0.737745596972084,../../Glycocalyx_frap/20230517_Glx_B6_HAse/20230517_mouseb6_vtyppa_loc2_roi1_rep1_noterecovery.nc,Saline
1591,20230517,12.0,0,pa,2.0,2,1,132.67777777777778,1.050550912150438,../../Glycocalyx_frap/20230517_Glx_B6_HAse/20230517_mouseb6_vtyppa_loc2_roi2_rep1_noterecovery.nc,Saline
1592,20230517,12.0,1,pa,2.0,2,1,162.92999999999998,0.5785083062585821,../../Glycocalyx_frap/20230517_Glx_B6_HAse/20230517_mouseb6_vtyppa_loc2_roi2_rep1_noterecovery.nc,Saline
1593,20230517,12.0,2,pa,2.0,2,1,155.09,0.6441063229961511,../../Glycocalyx_frap/20230517_Glx_B6_HAse/20230517_mouseb6_vtyppa_loc2_roi2_rep1_noterecovery.nc,Saline
1594,20230517,12.0,3,pa,2.0,2,1,166.23000000000002,0.5874026833584718,../../Glycocalyx_frap/20230517_Glx_B6_HAse/20230517_mouseb6_vtyppa_loc2_roi2_rep1_noterecovery.nc,Saline
1595,20230517,12.0,4,pa,2.0,2,1,232.34,1.3119340490523197,../../Glycocalyx_frap/20230517_Glx_B6_HAse/20230517_mouseb6_vtyppa_loc2_roi2_rep1_noterecovery.nc,Saline
1596,20230517,12.0,5,pa,2.0,2,1,123.57,0.7473007117788557,../../Glycocalyx_frap/20230517_Glx_B6_HAse/20230517_mouseb6_vtyppa_loc2_roi2_rep1_noterecovery.nc,Saline
1597,20230517,12.0,6,pa,2.0,2,1,140.98000000000002,1.0890806109358406,../../Glycocalyx_frap/20230517_Glx_B6_HAse/20230517_mouseb6_vtyppa_loc2_roi2_rep1_noterecovery.nc,Saline
1598,20230517,12.0,7,pa,2.0,2,1,133.75,0.905646508033014,../../Glycocalyx_frap/20230517_Glx_B6_HAse/20230517_mouseb6_vtyppa_loc2_roi2_rep1_noterecovery.nc,Saline
1599,20230523,12.0,0,pa,1.0,1,,226.2888888888889,0.6988521793814123,../../Glycocalyx_frap/20230523_Glx_B6_HAse/20230523_mouseb6_vtyppa_loc1_roi1_noterecovery.nc,Enzyme
1600,20230523,12.0,1,pa,1.0,1,,206.49,0.6388485849439078,../../Glycocalyx_frap/20230523_Glx_B6_HAse/20230523_mouseb6_vtyppa_loc1_roi1_noterecovery.nc,Enzyme
1601,20230523,12.0,2,pa,1.0,1,,186.46,0.8024290097766151,../../Glycocalyx_frap/20230523_Glx_B6_HAse/20230523_mouseb6_vtyppa_loc1_roi1_noterecovery.nc,Enzyme
1602,20230523,12.0,3,pa,1.0,1,,183.65,0.8839781069615521,../../Glycocalyx_frap/20230523_Glx_B6_HAse/20230523_mouseb6_vtyppa_loc1_roi1_noterecovery.nc,Enzyme
1603,20230523,12.0,4,pa,1.0,1,,197.47,0.8154293006490456,../../Glycocalyx_frap/20230523_Glx_B6_HAse/20230523_mouseb6_vtyppa_loc1_roi1_noterecovery.nc,Enzyme
1604,20230523,12.0,5,pa,1.0,1,,221.68,0.7960532758380864,../../Glycocalyx_frap/20230523_Glx_B6_HAse/20230523_mouseb6_vtyppa_loc1_roi1_noterecovery.nc,Enzyme
1605,20230523,12.0,6,pa,1.0,1,,196.51,0.7281843946829327,../../Glycocalyx_frap/20230523_Glx_B6_HAse/20230523_mouseb6_vtyppa_loc1_roi1_noterecovery.nc,Enzyme
1606,20230523,12.0,7,pa,1.0,1,,197.23,0.725429274235346,../../Glycocalyx_frap/20230523_Glx_B6_HAse/20230523_mouseb6_vtyppa_loc1_roi1_noterecovery.nc,Enzyme
1607,20230523,13.0,0,pa,1.0,2,,170.37777777777777,0.4993468683984549,../../Glycocalyx_frap/20230523_Glx_B6_HAse/20230523_mouseb6_vtyppa_loc1_roi2_noterecovery.nc,Enzyme
1608,20230523,13.0,1,pa,1.0,2,,145.56,0.592637585697179,../../Glycocalyx_frap/20230523_Glx_B6_HAse/20230523_mouseb6_vtyppa_loc1_roi2_noterecovery.nc,Enzyme
1609,20230523,13.0,2,pa,1.0,2,,144.32000000000002,0.6442640959154606,../../Glycocalyx_frap/20230523_Glx_B6_HAse/20230523_mouseb6_vtyppa_loc1_roi2_noterecovery.nc,Enzyme
1610,20230523,13.0,3,pa,1.0,2,,129.0,0.7145149771946907,../../Glycocalyx_frap/20230523_Glx_B6_HAse/20230523_mouseb6_vtyppa_loc1_roi2_noterecovery.nc,Enzyme
1611,20230523,13.0,4,pa,1.0,2,,151.86,0.5021173533004145,../../Glycocalyx_frap/20230523_Glx_B6_HAse/20230523_mouseb6_vtyppa_loc1_roi2_noterecovery.nc,Enzyme
1612,20230523,13.0,5,pa,1.0,2,,158.44,0.5839680467651196,../../Glycocalyx_frap/20230523_Glx_B6_HAse/20230523_mouseb6_vtyppa_loc1_roi2_noterecovery.nc,Enzyme
1613,20230523,13.0,6,pa,1.0,2,,177.4,0.578703393282366,../../Glycocalyx_frap/20230523_Glx_B6_HAse/20230523_mouseb6_vtyppa_loc1_roi2_noterecovery.nc,Enzyme
1614,20230523,13.0,7,pa,1.0,2,,122.07,0.5510603914477189,../../Glycocalyx_frap/20230523_Glx_B6_HAse/20230523_mouseb6_vtyppa_loc1_roi2_noterecovery.nc,Enzyme
1615,20230524,9.0,0,pa,1.0,1,,289.5444444444444,0.6227567343593475,../../Glycocalyx_frap/20230524_Glx_B6_HAse/20230524_mouseb6_vtyppa_loc1_roi1_noterecovery.nc,Saline
1616,20230524,9.0,1,pa,1.0,1,,266.34000000000003,0.6696489037733869,../../Glycocalyx_frap/20230524_Glx_B6_HAse/20230524_mouseb6_vtyppa_loc1_roi1_noterecovery.nc,Saline
1617,20230524,9.0,2,pa,1.0,1,,293.26000000000005,0.586282763198518,../../Glycocalyx_frap/20230524_Glx_B6_HAse/20230524_mouseb6_vtyppa_loc1_roi1_noterecovery.nc,Saline
1618,20230524,9.0,3,pa,1.0,1,,269.06,0.6606731480005377,../../Glycocalyx_frap/20230524_Glx_B6_HAse/20230524_mouseb6_vtyppa_loc1_roi1_noterecovery.nc,Saline
1619,20230524,9.0,4,pa,1.0,1,,256.5,0.6153068637572803,../../Glycocalyx_frap/20230524_Glx_B6_HAse/20230524_mouseb6_vtyppa_loc1_roi1_noterecovery.nc,Saline
1620,20230524,9.0,5,pa,1.0,1,,262.94,0.646988253619927,../../Glycocalyx_frap/20230524_Glx_B6_HAse/20230524_mouseb6_vtyppa_loc1_roi1_noterecovery.nc,Saline
1621,20230524,9.0,6,pa,1.0,1,,255.49,0.6515775424845062,../../Glycocalyx_frap/20230524_Glx_B6_HAse/20230524_mouseb6_vtyppa_loc1_roi1_noterecovery.nc,Saline
1622,20230524,9.0,7,pa,1.0,1,,252.65,0.7051637769511903,../../Glycocalyx_frap/20230524_Glx_B6_HAse/20230524_mouseb6_vtyppa_loc1_roi1_noterecovery.nc,Saline
1623,20230524,10.0,0,pa,1.0,1,,259.5,0.7437849437877223,../../Glycocalyx_frap/20230524_Glx_B6_HAse/20230524_mouseb6_vtyppa_loc1_roi2_noterecovery-near-roi1.nc,Saline
1624,20230524,10.0,1,pa,1.0,1,,216.78,0.7496876610244918,../../Glycocalyx_frap/20230524_Glx_B6_HAse/20230524_mouseb6_vtyppa_loc1_roi2_noterecovery-near-roi1.nc,Saline
1625,20230524,10.0,2,pa,1.0,1,,238.21,0.7104717024893868,../../Glycocalyx_frap/20230524_Glx_B6_HAse/20230524_mouseb6_vtyppa_loc1_roi2_noterecovery-near-roi1.nc,Saline
1626,20230524,10.0,3,pa,1.0,1,,251.62,0.6748072777254602,../../Glycocalyx_frap/20230524_Glx_B6_HAse/20230524_mouseb6_vtyppa_loc1_roi2_noterecovery-near-roi1.nc,Saline
1627,20230524,10.0,4,pa,1.0,1,,261.77000000000004,0.674918618105467,../../Glycocalyx_frap/20230524_Glx_B6_HAse/20230524_mouseb6_vtyppa_loc1_roi2_noterecovery-near-roi1.nc,Saline
1628,20230524,10.0,5,pa,1.0,1,,218.89,0.8260990256904056,../../Glycocalyx_frap/20230524_Glx_B6_HAse/20230524_mouseb6_vtyppa_loc1_roi2_noterecovery-near-roi1.nc,Saline
1629,20230524,10.0,6,pa,1.0,1,,197.82,0.9223259406732506,../../Glycocalyx_frap/20230524_Glx_B6_HAse/20230524_mouseb6_vtyppa_loc1_roi2_noterecovery-near-roi1.nc,Saline
1630,20230524,10.0,7,pa,1.0,1,,227.48,0.8097660218824781,../../Glycocalyx_frap/20230524_Glx_B6_HAse/20230524_mouseb6_vtyppa_loc1_roi2_noterecovery-near-roi1.nc,Saline
1631,20230526,4.0,0,pa,1.0,1,1,244.5888888888889,0.7186704554203573,../../Glycocalyx_frap/20230526_Glx_B6_HAse/20230526_mouseb6_vtyppa_loc1_roi1_rep1_noterecovery-activealignment.nc,Enzyme
1632,20230526,4.0,1,pa,1.0,1,1,223.56,0.7578470035195258,../../Glycocalyx_frap/20230526_Glx_B6_HAse/20230526_mouseb6_vtyppa_loc1_roi1_rep1_noterecovery-activealignment.nc,Enzyme
1633,20230526,4.0,2,pa,1.0,1,1,188.17,0.8008424448245053,../../Glycocalyx_frap/20230526_Glx_B6_HAse/20230526_mouseb6_vtyppa_loc1_roi1_rep1_noterecovery-activealignment.nc,Enzyme
1634,20230526,4.0,3,pa,1.0,1,1,189.34,0.6378195687955401,../../Glycocalyx_frap/20230526_Glx_B6_HAse/20230526_mouseb6_vtyppa_loc1_roi1_rep1_noterecovery-activealignment.nc,Enzyme
1635,20230526,4.0,4,pa,1.0,1,1,166.22,0.8332098381182335,../../Glycocalyx_frap/20230526_Glx_B6_HAse/20230526_mouseb6_vtyppa_loc1_roi1_rep1_noterecovery-activealignment.nc,Enzyme
1636,20230526,4.0,5,pa,1.0,1,1,178.37,0.7642771175908298,../../Glycocalyx_frap/20230526_Glx_B6_HAse/20230526_mouseb6_vtyppa_loc1_roi1_rep1_noterecovery-activealignment.nc,Enzyme
1637,20230526,4.0,6,pa,1.0,1,1,193.36,0.9690342539764868,../../Glycocalyx_frap/20230526_Glx_B6_HAse/20230526_mouseb6_vtyppa_loc1_roi1_rep1_noterecovery-activealignment.nc,Enzyme
1638,20230526,4.0,7,pa,1.0,1,1,208.88,0.6898115392684804,../../Glycocalyx_frap/20230526_Glx_B6_HAse/20230526_mouseb6_vtyppa_loc1_roi1_rep1_noterecovery-activealignment.nc,Enzyme
1639,20230527,8.0,0,pa,1.0,,,374.6333333333333,0.6759734839654677,../../Glycocalyx_frap/20230527_Glx_B6_HAse/20230527_mouseb6_vtyppa_loc1_noterecovery.nc,Enzyme
1640,20230527,8.0,1,pa,1.0,,,391.1,0.6517833597046412,../../Glycocalyx_frap/20230527_Glx_B6_HAse/20230527_mouseb6_vtyppa_loc1_noterecovery.nc,Enzyme
1641,20230527,8.0,2,pa,1.0,,,336.39,0.6787394760394674,../../Glycocalyx_frap/20230527_Glx_B6_HAse/20230527_mouseb6_vtyppa_loc1_noterecovery.nc,Enzyme
1642,20230527,8.0,3,pa,1.0,,,358.79,0.6360209932960236,../../Glycocalyx_frap/20230527_Glx_B6_HAse/20230527_mouseb6_vtyppa_loc1_noterecovery.nc,Enzyme
1643,20230527,8.0,4,pa,1.0,,,361.32,0.6677584650586733,../../Glycocalyx_frap/20230527_Glx_B6_HAse/20230527_mouseb6_vtyppa_loc1_noterecovery.nc,Enzyme
1644,20230527,8.0,5,pa,1.0,,,362.14,0.6985197556580137,../../Glycocalyx_frap/20230527_Glx_B6_HAse/20230527_mouseb6_vtyppa_loc1_noterecovery.nc,Enzyme
1645,20230527,8.0,6,pa,1.0,,,352.41,0.7643026993763485,../../Glycocalyx_frap/20230527_Glx_B6_HAse/20230527_mouseb6_vtyppa_loc1_noterecovery.nc,Enzyme
1646,20230527,8.0,7,pa,1.0,,,395.78,0.6700720885298698,../../Glycocalyx_frap/20230527_Glx_B6_HAse/20230527_mouseb6_vtyppa_loc1_noterecovery.nc,Enzyme
